ck_id,matrix_id,source_id,source_tool,source_rule,source_file,area,severity,domain,title,recommended_action
CK-110-0001,CK-110-M066,a3ffeea807380ab4eb01024475f66f95,Lizard,Lizard_nloc-medium,internal/storage/restore_test.go,test,S3,restore,Method TestRestoreOptionsOverwriteFalseRejectsExistingDestination has 91 lines of code (limit is 50),review-for-suppression-or-backlog
CK-110-0002,CK-110-M047,1b4d2f909c5d039111906539f9cbfe3f,Lizard,Lizard_ccn-medium,internal/db/migrations_test.go,test,S3,migration,Method TestLoadSQLiteSchemaNormalizesLegacySchemaVersionHistory has a cyclomatic complexity of 11 (limit is 8),review-for-suppression-or-backlog
CK-110-0003,CK-110-M062,83cd4dfbe61395442cc80723828104ef,Lizard,Lizard_ccn-medium,internal/maintenance/gc_test.go,test,S3,gc,Method TestRunGCDryRunCurrentAndSnapshotSharedRetentionSurvivesCurrentDelete has a cyclomatic complexity of 12,review-for-suppression-or-backlog
CK-110-0004,CK-110-M051,9378ffb5531bdf1508abab69423c89f4,Lizard,Lizard_nloc-medium,internal/storage/physical_file_repository_test.go,test,S3,storage,Method TestStoreFileNormalizesSymlinkAndRealPathToSingleIdentity has 54 lines of code (limit is 50),review-for-suppression-or-backlog
CK-110-0005,CK-110-M047,b26ba57d1a8c7f55b98c12b581b8af7e,Lizard,Lizard_nloc-medium,internal/db/migrations_test.go,test,S3,migration,Method TestRunMigrationsFailsOnLegacyUnsupportedStorageBlockCompressionCodec has 75 lines of code (limit is 50,review-for-suppression-or-backlog
CK-110-0007,CK-110-M063,d91d62593c553c9c9344387a49bcea6,Opengrep,Semgrep_go.lang.correctness.permissions.file_permission.incorrect-default-permission,tests/adversarial/g69_gc_safety_matrix_test.go,test,S3,gc,Detected file permissions that are set to more than `0600` (user/owner can read and write). Setting file permi,review-for-suppression-or-backlog
CK-110-0009,CK-110-M050,8674c712204ea0c5bff6d81b6a8d4dc5,Opengrep,Semgrep_go_sql_rule-concat-sqli,internal/snapshot/snapshot_bench_test.go,test,S3,snapshot,SQL Injection is a critical vulnerability that can lead to data or system compromise.,review-for-suppression-or-backlog
CK-110-0010,CK-110-M072,549ee272844892205139122796c77c47,markdownlint,markdownlint_MD007,docs/benchmarking.md,docs,S4,docs,Expected: 2; Actual: 3,review-for-suppression-or-backlog
CK-110-0011,CK-110-M052,cce75e251cbeb1bf99ed1fdf95041e8c,Opengrep,Semgrep_go.lang.correctness.permissions.file_permission.incorrect-default-permission,tests/adversarial/v110_s0_chunk_reuse_bounds_stabilization_test.go,test,S3,storage,Detected file permissions that are set to more than `0600` (user/owner can read and write). Setting file permi,review-for-suppression-or-backlog
CK-110-0015,CK-110-M072,3c66e8f7f9c1a3c78d4dc8bbc3671502,markdownlint,markdownlint_MD022,docs/STEP64_METRICS_VALIDATION.md,docs,S4,docs,Expected: 1; Actual: 0; Below,review-for-suppression-or-backlog
CK-110-0017,CK-110-M067,d438e412f06e1d2b5451fca2db111a3e,Opengrep,Semgrep_go_file-permissions_rule-fileperm,tests/adversarial/g1_deterministic_restore_adversarial_test.go,test,S3,restore,The application was found setting file permissions to overly permissive values.,review-for-suppression-or-backlog
CK-110-0018,CK-110-M059,b2dd6909c2a87103b8d03b3a0ca81967,Opengrep,Semgrep_go.lang.security.audit.database.string-formatted-query.string-formatted-query,internal/observability/inspect_test.go,test,S3,security,String-formatted SQL query detected.,review-for-suppression-or-backlog
CK-110-0019,CK-110-M071,ed12003ca7dde7f5c9a4aee261cdd9d4,Opengrep,Semgrep_go.lang.security.audit.crypto.math_random.math-random-used,tests/adversarial/g611_adversarial_compression_longrun_test.go,test,S3,codacy,Do not use `math/rand`. Use `crypto/rand` instead.,review-for-suppression-or-backlog
CK-110-0021,CK-110-M052,78871f84811273d6944a19ed53a44601,Opengrep,Semgrep_go_file-permissions_rule-fileperm,internal/storage/phase1_compat_matrix_test.go,test,S3,storage,The application was found setting file permissions to overly permissive values.,review-for-suppression-or-backlog
CK-110-0022,CK-110-M069,2d5018fe305ce1c1d054f6afad1e3ff3,Opengrep,Semgrep_go.lang.correctness.permissions.file_permission.incorrect-default-permission,internal/benchmark/determinism_test.go,test,S3,benchmark,Detected file permissions that are set to more than `0600` (user/owner can read and write). Setting file permi,review-for-suppression-or-backlog
CK-110-0023,CK-110-M057,22abb432263d0fc7476f9f66b7d5702,Opengrep,Semgrep_go_filesystem_rule-fileread,internal/iodebug/counters_test.go,test,S3,filesystem,The application dynamically constructs file or path information.,review-for-suppression-or-backlog
CK-110-0024,CK-110-M068,8a10962f97f53c738c4819fea6eab0fd,Lizard,Lizard_ccn-medium,internal/benchmark/corpus_test.go,test,S3,benchmark,Method TestStandardCorpora has a cyclomatic complexity of 21 (limit is 8),review-for-suppression-or-backlog
CK-110-0025,CK-110-M063,5ad3b80238bcca64aed16903b2fe9fcb,Opengrep,Semgrep_go.lang.correctness.permissions.file_permission.incorrect-default-permission,tests/adversarial/g4_non_destructive_gc_adversarial_test.go,test,S3,gc,Detected file permissions that are set to more than `0600` (user/owner can read and write). Setting file permi,review-for-suppression-or-backlog
CK-110-0026,CK-110-M072,fb94ef4d9ae2c699acc5ad90a188bc72,markdownlint,markdownlint_MD032,docs/BENCHMARK_METRICS.md,docs,S4,docs,Lists should be surrounded by blank lines,review-for-suppression-or-backlog
CK-110-0028,CK-110-M059,c85ebf63a512ea8e1729af06f7645230,Opengrep,Semgrep_go_sql_rule-concat-sqli,internal/observability/service_test.go,test,S3,security,SQL Injection is a critical vulnerability that can lead to data or system compromise.,review-for-suppression-or-backlog
CK-110-0031,CK-110-M060,8f1d2a813ade071eca5df8bac0b1b44c,Lizard,Lizard_ccn-medium,internal/storage/storage_block_reader_test.go,test,S3,packed-storage,Method TestStorageBlockReaderCompressedHashMismatchEncryptedBeforeDecompress has a cyclomatic complexity of 10,review-for-suppression-or-backlog
CK-110-0033,CK-110-M048,f884e15e1e8cc7c51f01ba472f49bde0,Opengrep,Semgrep_go_sql_rule-concat-sqli,internal/db/migrations_test.go,test,S3,migration,SQL Injection is a critical vulnerability that can lead to data or system compromise.,review-for-suppression-or-backlog
CK-110-0034,CK-110-M051,a39838f3d5b5d2e997611b579867bed7,Lizard,Lizard_nloc-medium,internal/storage/store_compression_feature_gate_test.go,test,S3,storage,Method TestFeatureGatedCompressionSwitchDoesNotMigrateExistingBlocksStep513 has 69 lines of code (limit is 50),review-for-suppression-or-backlog
CK-110-0036,CK-110-M062,ca9c67634c4381f7b67e058193b22a6c,Lizard,Lizard_nloc-medium,internal/maintenance/gc_parity_test.go,test,S3,gc,Method TestSimulateGCMatchesActualGCDeletion has 91 lines of code (limit is 50),review-for-suppression-or-backlog
CK-110-0037,CK-110-M063,3af5a794bb2a6e04a0a48c5b6ba39dfb,Opengrep,Semgrep_go_file-permissions_rule-fileperm,internal/maintenance/gc_parity_test.go,test,S3,gc,The application was found setting file permissions to overly permissive values.,review-for-suppression-or-backlog
CK-110-0041,CK-110-M066,e0f0f028a7aa35bbc6b34fb56025fd3b,Lizard,Lizard_ccn-medium,internal/storage/restore_test.go,test,S3,restore,Method TestRestoreFileByStoredPathPrefixMode has a cyclomatic complexity of 14 (limit is 8),review-for-suppression-or-backlog
CK-110-0042,CK-110-M052,6cf51b4c46ac79c04d6d36afe373e623,Opengrep,Semgrep_go.lang.correctness.permissions.file_permission.incorrect-default-permission,internal/storage/phase1_compat_matrix_test.go,test,S3,storage,Detected file permissions that are set to more than `0600` (user/owner can read and write). Setting file permi,review-for-suppression-or-backlog
CK-110-0043,CK-110-M072,8dbd73f18f1ce99815990733d9703110,markdownlint,markdownlint_MD032,docs/STEP64_METRICS_VALIDATION.md,docs,S4,docs,Lists should be surrounded by blank lines,review-for-suppression-or-backlog
CK-110-0044,CK-110-M066,8b64defdc8433306f3799fd87cf84dc7,Lizard,Lizard_nloc-medium,internal/storage/restore_test.go,test,S3,restore,Method TestRestoreFailsOnChunkOrderDiscontinuity has 109 lines of code (limit is 50),review-for-suppression-or-backlog
CK-110-0045,CK-110-M057,b05a7631a06fc4ef08383f6342083a7a,Opengrep,Semgrep_go_file-permissions_rule-mkdir,tests/utils/common.go,test,S3,filesystem,The application was found setting directory permissions to overly permissive values.,review-for-suppression-or-backlog
CK-110-0048,CK-110-M068,963e7ef1096d1618951e2e3a62a09c12,Lizard,Lizard_ccn-medium,internal/chunk/benchmark/benchmark_test.go,test,S3,benchmark,Method TestDefaultDatasetsDeterministicAcrossCalls has a cyclomatic complexity of 10 (limit is 8),review-for-suppression-or-backlog
CK-110-0050,CK-110-M066,adb10a34334fd7f890fe4a16c6a8640b,Lizard,Lizard_ccn-medium,internal/storage/restore_test.go,test,S3,restore,Method TestRestoreFailsOnCreateTempFilePermissionDenied has a cyclomatic complexity of 14 (limit is 8),review-for-suppression-or-backlog
CK-110-0051,CK-110-M060,582f01f43b90a75a23343190bbd76c24,Lizard,Lizard_nloc-medium,internal/storage/storage_block_reader_test.go,test,S3,packed-storage,Method  has 53 lines of code (limit is 50),review-for-suppression-or-backlog
CK-110-0052,CK-110-M062,a457d4bd3001b714de34279eaab6c910,Lizard,Lizard_nloc-medium,internal/maintenance/gc_step11_test.go,test,S3,gc,Method TestStep11PackedOnlyDeadBlockDeletionRunGCAndVerify has 55 lines of code (limit is 50),review-for-suppression-or-backlog
CK-110-0053,CK-110-M072,7c9fd319839c8904528884c82514f3d0,markdownlint,markdownlint_MD032,docs/benchmarking.md,docs,S4,docs,Lists should be surrounded by blank lines,review-for-suppression-or-backlog
CK-110-0054,CK-110-M066,5ade635a16ccafb941bd4540c94bfdde,Lizard,Lizard_ccn-medium,tests/adversarial/g1_deterministic_restore_adversarial_test.go,test,S3,restore,Method  has a cyclomatic complexity of 9 (limit is 8),review-for-suppression-or-backlog
CK-110-0055,CK-110-M067,a7f741375b45b4d5e74422bfcca13d5e,Opengrep,Semgrep_go_filesystem_rule-fileread,internal/storage/restore_test.go,test,S3,restore,The application dynamically constructs file or path information.,review-for-suppression-or-backlog
CK-110-0056,CK-110-M058,b000e7821647869f3057da339ecdf9f4,Opengrep,Semgrep_dockerfile.security.missing-user.missing-user,Dockerfile,docker,S3,security,"By not specifying a USER, a program in the container may run as 'root'. This is a security hazard.",review-for-suppression-or-backlog
CK-110-0057,CK-110-M062,98dda905ad56541c876145098a2e3914,Lizard,Lizard_ccn-medium,internal/maintenance/stats_test.go,test,S3,gc,Method TestRunStatsResultEmptyRepository has a cyclomatic complexity of 14 (limit is 8),review-for-suppression-or-backlog
CK-110-0059,CK-110-M054,6fec1476a65dee2887a0e3ebd66b26ea,Lizard,Lizard_nloc-medium,internal/verify/verify_system_test.go,test,S3,verify,Method TestVerifyRepositorySupportsMixedBlockTypeMatrixInSingleRun has 65 lines of code (limit is 50),review-for-suppression-or-backlog
CK-110-0060,CK-110-M072,9f7d222dec1711ef8e614383a13347e7,markdownlint,markdownlint_MD007,docs/benchmarking.md,docs,S4,docs,Expected: 2; Actual: 3,review-for-suppression-or-backlog
CK-110-0061,CK-110-M051,a8c271d8c58f010d8243a337855b2207,Lizard,Lizard_ccn-medium,internal/storage/remove_test.go,test,S3,storage,Method TestGetLogicalFileInfoWithDBFound has a cyclomatic complexity of 11 (limit is 8),review-for-suppression-or-backlog
CK-110-0064,CK-110-M059,a63dcd286c6a3af62cabee98e3adcf65,Opengrep,Semgrep_go_sql_rule-concat-sqli,internal/observability/service_test.go,test,S3,security,SQL Injection is a critical vulnerability that can lead to data or system compromise.,review-for-suppression-or-backlog
CK-110-0065,CK-110-M072,8dc2d54098b334c6116f38a53665dd25,markdownlint,markdownlint_MD032,docs/BENCHMARK_METRICS.md,docs,S4,docs,Lists should be surrounded by blank lines,review-for-suppression-or-backlog
CK-110-0066,CK-110-M067,30db4a1398fa718fd15bde51c632e087,Opengrep,Semgrep_go_file-permissions_rule-mkdir,tests/adversarial/g1_step11_restore_determinism_test.go,test,S3,restore,The application was found setting directory permissions to overly permissive values.,review-for-suppression-or-backlog
CK-110-0067,CK-110-M070,83b1c501ca4f61ba1c851344e2a714b3,Lizard,Lizard_ccn-medium,internal/repository/capabilities/derive_test.go,test,S3,codacy,Method TestDeriveFreshSQLiteRepositoryCapabilities has a cyclomatic complexity of 13 (limit is 8),review-for-suppression-or-backlog
CK-110-0070,CK-110-M047,65ec6de53eb0a102158da28bf249e7de,Lizard,Lizard_nloc-medium,internal/db/migrations_test.go,test,S3,migration,Method TestPostgresFreshBootstrapCreatesPhaseOneV8Schema has 172 lines of code (limit is 50),review-for-suppression-or-backlog
CK-110-0071,CK-110-M051,4558bd8b0391e0d546c83ce4ddace348,Lizard,Lizard_ccn-medium,internal/chunk/chunker_comparison_test.go,test,S3,storage,Method assertFullCoverage has a cyclomatic complexity of 9 (limit is 8),review-for-suppression-or-backlog
CK-110-0072,CK-110-M066,a875337f9450ae897d604a9fe6fdab00,Lizard,Lizard_nloc-medium,internal/storage/restore_test.go,test,S3,restore,Method TestRestoreFailsOnPayloadReadShortRead has 70 lines of code (limit is 50),review-for-suppression-or-backlog
CK-110-0074,CK-110-M059,550b330fc959d7b1f307267995091d0a,Opengrep,Semgrep_go_sql_rule-concat-sqli,internal/graph/reachability_test.go,test,S3,security,SQL Injection is a critical vulnerability that can lead to data or system compromise.,review-for-suppression-or-backlog
CK-110-0075,CK-110-M062,94f9c907dc26f46fc6c535129a5163f1,Lizard,Lizard_nloc-medium,internal/gc/plan_test.go,test,S3,gc,Method TestReachabilityRootsDocumentation has 76 lines of code (limit is 50),review-for-suppression-or-backlog
CK-110-0076,CK-110-M057,35dfe679bbcd7b4e32ffc6061f7ba45f,Opengrep,Semgrep_go_file-permissions_rule-mkdir,tests/integration/v18_migration_compatibility_integration_test.go,test,S3,filesystem,The application was found setting directory permissions to overly permissive values.,review-for-suppression-or-backlog
CK-110-0077,CK-110-M057,ca62b7ca3a4cb6dccb86dab76214b9eb,Opengrep,Semgrep_go_file-permissions_rule-fileperm,tests/adversarial/g8_system_invariants_lifecycle_adversarial_test.go,test,S3,filesystem,The application was found setting file permissions to overly permissive values.,review-for-suppression-or-backlog
CK-110-0080,CK-110-M051,90b535ae57c6eae1a417a49502376d38,Lizard,Lizard_ccn-medium,internal/storage/repository_config_test.go,test,S3,storage,Method TestRepositoryCompressionConfigControlsNewWritesNotReads has a cyclomatic complexity of 28 (limit is 8),review-for-suppression-or-backlog
CK-110-0081,CK-110-M052,f158592444eeb3da39120ddea60b6018,Opengrep,Semgrep_go.lang.security.audit.crypto.math_random.math-random-used,internal/storage/compression/zstd_test.go,test,S3,storage,Do not use `math/rand`. Use `crypto/rand` instead.,review-for-suppression-or-backlog
CK-110-0082,CK-110-M064,ee1dd6c1615bdd28ad8f74007857c128,Lizard,Lizard_ccn-medium,internal/recovery/system_recovery_test.go,test,S3,recovery,Method TestQuarantineOrphanContainersResyncsExistingQuarantineSizeDrift has a cyclomatic complexity of 12 (lim,review-for-suppression-or-backlog
CK-110-0085,CK-110-M066,d7631b6fb5a53c4e0580be8cd55decd5,Lizard,Lizard_nloc-medium,internal/storage/restore_test.go,test,S3,restore,Method TestRestoreFileByStoredPathOverrideMode has 104 lines of code (limit is 50),review-for-suppression-or-backlog
CK-110-0086,CK-110-M054,764138e25a8ab527348e74b021e87d57,Lizard,Lizard_ccn-medium,internal/verify/verify_corruption_fixtures_test.go,test,S3,verify,Method assertDecryptStageVerifyFailure has a cyclomatic complexity of 14 (limit is 8),review-for-suppression-or-backlog
CK-110-0088,CK-110-M072,acef2e4d361426e7798bc67db73f41a6,markdownlint,markdownlint_MD024,docs/benchmarking.md,docs,S4,docs,Multiple headings with the same content,review-for-suppression-or-backlog
CK-110-0089,CK-110-M047,991ba70cb29f50e192a3d6b89e4a50b2,Lizard,Lizard_ccn-medium,internal/db/migrations_test.go,test,S3,migration,Method TestLoadSQLiteSchemaCreatesPhaseOneV8FreshBootstrap has a cyclomatic complexity of 27 (limit is 8),review-for-suppression-or-backlog
CK-110-0090,CK-110-M070,e9f4cf8ce12f467135ca9f36fa7de549,Lizard,Lizard_nloc-medium,internal/graph/traversal_test.go,test,S3,codacy,Method TestTraverseVisitsAllNodesOnce has 69 lines of code (limit is 50),review-for-suppression-or-backlog
CK-110-0092,CK-110-M056,d74d19a99d1dd9e5c2db33b121ee6190,Lizard,Lizard_nloc-medium,tests/integration/read_path_regression_test.go,test,S3,filesystem,Method TestBackwardCompatMixedChunkerRestoreIntegration has 51 lines of code (limit is 50),review-for-suppression-or-backlog
CK-110-0093,CK-110-M072,bd1e0e4153b75027aa23526c3d167cc4,markdownlint,markdownlint_MD032,docs/BENCHMARK_METRICS.md,docs,S4,docs,Lists should be surrounded by blank lines,review-for-suppression-or-backlog
CK-110-0094,CK-110-M059,9d74a9984c181a3a955aa063fbd6ec96,Opengrep,Semgrep_go.lang.security.audit.database.string-formatted-query.string-formatted-query,tests/adversarial/g6_concurrent_operations_adversarial_test.go,test,S3,security,String-formatted SQL query detected.,review-for-suppression-or-backlog
CK-110-0095,CK-110-M056,89804ca6d6430d7dbbf786462434e3cc,Lizard,Lizard_ccn-medium,tests/integration/read_path_regression_test.go,test,S3,filesystem,Method TestBackwardCompatV15CLIWorkflowIntegration has a cyclomatic complexity of 19 (limit is 8),review-for-suppression-or-backlog
CK-110-0098,CK-110-M051,5556e369616d3c8b2ba95780003c60cd,Lizard,Lizard_ccn-medium,internal/storage/store_compression_feature_gate_test.go,test,S3,storage,Method TestFeatureGatedCompressionSwitchDoesNotMigrateExistingBlocksStep513 has a cyclomatic complexity of 17 ,review-for-suppression-or-backlog
CK-110-0100,CK-110-M070,5e4a0d569b384cccffd98238eaae94b8,Lizard,Lizard_ccn-medium,tests/adversarial/g8_system_invariants_lifecycle_adversarial_test.go,test,S3,codacy,Method  has a cyclomatic complexity of 25 (limit is 8),review-for-suppression-or-backlog
CK-110-0101,CK-110-M050,1539cfa3b4cc76e970a055c312dfccf5,Opengrep,Semgrep_go.lang.correctness.permissions.file_permission.incorrect-default-permission,tests/adversarial/g14_g17_snapshot_retention_adversarial_test.go,test,S3,snapshot,Detected file permissions that are set to more than `0600` (user/owner can read and write). Setting file permi,review-for-suppression-or-backlog
CK-110-0102,CK-110-M051,5cfb1ad378e59f25502b2295535b9b35,Lizard,Lizard_nloc-medium,internal/storage/store_compression_feature_gate_test.go,test,S3,storage,Method  has 55 lines of code (limit is 50),review-for-suppression-or-backlog
CK-110-0104,CK-110-M070,41764a9276323a0e683f4f4d2293f5b9,Lizard,Lizard_ccn-medium,internal/graph/reachability_test.go,test,S3,codacy,Method TestGetReachableChunksDeduplicatesSharedChunks has a cyclomatic complexity of 11 (limit is 8),review-for-suppression-or-backlog
CK-110-0105,CK-110-M063,3b058acaa56c21d0f39a55c06f69e1ed,Opengrep,Semgrep_go_filesystem_rule-fileread,internal/maintenance/gc_step11_test.go,test,S3,gc,The application dynamically constructs file or path information.,review-for-suppression-or-backlog
CK-110-0106,CK-110-M066,8710e572b7560612b0f25a74a0d52294,Lizard,Lizard_nloc-medium,internal/storage/restore_test.go,test,S3,restore,Method TestPinLogicalFileRestoreChunksReturnsOrderedChunkRows has 63 lines of code (limit is 50),review-for-suppression-or-backlog
CK-110-0107,CK-110-M052,deec82ea4b2efdb7a6d19550894bff34,Opengrep,Semgrep_go_file-permissions_rule-fileperm,internal/storage/phase1_compat_matrix_test.go,test,S3,storage,The application was found setting file permissions to overly permissive values.,review-for-suppression-or-backlog
CK-110-0108,CK-110-M072,72c8a76ea436bc446ac18ac968377394,markdownlint,markdownlint_MD032,docs/STEP64_METRICS_VALIDATION.md,docs,S4,docs,Lists should be surrounded by blank lines,review-for-suppression-or-backlog
CK-110-0109,CK-110-M048,acb841e9436f2beb7320ed51a83d9317,Opengrep,Semgrep_go_sql_rule-concat-sqli,internal/db/migrations_test.go,test,S3,migration,SQL Injection is a critical vulnerability that can lead to data or system compromise.,review-for-suppression-or-backlog
CK-110-0110,CK-110-M070,49337bca8a53949045e8d52f71386111,Lizard,Lizard_ccn-medium,tests/integration/v18_migration_compatibility_integration_test.go,test,S3,codacy,Method TestPhase7MixedVerifyAfterUpgradeIntegration has a cyclomatic complexity of 24 (limit is 8),review-for-suppression-or-backlog
CK-110-0111,CK-110-M062,9560292f42fa7249e24744460b65b655,Lizard,Lizard_ccn-medium,internal/maintenance/gc_step11_parity_test.go,test,S3,gc,Method TestStep11DryRunPackedReclaimableMatchesActualGC has a cyclomatic complexity of 14 (limit is 8),review-for-suppression-or-backlog
CK-110-0114,CK-110-M070,4917b8834360236a01c28de6d1cfaed6,Lizard,Lizard_ccn-medium,internal/observability/cross_consistency_test.go,test,S3,codacy,Method TestCrossConsistency_InspectBidirectional has a cyclomatic complexity of 13 (limit is 8),review-for-suppression-or-backlog
CK-110-0115,CK-110-M066,415e076b455282180d81ee7388535854,Lizard,Lizard_ccn-medium,internal/storage/restore_test.go,test,S3,restore,Method TestRestoreOptionsOverwriteFalseRejectsExistingDestination has a cyclomatic complexity of 14 (limit is ,review-for-suppression-or-backlog
CK-110-0116,CK-110-M057,4e0fec8c8299cf6c7f6934d55338d2b3,Opengrep,Semgrep_go.lang.correctness.permissions.file_permission.incorrect-default-permission,tests/utils/common.go,test,S3,filesystem,Detected file permissions that are set to more than `0600` (user/owner can read and write). Setting file permi,review-for-suppression-or-backlog
CK-110-0117,CK-110-M070,2715972ab1bde1c010c90e8e959cb250,Lizard,Lizard_ccn-medium,internal/cli/render/stats_test.go,test,S3,codacy,Method TestRenderStatsJSONWritesResultPayload has a cyclomatic complexity of 21 (limit is 8),review-for-suppression-or-backlog
CK-110-0119,CK-110-M048,f06b118cbcf8c335de0a155cd00ff3cf,Opengrep,Semgrep_go_sql_rule-concat-sqli,internal/db/migrations_test.go,test,S3,migration,SQL Injection is a critical vulnerability that can lead to data or system compromise.,review-for-suppression-or-backlog
CK-110-0120,CK-110-M072,7702586b8ca9423b91d26824e1023100,markdownlint,markdownlint_MD032,docs/benchmarking.md,docs,S4,docs,Lists should be surrounded by blank lines,review-for-suppression-or-backlog
CK-110-0123,CK-110-M051,7f6b429cf357b6a362dd752f076fb37c,Lizard,Lizard_ccn-medium,internal/storage/phase1_compat_matrix_test.go,test,S3,storage,Method TestPhase1CompatMetadataWrittenOnce has a cyclomatic complexity of 10 (limit is 8),review-for-suppression-or-backlog
CK-110-0125,CK-110-M072,60daad78880d36614e17fb24e5204ad7,markdownlint,markdownlint_MD010,docs/internal/storage_contract_v1_9.md,docs,S4,docs,Column: 1,review-for-suppression-or-backlog
CK-110-0126,CK-110-M051,3cc0ee54688920a3f947626dc40a9f0e,Lizard,Lizard_nloc-medium,internal/container/simulated_writer_test.go,test,S3,storage,Method TestSimulatedWriterAppendPayloadCreatesAndRotatesContainer has 59 lines of code (limit is 50),review-for-suppression-or-backlog
CK-110-0127,CK-110-M054,2b4e2784a8490ae732e11f261d8e0016,Lizard,Lizard_ccn-medium,internal/verify/verify_corruption_fixtures_test.go,test,S3,verify,Method assertBlockDecodeStageVerifyFailure has a cyclomatic complexity of 11 (limit is 8),review-for-suppression-or-backlog
CK-110-0128,CK-110-M052,2bbfc23f7b85c123c20fe82dc9793c03,Opengrep,Semgrep_go_file-permissions_rule-mkdir,tests/adversarial/v110_s0_chunk_reuse_bounds_stabilization_test.go,test,S3,storage,The application was found setting directory permissions to overly permissive values.,review-for-suppression-or-backlog
CK-110-0129,CK-110-M067,f967ca5f49c42b5e87895c2acc3d08dc,Opengrep,Semgrep_go_filesystem_rule-fileread,tests/adversarial/g67_deterministic_restore_matrix_test.go,test,S3,restore,The application dynamically constructs file or path information.,review-for-suppression-or-backlog
CK-110-0131,CK-110-M048,dbcf384936f64d70126a02806c8eb795,Opengrep,Semgrep_go_sql_rule-concat-sqli,internal/db/migrations_test.go,test,S3,migration,SQL Injection is a critical vulnerability that can lead to data or system compromise.,review-for-suppression-or-backlog
CK-110-0134,CK-110-M054,9ac9a4da5d86a320c89734017ac748ea,Lizard,Lizard_ccn-medium,internal/verify/verify_regression_test.go,test,S3,verify,Method TestVerifySystemFullDetectsMissingContainerFileForReferencedChunk has a cyclomatic complexity of 9 (lim,review-for-suppression-or-backlog
CK-110-0135,CK-110-M057,7404fcaadcb647e4a6da000b0a62795,Opengrep,Semgrep_go.lang.correctness.permissions.file_permission.incorrect-default-permission,tests/adversarial/g7_deep_corruption_adversarial_test.go,test,S3,filesystem,Detected file permissions that are set to more than `0600` (user/owner can read and write). Setting file permi,review-for-suppression-or-backlog
CK-110-0138,CK-110-M070,74e717746ee5edac7ae9dd8d50011808,Lizard,Lizard_ccn-medium,tests/integration/v18_migration_compatibility_integration_test.go,test,S3,codacy,Method TestPhase8MetadataMigrationIntegration has a cyclomatic complexity of 48 (limit is 8),review-for-suppression-or-backlog
CK-110-0139,CK-110-M066,f88de90adc313302c9f3af8f391fbc3f,Lizard,Lizard_ccn-medium,internal/storage/restore_test.go,test,S3,restore,Method TestRestoreFailsOnAESGCMDecodeFailure has a cyclomatic complexity of 11 (limit is 8),review-for-suppression-or-backlog
CK-110-0141,CK-110-M067,1c28003e810c479a071a182189e02576,Opengrep,Semgrep_go_file-permissions_rule-mkdir,tests/adversarial/g1_step11_restore_determinism_test.go,test,S3,restore,The application was found setting directory permissions to overly permissive values.,review-for-suppression-or-backlog
CK-110-0146,CK-110-M048,ea2a512b657417f458d4011ef8301fc,Opengrep,Semgrep_go_sql_rule-concat-sqli,internal/db/migrations_test.go,test,S3,migration,SQL Injection is a critical vulnerability that can lead to data or system compromise.,review-for-suppression-or-backlog
CK-110-0148,CK-110-M062,4444e18b034400208d340d9657a161d,Lizard,Lizard_ccn-medium,internal/maintenance/gc_step11_test.go,test,S3,gc,Method TestStep11SnapshotRetainsPackedBlockAndRestoreSucceeds has a cyclomatic complexity of 15 (limit is 8),review-for-suppression-or-backlog
CK-110-0151,CK-110-M066,30a0f378781261fc0bfce660eec30894,Lizard,Lizard_nloc-medium,internal/storage/restore_test.go,test,S3,restore,Method TestRestoreFailureDoesNotCorruptDestination has 85 lines of code (limit is 50),review-for-suppression-or-backlog
CK-110-0152,CK-110-M051,9e4c165f9a700e45386098d7b29647e7,Lizard,Lizard_ccn-medium,internal/storage/test_repository_fixture_test.go,test,S3,storage,Method NewTestRepository has a cyclomatic complexity of 10 (limit is 8),review-for-suppression-or-backlog
CK-110-0155,CK-110-M052,63eb3394747b9a0bba82088ddcc4f832,Opengrep,Semgrep_go_filesystem_rule-fileread,internal/storage/store_v2chunker_test.go,test,S3,storage,The application dynamically constructs file or path information.,review-for-suppression-or-backlog
CK-110-0157,CK-110-M049,b5b9b018df62a310321a4bcd200d7bd7,Lizard,Lizard_ccn-medium,tests/adversarial/g14_g17_snapshot_retention_adversarial_test.go,test,S3,snapshot,Method TestAdversarialG16SnapshotQueryContractChaos has a cyclomatic complexity of 10 (limit is 8),review-for-suppression-or-backlog
CK-110-0158,CK-110-M057,4ab3b89e78b5ddafd051c654f7ec33e1,Opengrep,Semgrep_go_filesystem_rule-fileread,tests/adversarial/g7_deep_corruption_adversarial_test.go,test,S3,filesystem,The application dynamically constructs file or path information.,review-for-suppression-or-backlog
CK-110-0159,CK-110-M057,ff8567d28f1825e349833714f8d5a4ce,Opengrep,Semgrep_go_file-permissions_rule-mkdir,tests/adversarial/g3_no_data_loss_valid_sequences_adversarial_test.go,test,S3,filesystem,The application was found setting directory permissions to overly permissive values.,review-for-suppression-or-backlog
CK-110-0161,CK-110-M052,d1f44304d9c73febb4b6b3226d5cee96,Opengrep,Semgrep_go.lang.correctness.permissions.file_permission.incorrect-default-permission,internal/storage/phase1_compat_matrix_test.go,test,S3,storage,Detected file permissions that are set to more than `0600` (user/owner can read and write). Setting file permi,review-for-suppression-or-backlog
CK-110-0163,CK-110-M070,cb2776b60f2a853f12febe0961996af,Lizard,Lizard_ccn-medium,internal/observability/service_test.go,test,S3,codacy,Method TestSimulateGCAssumptionsIncludeDeletedSnapshots has a cyclomatic complexity of 10 (limit is 8),review-for-suppression-or-backlog
CK-110-0164,CK-110-M070,24ceaee6f118a68663260bf04d74ea8f,Lizard,Lizard_nloc-medium,tests/integration/v18_migration_compatibility_integration_test.go,test,S3,codacy,Method TestPhase7MixedGCAfterUpgradeIntegration has 258 lines of code (limit is 50),review-for-suppression-or-backlog
CK-110-0165,CK-110-M067,f2c6fd63d1f64c7c69004055c1cba068,Opengrep,Semgrep_go.lang.correctness.permissions.file_permission.incorrect-default-permission,tests/adversarial/g1_step11_restore_determinism_test.go,test,S3,restore,Detected file permissions that are set to more than `0600` (user/owner can read and write). Setting file permi,review-for-suppression-or-backlog
CK-110-0166,CK-110-M067,230ce90d8fadc9b46d853b6e18cc4fae,Opengrep,Semgrep_go_filesystem_rule-fileread,internal/storage/restore_test.go,test,S3,restore,The application dynamically constructs file or path information.,review-for-suppression-or-backlog
CK-110-0167,CK-110-M048,5c64caca911d696fd96daf90511b65be,Opengrep,Semgrep_go_sql_rule-concat-sqli,internal/db/migrations_test.go,test,S3,migration,SQL Injection is a critical vulnerability that can lead to data or system compromise.,review-for-suppression-or-backlog
CK-110-0168,CK-110-M057,fd32aa3a916329e2ee6a3fc6e4a9f60c,Opengrep,Semgrep_go_file-permissions_rule-fileperm,tests/adversarial/g6_concurrent_operations_adversarial_test.go,test,S3,filesystem,The application was found setting file permissions to overly permissive values.,review-for-suppression-or-backlog
CK-110-0169,CK-110-M067,fd4f70344822c66ddc2e93b4c2130d76,Opengrep,Semgrep_go_file-permissions_rule-mkdir,tests/adversarial/g67_deterministic_restore_matrix_test.go,test,S3,restore,The application was found setting directory permissions to overly permissive values.,review-for-suppression-or-backlog
CK-110-0171,CK-110-M023,1481111efda436761654e2e4902239aa,Opengrep,Semgrep_go_subproc_rule-subproc,tests/utils/common.go,test,S1,codacy,OS command injection is a critical vulnerability that can lead to a full system compromise as it may allow an ,review-for-suppression-or-backlog
CK-110-0174,CK-110-M051,470e2441a9c8041185813dfab452a47b,Lizard,Lizard_ccn-medium,internal/storage/store_compression_feature_gate_test.go,test,S3,storage,Method  has a cyclomatic complexity of 9 (limit is 8),review-for-suppression-or-backlog
CK-110-0175,CK-110-M070,efca7950455e78b169f7ec302f4f5d8e,Lizard,Lizard_ccn-medium,internal/observability/inspect_test.go,test,S3,codacy,Method TestInspectContainerBasic has a cyclomatic complexity of 10 (limit is 8),review-for-suppression-or-backlog
CK-110-0176,CK-110-M070,b3568ae46ddbc04f2420f3b015498ced,Lizard,Lizard_ccn-medium,internal/listing/list_test.go,test,S3,codacy,Method TestListFilesReturnsCurrentStatePhysicalPaths has a cyclomatic complexity of 14 (limit is 8),review-for-suppression-or-backlog
CK-110-0177,CK-110-M070,87c09ed5fbe43a65dab6aa7495b8c91d,Lizard,Lizard_nloc-medium,tests/utils/common.go,test,S3,codacy,Method RunFixtureFolderRestoreAll has 96 lines of code (limit is 50),review-for-suppression-or-backlog
CK-110-0178,CK-110-M063,4e9c57f34862ac7b0f34fcf75629be85,Opengrep,Semgrep_go.lang.security.audit.sqli.gosql-sqli.gosql-sqli,internal/maintenance/stats_test.go,test,S3,gc,"Detected string concatenation with a non-literal variable in a ""database/sql"" Go SQL statement.",review-for-suppression-or-backlog
CK-110-0179,CK-110-M062,39d27e689d43fed0a16f213966e5a7bb,Lizard,Lizard_ccn-medium,internal/maintenance/gc_step11_test.go,test,S3,gc,Method TestStep11PackedBlockPartiallyLiveRetainedRestoreAndVerify has a cyclomatic complexity of 16 (limit is ,review-for-suppression-or-backlog
CK-110-0180,CK-110-M070,2837b0432871abfb8bdbc107e9e49ef6,Lizard,Lizard_ccn-medium,internal/observability/inspect_test.go,test,S3,codacy,Method TestInspectTraceEmitsDeepTraversalEvents has a cyclomatic complexity of 12 (limit is 8),review-for-suppression-or-backlog
CK-110-0183,CK-110-M059,41b33b6758647df9c90da4fdef9d6cf5,Opengrep,Semgrep_go_sql_rule-concat-sqli,tests/adversarial/g7_deep_corruption_adversarial_test.go,test,S3,security,SQL Injection is a critical vulnerability that can lead to data or system compromise.,review-for-suppression-or-backlog
CK-110-0186,CK-110-M076,955a8a9d2228a612db1bff8da198f1fa,Agentlinter,Agentlinter_clarity_ambiguous-pronoun,SECURITY.md,docs,S4,codacy,"Instruction starts with ambiguous pronoun: ""it does not attempt to defend against an attacker who can ch""",review-for-suppression-or-backlog
CK-110-0188,CK-110-M072,eb2f194d4fb777757789761b4a2e259f,markdownlint,markdownlint_MD032,docs/benchmarking.md,docs,S4,docs,Lists should be surrounded by blank lines,review-for-suppression-or-backlog
CK-110-0189,CK-110-M049,c8ded7a0d875b6eddc1c1c10c3be7e7c,Lizard,Lizard_nloc-medium,internal/snapshot/snapshot_bench_test.go,test,S3,snapshot,Method seedBenchmarkPhysicalFiles has 52 lines of code (limit is 50),review-for-suppression-or-backlog
CK-110-0190,CK-110-M070,6864e5bac15a5a4958739cabe291cad9,Lizard,Lizard_ccn-medium,tests/integration/v19_stats_semantics_integration_test.go,test,S3,codacy,Method TestStep613StatsRatiosMathematicallyCorrect has a cyclomatic complexity of 10 (limit is 8),review-for-suppression-or-backlog
CK-110-0194,CK-110-M076,e3cfc49d0c572bf2debfb466ad9895ff,Agentlinter,Agentlinter_clarity_priority-signal-missing,SECURITY.md,docs,S4,codacy,70 instruction items with no priority signals. The agent can't distinguish critical from optional.,review-for-suppression-or-backlog
CK-110-0195,CK-110-M052,ea24193febec61d9479744949167f98f,Opengrep,Semgrep_go_filesystem_rule-fileread,internal/storage/store_compression_feature_gate_test.go,test,S3,storage,The application dynamically constructs file or path information.,review-for-suppression-or-backlog
CK-110-0196,CK-110-M062,d8a48be140a484d25f6efdadcbc2aad2,Lizard,Lizard_nloc-medium,tests/adversarial/g4_non_destructive_gc_adversarial_test.go,test,S3,gc,Method TestAdversarialG4PinnedChunkWithZeroLiveRefsSurvivesGC has 69 lines of code (limit is 50),review-for-suppression-or-backlog
CK-110-0197,CK-110-M070,1cb43f9ee780b620434ec8d23693c537,Lizard,Lizard_nloc-medium,tests/integration/v18_migration_compatibility_integration_test.go,test,S3,codacy,Method TestPhase7UpgradeAndAddNewDataIntegration has 153 lines of code (limit is 50),review-for-suppression-or-backlog
CK-110-0198,CK-110-M063,35ba560273555581f6240a1866e5500d,Opengrep,Semgrep_go_filesystem_rule-fileread,internal/maintenance/gc_step11_test.go,test,S3,gc,The application dynamically constructs file or path information.,review-for-suppression-or-backlog
CK-110-0199,CK-110-M068,4147b217b08ded93f11db792fbd20cf8,Lizard,Lizard_nloc-medium,internal/benchmark/corpus_test.go,test,S3,benchmark,Method TestStandardCorpora has 62 lines of code (limit is 50),review-for-suppression-or-backlog
CK-110-0201,CK-110-M063,52f2767e6b43f4694c8e4c767f18c62f,Opengrep,Semgrep_go_sql_rule-concat-sqli,internal/maintenance/stats_bench_test.go,test,S3,gc,SQL Injection is a critical vulnerability that can lead to data or system compromise.,review-for-suppression-or-backlog
CK-110-0202,CK-110-M072,1637deea47e786df2495102bf55f66de,markdownlint,markdownlint_MD022,docs/BENCHMARK_CORPORA.md,docs,S4,docs,Expected: 1; Actual: 0; Below,review-for-suppression-or-backlog
CK-110-0203,CK-110-M062,bbbf767fd3cee93b3aa298069c58bcbc,Lizard,Lizard_ccn-medium,internal/maintenance/gc_packed_test.go,test,S3,gc,Method TestContainerHasLivePhysicalUnitsFalseWhenNoLiveLegacyOrPacked has a cyclomatic complexity of 10 (limit,review-for-suppression-or-backlog
CK-110-0206,CK-110-M070,ae070354b8bd31bf1838d971c02ca016,Lizard,Lizard_ccn-medium,internal/observability/inspect_test.go,test,S3,codacy,Method TestInspectSnapshotBasic has a cyclomatic complexity of 13 (limit is 8),review-for-suppression-or-backlog
CK-110-0208,CK-110-M070,2f5d47d92c8ad4c6c28b2a883a37308a,Lizard,Lizard_ccn-medium,tests/adversarial/g2_inconsistent_state_adversarial_test.go,test,S3,codacy,Method  has a cyclomatic complexity of 12 (limit is 8),review-for-suppression-or-backlog
CK-110-0209,CK-110-M070,eb2bea87023ee14c590317961354cf4,Lizard,Lizard_ccn-medium,internal/blocks/block_builder_test.go,test,S3,codacy,Method TestBlockBuilderBuildMultiChunk has a cyclomatic complexity of 17 (limit is 8),review-for-suppression-or-backlog
CK-110-0210,CK-110-M066,1750299cd3bac52cac42152b1719c2b4,Lizard,Lizard_nloc-medium,internal/storage/restore_test.go,test,S3,restore,Method TestRestoreFailsWhenOutputParentPathIsFile has 75 lines of code (limit is 50),review-for-suppression-or-backlog
CK-110-0211,CK-110-M057,aa3b4c4a573d6e7cc0678acf47962f66,Opengrep,Semgrep_go_file-permissions_rule-fileperm,tests/adversarial/g9_batch_semantics_adversarial_test.go,test,S3,filesystem,The application was found setting file permissions to overly permissive values.,review-for-suppression-or-backlog
CK-110-0212,CK-110-M048,7a0f71e51dc704230c5f4ae0193502b0,Opengrep,Semgrep_go_sql_rule-concat-sqli,internal/db/migrations_test.go,test,S3,migration,SQL Injection is a critical vulnerability that can lead to data or system compromise.,review-for-suppression-or-backlog
CK-110-0213,CK-110-M051,134d6e50c39543b04fcff480f44cd4c8,Lizard,Lizard_ccn-medium,internal/storage/remove_test.go,test,S3,storage,Method TestRemoveFileByIDCascadesPhysicalFileMappings has a cyclomatic complexity of 13 (limit is 8),review-for-suppression-or-backlog
CK-110-0214,CK-110-M070,f955acd7e1bb9c03c7d7db5828086849,Lizard,Lizard_ccn-medium,internal/observability/cross_consistency_test.go,test,S3,codacy,Method TestCrossConsistency_SimulateGCContainersMatchGCPlan has a cyclomatic complexity of 10 (limit is 8),review-for-suppression-or-backlog
CK-110-0219,CK-110-M057,2e671ac25cb989166caa0ec4c0b31ce,Opengrep,Semgrep_go_file-permissions_rule-mkdir,tests/integration/v18_migration_compatibility_integration_test.go,test,S3,filesystem,The application was found setting directory permissions to overly permissive values.,review-for-suppression-or-backlog
CK-110-0221,CK-110-M072,b76e8cc68c3d68a964fc2db3481bc071,markdownlint,markdownlint_MD022,docs/BENCHMARK_CORPORA.md,docs,S4,docs,Expected: 1; Actual: 0; Below,review-for-suppression-or-backlog
CK-110-0222,CK-110-M070,397b2c5f10c77fe6d6a0c6b3056b9e72,Lizard,Lizard_nloc-medium,tests/integration/v18_migration_compatibility_integration_test.go,test,S3,codacy,Method TestPhase7LegacyOnlyRestoreAndVerifyIntegration has 108 lines of code (limit is 50),review-for-suppression-or-backlog
CK-110-0223,CK-110-M051,9ef8f22f6a1918e83a41294658ca3e8b,Lizard,Lizard_ccn-medium,internal/storage/physical_file_repository_test.go,test,S3,storage,Method TestStoreFileMaintainsPhysicalFileAndLogicalRefCountInvariants has a cyclomatic complexity of 20 (limit,review-for-suppression-or-backlog
CK-110-0224,CK-110-M069,ae4e01b2433d8f8ece9e32e57c95c3b3,Opengrep,Semgrep_go_filesystem_rule-fileread,internal/benchmark/corpus_test.go,test,S3,benchmark,The application dynamically constructs file or path information.,review-for-suppression-or-backlog
CK-110-0225,CK-110-M070,ba0c106a65f7574de56de8c4ca5f494c,Lizard,Lizard_ccn-medium,tests/adversarial/g611_adversarial_compression_longrun_test.go,test,S3,codacy,Method TestStep611CompressionLongRunMemoryGrowthBounded has a cyclomatic complexity of 11 (limit is 8),review-for-suppression-or-backlog
CK-110-0226,CK-110-M070,c21fc8d6baa4b83d65714db2a593d122,Lizard,Lizard_ccn-medium,internal/observability/inspect_test.go,test,S3,codacy,Method TestInspectChunkForwardRelationsIncludesContainer has a cyclomatic complexity of 10 (limit is 8),review-for-suppression-or-backlog
CK-110-0227,CK-110-M072,966380505b3cf6703eacebd116cd9347,markdownlint,markdownlint_MD032,docs/BENCHMARK_METRICS.md,docs,S4,docs,Lists should be surrounded by blank lines,review-for-suppression-or-backlog
CK-110-0228,CK-110-M070,693b34a8d05b6eb860c2b5a0209d53db,Lizard,Lizard_ccn-medium,internal/observability/inspect_test.go,test,S3,codacy,Method TestInspectContainerRelationsIncludeMixedBlockMetadata has a cyclomatic complexity of 27 (limit is 8),review-for-suppression-or-backlog
CK-110-0229,CK-110-M062,236b00bfa5005dc66a1714cb0fb2d431,Lizard,Lizard_ccn-medium,internal/maintenance/gc_test.go,test,S3,gc,Method insertPackedStorageBlockFixtureWithCompression has a cyclomatic complexity of 9 (limit is 8),review-for-suppression-or-backlog
CK-110-0230,CK-110-M070,fe0082b1e8b57dca70256c9485244fc9,Lizard,Lizard_ccn-medium,internal/graph/reachability_test.go,test,S3,codacy,Method TestGetReachableChunksFromSnapshots has a cyclomatic complexity of 15 (limit is 8),review-for-suppression-or-backlog
CK-110-0231,CK-110-M062,d20b4bd1be1de53322a9274a1729a35f,Lizard,Lizard_ccn-medium,internal/maintenance/gc_test.go,test,S3,gc,Method TestRunGCSnapshotRetainsPackedBlockAndRestoreSucceedsWhenLiveNamespaceRemoved has a cyclomatic complexi,review-for-suppression-or-backlog
CK-110-0232,CK-110-M069,42ff10aa725f351466fb76a8a05744c0,Opengrep,Semgrep_go_file-permissions_rule-fileperm,internal/benchmark/determinism_test.go,test,S3,benchmark,The application was found setting file permissions to overly permissive values.,review-for-suppression-or-backlog
CK-110-0233,CK-110-M062,c6d8edf882c32b618a74ed22ea5af614,Lizard,Lizard_nloc-medium,internal/maintenance/stats_bench_test.go,test,S3,gc,Method seedStatsBenchmarkDataset has 69 lines of code (limit is 50),review-for-suppression-or-backlog
CK-110-0234,CK-110-M070,1afcbe18b7b385f31027b7fddb63a37f,Lizard,Lizard_ccn-medium,internal/observability/inspect_test.go,test,S3,codacy,Method TestInspectDoesNotMutateState has a cyclomatic complexity of 17 (limit is 8),review-for-suppression-or-backlog
CK-110-0235,CK-110-M052,7715c35314fa0e17e721e087da298685,Opengrep,Semgrep_go_filesystem_rule-fileread,internal/storage/store_v2chunker_test.go,test,S3,storage,The application dynamically constructs file or path information.,review-for-suppression-or-backlog
CK-110-0236,CK-110-M048,bfb3ee1d4e37ff2a7887ede429ee75b9,Opengrep,Semgrep_go_sql_rule-concat-sqli,internal/db/migrations_test.go,test,S3,migration,SQL Injection is a critical vulnerability that can lead to data or system compromise.,review-for-suppression-or-backlog
CK-110-0237,CK-110-M070,f2c387fcb9332b58bd3697052796292c,Lizard,Lizard_ccn-medium,tests/adversarial/g9_batch_semantics_adversarial_test.go,test,S3,codacy,Method  has a cyclomatic complexity of 13 (limit is 8),review-for-suppression-or-backlog
CK-110-0239,CK-110-M072,b8092109546d6e3eddb0fb40977782b7,markdownlint,markdownlint_MD024,docs/benchmarking.md,docs,S4,docs,Multiple headings with the same content,review-for-suppression-or-backlog
CK-110-0240,CK-110-M051,fde2c3021aa092285a5825f1d938f33a,Lizard,Lizard_ccn-medium,internal/storage/store_prepare_chunks_test.go,test,S3,storage,Method TestPrepareChunksWithContextDeterminismSameFile has a cyclomatic complexity of 10 (limit is 8),review-for-suppression-or-backlog
CK-110-0242,CK-110-M052,fec65ab5f74f6acc767dbb2b0bb0c3b4,Opengrep,Semgrep_go_file-permissions_rule-fileperm,tests/adversarial/v110_s0_chunk_reuse_bounds_stabilization_test.go,test,S3,storage,The application was found setting file permissions to overly permissive values.,review-for-suppression-or-backlog
CK-110-0243,CK-110-M051,42ec0bd2d956f27c31710fa9c13be5a1,Lizard,Lizard_ccn-medium,internal/storage/store_v2chunker_test.go,test,S3,storage,Method TestStoreAllowsCrossVersionChunkReuseWithoutOverwritingOriginMetadata has a cyclomatic complexity of 16,review-for-suppression-or-backlog
CK-110-0244,CK-110-M070,5fd159e0fe9dd0677bfa5458da567f4b,Lizard,Lizard_nloc-medium,internal/observability/cross_consistency_test.go,test,S3,codacy,Method TestCrossConsistency_SimulateGCMatchesGCPlanExactly has 66 lines of code (limit is 50),review-for-suppression-or-backlog
CK-110-0246,CK-110-M072,6d2a90bc09836abb9488def3ce6b04b0,markdownlint,markdownlint_MD032,docs/BENCHMARK_METRICS.md,docs,S4,docs,Lists should be surrounded by blank lines,review-for-suppression-or-backlog
CK-110-0247,CK-110-M059,19fa4ed81f9e976e57aaf8a4d892dbae,Opengrep,Semgrep_go_sql_rule-concat-sqli,internal/graph/reachability_test.go,test,S3,security,SQL Injection is a critical vulnerability that can lead to data or system compromise.,review-for-suppression-or-backlog
CK-110-0248,CK-110-M066,dc5cbcd80bdac321c4af181ff683a8da,Lizard,Lizard_ccn-medium,tests/adversarial/g5_atomic_restore_adversarial_test.go,test,S3,restore,Method  has a cyclomatic complexity of 13 (limit is 8),review-for-suppression-or-backlog
CK-110-0249,CK-110-M070,447148363a1a9b52eecb96d65b6a49ce,Lizard,Lizard_nloc-medium,internal/observability/stats_test.go,test,S3,codacy,Method TestTraceDoesNotMutateState has 73 lines of code (limit is 50),review-for-suppression-or-backlog
CK-110-0251,CK-110-M057,1acc7c9446d2111c70b817abe5e22205,Opengrep,Semgrep_go_file-permissions_rule-fileperm,tests/utils/common.go,test,S3,filesystem,The application was found setting file permissions to overly permissive values.,review-for-suppression-or-backlog
CK-110-0252,CK-110-M066,b7f5b1fb91abecdd4e641baadb75af7c,Lizard,Lizard_ccn-medium,internal/storage/restore_test.go,test,S3,restore,Method TestRestoreChunkPinningKeepsChunkLiveDuringRemove has a cyclomatic complexity of 17 (limit is 8),review-for-suppression-or-backlog
CK-110-0253,CK-110-M070,50ad11249cad88f01c68f7f38e45994a,Lizard,Lizard_ccn-medium,internal/observability/stats_test.go,test,S3,codacy,Method TestMapStatsResultMapsMaintenanceResultToStableModel has a cyclomatic complexity of 26 (limit is 8),review-for-suppression-or-backlog
CK-110-0254,CK-110-M047,98398dc50f7cf83879ae7e092b89882d,Lizard,Lizard_nloc-medium,internal/db/migrations_test.go,test,S3,migration,Method TestRunMigrationsBackfillsChunkerVersionForLegacyLogicalFileAndChunkRows has 178 lines of code (limit i,review-for-suppression-or-backlog
CK-110-0255,CK-110-M067,fa5b28bb916e13b16188c1820c7f6ea,Opengrep,Semgrep_go.lang.correctness.permissions.file_permission.incorrect-default-permission,internal/storage/restore_test.go,test,S3,restore,Detected file permissions that are set to more than `0600` (user/owner can read and write). Setting file permi,review-for-suppression-or-backlog
CK-110-0257,CK-110-M049,d883fb7ab7d8ee9a0a0a41364c0f49a3,Lizard,Lizard_ccn-medium,internal/snapshot/delete_lineage_preview_test.go,test,S3,snapshot,Method TestLoadDeleteLineagePreviewComputesLineageAndSharing has a cyclomatic complexity of 17 (limit is 8),review-for-suppression-or-backlog
CK-110-0258,CK-110-M070,5e739b2c30724a384106ce6ca7b47b5f,Lizard,Lizard_ccn-medium,tests/integration/v18_migration_compatibility_integration_test.go,test,S3,codacy,Method TestPhase9CLICompatibilityIntegration has a cyclomatic complexity of 31 (limit is 8),review-for-suppression-or-backlog
CK-110-0259,CK-110-M062,ae4d1300f8c138820ded458361130188,Lizard,Lizard_ccn-medium,internal/maintenance/stats_bench_test.go,test,S3,gc,Method seedStatsBenchmarkDataset has a cyclomatic complexity of 14 (limit is 8),review-for-suppression-or-backlog
CK-110-0260,CK-110-M051,1f7c917c00b4ea2be40abd967861ad28,Lizard,Lizard_file-nloc-medium,internal/storage/remove_test.go,test,S3,storage,File internal/storage/remove_test.go has 683 non-comment lines of code,review-for-suppression-or-backlog
CK-110-0261,CK-110-M063,29808887e83e2208bb3add9017665415,Opengrep,Semgrep_go_file-permissions_rule-fileperm,internal/maintenance/gc_test.go,test,S3,gc,The application was found setting file permissions to overly permissive values.,review-for-suppression-or-backlog
CK-110-0262,CK-110-M062,a488aca7f8247d5f29dbaa7f9aec653a,Lizard,Lizard_ccn-medium,internal/maintenance/stats_test.go,test,S3,gc,Method TestRunStatsResultIncludesChunkCountsByVersion has a cyclomatic complexity of 18 (limit is 8),review-for-suppression-or-backlog
CK-110-0263,CK-110-M054,c7684f0e5000e50ba5b672907c2278ae,Lizard,Lizard_ccn-medium,internal/verify/verify_corruption_fixtures_test.go,test,S3,verify,Method assertChunkRefsStageVerifyFailure has a cyclomatic complexity of 12 (limit is 8),review-for-suppression-or-backlog
CK-110-0264,CK-110-M072,6bf87a38adfd72939e900900d5f1aa54,markdownlint,markdownlint_MD056,docs/STORAGE_SEMANTICS_v1.9_ENGINE_QUICK_REFERENCE.md,docs,S4,docs,"Expected: 5; Actual: 7; Too many cells, extra data will be missing",review-for-suppression-or-backlog
CK-110-0266,CK-110-M056,446bea882b7e1eb5a6175339f235d720,Lizard,Lizard_file-nloc-medium,tests/adversarial/g9_batch_semantics_adversarial_test.go,test,S3,filesystem,File tests/adversarial/g9_batch_semantics_adversarial_test.go has 550 non-comment lines of code,review-for-suppression-or-backlog
CK-110-0269,CK-110-M066,2218488ed196f1fcc16b576bbcf62d82,Lizard,Lizard_ccn-medium,internal/storage/restore_test.go,test,S3,restore,Method TestRestoreFailsWhenAESGCMTransformerKeyIsMissing has a cyclomatic complexity of 11 (limit is 8),review-for-suppression-or-backlog
CK-110-0272,CK-110-M060,1f6174ee804e5db467fdd4d3785dd6fe,Lizard,Lizard_ccn-medium,internal/storage/storage_block_reader_test.go,test,S3,packed-storage,Method TestStorageBlockReaderLogicalHashMismatchRemainsCanonical has a cyclomatic complexity of 9 (limit is 8),review-for-suppression-or-backlog
CK-110-0273,CK-110-M051,6c400182eefb2d0b68cbb459d4be718f,Lizard,Lizard_ccn-medium,internal/container/local_writer_test.go,test,S3,storage,Method TestLockContainerRowNowaitWithRetryUsesSavepointRollbackBetweenLockRetries has a cyclomatic complexity ,review-for-suppression-or-backlog
CK-110-0274,CK-110-M048,88e64ad636f316d51e60598d03177e82,Opengrep,Semgrep_go.lang.security.audit.sqli.gosql-sqli.gosql-sqli,internal/db/migrations_test.go,test,S3,migration,"Detected string concatenation with a non-literal variable in a ""database/sql"" Go SQL statement.",review-for-suppression-or-backlog
CK-110-0275,CK-110-M068,51d2d47f5204265ee0b6a6b84d9f2746,Lizard,Lizard_ccn-medium,internal/benchmark/corpus_registry_test.go,test,S3,benchmark,Method TestCorpusRegistryRecoveryFromCorruption has a cyclomatic complexity of 9 (limit is 8),review-for-suppression-or-backlog
CK-110-0278,CK-110-M051,ea97c9052749b5714ba02554c8388d70,Lizard,Lizard_ccn-medium,internal/storage/physical_file_repository_test.go,test,S3,storage,Method TestStoreFileNormalizesSymlinkAndRealPathToSingleIdentity has a cyclomatic complexity of 14 (limit is 8,review-for-suppression-or-backlog
CK-110-0280,CK-110-M063,8bed7d55712df1d7fd61be62330064da,Opengrep,Semgrep_go_sql_rule-concat-sqli,internal/gc/plan_test.go,test,S3,gc,SQL Injection is a critical vulnerability that can lead to data or system compromise.,review-for-suppression-or-backlog
CK-110-0281,CK-110-M062,5cc5a491937db81b7a24560c0eb83966,Lizard,Lizard_nloc-medium,internal/maintenance/gc_step11_test.go,test,S3,gc,Method TestStep11MixedLegacyAndPackedRepoRestoreRemainingAndVerify has 102 lines of code (limit is 50),review-for-suppression-or-backlog
CK-110-0283,CK-110-M059,1e057c5c30826aa4363c23d089e6607,Opengrep,Semgrep_go_sql_rule-concat-sqli,internal/observability/service_test.go,test,S3,security,SQL Injection is a critical vulnerability that can lead to data or system compromise.,review-for-suppression-or-backlog
CK-110-0284,CK-110-M056,b3a8c5729beb5cb15ba2462674f85116,Lizard,Lizard_nloc-medium,tests/integration/v19_legacy_upgrade_path_integration_test.go,test,S3,filesystem,Method TestStep612LegacyUpgradePathNoRewriteIntegration has 175 lines of code (limit is 50),review-for-suppression-or-backlog
CK-110-0286,CK-110-M070,d46c1f1db962f165ec6fc5e263f9748f,Lizard,Lizard_nloc-medium,internal/observability/stats_test.go,test,S3,codacy,Method TestStatsIncludesContainerRecordsOnlyWhenRequested has 55 lines of code (limit is 50),review-for-suppression-or-backlog
CK-110-0287,CK-110-M070,8ac4641821c3d3d0f8d70e98d12da5aa,Lizard,Lizard_ccn-medium,internal/observability/service_test.go,test,S3,codacy,Method TestSimulateGCIncludesWarnings has a cyclomatic complexity of 9 (limit is 8),review-for-suppression-or-backlog
CK-110-0289,CK-110-M066,88ac62d019e83a44842d2e6bb1f55d29,Lizard,Lizard_nloc-medium,internal/storage/restore_test.go,test,S3,restore,Method TestRestoreFailsOnChunkHashMismatch has 65 lines of code (limit is 50),review-for-suppression-or-backlog
CK-110-0290,CK-110-M052,bb6ea753f77ddf1cf772882ff1abdfef,Opengrep,Semgrep_go_file-permissions_rule-fileperm,tests/adversarial/v110_s0_chunk_reuse_bounds_stabilization_test.go,test,S3,storage,The application was found setting file permissions to overly permissive values.,review-for-suppression-or-backlog
CK-110-0292,CK-110-M059,4c01459ce21d9b6152b7a5ff3c560adc,Opengrep,Semgrep_go_sql_rule-concat-sqli,internal/observability/inspect_test.go,test,S3,security,SQL Injection is a critical vulnerability that can lead to data or system compromise.,review-for-suppression-or-backlog
CK-110-0293,CK-110-M057,f853fa279c65c1264f93dbb8b66b6d66,Opengrep,Semgrep_go.lang.correctness.permissions.file_permission.incorrect-default-permission,tests/utils/common.go,test,S3,filesystem,Detected file permissions that are set to more than `0600` (user/owner can read and write). Setting file permi,review-for-suppression-or-backlog
CK-110-0295,CK-110-M057,b8539aab1b1c0bab5001188a29f16400,Opengrep,Semgrep_go.lang.correctness.permissions.file_permission.incorrect-default-permission,tests/integration/read_path_regression_test.go,test,S3,filesystem,Detected file permissions that are set to more than `0600` (user/owner can read and write). Setting file permi,review-for-suppression-or-backlog
CK-110-0296,CK-110-M057,6758710a28866f6623c6c86f40de29c1,Opengrep,Semgrep_go.lang.correctness.permissions.file_permission.incorrect-default-permission,tests/adversarial/g6_concurrent_operations_adversarial_test.go,test,S3,filesystem,Detected file permissions that are set to more than `0600` (user/owner can read and write). Setting file permi,review-for-suppression-or-backlog
CK-110-0298,CK-110-M070,8700fc73e1df2acc0185f86ea4919a97,Lizard,Lizard_ccn-medium,tests/adversarial/g7_deep_corruption_adversarial_test.go,test,S3,codacy,Method  has a cyclomatic complexity of 9 (limit is 8),review-for-suppression-or-backlog
CK-110-0300,CK-110-M070,a432417b48ccdf7df7e17d7a1c24ff7a,Lizard,Lizard_ccn-medium,tests/adversarial/g10_g13_physical_graph_adversarial_test.go,test,S3,codacy,Method TestAdversarialG13BatchRepairReportIsDeterministicUnderPartialFailure has a cyclomatic complexity of 16,review-for-suppression-or-backlog
CK-110-0302,CK-110-M060,e7c0f78c352d0b05334c451e01feb4bb,Lizard,Lizard_nloc-medium,internal/storage/storage_block_reader_test.go,test,S3,packed-storage,Method setupStoredBlockFixtureForReaderCorruption has 53 lines of code (limit is 50),review-for-suppression-or-backlog
CK-110-0303,CK-110-M054,228da259c0b6c0dba3f054064d400607,Lizard,Lizard_ccn-medium,internal/verify/verify_system_test.go,test,S3,verify,Method TestVerifyBlockPayloadsStrictModeRequiresExactEncodedChunkTable has a cyclomatic complexity of 14 (limi,review-for-suppression-or-backlog
CK-110-0307,CK-110-M070,ade8529f174141af77266b30d6ba2450,Lizard,Lizard_nloc-medium,internal/observability/inspect_test.go,test,S3,codacy,Method TestInspectDoesNotMutateState has 70 lines of code (limit is 50),review-for-suppression-or-backlog
CK-110-0312,CK-110-M049,2d94dab5229d2ce813e51c901ecfc22d,Lizard,Lizard_nloc-medium,tests/adversarial/g14_g17_snapshot_retention_adversarial_test.go,test,S3,snapshot,Method TestAdversarialG14SnapshotSurvivesCrashAndRecovery has 51 lines of code (limit is 50),review-for-suppression-or-backlog
CK-110-0314,CK-110-M063,3f23441d0c7aaf3939e504581e26f09,Opengrep,Semgrep_go_file-permissions_rule-fileperm,internal/maintenance/gc_test.go,test,S3,gc,The application was found setting file permissions to overly permissive values.,review-for-suppression-or-backlog
CK-110-0315,CK-110-M057,a912a917507225443a1ffff7b45b8389,Opengrep,Semgrep_go.lang.correctness.permissions.file_permission.incorrect-default-permission,tests/integration/v18_migration_compatibility_integration_test.go,test,S3,filesystem,Detected file permissions that are set to more than `0600` (user/owner can read and write). Setting file permi,review-for-suppression-or-backlog
CK-110-0317,CK-110-M067,c226b78f4578654f94d00b7af71c3a8,Opengrep,Semgrep_go_file-permissions_rule-mkdir,tests/adversarial/g1_deterministic_restore_adversarial_test.go,test,S3,restore,The application was found setting directory permissions to overly permissive values.,review-for-suppression-or-backlog
CK-110-0319,CK-110-M072,12472e9448b993b61d89e193947b9ef1,markdownlint,markdownlint_MD007,docs/benchmarking.md,docs,S4,docs,Expected: 2; Actual: 3,review-for-suppression-or-backlog
CK-110-0320,CK-110-M070,2a13872c85bfd5cd8fe63f96b1c37975,Lizard,Lizard_ccn-medium,tests/adversarial/g9_batch_semantics_adversarial_test.go,test,S3,codacy,Method  has a cyclomatic complexity of 16 (limit is 8),review-for-suppression-or-backlog
CK-110-0323,CK-110-M057,e8178acf3c3161c0812b4abb7221c6d4,Opengrep,Semgrep_go_file-permissions_rule-mkdir,tests/adversarial/g7_deep_corruption_adversarial_test.go,test,S3,filesystem,The application was found setting directory permissions to overly permissive values.,review-for-suppression-or-backlog
CK-110-0324,CK-110-M066,4862d912dbd02ebc7ac3738d7d8008d,Lizard,Lizard_nloc-medium,internal/storage/restore_test.go,test,S3,restore,Method TestRestorePinningFailsOnMalformedChunkChunkerVersion has 75 lines of code (limit is 50),review-for-suppression-or-backlog
CK-110-0325,CK-110-M072,2458634ba80318d07fedf5eadd4d3079,markdownlint,markdownlint_MD022,docs/BENCHMARK_CORPORA.md,docs,S4,docs,Expected: 1; Actual: 0; Below,review-for-suppression-or-backlog
CK-110-0326,CK-110-M023,50f37a821e7ddabdd0cb7327834bf67d,Opengrep,Semgrep_go.lang.security.audit.dangerous-exec-command.dangerous-exec-command,tests/adversarial/g6_concurrent_operations_adversarial_test.go,test,S1,codacy,Detected non-static command inside Command.,review-for-suppression-or-backlog
CK-110-0327,CK-110-M059,1982b02568b531eef4281986d51fe314,Opengrep,Semgrep_go_sql_rule-concat-sqli,tests/integration/v18_migration_compatibility_integration_test.go,test,S3,security,SQL Injection is a critical vulnerability that can lead to data or system compromise.,review-for-suppression-or-backlog
CK-110-0328,CK-110-M062,dda529e3579ab87f6aac230ef347a65d,Lizard,Lizard_ccn-medium,internal/maintenance/stats_test.go,test,S3,gc,Method TestCollectBlockStatsCompressionAggregatesMixedRepository has a cyclomatic complexity of 23 (limit is 8,review-for-suppression-or-backlog
CK-110-0329,CK-110-M070,a7c532bf0ae948f5363b296f039c1ff3,Lizard,Lizard_ccn-medium,internal/cli/render/simulate_test.go,test,S3,codacy,Method TestRenderSimulationJSONUsesStableEnvelope has a cyclomatic complexity of 11 (limit is 8),review-for-suppression-or-backlog
CK-110-0331,CK-110-M070,5abc62519019a1245d152b99a68ce66d,Lizard,Lizard_nloc-medium,internal/observability/stats_test.go,test,S3,codacy,Method TestSnapshotReachabilityViaSQLMatchesLegacyLoop has 76 lines of code (limit is 50),review-for-suppression-or-backlog
CK-110-0333,CK-110-M070,554ede7819dc09266b86d8e181e3fa36,Lizard,Lizard_ccn-medium,internal/observability/stats_test.go,test,S3,codacy,Method TestObservabilityDoesNotMutateState has a cyclomatic complexity of 14 (limit is 8),review-for-suppression-or-backlog
CK-110-0335,CK-110-M063,4f869e7d1e672a1d5e617321685f5710,Opengrep,Semgrep_go_sql_rule-concat-sqli,internal/gc/plan_test.go,test,S3,gc,SQL Injection is a critical vulnerability that can lead to data or system compromise.,review-for-suppression-or-backlog
CK-110-0339,CK-110-M062,3dc5051cf784ea4e7993d40e536f1f96,Lizard,Lizard_ccn-medium,internal/maintenance/gc_packed_test.go,test,S3,gc,Method TestSweepUnreachableChunksDeletesWholePackedBlockWhenAllChunksDead has a cyclomatic complexity of 14 (l,review-for-suppression-or-backlog
CK-110-0341,CK-110-M056,626f4dcac0a271f9ddeee24cb25f7357,Lizard,Lizard_file-nloc-medium,internal/observability/service_test.go,test,S3,filesystem,File internal/observability/service_test.go has 715 non-comment lines of code,review-for-suppression-or-backlog
CK-110-0342,CK-110-M050,96d15710559e345df1593c54f2588917,Opengrep,Semgrep_go_file-permissions_rule-mkdir,tests/adversarial/g14_g17_snapshot_retention_adversarial_test.go,test,S3,snapshot,The application was found setting directory permissions to overly permissive values.,review-for-suppression-or-backlog
CK-110-0343,CK-110-M070,6bcd823616b45abf5208c931d185c08e,Lizard,Lizard_ccn-medium,tests/adversarial/g9_batch_semantics_adversarial_test.go,test,S3,codacy,Method  has a cyclomatic complexity of 14 (limit is 8),review-for-suppression-or-backlog
CK-110-0346,CK-110-M057,39ea569de1a6e5bcd664ac6a68021cf7,Opengrep,Semgrep_go.lang.correctness.permissions.file_permission.incorrect-default-permission,tests/adversarial/g8_system_invariants_lifecycle_adversarial_test.go,test,S3,filesystem,Detected file permissions that are set to more than `0600` (user/owner can read and write). Setting file permi,review-for-suppression-or-backlog
CK-110-0347,CK-110-M051,1a2e89cb9525d8752895508e3b31a406,Lizard,Lizard_ccn-medium,internal/storage/remove_test.go,test,S3,storage,Method TestRemoveByStoredPathDetectsRefCountInvariantMismatchAndRollsBack has a cyclomatic complexity of 11 (l,review-for-suppression-or-backlog
CK-110-0348,CK-110-M062,9dc6a76a4fd9135a192fdefe5fe55877,Lizard,Lizard_file-nloc-medium,internal/gc/plan_test.go,test,S3,gc,File internal/gc/plan_test.go has 760 non-comment lines of code,review-for-suppression-or-backlog
CK-110-0350,CK-110-M062,7be225ed395f47f22574bea5d0766f17,Lizard,Lizard_nloc-medium,internal/maintenance/gc_step11_parity_test.go,test,S3,gc,Method TestStep11DryRunPackedReclaimableMatchesActualGC has 69 lines of code (limit is 50),review-for-suppression-or-backlog
CK-110-0352,CK-110-M057,fa60da4f03d797ff0efe6a63e2dc7f05,Opengrep,Semgrep_go_file-permissions_rule-mkdir,tests/adversarial/g8_system_invariants_lifecycle_adversarial_test.go,test,S3,filesystem,The application was found setting directory permissions to overly permissive values.,review-for-suppression-or-backlog
CK-110-0354,CK-110-M057,b665c7a7bfa98757b19a1b41aab29fb6,Opengrep,Semgrep_go_file-permissions_rule-mkdir,tests/utils/common.go,test,S3,filesystem,The application was found setting directory permissions to overly permissive values.,review-for-suppression-or-backlog
CK-110-0356,CK-110-M056,4ba9ee218822ba69cebff42dd29ec9a9,Lizard,Lizard_file-nloc-medium,internal/observability/stats_test.go,test,S3,filesystem,File internal/observability/stats_test.go has 946 non-comment lines of code,review-for-suppression-or-backlog
CK-110-0357,CK-110-M048,38cf833dd092c127fa9f331aa6d7712c,Opengrep,Semgrep_go_sql_rule-concat-sqli,internal/db/migrations_test.go,test,S3,migration,SQL Injection is a critical vulnerability that can lead to data or system compromise.,review-for-suppression-or-backlog
CK-110-0358,CK-110-M070,2a248e2c2a6e5c41971eba35030af05e,Lizard,Lizard_ccn-medium,internal/batch/resolver_test.go,test,S3,codacy,Method TestPrepareTargetsPreservesInputOrder has a cyclomatic complexity of 12 (limit is 8),review-for-suppression-or-backlog
CK-110-0359,CK-110-M072,c030881dc73d2d8cd1423c65fc35351f,markdownlint,markdownlint_MD024,docs/benchmarking.md,docs,S4,docs,Multiple headings with the same content,review-for-suppression-or-backlog
CK-110-0360,CK-110-M066,d0fe152b2cb7618d8ac455f36f5203ea,Lizard,Lizard_nloc-medium,internal/storage/restore_test.go,test,S3,restore,Method TestRestoreFailsWhenContainerFileMissing has 59 lines of code (limit is 50),review-for-suppression-or-backlog
CK-110-0361,CK-110-M072,e6a519e415aecf5833c6fb9f69674321,markdownlint,markdownlint_MD032,docs/benchmarking.md,docs,S4,docs,Lists should be surrounded by blank lines,review-for-suppression-or-backlog
CK-110-0362,CK-110-M067,f16c50f20de5d11f87d05b962c2c98b,Opengrep,Semgrep_go.lang.correctness.permissions.file_permission.incorrect-default-permission,tests/adversarial/g1_step11_restore_determinism_test.go,test,S3,restore,Detected file permissions that are set to more than `0600` (user/owner can read and write). Setting file permi,review-for-suppression-or-backlog
CK-110-0363,CK-110-M051,221f96c6d73bd25520b179fed51520e8,Lizard,Lizard_nloc-medium,internal/container/container_test.go,test,S3,storage,Method TestQuarantineContainerInDirUpdatesSizesToPhysicalFile has 64 lines of code (limit is 50),review-for-suppression-or-backlog
CK-110-0364,CK-110-M069,ffcfdaa7a164adc8069a660aa2364d3c,Opengrep,Semgrep_go_filesystem_rule-fileread,internal/benchmark/corpus_test.go,test,S3,benchmark,The application dynamically constructs file or path information.,review-for-suppression-or-backlog
CK-110-0367,CK-110-M054,e606fbf4e9d261c14499e19957f6f6ba,Lizard,Lizard_ccn-medium,internal/verify/verify_corruption_fixtures_test.go,test,S3,verify,Method assertPhysicalStageVerifyFailure has a cyclomatic complexity of 11 (limit is 8),review-for-suppression-or-backlog
CK-110-0371,CK-110-M051,8df9d31096f08b35a69c0dd69953b0cd,Lizard,Lizard_nloc-medium,internal/storage/store_compression_feature_gate_test.go,test,S3,storage,Method TestFeatureGatedCompressionDedupIgnoresCompressedAndPhysicalHashesStep74 has 75 lines of code (limit is,review-for-suppression-or-backlog
CK-110-0372,CK-110-M072,5ac9f1c712c06d586a244e82ff38bf1a,markdownlint,markdownlint_MD032,docs/BENCHMARK_CORPORA.md,docs,S4,docs,Lists should be surrounded by blank lines,review-for-suppression-or-backlog
CK-110-0373,CK-110-M049,fb00943b99a4ce3e119df1aed09043ea,Lizard,Lizard_ccn-medium,tests/adversarial/g14_g17_snapshot_retention_adversarial_test.go,test,S3,snapshot,Method randomSnapshotQueryArgs has a cyclomatic complexity of 11 (limit is 8),review-for-suppression-or-backlog
CK-110-0374,CK-110-M072,fc4a5a6a5984fcdb20780fc14bd607d6,markdownlint,markdownlint_MD032,docs/benchmarking.md,docs,S4,docs,Lists should be surrounded by blank lines,review-for-suppression-or-backlog
CK-110-0376,CK-110-M063,4959faa1ecd212b2d0092915f71db209,Opengrep,Semgrep_go.lang.security.audit.sqli.gosql-sqli.gosql-sqli,internal/gc/plan_test.go,test,S3,gc,"Detected string concatenation with a non-literal variable in a ""database/sql"" Go SQL statement.",review-for-suppression-or-backlog
CK-110-0377,CK-110-M070,d6655b99373260f8d6bd6ebd97ef6c36,Lizard,Lizard_ccn-medium,tests/integration/v19_stats_semantics_integration_test.go,test,S3,codacy,Method TestStep613StatsAccumulation has a cyclomatic complexity of 12 (limit is 8),review-for-suppression-or-backlog
CK-110-0379,CK-110-M051,73687d63b7347bc80af9bb39bf5ddb17,Lizard,Lizard_ccn-medium,internal/container/container_test.go,test,S3,storage,Method TestFileContainerBuffersSmallWritesUntilSync has a cyclomatic complexity of 11 (limit is 8),review-for-suppression-or-backlog
CK-110-0381,CK-110-M063,faa3004713f2552d1e912c4a7933450e,Opengrep,Semgrep_go_sql_rule-concat-sqli,internal/gc/plan_test.go,test,S3,gc,SQL Injection is a critical vulnerability that can lead to data or system compromise.,review-for-suppression-or-backlog
CK-110-0382,CK-110-M057,6de9021102cbbf5b5fa3d67de67467d4,Opengrep,Semgrep_go.lang.correctness.permissions.file_permission.incorrect-default-permission,tests/adversarial/g8_system_invariants_lifecycle_adversarial_test.go,test,S3,filesystem,Detected file permissions that are set to more than `0600` (user/owner can read and write). Setting file permi,review-for-suppression-or-backlog
CK-110-0384,CK-110-M072,83b7875c7da04387a4f715c9e5be125d,markdownlint,markdownlint_MD032,docs/BENCHMARK_METRICS.md,docs,S4,docs,Lists should be surrounded by blank lines,review-for-suppression-or-backlog
CK-110-0386,CK-110-M052,586c634fa672725b8661e963e2e5bb4e,Opengrep,Semgrep_go_filesystem_rule-fileread,internal/storage/store_v2chunker_test.go,test,S3,storage,The application dynamically constructs file or path information.,review-for-suppression-or-backlog
CK-110-0387,CK-110-M048,5251cbb9eea70f96ae2e7991067c9b16,Opengrep,Semgrep_go_sql_rule-concat-sqli,internal/db/migrations_test.go,test,S3,migration,SQL Injection is a critical vulnerability that can lead to data or system compromise.,review-for-suppression-or-backlog
CK-110-0388,CK-110-M063,608f0c3616a444a030f580fe9aa1c49e,Opengrep,Semgrep_go_file-permissions_rule-fileperm,tests/adversarial/g4_non_destructive_gc_adversarial_test.go,test,S3,gc,The application was found setting file permissions to overly permissive values.,review-for-suppression-or-backlog
CK-110-0389,CK-110-M051,2f602555c518e630acc0902db86914c0,Lizard,Lizard_nloc-medium,internal/storage/store_compression_feature_gate_test.go,test,S3,storage,Method TestFeatureGatedCompressionDuplicateStorePreservesDedupAndCompressionStep512 has 105 lines of code (lim,review-for-suppression-or-backlog
CK-110-0390,CK-110-M050,6cf698a3f8c4317af95d7080d84121b9,Opengrep,Semgrep_go.lang.correctness.permissions.file_permission.incorrect-default-permission,tests/adversarial/g14_g17_snapshot_retention_adversarial_test.go,test,S3,snapshot,Detected file permissions that are set to more than `0600` (user/owner can read and write). Setting file permi,review-for-suppression-or-backlog
CK-110-0391,CK-110-M070,3abecb167a1febe48090de78eeab4564,Lizard,Lizard_ccn-medium,internal/observability/stats_test.go,test,S3,codacy,Method TestStatsIncludesContainerRecordsOnlyWhenRequested has a cyclomatic complexity of 13 (limit is 8),review-for-suppression-or-backlog
CK-110-0392,CK-110-M057,2b6b0311335ccf724a51cb194519e537,Opengrep,Semgrep_go.lang.correctness.permissions.file_permission.incorrect-default-permission,tests/integration/v19_legacy_upgrade_path_integration_test.go,test,S3,filesystem,Detected file permissions that are set to more than `0600` (user/owner can read and write). Setting file permi,review-for-suppression-or-backlog
CK-110-0393,CK-110-M051,f7384f7851f3568dccaa6955eed5293c,Lizard,Lizard_file-nloc-medium,internal/storage/phase1_compat_matrix_test.go,test,S3,storage,File internal/storage/phase1_compat_matrix_test.go has 523 non-comment lines of code,review-for-suppression-or-backlog
CK-110-0394,CK-110-M054,34472bf291109da6706a0fc947ba60ca,Lizard,Lizard_nloc-medium,internal/verify/verify_system_test.go,test,S3,verify,Method TestVerifyBlockPayloadsStrictModeRequiresExactEncodedChunkTable has 51 lines of code (limit is 50),review-for-suppression-or-backlog
CK-110-0396,CK-110-M064,29f32d4c4aed5a7340e485d508f31637,Lizard,Lizard_nloc-medium,internal/recovery/system_recovery_test.go,test,S3,recovery,Method TestQuarantineOrphanContainersAcceptsDirectQuarantineAfterSizeSync has 67 lines of code (limit is 50),review-for-suppression-or-backlog
CK-110-0397,CK-110-M070,ad88441c80a1f80d646ecb06616452de,Lizard,Lizard_ccn-medium,internal/observability/stats_test.go,test,S3,codacy,Method TestStatsReturnsStructuredSections has a cyclomatic complexity of 13 (limit is 8),review-for-suppression-or-backlog
CK-110-0398,CK-110-M057,8c029664e5283926111971ddc191ed77,Opengrep,Semgrep_go_filesystem_rule-fileread,tests/utils/common.go,test,S3,filesystem,The application dynamically constructs file or path information.,review-for-suppression-or-backlog
CK-110-0399,CK-110-M054,5fb136c2db2335b57a2b67f72b6f2a9,Lizard,Lizard_ccn-medium,internal/verify/verify_corruption_fixtures_test.go,test,S3,verify,Method assertCompressedHashStageVerifyFailure has a cyclomatic complexity of 12 (limit is 8),review-for-suppression-or-backlog
CK-110-0400,CK-110-M057,b4230e0db115288b7427d048c3d7342f,Opengrep,Semgrep_go_file-permissions_rule-mkdir,tests/integration/read_path_regression_test.go,test,S3,filesystem,The application was found setting directory permissions to overly permissive values.,review-for-suppression-or-backlog
CK-110-0401,CK-110-M070,5e90daa2249767ef825b6af2d6f649e2,Lizard,Lizard_ccn-medium,internal/listing/search_test.go,test,S3,codacy,Method TestSearchFilesUsesCurrentStatePhysicalPaths has a cyclomatic complexity of 14 (limit is 8),review-for-suppression-or-backlog
CK-110-0402,CK-110-M051,78c6a7f1029b2d372e25e5bcb162368b,Lizard,Lizard_nloc-medium,internal/storage/remove_test.go,test,S3,storage,Method TestRemoveByStoredPathUnlinksSingleMappingAndKeepsSharedLogicalAlive has 54 lines of code (limit is 50),review-for-suppression-or-backlog
CK-110-0404,CK-110-M047,61d37a7c78470666e2124e42eb932098,Lizard,Lizard_ccn-medium,internal/db/migrations_test.go,test,S3,migration,Method TestRunMigrationsBackfillsChunkerVersionForLegacyLogicalFileAndChunkRows has a cyclomatic complexity of,review-for-suppression-or-backlog
CK-110-0405,CK-110-M049,2fe3ec49dbfe9debcc04bcf47523ce50,Lizard,Lizard_ccn-medium,tests/adversarial/g14_g17_snapshot_retention_adversarial_test.go,test,S3,snapshot,Method TestAdversarialG14SnapshotRestoreFailsClearlyWhenContainerCorrupted has a cyclomatic complexity of 10 (,review-for-suppression-or-backlog
CK-110-0408,CK-110-M072,79aff2a340a10d12e59dfccaa45aac74,markdownlint,markdownlint_MD007,docs/benchmarking.md,docs,S4,docs,Expected: 2; Actual: 3,review-for-suppression-or-backlog
CK-110-0411,CK-110-M059,8075cedfbcd090c07c515c3626ed41f,Opengrep,Semgrep_go_sql_rule-concat-sqli,tests/integration/v18_migration_compatibility_integration_test.go,test,S3,security,SQL Injection is a critical vulnerability that can lead to data or system compromise.,review-for-suppression-or-backlog
CK-110-0413,CK-110-M066,351736e59036ad6d9ce436e292d19688,Lizard,Lizard_ccn-medium,internal/storage/restore_test.go,test,S3,restore,Method TestRestoreFileByStoredPathUsesPhysicalPathIdentity has a cyclomatic complexity of 19 (limit is 8),review-for-suppression-or-backlog
CK-110-0414,CK-110-M067,23814f07fa9cb7540fb12cbf3cedfd5e,Opengrep,Semgrep_go_file-permissions_rule-fileperm,internal/storage/restore_test.go,test,S3,restore,The application was found setting file permissions to overly permissive values.,review-for-suppression-or-backlog
CK-110-0416,CK-110-M072,d7a2471ab354444fc0043ef204ecff84,markdownlint,markdownlint_MD032,docs/benchmarking.md,docs,S4,docs,Lists should be surrounded by blank lines,review-for-suppression-or-backlog
CK-110-0418,CK-110-M060,94186ab58ec99f9cf3f0753a8549054c,Lizard,Lizard_ccn-medium,internal/storage/storage_block_reader_test.go,test,S3,packed-storage,Method setupStoredBlockFixtureForReaderCorruption has a cyclomatic complexity of 9 (limit is 8),review-for-suppression-or-backlog
CK-110-0419,CK-110-M062,f16f8cb525e54eb65ddc94273193cdfd,Lizard,Lizard_ccn-medium,internal/maintenance/gc_test.go,test,S3,gc,Method TestGCReachabilityMatchesLegacy has a cyclomatic complexity of 18 (limit is 8),review-for-suppression-or-backlog
CK-110-0420,CK-110-M072,775b9894294c854c0df6457ae79f8b52,markdownlint,markdownlint_MD032,docs/benchmarking.md,docs,S4,docs,Lists should be surrounded by blank lines,review-for-suppression-or-backlog
CK-110-0421,CK-110-M057,b68e6462210d0668c02a9ebfc29d0bfc,Opengrep,Semgrep_go_file-permissions_rule-fileperm,tests/adversarial/g9_batch_semantics_adversarial_test.go,test,S3,filesystem,The application was found setting file permissions to overly permissive values.,review-for-suppression-or-backlog
CK-110-0422,CK-110-M054,2db49a4de8ed777d3fb862dc5be69caf,Lizard,Lizard_nloc-medium,internal/verify/verify_file_test.go,test,S3,verify,Method TestVerifyFileStandardAcceptsUnknownWellFormedVersions has 63 lines of code (limit is 50),review-for-suppression-or-backlog
CK-110-0425,CK-110-M070,d65d9fe3b176a3724fa2b9ee18b4e1e5,Lizard,Lizard_ccn-medium,internal/cli/render/stats_test.go,test,S3,codacy,Method TestRenderStatsHumanAndJSONUseSameEfficiencyFields has a cyclomatic complexity of 11 (limit is 8),review-for-suppression-or-backlog
CK-110-0426,CK-110-M051,6ce3dfea5a7ab4eff1cc7f343654d11,Lizard,Lizard_ccn-medium,internal/storage/physical_file_repository_test.go,test,S3,storage,Method TestEnsurePhysicalFileForPathDefaultPolicyWithTx has a cyclomatic complexity of 18 (limit is 8),review-for-suppression-or-backlog
CK-110-0427,CK-110-M065,387fc6d0f6abcaf395b7f79755ecd094,Opengrep,Semgrep_go.lang.security.audit.sqli.gosql-sqli.gosql-sqli,internal/recovery/system_recovery_test.go,test,S3,recovery,"Detected string concatenation with a non-literal variable in a ""database/sql"" Go SQL statement.",review-for-suppression-or-backlog
CK-110-0429,CK-110-M062,8fe03c8344e1eb5876136cd69a56de98,Lizard,Lizard_nloc-medium,internal/maintenance/gc_packed_test.go,test,S3,gc,Method TestSweepUnreachableChunksMixedPackedBlockKeepsAllRefsAndChunks has 77 lines of code (limit is 50),review-for-suppression-or-backlog
CK-110-0430,CK-110-M070,ce818394450c152fbdd18bdf6007cb85,Lizard,Lizard_ccn-medium,internal/observability/stats_test.go,test,S3,codacy,Method TestStatsDelegatesAndMapsMaintenanceStats has a cyclomatic complexity of 21 (limit is 8),review-for-suppression-or-backlog
CK-110-0434,CK-110-M070,81992e45ca8cd126b0ff99908feb1275,Lizard,Lizard_nloc-medium,internal/observability/inspect_test.go,test,S3,codacy,Method TestInspectSnapshotDeepTraversalExpandsRecursively has 71 lines of code (limit is 50),review-for-suppression-or-backlog
CK-110-0435,CK-110-M067,eeeb54f1156caa5a7219b75e47c530fb,Opengrep,Semgrep_go_filesystem_rule-fileread,internal/storage/restore_step8_test.go,test,S3,restore,The application dynamically constructs file or path information.,review-for-suppression-or-backlog
CK-110-0436,CK-110-M070,80f80fda7215f219c13d393d43afaab1,Lizard,Lizard_ccn-medium,tests/utils/common.go,test,S3,codacy,Method CreateSampleDataset has a cyclomatic complexity of 14 (limit is 8),review-for-suppression-or-backlog
CK-110-0438,CK-110-M051,da0b794b62826dd0766576b1a417363e,Lizard,Lizard_ccn-medium,internal/storage/phase1_compat_matrix_test.go,test,S3,storage,Method TestPhase2HashLayerParity has a cyclomatic complexity of 9 (limit is 8),review-for-suppression-or-backlog
CK-110-0440,CK-110-M070,7ad924f153cba6d95370cd21b20c2e3a,Lizard,Lizard_nloc-medium,tests/utils/common.go,test,S3,codacy,Method CorruptFirstCompletedChunkByte has 52 lines of code (limit is 50),review-for-suppression-or-backlog
CK-110-0441,CK-110-M062,aaa74a5e5b53bcb8f297cf6d450c43f1,Lizard,Lizard_ccn-medium,internal/gc/plan_test.go,test,S3,gc,Method TestBuildPlanAssumeDeletedSnapshotsMakesChunkReclaimable has a cyclomatic complexity of 10 (limit is 8),review-for-suppression-or-backlog
CK-110-0442,CK-110-M057,741addda2e2b8ebeb9f67505abdd031f,Opengrep,Semgrep_go.lang.correctness.permissions.file_permission.incorrect-default-permission,tests/integration/read_path_regression_test.go,test,S3,filesystem,Detected file permissions that are set to more than `0600` (user/owner can read and write). Setting file permi,review-for-suppression-or-backlog
CK-110-0443,CK-110-M059,78a4cb5958970615acc7938d355a5bdf,Opengrep,Semgrep_go.lang.security.audit.database.string-formatted-query.string-formatted-query,tests/integration/v18_migration_compatibility_integration_test.go,test,S3,security,String-formatted SQL query detected.,review-for-suppression-or-backlog
CK-110-0444,CK-110-M070,2680bc0ecfc18e9dab60752342b0dbbf,Lizard,Lizard_ccn-medium,internal/observability/stats_test.go,test,S3,codacy,Method TestBuildVersionStatsSortedAndComplete has a cyclomatic complexity of 11 (limit is 8),review-for-suppression-or-backlog
CK-110-0445,CK-110-M057,f60c550f5385137d51a2da7c9e074cb0,Opengrep,Semgrep_go.lang.correctness.permissions.file_permission.incorrect-default-permission,tests/integration/v18_migration_compatibility_integration_test.go,test,S3,filesystem,Detected file permissions that are set to more than `0600` (user/owner can read and write). Setting file permi,review-for-suppression-or-backlog
CK-110-0446,CK-110-M051,bf54f5c1dad2822b0479eae8973764f0,Lizard,Lizard_ccn-medium,internal/chunk/fastcdc/chunker_test.go,test,S3,storage,Method assertInvariants has a cyclomatic complexity of 11 (limit is 8),review-for-suppression-or-backlog
CK-110-0447,CK-110-M051,e7a2c7eef3d2f39a5cf95b74a48ad0a8,Lizard,Lizard_ccn-medium,internal/storage/store_transform_ordering_contract_test.go,test,S3,storage,Method TestApplyPackedBlockTransformsWriteOrderCompressionThenEncryptionThenPhysicalHash has a cyclomatic comp,review-for-suppression-or-backlog
CK-110-0449,CK-110-M051,3c5c1de0c75885984feee4134ea5574,Lizard,Lizard_ccn-medium,internal/storage/store_compression_feature_gate_test.go,test,S3,storage,Method TestFeatureGatedCompressionDedupIgnoresCompressedAndPhysicalHashesStep74 has a cyclomatic complexity of,review-for-suppression-or-backlog
CK-110-0450,CK-110-M070,28d9391350b5bb2895435044ca8a06f4,Lizard,Lizard_nloc-medium,internal/observability/stats_test.go,test,S3,codacy,Method TestStatsDelegatesAndMapsMaintenanceStats has 83 lines of code (limit is 50),review-for-suppression-or-backlog
CK-110-0453,CK-110-M072,958d2f5c3e5bfe2731ecbbcae3f14d0d,markdownlint,markdownlint_MD036,docs/benchmarking.md,docs,S4,docs,Emphasis used instead of a heading,review-for-suppression-or-backlog
CK-110-0454,CK-110-M070,cacbea79289a9f384715da2d77116fed,Lizard,Lizard_ccn-medium,tests/utils/common.go,test,S3,codacy,Method RunFixtureFolderRestoreAll has a cyclomatic complexity of 19 (limit is 8),review-for-suppression-or-backlog
CK-110-0456,CK-110-M049,8f893e4213e76f86b1875a53f38c0bd9,Lizard,Lizard_nloc-medium,internal/snapshot/delete_lineage_preview_test.go,test,S3,snapshot,Method TestLoadDeleteLineagePreviewComputesLineageAndSharing has 57 lines of code (limit is 50),review-for-suppression-or-backlog
CK-110-0457,CK-110-M057,9be73b389c23d6eaa743147b9cf0da28,Opengrep,Semgrep_go_file-permissions_rule-mkdir,tests/utils/common.go,test,S3,filesystem,The application was found setting directory permissions to overly permissive values.,review-for-suppression-or-backlog
CK-110-0459,CK-110-M076,bf7a66cc6f08c8930ef4513d6b3a4146,Agentlinter,Agentlinter_clarity_sentence-complexity,SECURITY.md,docs,S4,codacy,Overly complex sentence (41 words). Break into shorter instructions.,review-for-suppression-or-backlog
CK-110-0460,CK-110-M070,ebc7160d0b8a8b4fb892fae3d53d5882,Lizard,Lizard_ccn-medium,tests/integration/v19_stats_semantics_integration_test.go,test,S3,codacy,Method TestStep613StatsRatioBoundaries has a cyclomatic complexity of 9 (limit is 8),review-for-suppression-or-backlog
CK-110-0462,CK-110-M059,6d1684a96e4745958c48155aacbf4f43,Opengrep,Semgrep_go_sql_rule-concat-sqli,tests/integration/v18_migration_compatibility_integration_test.go,test,S3,security,SQL Injection is a critical vulnerability that can lead to data or system compromise.,review-for-suppression-or-backlog
CK-110-0464,CK-110-M063,3493349667c70a234c6441eed5ac0527,Opengrep,Semgrep_go.lang.correctness.permissions.file_permission.incorrect-default-permission,tests/adversarial/g4_non_destructive_gc_adversarial_test.go,test,S3,gc,Detected file permissions that are set to more than `0600` (user/owner can read and write). Setting file permi,review-for-suppression-or-backlog
CK-110-0465,CK-110-M059,145a49176d7beb7c96dd4a66c5e5c6c6,Opengrep,Semgrep_go_sql_rule-concat-sqli,internal/observability/service_test.go,test,S3,security,SQL Injection is a critical vulnerability that can lead to data or system compromise.,review-for-suppression-or-backlog
CK-110-0466,CK-110-M057,ea15233b658ec38ece8f79f84f42b324,Opengrep,Semgrep_go_file-permissions_rule-fileperm,tests/utils/common.go,test,S3,filesystem,The application was found setting file permissions to overly permissive values.,review-for-suppression-or-backlog
CK-110-0467,CK-110-M071,4511b1631bf9d9c90ce8a9229160dc89,Opengrep,Semgrep_go.lang.security.audit.crypto.math_random.math-random-used,internal/graph/reachability_test.go,test,S3,codacy,Do not use `math/rand`. Use `crypto/rand` instead.,review-for-suppression-or-backlog
CK-110-0468,CK-110-M072,407e28f6e7fd5d82fa409f5da3758fba,markdownlint,markdownlint_MD032,docs/STEP64_METRICS_VALIDATION.md,docs,S4,docs,Lists should be surrounded by blank lines,review-for-suppression-or-backlog
CK-110-0469,CK-110-M055,d8aaacd750f15a68a676e3601c54c875,Opengrep,Semgrep_go.lang.security.audit.database.string-formatted-query.string-formatted-query,internal/verify/verify_corruption_fixtures_test.go,test,S3,verify,String-formatted SQL query detected.,review-for-suppression-or-backlog
CK-110-0471,CK-110-M072,fcfb55f27a2a80cb393fc2d35e25e14b,markdownlint,markdownlint_MD022,docs/STEP64_METRICS_VALIDATION.md,docs,S4,docs,Expected: 1; Actual: 0; Below,review-for-suppression-or-backlog
CK-110-0474,CK-110-M067,99002ea2a76d2169e20cdb74cd71e433,Opengrep,Semgrep_go_file-permissions_rule-fileperm,internal/storage/restore_test.go,test,S3,restore,The application was found setting file permissions to overly permissive values.,review-for-suppression-or-backlog
CK-110-0475,CK-110-M072,74dcf63b94fd1bb829f477f3ac8a1672,markdownlint,markdownlint_MD032,docs/benchmarking.md,docs,S4,docs,Lists should be surrounded by blank lines,review-for-suppression-or-backlog
CK-110-0476,CK-110-M057,577d614712e51810c7c500539d65a8c5,Opengrep,Semgrep_go_file-permissions_rule-mkdir,tests/adversarial/g9_batch_semantics_adversarial_test.go,test,S3,filesystem,The application was found setting directory permissions to overly permissive values.,review-for-suppression-or-backlog
CK-110-0477,CK-110-M072,adba9dca742550025daf78d51d36e4b6,markdownlint,markdownlint_MD032,docs/STEP64_METRICS_VALIDATION.md,docs,S4,docs,Lists should be surrounded by blank lines,review-for-suppression-or-backlog
CK-110-0480,CK-110-M072,5be71ccc572e171f0a00e43d7414b823,markdownlint,markdownlint_MD032,docs/STORAGE_SEMANTICS_v1.9_ENGINE_QUICK_REFERENCE.md,docs,S4,docs,Lists should be surrounded by blank lines,review-for-suppression-or-backlog
CK-110-0482,CK-110-M072,eb74291ee1e333279d5a4f565e60122c,markdownlint,markdownlint_MD007,docs/benchmarking.md,docs,S4,docs,Expected: 2; Actual: 3,review-for-suppression-or-backlog
CK-110-0483,CK-110-M070,942c45eb88105e99f2a41bf01aab99a5,Lizard,Lizard_ccn-medium,internal/observability/service_test.go,test,S3,codacy,Method TestSimulateGCDeterministicAcrossCalls has a cyclomatic complexity of 12 (limit is 8),review-for-suppression-or-backlog
CK-110-0485,CK-110-M070,2cfae0b71bf00d037dc66bb059f1a42,Lizard,Lizard_ccn-medium,internal/observability/service_test.go,test,S3,codacy,Method TestSimulateGCJSONRoundTrip has a cyclomatic complexity of 9 (limit is 8),review-for-suppression-or-backlog
CK-110-0486,CK-110-M066,fd6443551a78673d664914cf94e5582f,Lizard,Lizard_ccn-medium,internal/storage/restore_test.go,test,S3,restore,Method TestRestoreFailsOnChunkHashMismatch has a cyclomatic complexity of 11 (limit is 8),review-for-suppression-or-backlog
CK-110-0488,CK-110-M063,e1b62933befe0343ee3902811f9e91a1,Opengrep,Semgrep_go_sql_rule-concat-sqli,internal/gc/plan_test.go,test,S3,gc,SQL Injection is a critical vulnerability that can lead to data or system compromise.,review-for-suppression-or-backlog
CK-110-0490,CK-110-M054,ce9916ae32fb9751d9a48f59812a848e,Lizard,Lizard_file-nloc-medium,internal/verify/verify_corruption_fixtures_test.go,test,S3,verify,File internal/verify/verify_corruption_fixtures_test.go has 734 non-comment lines of code,review-for-suppression-or-backlog
CK-110-0491,CK-110-M052,c423da44cb4eb1a76e435058f20671c9,Opengrep,Semgrep_go_file-permissions_rule-mkdir,internal/storage/phase1_compat_matrix_test.go,test,S3,storage,The application was found setting directory permissions to overly permissive values.,review-for-suppression-or-backlog
CK-110-0493,CK-110-M055,9750d5eaadd8d69d4d74fd80ccaaabb3,Opengrep,Semgrep_go_sql_rule-concat-sqli,internal/verify/verify_corruption_fixtures_test.go,test,S3,verify,SQL Injection is a critical vulnerability that can lead to data or system compromise.,review-for-suppression-or-backlog
CK-110-0495,CK-110-M070,793954f7b7cb1b426c7c5c70131637c8,Lizard,Lizard_ccn-medium,internal/graph/reachability_test.go,test,S3,codacy,Method TestGetReachableChunksMatchesLegacyAcrossRandomizedFixtures has a cyclomatic complexity of 26 (limit is,review-for-suppression-or-backlog
CK-110-0498,CK-110-M052,d7c0c9f3e15f51ad6a5819109945c422,Opengrep,Semgrep_go.lang.security.audit.crypto.math_random.math-random-used,tests/adversarial/v110_s0_chunk_reuse_bounds_stabilization_test.go,test,S3,storage,Do not use `math/rand`. Use `crypto/rand` instead.,review-for-suppression-or-backlog
CK-110-0499,CK-110-M062,d4c902677e12571b56c00db762f65349,Lizard,Lizard_nloc-medium,internal/maintenance/gc_packed_test.go,test,S3,gc,Method TestSweepUnreachableChunksMetadataOrderTransactionSafety has 69 lines of code (limit is 50),review-for-suppression-or-backlog
CK-110-0500,CK-110-M051,232f334ca97382b655f73c7668dcd4f1,Lizard,Lizard_ccn-medium,internal/storage/physical_file_repository_test.go,test,S3,storage,Method TestStoreFileCaseSensitivity has a cyclomatic complexity of 14 (limit is 8),review-for-suppression-or-backlog
CK-110-0501,CK-110-M070,868ee23a925e0db9a7b7feac60d70b57,Lizard,Lizard_ccn-medium,tests/integration/v18_migration_compatibility_integration_test.go,test,S3,codacy,Method TestPhase7BuildFixtureWithActualV17BinaryIntegration has a cyclomatic complexity of 14 (limit is 8),review-for-suppression-or-backlog
CK-110-0502,CK-110-M063,cdb7add03c97fef4a14b233d9bcba848,Opengrep,Semgrep_go_sql_rule-concat-sqli,internal/gc/plan_test.go,test,S3,gc,SQL Injection is a critical vulnerability that can lead to data or system compromise.,review-for-suppression-or-backlog
CK-110-0503,CK-110-M062,896772538101e8dd7d3e0e24e3841d7d,Lizard,Lizard_ccn-medium,internal/gc/plan_test.go,test,S3,gc,Method TestBuildPlanPartiallyDeadContainerDistinguishesLogicalVsPhysical has a cyclomatic complexity of 13 (li,review-for-suppression-or-backlog
CK-110-0504,CK-110-M049,cae7b5d88ce41601db1a7e72fd83c97e,Lizard,Lizard_ccn-medium,internal/snapshot/snapshot_bench_test.go,test,S3,snapshot,Method seedBenchmarkPhysicalFiles has a cyclomatic complexity of 9 (limit is 8),review-for-suppression-or-backlog
CK-110-0505,CK-110-M070,87d3134d4c791314abe45ba8d6c4c896,Lizard,Lizard_ccn-medium,tests/adversarial/g9_batch_semantics_adversarial_test.go,test,S3,codacy,Method  has a cyclomatic complexity of 12 (limit is 8),review-for-suppression-or-backlog
CK-110-0507,CK-110-M051,a55194b1eb2ac205f2496e8daa2db252,Lizard,Lizard_nloc-medium,internal/storage/remove_test.go,test,S3,storage,Method TestRemoveFailsWhenLogicalFileIsRetainedBySnapshot has 58 lines of code (limit is 50),review-for-suppression-or-backlog
CK-110-0508,CK-110-M054,d868ef083aadbd5d4ab2d1873323b5f,Lizard,Lizard_ccn-medium,internal/verify/verify_corruption_fixtures_test.go,test,S3,verify,Method assertDecompressStageVerifyFailure has a cyclomatic complexity of 13 (limit is 8),review-for-suppression-or-backlog
CK-110-0509,CK-110-M070,5dbdf9227096bf4605f3ae52068fe52d,Lizard,Lizard_ccn-medium,internal/retention/reachability_test.go,test,S3,codacy,Method TestRetentionByLogicalIDNotPath has a cyclomatic complexity of 9 (limit is 8),review-for-suppression-or-backlog
CK-110-0513,CK-110-M050,b68d39b18225addd4de440ba95640b09,Opengrep,Semgrep_go.lang.correctness.permissions.file_permission.incorrect-default-permission,tests/adversarial/g14_g17_snapshot_retention_adversarial_test.go,test,S3,snapshot,Detected file permissions that are set to more than `0600` (user/owner can read and write). Setting file permi,review-for-suppression-or-backlog
CK-110-0514,CK-110-M057,25029cd6794561fe0221697f7ce426a0,Opengrep,Semgrep_go.lang.correctness.permissions.file_permission.incorrect-default-permission,tests/integration/v18_migration_compatibility_integration_test.go,test,S3,filesystem,Detected file permissions that are set to more than `0600` (user/owner can read and write). Setting file permi,review-for-suppression-or-backlog
CK-110-0515,CK-110-M057,588388619ea87584e6dbcb478ee82e25,Opengrep,Semgrep_go_file-permissions_rule-fileperm,tests/adversarial/g7_deep_corruption_adversarial_test.go,test,S3,filesystem,The application was found setting file permissions to overly permissive values.,review-for-suppression-or-backlog
CK-110-0517,CK-110-M070,1ea4c147b88eb88da0a2424489c6f508,Lizard,Lizard_ccn-medium,internal/graph/references_test.go,test,S3,codacy,Method TestGetReverseReferencesChunkToLogicalFiles has a cyclomatic complexity of 11 (limit is 8),review-for-suppression-or-backlog
CK-110-0518,CK-110-M059,cf8c09c97f7858597cb73431e26f85a9,Opengrep,Semgrep_go.lang.security.audit.database.string-formatted-query.string-formatted-query,internal/observability/stats_test.go,test,S3,security,String-formatted SQL query detected.,review-for-suppression-or-backlog
CK-110-0519,CK-110-M059,ad47d42c6f702fdbad63531d70b08769,Opengrep,Semgrep_go.lang.security.audit.sqli.gosql-sqli.gosql-sqli,internal/graph/reachability_test.go,test,S3,security,"Detected string concatenation with a non-literal variable in a ""database/sql"" Go SQL statement.",review-for-suppression-or-backlog
CK-110-0520,CK-110-M062,e4074d49d8dff3e2a0ab85463f4d4190,Lizard,Lizard_file-nloc-medium,internal/maintenance/gc_test.go,test,S3,gc,File internal/maintenance/gc_test.go has 990 non-comment lines of code,review-for-suppression-or-backlog
CK-110-0521,CK-110-M062,a8d6a61fc2a917abff39bcfa6714f592,Lizard,Lizard_nloc-medium,internal/maintenance/stats_test.go,test,S3,gc,Method TestCollectBlockStatsAndRunStatsExposure has 105 lines of code (limit is 50),review-for-suppression-or-backlog
CK-110-0522,CK-110-M059,15560f5b5a2016d6da145296bc3d8b2e,Opengrep,Semgrep_go.lang.security.audit.database.string-formatted-query.string-formatted-query,internal/observability/service_test.go,test,S3,security,String-formatted SQL query detected.,review-for-suppression-or-backlog
CK-110-0524,CK-110-M047,1e288364a649d2f8cb29b0a7566ae7f2,Lizard,Lizard_ccn-medium,internal/db/migrations_test.go,test,S3,migration,Method TestRunMigrationsCreatesSnapshotSchemaVersionEight has a cyclomatic complexity of 28 (limit is 8),review-for-suppression-or-backlog
CK-110-0526,CK-110-M072,78659837cf44e8977fa8d7230433e0d2,markdownlint,markdownlint_MD032,docs/BENCHMARK_CORPORA.md,docs,S4,docs,Lists should be surrounded by blank lines,review-for-suppression-or-backlog
CK-110-0528,CK-110-M068,712b4f339c2cc5eba5d4aaebab784700,Lizard,Lizard_ccn-medium,internal/benchmark/metrics_test.go,test,S3,benchmark,Method TestRecordOutsideMeasureIgnoresAllMetrics has a cyclomatic complexity of 9 (limit is 8),review-for-suppression-or-backlog
CK-110-0529,CK-110-M051,e9392101cb4f94f21fcd2a682c631167,Lizard,Lizard_ccn-medium,internal/storage/store_v2chunker_test.go,test,S3,storage,Method TestStoreResolvesChunkerOncePerOperation has a cyclomatic complexity of 19 (limit is 8),review-for-suppression-or-backlog
CK-110-0531,CK-110-M072,a5b839c4c0dbbea96e4fff143f77ed2a,markdownlint,markdownlint_MD032,docs/STEP64_METRICS_VALIDATION.md,docs,S4,docs,Lists should be surrounded by blank lines,review-for-suppression-or-backlog
CK-110-0532,CK-110-M070,1288c8d6384bf00cff82f296a0dd91d8,Lizard,Lizard_nloc-medium,tests/utils/common.go,test,S3,codacy,Method CreateSampleDataset has 67 lines of code (limit is 50),review-for-suppression-or-backlog
CK-110-0534,CK-110-M051,543d66b3bea9a982e140f9f4625abca,Lizard,Lizard_ccn-medium,internal/storage/store_compression_feature_gate_test.go,test,S3,storage,Method TestFeatureGatedCompressionDuplicateStorePreservesDedupAndCompressionStep512 has a cyclomatic complexit,review-for-suppression-or-backlog
CK-110-0535,CK-110-M067,b605f4e1b2bd3fc1205d6d5e024777a7,Opengrep,Semgrep_go_filesystem_rule-fileread,internal/storage/restore_test.go,test,S3,restore,The application dynamically constructs file or path information.,review-for-suppression-or-backlog
CK-110-0536,CK-110-M057,4f6f26a8b94519c10b6790411abe6524,Opengrep,Semgrep_go_file-permissions_rule-fileperm,tests/integration/v19_legacy_upgrade_path_integration_test.go,test,S3,filesystem,The application was found setting file permissions to overly permissive values.,review-for-suppression-or-backlog
CK-110-0537,CK-110-M070,9ba7838b4402026b2554020066417817,Lizard,Lizard_ccn-medium,internal/graph/references_test.go,test,S3,codacy,Method TestGetReverseReferencesLogicalFileToSnapshots has a cyclomatic complexity of 9 (limit is 8),review-for-suppression-or-backlog
CK-110-0538,CK-110-M059,b2b48e00f8787127320da63e00ad0ba8,Opengrep,Semgrep_go_sql_rule-concat-sqli,internal/observability/equivalence_phase7_test.go,test,S3,security,SQL Injection is a critical vulnerability that can lead to data or system compromise.,review-for-suppression-or-backlog
CK-110-0540,CK-110-M072,3bb1b78b3f406e243ed8e9dac05c6a0f,markdownlint,markdownlint_MD032,docs/STEP64_METRICS_VALIDATION.md,docs,S4,docs,Lists should be surrounded by blank lines,review-for-suppression-or-backlog
CK-110-0541,CK-110-M057,6c6eef352e867d2387bf3f0d0e7c8343,Opengrep,Semgrep_go_file-permissions_rule-fileperm,internal/batch/loader_test.go,test,S3,filesystem,The application was found setting file permissions to overly permissive values.,review-for-suppression-or-backlog
CK-110-0542,CK-110-M070,40006c874fa4bfe0db126e153dafad9d,Lizard,Lizard_ccn-medium,tests/adversarial/g68_dedup_semantics_matrix_test.go,test,S3,codacy,Method TestStep68CrossCompressionDedupConsistency has a cyclomatic complexity of 10 (limit is 8),review-for-suppression-or-backlog
CK-110-0543,CK-110-M070,ddcdadc9ba826d689bdd19c16cbfc117,Lizard,Lizard_ccn-medium,internal/observability/inspect_test.go,test,S3,codacy,Method TestInspectSnapshotDeepTraversalExpandsRecursively has a cyclomatic complexity of 19 (limit is 8),review-for-suppression-or-backlog
CK-110-0544,CK-110-M058,cc64b09c8ab7488d9f11a09bb7654067,Opengrep,Semgrep_dockerfile.security.missing-user-entrypoint.missing-user-entrypoint,Dockerfile,docker,S3,security,"By not specifying a USER, a program in the container may run as 'root'. This is a security hazard.",review-for-suppression-or-backlog
CK-110-0545,CK-110-M056,1cb401d982dd70371a0ede426aabffd1,Lizard,Lizard_nloc-medium,tests/integration/read_path_regression_test.go,test,S3,filesystem,Method TestReadPathRestoreNewlyStoredFileAfterPhase3Integration has 57 lines of code (limit is 50),review-for-suppression-or-backlog
CK-110-0547,CK-110-M057,7d696bb6c8595cfa1159ea5997c17c77,Opengrep,Semgrep_go_file-permissions_rule-mkdir,tests/integration/v18_migration_compatibility_integration_test.go,test,S3,filesystem,The application was found setting directory permissions to overly permissive values.,review-for-suppression-or-backlog
CK-110-0548,CK-110-M057,1f3b3267abaee4f3e5ee1bbb5d462d10,Opengrep,Semgrep_go_filesystem_rule-fileread,tests/adversarial/g7_deep_corruption_adversarial_test.go,test,S3,filesystem,The application dynamically constructs file or path information.,review-for-suppression-or-backlog
CK-110-0549,CK-110-M052,907379cce62e6dc8375944fe80ca4087,Opengrep,Semgrep_go.lang.security.audit.sqli.gosql-sqli.gosql-sqli,internal/container/local_writer_test.go,test,S3,storage,"Detected string concatenation with a non-literal variable in a ""database/sql"" Go SQL statement.",review-for-suppression-or-backlog
CK-110-0553,CK-110-M057,4048e9dd365c7fd1297fab762831b4f3,Opengrep,Semgrep_go_file-permissions_rule-mkdir,tests/adversarial/g10_g13_physical_graph_adversarial_test.go,test,S3,filesystem,The application was found setting directory permissions to overly permissive values.,review-for-suppression-or-backlog
CK-110-0555,CK-110-M057,b920f5244ccf835dd855215cedacaa29,Opengrep,Semgrep_go_file-permissions_rule-fileperm,tests/utils/common.go,test,S3,filesystem,The application was found setting file permissions to overly permissive values.,review-for-suppression-or-backlog
CK-110-0556,CK-110-M059,8f20a828491be26616b8361594fa4da7,Opengrep,Semgrep_go_sql_rule-concat-sqli,internal/observability/equivalence_phase7_test.go,test,S3,security,SQL Injection is a critical vulnerability that can lead to data or system compromise.,review-for-suppression-or-backlog
CK-110-0557,CK-110-M051,e37e87b1f346210d1cb2e2657719a34c,Lizard,Lizard_ccn-medium,internal/storage/remove_test.go,test,S3,storage,Method TestRemoveByStoredPathLastReferenceSetsRefCountToZero has a cyclomatic complexity of 9 (limit is 8),review-for-suppression-or-backlog
CK-110-0558,CK-110-M048,769270b56e6e3f8a8994f889599c2bf,Opengrep,Semgrep_go_sql_rule-concat-sqli,internal/db/migrations_test.go,test,S3,migration,SQL Injection is a critical vulnerability that can lead to data or system compromise.,review-for-suppression-or-backlog
CK-110-0562,CK-110-M057,7d0967c79373628793166cd7ca9b1309,Opengrep,Semgrep_go.lang.correctness.permissions.file_permission.incorrect-default-permission,tests/adversarial/g7_deep_corruption_adversarial_test.go,test,S3,filesystem,Detected file permissions that are set to more than `0600` (user/owner can read and write). Setting file permi,review-for-suppression-or-backlog
CK-110-0563,CK-110-M072,5c9254bb7c10be41afea0de9403d6680,markdownlint,markdownlint_MD022,docs/BENCHMARK_CORPORA.md,docs,S4,docs,Expected: 1; Actual: 0; Below,review-for-suppression-or-backlog
CK-110-0565,CK-110-M070,8ed24cc08e3cbccbe0c4d1b2ce36524c,Lizard,Lizard_ccn-medium,tests/adversarial/g9_batch_semantics_adversarial_test.go,test,S3,codacy,Method  has a cyclomatic complexity of 14 (limit is 8),review-for-suppression-or-backlog
CK-110-0566,CK-110-M054,6fd8e7348dbea94be3aa7166ed132b25,Lizard,Lizard_ccn-medium,internal/verify/verify_system_test.go,test,S3,verify,Method seedVerifyPackedBlockFixture has a cyclomatic complexity of 13 (limit is 8),review-for-suppression-or-backlog
CK-110-0567,CK-110-M072,f694deb51711fd6cb1d22b28389cb707,markdownlint,markdownlint_MD022,docs/STEP64_METRICS_VALIDATION.md,docs,S4,docs,Expected: 1; Actual: 0; Below,review-for-suppression-or-backlog
CK-110-0568,CK-110-M023,aed5876a8f2a87cc315376b12d0eb6d3,Opengrep,Semgrep_go.lang.security.audit.dangerous-exec-command.dangerous-exec-command,tests/utils/common.go,test,S1,codacy,Detected non-static command inside Command.,review-for-suppression-or-backlog
CK-110-0569,CK-110-M072,440cabab49fc7a68f1661d4e2029cf02,markdownlint,markdownlint_MD007,docs/benchmarking.md,docs,S4,docs,Expected: 2; Actual: 3,review-for-suppression-or-backlog
CK-110-0570,CK-110-M067,56cb4230f9d1bb787de2252f32f34f0a,Opengrep,Semgrep_go_file-permissions_rule-mkdir,tests/adversarial/g5_atomic_restore_adversarial_test.go,test,S3,restore,The application was found setting directory permissions to overly permissive values.,review-for-suppression-or-backlog
CK-110-0572,CK-110-M066,6e99cf0834a5ea030f6f8f26fbee6b86,Lizard,Lizard_ccn-medium,internal/storage/restore_test.go,test,S3,restore,Method setupStoredPathRestoreFixture has a cyclomatic complexity of 14 (limit is 8),review-for-suppression-or-backlog
CK-110-0573,CK-110-M072,206af3b2bfbbc154c3a07c6e786e6831,markdownlint,markdownlint_MD022,docs/STEP64_METRICS_VALIDATION.md,docs,S4,docs,Expected: 1; Actual: 0; Below,review-for-suppression-or-backlog
CK-110-0575,CK-110-M059,81fd9a30afc84b8fffd4fd68e56f7620,Opengrep,Semgrep_go_sql_rule-concat-sqli,internal/observability/service_test.go,test,S3,security,SQL Injection is a critical vulnerability that can lead to data or system compromise.,review-for-suppression-or-backlog
CK-110-0576,CK-110-M059,b4df60175498cf642f5aeb8de9df333f,Opengrep,Semgrep_go_sql_rule-concat-sqli,internal/observability/stats_test.go,test,S3,security,SQL Injection is a critical vulnerability that can lead to data or system compromise.,review-for-suppression-or-backlog
CK-110-0577,CK-110-M054,d795c7b425028e9aa56ddbfb9e69f385,Lizard,Lizard_ccn-medium,internal/verify/verify_system_test.go,test,S3,verify,Method TestVerifyRepositorySupportsMixedBlockTypeMatrixInSingleRun has a cyclomatic complexity of 10 (limit is,review-for-suppression-or-backlog
CK-110-0580,CK-110-M069,10c476f227474d605bd0dd727db8695f,Opengrep,Semgrep_go_filesystem_rule-fileread,internal/benchmark/dataset_test.go,test,S3,benchmark,The application dynamically constructs file or path information.,review-for-suppression-or-backlog
CK-110-0581,CK-110-M054,b50b64e0c00209db78af42484e6be11a,Lizard,Lizard_nloc-medium,internal/verify/verify_system_test.go,test,S3,verify,Method seedVerifyPackedBlockFixture has 78 lines of code (limit is 50),review-for-suppression-or-backlog
CK-110-0582,CK-110-M057,3523b19aabdea4300a9831f41b8e0e9e,Opengrep,Semgrep_go_file-permissions_rule-fileperm,internal/utils_hash/hash_test.go,test,S3,filesystem,The application was found setting file permissions to overly permissive values.,review-for-suppression-or-backlog
CK-110-0583,CK-110-M070,492ce4d9ca388e3e0aacd7cd1029f5fe,Lizard,Lizard_ccn-medium,tests/integration/v19_stats_semantics_integration_test.go,test,S3,codacy,Method TestStep613StatsByteAccountingConsistency has a cyclomatic complexity of 9 (limit is 8),review-for-suppression-or-backlog
CK-110-0584,CK-110-M057,99281b503b6c5c991194c91651992839,Opengrep,Semgrep_go_file-permissions_rule-mkdir,tests/integration/v18_migration_compatibility_integration_test.go,test,S3,filesystem,The application was found setting directory permissions to overly permissive values.,review-for-suppression-or-backlog
CK-110-0585,CK-110-M062,380a894ae7b9a6100756799485727d4c,Lizard,Lizard_ccn-medium,internal/maintenance/gc_packed_test.go,test,S3,gc,Method TestSweepUnreachableChunksKeepsPackedBlockWhenAnyChunkIsLive has a cyclomatic complexity of 16 (limit i,review-for-suppression-or-backlog
CK-110-0586,CK-110-M070,d907f951b8bd0c050ac4c35c38dcd250,Lizard,Lizard_nloc-medium,internal/observability/equivalence_phase7_test.go,test,S3,codacy,Method legacyGetSnapshotStats has 68 lines of code (limit is 50),review-for-suppression-or-backlog
CK-110-0587,CK-110-M071,2518dc0dfd86647aa28f4f4087516072,Opengrep,Semgrep_go.lang.security.audit.crypto.math_random.math-random-used,tests/adversarial/g3_no_data_loss_valid_sequences_adversarial_test.go,test,S3,codacy,Do not use `math/rand`. Use `crypto/rand` instead.,review-for-suppression-or-backlog
CK-110-0588,CK-110-M057,fadabbeb169e26f9f5531bb7c12de7d,Opengrep,Semgrep_go.lang.correctness.permissions.file_permission.incorrect-default-permission,tests/integration/read_path_regression_test.go,test,S3,filesystem,Detected file permissions that are set to more than `0600` (user/owner can read and write). Setting file permi,review-for-suppression-or-backlog
CK-110-0589,CK-110-M051,e635361ae382aa635e791a32c7ea0831,Lizard,Lizard_ccn-medium,internal/storage/store_cancellation_test.go,test,S3,storage,Method TestStoreFilePrepareFailureDoesNotPartiallyCommit has a cyclomatic complexity of 10 (limit is 8),review-for-suppression-or-backlog
CK-110-0590,CK-110-M062,c034e1209b0a14e86f19740b806c4066,Lizard,Lizard_ccn-medium,internal/gc/plan_test.go,test,S3,gc,Method TestBuildPlanIgnoresTransformLayerHashesForIdentityStep74 has a cyclomatic complexity of 9 (limit is 8),review-for-suppression-or-backlog
CK-110-0591,CK-110-M059,e78af3ec67b53a6f977e037a880876c2,Opengrep,Semgrep_go_sql_rule-concat-sqli,tests/integration/v18_migration_compatibility_integration_test.go,test,S3,security,SQL Injection is a critical vulnerability that can lead to data or system compromise.,review-for-suppression-or-backlog
CK-110-0592,CK-110-M057,f4e3ed4b571e2f093659fd46505b7c5d,Opengrep,Semgrep_go_file-permissions_rule-mkdir,tests/adversarial/g2_inconsistent_state_adversarial_test.go,test,S3,filesystem,The application was found setting directory permissions to overly permissive values.,review-for-suppression-or-backlog
CK-110-0594,CK-110-M063,29f52e1494a69df1ddaf6bda0c3facbe,Opengrep,Semgrep_go_file-permissions_rule-fileperm,tests/adversarial/g4_non_destructive_gc_adversarial_test.go,test,S3,gc,The application was found setting file permissions to overly permissive values.,review-for-suppression-or-backlog
CK-110-0595,CK-110-M070,51d4ea25307c8dc6c8e43ff1b7cdf3ac,Lizard,Lizard_ccn-medium,internal/repository/capabilities/model_test.go,test,S3,codacy,Method TestRepositoryCapabilitiesSupportHelpers has a cyclomatic complexity of 12 (limit is 8),review-for-suppression-or-backlog
CK-110-0597,CK-110-M070,5b46c8dbca31df35a11d9f471286eec6,Lizard,Lizard_ccn-medium,internal/graph/reachability_test.go,test,S3,codacy,Method TestSnapshotRootsExcludeSnapshotIDs has a cyclomatic complexity of 10 (limit is 8),review-for-suppression-or-backlog
CK-110-0598,CK-110-M052,c744c796102ef8cc93a50017120a387f,Opengrep,Semgrep_go_file-permissions_rule-mkdir,tests/adversarial/v110_s0_chunk_reuse_bounds_stabilization_test.go,test,S3,storage,The application was found setting directory permissions to overly permissive values.,review-for-suppression-or-backlog
CK-110-0599,CK-110-M047,a5ee8a50af8ea176b0a0a6babfedd9,Lizard,Lizard_ccn-medium,internal/db/migrations_test.go,test,S3,migration,Method TestRunMigrationsCompressionConfigIsIdempotent has a cyclomatic complexity of 9 (limit is 8),review-for-suppression-or-backlog
CK-110-0600,CK-110-M055,2567d0d85739277f280193288657c945,Opengrep,Semgrep_go_file-permissions_rule-fileperm,internal/verify/verify_system_test.go,test,S3,verify,The application was found setting file permissions to overly permissive values.,review-for-suppression-or-backlog
CK-110-0602,CK-110-M057,b7589d36084fc1c27ad8d4f3e4427b83,Opengrep,Semgrep_go_file-permissions_rule-fileperm,tests/utils/common.go,test,S3,filesystem,The application was found setting file permissions to overly permissive values.,review-for-suppression-or-backlog
CK-110-0603,CK-110-M072,9fba889c06f272a73ff5b12fbbf0f28e,markdownlint,markdownlint_MD032,docs/BENCHMARK_CORPORA.md,docs,S4,docs,Lists should be surrounded by blank lines,review-for-suppression-or-backlog
CK-110-0604,CK-110-M047,15247058006d65074abc2e67bd746bd9,Lizard,Lizard_ccn-medium,internal/db/migrations_test.go,test,S3,migration,Method TestRunMigrationsAllowsMultiplePhysicalFilesPerLogicalFile has a cyclomatic complexity of 9 (limit is 8,review-for-suppression-or-backlog
CK-110-0605,CK-110-M066,13f2d09125d63890abe35ceaef5954a1,Lizard,Lizard_ccn-medium,internal/storage/restore_test.go,test,S3,restore,Method TestRestoreOptionsOverwriteTrueReplacesExistingDestination has a cyclomatic complexity of 14 (limit is ,review-for-suppression-or-backlog
CK-110-0606,CK-110-M057,249932ca0d28b347b2c9ab744635f0d,Opengrep,Semgrep_go_file-permissions_rule-mkdir,tests/integration/v18_migration_compatibility_integration_test.go,test,S3,filesystem,The application was found setting directory permissions to overly permissive values.,review-for-suppression-or-backlog
CK-110-0607,CK-110-M062,9e8c03ab956074bb470bef0675a704d2,Lizard,Lizard_nloc-medium,internal/maintenance/gc_step11_test.go,test,S3,gc,Method TestStep11SnapshotRetainsPackedBlockAndRestoreSucceeds has 77 lines of code (limit is 50),review-for-suppression-or-backlog
CK-110-0610,CK-110-M062,14318c758b4c4f998d112347334258bb,Lizard,Lizard_ccn-medium,internal/maintenance/gc_packed_test.go,test,S3,gc,Method TestContainerHasLivePhysicalUnitsSupportsLegacyPackedAndMixed has a cyclomatic complexity of 22 (limit ,review-for-suppression-or-backlog
CK-110-0613,CK-110-M063,d52fe194ec82f596432bd92bdbea02fc,Opengrep,Semgrep_go_filesystem_rule-fileread,internal/maintenance/gc_step11_test.go,test,S3,gc,The application dynamically constructs file or path information.,review-for-suppression-or-backlog
CK-110-0614,CK-110-M051,caa2d5b46bf6f33e168792d7379c3b45,Lizard,Lizard_ccn-medium,internal/container/container_test.go,test,S3,storage,Method TestQuarantineContainerInDirUpdatesSizesToPhysicalFile has a cyclomatic complexity of 15 (limit is 8),review-for-suppression-or-backlog
CK-110-0615,CK-110-M047,996b0d51f48016ea4efd9a2b45c6684b,Lizard,Lizard_nloc-medium,internal/db/migrations_test.go,test,S3,migration,Method TestEnsurePostgresSchemaAutoMigratesVersionElevenToTwelve has 79 lines of code (limit is 50),review-for-suppression-or-backlog
CK-110-0616,CK-110-M074,ff71b7f1f70d5823ef247c9b8d19c003,Agentlinter,Agentlinter_structure_modular-files,SECURITY.md,docs,S4,filesystem,Only 1 file found with 100+ lines. Consider splitting into modular files for better organization.,review-for-suppression-or-backlog
CK-110-0617,CK-110-M057,648ebbfe27699fc070c964475c1f83cb,Opengrep,Semgrep_go_file-permissions_rule-mkdir,tests/adversarial/g3_no_data_loss_valid_sequences_adversarial_test.go,test,S3,filesystem,The application was found setting directory permissions to overly permissive values.,review-for-suppression-or-backlog
CK-110-0618,CK-110-M066,ce3638d9c6ab98e851ebf3300fabbc8,Lizard,Lizard_ccn-medium,internal/storage/restore_test.go,test,S3,restore,Method TestRestoreFailsOnChunkOrderDiscontinuity has a cyclomatic complexity of 19 (limit is 8),review-for-suppression-or-backlog
CK-110-0619,CK-110-M057,919c58c6354602cdbb9ec16a87169216,Opengrep,Semgrep_go_filesystem_rule-fileread,tests/adversarial/g7_deep_corruption_adversarial_test.go,test,S3,filesystem,The application dynamically constructs file or path information.,review-for-suppression-or-backlog
CK-110-0621,CK-110-M070,d9ee567dee614bfdde6f15fb66003a6f,Lizard,Lizard_nloc-medium,internal/observability/equivalence_phase7_test.go,test,S3,codacy,Method  has 102 lines of code (limit is 50),review-for-suppression-or-backlog
CK-110-0622,CK-110-M070,f36a0ba49965c33b72819e393ad25d5,Lizard,Lizard_nloc-medium,internal/observability/stats_test.go,test,S3,codacy,Method TestMapStatsResultMapsMaintenanceResultToStableModel has 136 lines of code (limit is 50),review-for-suppression-or-backlog
CK-110-0623,CK-110-M057,3bd9f6faf85d2475ff31fed4fd4d3345,Opengrep,Semgrep_go.lang.correctness.permissions.file_permission.incorrect-default-permission,tests/adversarial/g7_deep_corruption_adversarial_test.go,test,S3,filesystem,Detected file permissions that are set to more than `0600` (user/owner can read and write). Setting file permi,review-for-suppression-or-backlog
CK-110-0624,CK-110-M051,1148fbaa0c9a6ce00637ca8c783d8942,Lizard,Lizard_nloc-medium,internal/storage/physical_file_repository_test.go,test,S3,storage,Method TestEnsurePhysicalFileForPathDefaultPolicyWithTx has 74 lines of code (limit is 50),review-for-suppression-or-backlog
CK-110-0625,CK-110-M057,de371e9e2c4d94f203ef946ecfdd412a,Opengrep,Semgrep_go_file-permissions_rule-mkdir,tests/adversarial/g68_dedup_semantics_matrix_test.go,test,S3,filesystem,The application was found setting directory permissions to overly permissive values.,review-for-suppression-or-backlog
CK-110-0626,CK-110-M062,f7b83b9d9c5bfec4bf3f409344e4be45,Lizard,Lizard_ccn-medium,tests/adversarial/g4_non_destructive_gc_adversarial_test.go,test,S3,gc,Method TestAdversarialG4PinnedChunkWithZeroLiveRefsSurvivesGC has a cyclomatic complexity of 12 (limit is 8),review-for-suppression-or-backlog
CK-110-0628,CK-110-M057,92c55a996bb254df68be50152cc280ba,Opengrep,Semgrep_go.lang.correctness.permissions.file_permission.incorrect-default-permission,tests/adversarial/g6_concurrent_operations_adversarial_test.go,test,S3,filesystem,Detected file permissions that are set to more than `0600` (user/owner can read and write). Setting file permi,review-for-suppression-or-backlog
CK-110-0629,CK-110-M067,5afccb66715eb86490a264bc46639962,Opengrep,Semgrep_go_file-permissions_rule-mkdir,tests/adversarial/g5_atomic_restore_adversarial_test.go,test,S3,restore,The application was found setting directory permissions to overly permissive values.,review-for-suppression-or-backlog
CK-110-0630,CK-110-M050,caf3b4f8ae884fbbcf4706c9499b136,Opengrep,Semgrep_go_file-permissions_rule-mkdir,tests/adversarial/g14_g17_snapshot_retention_adversarial_test.go,test,S3,snapshot,The application was found setting directory permissions to overly permissive values.,review-for-suppression-or-backlog
CK-110-0631,CK-110-M057,226fb30f555baf45136496228d00a761,Opengrep,Semgrep_go_file-permissions_rule-fileperm,tests/integration/v19_stats_semantics_integration_test.go,test,S3,filesystem,The application was found setting file permissions to overly permissive values.,review-for-suppression-or-backlog
CK-110-0633,CK-110-M057,4206465f836231aa29e77a5dafb42d90,Opengrep,Semgrep_go_file-permissions_rule-mkdir,tests/utils/common.go,test,S3,filesystem,The application was found setting directory permissions to overly permissive values.,review-for-suppression-or-backlog
CK-110-0634,CK-110-M052,847fe11f597ddcfbc112d04a8204c4ee,Opengrep,Semgrep_go_file-permissions_rule-fileperm,internal/storage/phase1_compat_matrix_test.go,test,S3,storage,The application was found setting file permissions to overly permissive values.,review-for-suppression-or-backlog
CK-110-0636,CK-110-M057,627bda72e64320d5b8846deade4d105c,Opengrep,Semgrep_go_filesystem_rule-fileread,tests/utils/common.go,test,S3,filesystem,The application dynamically constructs file or path information.,review-for-suppression-or-backlog
CK-110-0637,CK-110-M076,2e8d71b90bff398440373b68f4171e79,Agentlinter,Agentlinter_clarity_undefined-term,SECURITY.md,docs,S4,codacy,"Undefined acronym ""SHA"" — define on first use or add to glossary.",review-for-suppression-or-backlog
CK-110-0638,CK-110-M062,e026598b3e8141810378ee9c0a94b315,Lizard,Lizard_nloc-medium,internal/maintenance/gc_packed_test.go,test,S3,gc,Method TestSweepUnreachableChunksDeletesWholePackedBlockWhenAllChunksDead has 53 lines of code (limit is 50),review-for-suppression-or-backlog
CK-110-0640,CK-110-M072,5f863bbf8699140f94f1dbe0de1bbb0e,markdownlint,markdownlint_MD007,docs/benchmarking.md,docs,S4,docs,Expected: 2; Actual: 3,review-for-suppression-or-backlog
CK-110-0641,CK-110-M072,f899fceedf3ac4ae4105b1df690c6f3e,markdownlint,markdownlint_MD032,docs/benchmarking.md,docs,S4,docs,Lists should be surrounded by blank lines,review-for-suppression-or-backlog
CK-110-0646,CK-110-M066,51b63b8700c39f5558c7a6ed16f3673c,Lizard,Lizard_ccn-medium,internal/storage/restore_test.go,test,S3,restore,Method setupRestorePinningFixture has a cyclomatic complexity of 11 (limit is 8),review-for-suppression-or-backlog
CK-110-0647,CK-110-M051,2b5a077f288d1b296b6ecdc1430c21b3,Lizard,Lizard_ccn-medium,internal/container/local_writer_test.go,test,S3,storage,Method TestLocalWriterQuarantineContainerResetsStateAndReturnsDBError has a cyclomatic complexity of 11 (limit,review-for-suppression-or-backlog
CK-110-0648,CK-110-M052,9a39c3c17ddd916e24cfb167553cc623,Opengrep,Semgrep_go_file-permissions_rule-fileperm,internal/container/local_writer_test.go,test,S3,storage,The application was found setting file permissions to overly permissive values.,review-for-suppression-or-backlog
CK-110-0649,CK-110-M057,6359ba17d3dbd55dbaa0ac7fcddf2c5f,Opengrep,Semgrep_go_file-permissions_rule-mkdir,tests/integration/v18_migration_compatibility_integration_test.go,test,S3,filesystem,The application was found setting directory permissions to overly permissive values.,review-for-suppression-or-backlog
CK-110-0652,CK-110-M050,2615153d7f27cb75715f96dc24c8a960,Opengrep,Semgrep_go_file-permissions_rule-mkdir,tests/adversarial/g14_g17_snapshot_retention_adversarial_test.go,test,S3,snapshot,The application was found setting directory permissions to overly permissive values.,review-for-suppression-or-backlog
CK-110-0653,CK-110-M051,2652c159420a0a531fc9d859b664c774,Lizard,Lizard_nloc-medium,tests/adversarial/v110_s0_chunk_reuse_bounds_stabilization_test.go,test,S3,storage,Method collectPlacementsV110S0 has 58 lines of code (limit is 50),review-for-suppression-or-backlog
CK-110-0655,CK-110-M057,76d8d538656d0e087a03e96eda164ddf,Opengrep,Semgrep_go.lang.correctness.permissions.file_permission.incorrect-default-permission,tests/utils/common.go,test,S3,filesystem,Detected file permissions that are set to more than `0600` (user/owner can read and write). Setting file permi,review-for-suppression-or-backlog
CK-110-0657,CK-110-M066,c8e477740399a1d889d26d84b4f440bf,Lizard,Lizard_ccn-medium,internal/storage/restore_test.go,test,S3,restore,Method TestRestoreFailsWhenContainerFileMissing has a cyclomatic complexity of 10 (limit is 8),review-for-suppression-or-backlog
CK-110-0660,CK-110-M062,5302190393f33ad5e517967e7e374404,Lizard,Lizard_ccn-medium,internal/maintenance/gc_packed_test.go,test,S3,gc,Method TestLoadLiveLegacyContainerIDsResolvesFromLiveChunks has a cyclomatic complexity of 10 (limit is 8),review-for-suppression-or-backlog
CK-110-0661,CK-110-M051,699b3c4150f0988697ad74ba3f48ae7f,Lizard,Lizard_nloc-medium,internal/storage/store_v2chunker_test.go,test,S3,storage,Method TestCrossVersionDedupCompatibility has 91 lines of code (limit is 50),review-for-suppression-or-backlog
CK-110-0662,CK-110-M057,64645628a758468b7cdef77aec6511e8,Opengrep,Semgrep_go.lang.correctness.permissions.file_permission.incorrect-default-permission,tests/integration/v18_migration_compatibility_integration_test.go,test,S3,filesystem,Detected file permissions that are set to more than `0600` (user/owner can read and write). Setting file permi,review-for-suppression-or-backlog
CK-110-0664,CK-110-M068,6ca0bb9cd9c1f3a8eced820a2a554899,Lizard,Lizard_ccn-medium,internal/chunk/benchmark/runner.go,benchmark,S3,benchmark,Method ValidateCoverageInvariants has a cyclomatic complexity of 9 (limit is 8),review-for-suppression-or-backlog
CK-110-0665,CK-110-M067,294af6c63b74af22b5934f3f76bd2403,Opengrep,Semgrep_go.lang.correctness.permissions.file_permission.incorrect-default-permission,tests/adversarial/g1_deterministic_restore_adversarial_test.go,test,S3,restore,Detected file permissions that are set to more than `0600` (user/owner can read and write). Setting file permi,review-for-suppression-or-backlog
CK-110-0668,CK-110-M070,9e8b9125320e594d3f2d24723d7c503,Lizard,Lizard_nloc-medium,internal/graph/traversal_test.go,test,S3,codacy,Method TestTraverseDeterministicOrder has 53 lines of code (limit is 50),review-for-suppression-or-backlog
CK-110-0669,CK-110-M066,17dada6ea36dc077a76a51b33be9877,Lizard,Lizard_ccn-medium,internal/storage/restore_test.go,test,S3,restore,Method TestRestoreNonCompletedChunkMappingReturnsNoRestorableChunksError has a cyclomatic complexity of 10 (li,review-for-suppression-or-backlog
CK-110-0671,CK-110-M068,a8945194b6991fd126b998f847fdb967,Lizard,Lizard_nloc-medium,internal/benchmark/corpus.go,benchmark,S3,benchmark,Method StandardCorpora has 195 lines of code (limit is 50),review-for-suppression-or-backlog
CK-110-0672,CK-110-M057,12c0d071e387b52ee07c4d2582cb871d,Opengrep,Semgrep_go_file-permissions_rule-mkdir,tests/utils/common.go,test,S3,filesystem,The application was found setting directory permissions to overly permissive values.,review-for-suppression-or-backlog
CK-110-0673,CK-110-M057,169d92a85b883e86347671af6ec7cdb,Opengrep,Semgrep_go.lang.correctness.permissions.file_permission.incorrect-default-permission,tests/utils/common.go,test,S3,filesystem,Detected file permissions that are set to more than `0600` (user/owner can read and write). Setting file permi,review-for-suppression-or-backlog
CK-110-0674,CK-110-M063,711fb375de5b1e60f3ae84eb0d66f48d,Opengrep,Semgrep_go_file-permissions_rule-mkdir,tests/adversarial/g4_non_destructive_gc_adversarial_test.go,test,S3,gc,The application was found setting directory permissions to overly permissive values.,review-for-suppression-or-backlog
CK-110-0675,CK-110-M048,7ecdc06a00095ee8d3a135123c1cada,Opengrep,Semgrep_go.lang.security.audit.sqli.gosql-sqli.gosql-sqli,internal/db/migrations_test.go,test,S3,migration,"Detected string concatenation with a non-literal variable in a ""database/sql"" Go SQL statement.",review-for-suppression-or-backlog
CK-110-0676,CK-110-M062,c26baa8e9aa3d11de208a1aa57d4504d,Lizard,Lizard_nloc-medium,internal/maintenance/stats_test.go,test,S3,gc,Method TestRunStatsResultIncludesChunkCountsByVersion has 72 lines of code (limit is 50),review-for-suppression-or-backlog
CK-110-0677,CK-110-M062,4f8cebff366b1ef45705547fcae86707,Lizard,Lizard_ccn-medium,internal/maintenance/gc_test.go,test,S3,gc,Method TestRunGCMixedCompressionAgnosticPackedReachabilityAndRestoreStep311 has a cyclomatic complexity of 25 ,review-for-suppression-or-backlog
CK-110-0678,CK-110-M051,e199f94ce72b54496513f62d2a44699c,Lizard,Lizard_nloc-medium,internal/storage/store_v2chunker_test.go,test,S3,storage,Method TestStoreResolvesChunkerOncePerOperation has 104 lines of code (limit is 50),review-for-suppression-or-backlog
CK-110-0679,CK-110-M072,30a7f8662fb1aa175e76b4cbc48cec2c,markdownlint,markdownlint_MD032,docs/BENCHMARK_METRICS.md,docs,S4,docs,Lists should be surrounded by blank lines,review-for-suppression-or-backlog
CK-110-0681,CK-110-M059,4417049b2cba20481374c366a6185c88,Opengrep,Semgrep_go_sql_rule-concat-sqli,internal/observability/service_test.go,test,S3,security,SQL Injection is a critical vulnerability that can lead to data or system compromise.,review-for-suppression-or-backlog
CK-110-0682,CK-110-M072,479d6a359329aec365c41a88e72e4ca9,markdownlint,markdownlint_MD032,docs/benchmarking.md,docs,S4,docs,Lists should be surrounded by blank lines,review-for-suppression-or-backlog
CK-110-0686,CK-110-M068,5269adebecef364f5edab59a4c607a2a,Lizard,Lizard_nloc-medium,internal/chunk/benchmark/datasets.go,benchmark,S3,benchmark,Method DefaultDatasets has 58 lines of code (limit is 50),review-for-suppression-or-backlog
CK-110-0687,CK-110-M054,1482b8ff9c624e638564b7caa6670e1f,Lizard,Lizard_file-nloc-medium,internal/verify/verify_system_test.go,test,S3,verify,File internal/verify/verify_system_test.go has 1558 non-comment lines of code,review-for-suppression-or-backlog
CK-110-0689,CK-110-M051,1421f7a06fc7d5a81e59f47fd8b5b08d,Lizard,Lizard_ccn-medium,internal/storage/remove_test.go,test,S3,storage,Method TestRemoveByStoredPathUnlinksSingleMappingAndKeepsSharedLogicalAlive has a cyclomatic complexity of 16 ,review-for-suppression-or-backlog
CK-110-0690,CK-110-M070,fc91f750ab4bb7e798fc6b65b269151e,Lizard,Lizard_nloc-medium,internal/cli/render/stats_test.go,test,S3,codacy,Method TestRenderStatsHumanPrintsChunkerVersionsInSortedOrder has 131 lines of code (limit is 50),review-for-suppression-or-backlog
CK-110-0691,CK-110-M072,7698261b315f0d47048a78094620b3ee,markdownlint,markdownlint_MD022,docs/STEP64_METRICS_VALIDATION.md,docs,S4,docs,Expected: 1; Actual: 0; Below,review-for-suppression-or-backlog
CK-110-0692,CK-110-M057,9feaac8d8d3664ad876ae61aba090ede,Opengrep,Semgrep_go_file-permissions_rule-mkdir,tests/integration/v19_legacy_upgrade_path_integration_test.go,test,S3,filesystem,The application was found setting directory permissions to overly permissive values.,review-for-suppression-or-backlog
CK-110-0694,CK-110-M066,d1e29d5696cbcc2c519741199630d2d8,Lizard,Lizard_ccn-medium,tests/adversarial/g67_deterministic_restore_matrix_test.go,test,S3,restore,Method TestStep67CrossModeDeterminism has a cyclomatic complexity of 11 (limit is 8),review-for-suppression-or-backlog
CK-110-0695,CK-110-M070,a07b8fb2bd1ed41a8f0e22f80b1e081e,Lizard,Lizard_ccn-medium,tests/adversarial/g68_dedup_semantics_matrix_test.go,test,S3,codacy,Method testStep68RunDedupScenario has a cyclomatic complexity of 13 (limit is 8),review-for-suppression-or-backlog
CK-110-0696,CK-110-M060,586ecb7fe6582ca9fb52e4bc8e2a9708,Lizard,Lizard_ccn-medium,internal/storage/storage_block_reader_test.go,test,S3,packed-storage,Method TestStorageBlockReaderCorruptedChunkRefsDoNotProduceSilentInvalidRestore has a cyclomatic complexity of,review-for-suppression-or-backlog
CK-110-0697,CK-110-M067,817aede1431e4d1974fa497441ff9989,Opengrep,Semgrep_go.lang.security.audit.sqli.gosql-sqli.gosql-sqli,internal/storage/restore_test.go,test,S3,restore,"Detected string concatenation with a non-literal variable in a ""database/sql"" Go SQL statement.",review-for-suppression-or-backlog
CK-110-0698,CK-110-M048,4cfa7735654ac43f6a50ab679e6c48a3,Opengrep,Semgrep_go_sql_rule-concat-sqli,internal/db/migrations_test.go,test,S3,migration,SQL Injection is a critical vulnerability that can lead to data or system compromise.,review-for-suppression-or-backlog
CK-110-0699,CK-110-M051,19ecec112e7ea40a1cc838f844957b74,Lizard,Lizard_ccn-medium,internal/chunk/registry_test.go,test,S3,storage,Method TestDefaultChunkerReturnsStableMetadata has a cyclomatic complexity of 13 (limit is 8),review-for-suppression-or-backlog
CK-110-0702,CK-110-M057,ae33d96f14d5b4dee5a0eb4ea6c2d129,Opengrep,Semgrep_go.lang.correctness.permissions.file_permission.incorrect-default-permission,tests/adversarial/g68_dedup_semantics_matrix_test.go,test,S3,filesystem,Detected file permissions that are set to more than `0600` (user/owner can read and write). Setting file permi,review-for-suppression-or-backlog
CK-110-0703,CK-110-M070,b09de34b7b4127bf9e394d0cba338321,Lizard,Lizard_ccn-medium,internal/observability/stats_test.go,test,S3,codacy,Method TestTraceDoesNotMutateState has a cyclomatic complexity of 16 (limit is 8),review-for-suppression-or-backlog
CK-110-0705,CK-110-M052,54d3e05cd5f921a04a455169208b4b38,Opengrep,Semgrep_go_filesystem_rule-fileread,internal/storage/store_compression_feature_gate_test.go,test,S3,storage,The application dynamically constructs file or path information.,review-for-suppression-or-backlog
CK-110-0707,CK-110-M070,8b9b265351e9aa41da32e22a8bf5faca,Lizard,Lizard_nloc-medium,tests/integration/v18_migration_compatibility_integration_test.go,test,S3,codacy,Method TestPhase7BuildDeterministicV17StyleFixtureIntegration has 126 lines of code (limit is 50),review-for-suppression-or-backlog
CK-110-0709,CK-110-M063,2009e51e590054db1e1ffe9c0cc742e6,Opengrep,Semgrep_go_sql_rule-concat-sqli,internal/gc/plan_test.go,test,S3,gc,SQL Injection is a critical vulnerability that can lead to data or system compromise.,review-for-suppression-or-backlog
CK-110-0711,CK-110-M057,277277ac5e076c350f763caa49d476de,Opengrep,Semgrep_go_file-permissions_rule-fileperm,tests/utils/common.go,test,S3,filesystem,The application was found setting file permissions to overly permissive values.,review-for-suppression-or-backlog
CK-110-0712,CK-110-M052,c11a7f1d1bf8002889f13a4fa4807b0e,Opengrep,Semgrep_go_file-permissions_rule-mkdir,internal/storage/phase1_compat_matrix_test.go,test,S3,storage,The application was found setting directory permissions to overly permissive values.,review-for-suppression-or-backlog
CK-110-0713,CK-110-M057,32031d0c30a1fb2db64ef445858b8753,Opengrep,Semgrep_go_file-permissions_rule-mkdir,tests/adversarial/g9_batch_semantics_adversarial_test.go,test,S3,filesystem,The application was found setting directory permissions to overly permissive values.,review-for-suppression-or-backlog
CK-110-0716,CK-110-M059,bbbc9d35b0cbb121c5f51cdaa147e9a8,Opengrep,Semgrep_go_sql_rule-concat-sqli,tests/adversarial/g2_inconsistent_state_adversarial_test.go,test,S3,security,SQL Injection is a critical vulnerability that can lead to data or system compromise.,review-for-suppression-or-backlog
CK-110-0717,CK-110-M067,4fd930057451efbcf43933a200233b77,Opengrep,Semgrep_go_file-permissions_rule-mkdir,tests/adversarial/g1_deterministic_restore_adversarial_test.go,test,S3,restore,The application was found setting directory permissions to overly permissive values.,review-for-suppression-or-backlog
CK-110-0718,CK-110-M052,6e06d6a031a1fd49181170e7574dd86e,Opengrep,Semgrep_go_file-permissions_rule-fileperm,internal/container/container_test.go,test,S3,storage,The application was found setting file permissions to overly permissive values.,review-for-suppression-or-backlog
CK-110-0719,CK-110-M072,ac12d80a028e3c49bed6ff2aa112283c,markdownlint,markdownlint_MD032,docs/STEP64_METRICS_VALIDATION.md,docs,S4,docs,Lists should be surrounded by blank lines,review-for-suppression-or-backlog
CK-110-0720,CK-110-M070,9ffe6e56c6ead6b4f2fc3c283538b958,Lizard,Lizard_nloc-medium,internal/listing/list_test.go,test,S3,codacy,Method TestListFilesReturnsCurrentStatePhysicalPaths has 62 lines of code (limit is 50),review-for-suppression-or-backlog
CK-110-0721,CK-110-M060,326dc1248dbf8678f6f297646cb9d53d,Lizard,Lizard_ccn-medium,internal/storage/storage_block_reader_test.go,test,S3,packed-storage,Method assertRestoreVerifyStageCompatibility has a cyclomatic complexity of 9 (limit is 8),review-for-suppression-or-backlog
CK-110-0722,CK-110-M070,4622b58db7e2b22a8ae8c54006e4e947,Lizard,Lizard_ccn-medium,tests/integration/v18_migration_compatibility_integration_test.go,test,S3,codacy,Method TestPhase7SnapshotCompatibilityIntegration has a cyclomatic complexity of 43 (limit is 8),review-for-suppression-or-backlog
CK-110-0723,CK-110-M072,9023ccf10fe45d9fc3f161c99ee75c0c,markdownlint,markdownlint_MD032,docs/BENCHMARK_CORPORA.md,docs,S4,docs,Lists should be surrounded by blank lines,review-for-suppression-or-backlog
CK-110-0726,CK-110-M023,200728edab78218fd51ceed827a337ea,Opengrep,Semgrep_go_subproc_rule-subproc,tests/adversarial/g10_g13_physical_graph_adversarial_test.go,test,S1,codacy,OS command injection is a critical vulnerability that can lead to a full system compromise as it may allow an ,review-for-suppression-or-backlog
CK-110-0727,CK-110-M049,2b7b9d6a7ceca2f37118535c73d5db01,Lizard,Lizard_file-nloc-medium,tests/adversarial/g14_g17_snapshot_retention_adversarial_test.go,test,S3,snapshot,File tests/adversarial/g14_g17_snapshot_retention_adversarial_test.go has 538 non-comment lines of code,review-for-suppression-or-backlog
CK-110-0730,CK-110-M062,ac6c33317bac4e489f13a3124bce0227,Lizard,Lizard_ccn-medium,internal/maintenance/stats_test.go,test,S3,gc,Method TestRunStatsResultIncludesSnapshotRetentionVisibility has a cyclomatic complexity of 13 (limit is 8),review-for-suppression-or-backlog
CK-110-0731,CK-110-M070,9e5b48acdcc4b03699e0d99bac0078d0,Lizard,Lizard_ccn-medium,internal/observability/inspect_test.go,test,S3,codacy,Method TestInspectLogicalFileForwardRelations has a cyclomatic complexity of 10 (limit is 8),review-for-suppression-or-backlog
CK-110-0732,CK-110-M070,a5190c9560ce3e8f7c7b3068fe92d88e,Lizard,Lizard_ccn-medium,internal/iodebug/counters_test.go,test,S3,codacy,Method TestCountersEnabledSnapshotAndFlush has a cyclomatic complexity of 16 (limit is 8),review-for-suppression-or-backlog
CK-110-0733,CK-110-M062,333bfa1486130cce2af2c9d260a8d5f5,Lizard,Lizard_ccn-medium,internal/maintenance/stats_test.go,test,S3,gc,Method TestRunStatsResultVersionTotalsMatchDatabaseReality has a cyclomatic complexity of 10 (limit is 8),review-for-suppression-or-backlog
CK-110-0735,CK-110-M057,dd6e8d4a2c9bc9ac9e1c3ef844691a2e,Opengrep,Semgrep_go_file-permissions_rule-mkdir,tests/adversarial/g8_system_invariants_lifecycle_adversarial_test.go,test,S3,filesystem,The application was found setting directory permissions to overly permissive values.,review-for-suppression-or-backlog
CK-110-0736,CK-110-M070,3f55c6d4ae74b6630b3b35939e55c78f,Lizard,Lizard_nloc-medium,tests/adversarial/g2_inconsistent_state_adversarial_test.go,test,S3,codacy,Method  has 64 lines of code (limit is 50),review-for-suppression-or-backlog
CK-110-0737,CK-110-M070,f82a6ef595f3ae8641af8c35870a77e4,Lizard,Lizard_nloc-medium,tests/integration/v18_migration_compatibility_integration_test.go,test,S3,codacy,Method TestPhase8MetadataMigrationIntegration has 199 lines of code (limit is 50),review-for-suppression-or-backlog
CK-110-0738,CK-110-M070,145fc2bc70664b6d10a974814b96eb5,Lizard,Lizard_ccn-medium,tests/utils/common.go,test,S3,codacy,Method AssertDeepVerifyAggregateError has a cyclomatic complexity of 13 (limit is 8),review-for-suppression-or-backlog
CK-110-0740,CK-110-M070,be6f6d02a8da329f41c8fc2c4a43907b,Lizard,Lizard_nloc-medium,tests/adversarial/g3_no_data_loss_valid_sequences_adversarial_test.go,test,S3,codacy,Method  has 55 lines of code (limit is 50),review-for-suppression-or-backlog
CK-110-0741,CK-110-M063,9f7f705e6c643329e24ce5adfc7ae527,Opengrep,Semgrep_go_sql_rule-concat-sqli,internal/gc/plan_test.go,test,S3,gc,SQL Injection is a critical vulnerability that can lead to data or system compromise.,review-for-suppression-or-backlog
CK-110-0742,CK-110-M066,3386d258fee1db379ed83503a81152a9,Lizard,Lizard_ccn-medium,internal/storage/restore_test.go,test,S3,restore,Method TestRestoreFailsOnPayloadReadShortRead has a cyclomatic complexity of 11 (limit is 8),review-for-suppression-or-backlog
CK-110-0745,CK-110-M072,cef0709c5fb03b648785a2b36bd43510,markdownlint,markdownlint_MD007,docs/benchmarking.md,docs,S4,docs,Expected: 2; Actual: 3,review-for-suppression-or-backlog
CK-110-0746,CK-110-M062,2cbd1785a9bd8d7a56ef923db3d1d13b,Lizard,Lizard_ccn-medium,internal/maintenance/gc_step11_test.go,test,S3,gc,Method TestStep11PackedOnlyDeadBlockDeletionRunGCAndVerify has a cyclomatic complexity of 11 (limit is 8),review-for-suppression-or-backlog
CK-110-0748,CK-110-M054,4a5eed7466e80029c3ac01aefa4363dd,Lizard,Lizard_ccn-medium,internal/verify/verify_system_test.go,test,S3,verify,Method TestVerifyBlockPayloadsDetectsCompressedHashMismatchStageOnCompressedBlock has a cyclomatic complexity ,review-for-suppression-or-backlog
CK-110-0751,CK-110-M066,8e98a6afee3bf721d18f64de0b140e60,Lizard,Lizard_ccn-medium,internal/storage/restore_test.go,test,S3,restore,Method TestRestoreFailureDoesNotCorruptDestination has a cyclomatic complexity of 15 (limit is 8),review-for-suppression-or-backlog
CK-110-0753,CK-110-M062,7bb30f1decbe99a1d4b231e5cc176f0e,Lizard,Lizard_ccn-medium,internal/gc/plan_test.go,test,S3,gc,Method TestReachabilityRootsDocumentation has a cyclomatic complexity of 16 (limit is 8),review-for-suppression-or-backlog
CK-110-0754,CK-110-M063,d949bbc5458bfaedd4fa4304826bf27,Opengrep,Semgrep_go_file-permissions_rule-mkdir,tests/adversarial/g69_gc_safety_matrix_test.go,test,S3,gc,The application was found setting directory permissions to overly permissive values.,review-for-suppression-or-backlog
CK-110-0755,CK-110-M062,7a04767c942fe630e51ec22bda5078ba,Lizard,Lizard_nloc-medium,internal/maintenance/gc_test.go,test,S3,gc,Method TestGCReachabilityMatchesLegacy has 87 lines of code (limit is 50),review-for-suppression-or-backlog
CK-110-0756,CK-110-M069,23bde770e906b8b3af9b1929242c1ac1,Opengrep,Semgrep_go_filesystem_rule-fileread,internal/benchmark/dataset_test.go,test,S3,benchmark,The application dynamically constructs file or path information.,review-for-suppression-or-backlog
CK-110-0758,CK-110-M070,8fcf9301014de11b2c55af63358ad22c,Lizard,Lizard_ccn-medium,internal/observability/stats_test.go,test,S3,codacy,Method TestSnapshotReachabilityViaSQLMatchesLegacyLoop has a cyclomatic complexity of 19 (limit is 8),review-for-suppression-or-backlog
CK-110-0759,CK-110-M051,6409335110a2a7ec8577e4ed8f6363d1,Lizard,Lizard_ccn-medium,internal/chunk/simplecdc/chunker_test.go,test,S3,storage,Method TestChunkFileSplitsAtMaxChunkSizeWhenRollingMaskNeverMatches has a cyclomatic complexity of 12 (limit i,review-for-suppression-or-backlog
CK-110-0760,CK-110-M057,a58891cbcef3de2af8c3d4cb58b5b03d,Opengrep,Semgrep_go_file-permissions_rule-fileperm,tests/adversarial/g2_inconsistent_state_adversarial_test.go,test,S3,filesystem,The application was found setting file permissions to overly permissive values.,review-for-suppression-or-backlog
CK-110-0761,CK-110-M054,7c3632a2cfb81294e1d7e36b4b1ee67a,Lizard,Lizard_ccn-medium,internal/verify/verify_system_test.go,test,S3,verify,Method TestVerifyRepositoryRejectsInvalidDualLegacyPackedMapping has a cyclomatic complexity of 10 (limit is 8,review-for-suppression-or-backlog
CK-110-0762,CK-110-M056,59194f22173e1b109e81a61dc271b7fb,Lizard,Lizard_ccn-medium,tests/integration/read_path_regression_test.go,test,S3,filesystem,Method TestReadPathRestoreAfterMigrationIntegration has a cyclomatic complexity of 10 (limit is 8),review-for-suppression-or-backlog
CK-110-0763,CK-110-M069,a89ea002410061e9c93b0a057ff39257,Opengrep,Semgrep_go_filesystem_rule-fileread,internal/benchmark/dataset_test.go,test,S3,benchmark,The application dynamically constructs file or path information.,review-for-suppression-or-backlog
CK-110-0765,CK-110-M047,4a22a023e8743909dc3404343ebfbf50,Lizard,Lizard_ccn-medium,internal/db/migrations_test.go,test,S3,migration,Method TestEnsurePostgresSchemaAutoMigratesVersionElevenToTwelve has a cyclomatic complexity of 13 (limit is 8,review-for-suppression-or-backlog
CK-110-0766,CK-110-M067,9b1694bdbbf4bd6e318d6807dcd28126,Opengrep,Semgrep_go_filesystem_rule-fileread,tests/adversarial/g1_deterministic_restore_adversarial_test.go,test,S3,restore,The application dynamically constructs file or path information.,review-for-suppression-or-backlog
CK-110-0767,CK-110-M070,a5e10444dd8919a0ff0c65f063049f42,Lizard,Lizard_ccn-medium,internal/observability/inspect_test.go,test,S3,codacy,Method TestInspectLogicalFileReverseRelations has a cyclomatic complexity of 11 (limit is 8),review-for-suppression-or-backlog
CK-110-0768,CK-110-M057,90fd2ddc8ca2a9d8078be283d5e4cf0c,Opengrep,Semgrep_go_file-permissions_rule-fileperm,tests/integration/v18_migration_compatibility_integration_test.go,test,S3,filesystem,The application was found setting file permissions to overly permissive values.,review-for-suppression-or-backlog
CK-110-0769,CK-110-M057,f4e13b465026c2b934f55062ed9d72bb,Opengrep,Semgrep_go.lang.correctness.permissions.file_permission.incorrect-default-permission,tests/adversarial/g9_batch_semantics_adversarial_test.go,test,S3,filesystem,Detected file permissions that are set to more than `0600` (user/owner can read and write). Setting file permi,review-for-suppression-or-backlog
CK-110-0770,CK-110-M070,59b2957a194e6e9f956f7ad66abb7e2b,Lizard,Lizard_nloc-medium,tests/adversarial/g7_deep_corruption_adversarial_test.go,test,S3,codacy,Method  has 54 lines of code (limit is 50),review-for-suppression-or-backlog
CK-110-0771,CK-110-M066,c716dcc0cef7c94e0284958cb14c2929,Lizard,Lizard_ccn-medium,internal/storage/restore_test.go,test,S3,restore,Method TestRestorePinningFailsOnMalformedChunkChunkerVersion has a cyclomatic complexity of 11 (limit is 8),review-for-suppression-or-backlog
CK-110-0772,CK-110-M070,3836c700f64bd63306bc68dd9676f728,Lizard,Lizard_ccn-medium,internal/observability/inspect_test.go,test,S3,codacy,Method TestInspectContainerIncludesReverseRelations has a cyclomatic complexity of 10 (limit is 8),review-for-suppression-or-backlog
CK-110-0773,CK-110-M051,1860a729a8b2d23233515a252e2e7e9a,Lizard,Lizard_nloc-medium,tests/adversarial/v110_s0_chunk_reuse_bounds_stabilization_test.go,test,S3,storage,Method  has 104 lines of code (limit is 50),review-for-suppression-or-backlog
CK-110-0774,CK-110-M072,2bf400f9828be5d2b412bd982ef0114e,markdownlint,markdownlint_MD032,docs/STEP64_METRICS_VALIDATION.md,docs,S4,docs,Lists should be surrounded by blank lines,review-for-suppression-or-backlog
CK-110-0775,CK-110-M070,e4a64f5ec1b71e405dbb58bad5dc8671,Lizard,Lizard_nloc-medium,internal/graph/reachability_test.go,test,S3,codacy,Method TestGetReachableChunksFromSnapshots has 53 lines of code (limit is 50),review-for-suppression-or-backlog
CK-110-0777,CK-110-M054,77993102551336b2b9a4b815a6867246,Lizard,Lizard_nloc-medium,internal/verify/verify_system_test.go,test,S3,verify,Method seedVerifyLegacyBlockFixture has 62 lines of code (limit is 50),review-for-suppression-or-backlog
CK-110-0778,CK-110-M072,cb9ba31e5e33617c1e2dd5d5482bde76,markdownlint,markdownlint_MD032,docs/STEP64_METRICS_VALIDATION.md,docs,S4,docs,Lists should be surrounded by blank lines,review-for-suppression-or-backlog
CK-110-0779,CK-110-M057,785af5af6ea2eb430ed603d267eec723,Opengrep,Semgrep_go_filesystem_rule-fileread,tests/adversarial/g9_batch_semantics_adversarial_test.go,test,S3,filesystem,The application dynamically constructs file or path information.,review-for-suppression-or-backlog
CK-110-0780,CK-110-M057,360ad77ad8288a96f70db41836534fa4,Opengrep,Semgrep_go.lang.correctness.permissions.file_permission.incorrect-default-permission,tests/adversarial/g10_g13_physical_graph_adversarial_test.go,test,S3,filesystem,Detected file permissions that are set to more than `0600` (user/owner can read and write). Setting file permi,review-for-suppression-or-backlog
CK-110-0781,CK-110-M070,1a8d3ddcff9af1fc86829caf73e5ac6f,Lizard,Lizard_ccn-medium,internal/graph/traversal_test.go,test,S3,codacy,Method TestTraverseDeterministicOrder has a cyclomatic complexity of 11 (limit is 8),review-for-suppression-or-backlog
CK-110-0782,CK-110-M047,d69752da1e67b8349e990074c86c1610,Lizard,Lizard_ccn-medium,internal/db/migrations_test.go,test,S3,migration,Method TestRunMigrationsCreatesCompressionConfigDefaults has a cyclomatic complexity of 9 (limit is 8),review-for-suppression-or-backlog
CK-110-0783,CK-110-M070,950ff4f44230b71467b64260182491a4,Lizard,Lizard_ccn-medium,internal/retention/reachability_test.go,test,S3,codacy,Method TestComputeReachabilitySummary has a cyclomatic complexity of 13 (limit is 8),review-for-suppression-or-backlog
CK-110-0784,CK-110-M062,be8d31b2370f8fe0921dce70084c5936,Lizard,Lizard_ccn-medium,internal/maintenance/gc_packed_test.go,test,S3,gc,Method TestSweepUnreachableChunksMetadataOrderTransactionSafety has a cyclomatic complexity of 17 (limit is 8),review-for-suppression-or-backlog
CK-110-0785,CK-110-M070,9be01cf05808025fe715ee27cf262b28,Lizard,Lizard_nloc-medium,tests/adversarial/g6_concurrent_operations_adversarial_test.go,test,S3,codacy,Method  has 54 lines of code (limit is 50),review-for-suppression-or-backlog
CK-110-0787,CK-110-M052,feacc00419c89bb306a6807aa4a1d296,Opengrep,Semgrep_go_filesystem_rule-fileread,internal/storage/phase1_compat_matrix_test.go,test,S3,storage,The application dynamically constructs file or path information.,review-for-suppression-or-backlog
CK-110-0788,CK-110-M050,8379a10c70dd466fca5dd7b2c6daca60,Opengrep,Semgrep_go_file-permissions_rule-mkdir,tests/adversarial/g14_g17_snapshot_retention_adversarial_test.go,test,S3,snapshot,The application was found setting directory permissions to overly permissive values.,review-for-suppression-or-backlog
CK-110-0789,CK-110-M055,bd133fd824db1ad7a2bd1f842c180b4f,Opengrep,Semgrep_go_filesystem_rule-fileread,internal/verify/verify_system_test.go,test,S3,verify,The application dynamically constructs file or path information.,review-for-suppression-or-backlog
CK-110-0790,CK-110-M068,6f9c292c232389523c5b8c4dfed1bbf,Lizard,Lizard_ccn-medium,internal/benchmark/dataset.go,benchmark,S3,benchmark,Method GenerateDataset has a cyclomatic complexity of 10 (limit is 8),review-for-suppression-or-backlog
CK-110-0792,CK-110-M051,1d965d6be1a16738fc5a1e9e1b0f6467,Lizard,Lizard_nloc-medium,internal/storage/store_compression_feature_gate_test.go,test,S3,storage,Method runCompressionSmokeMeasurement has 55 lines of code (limit is 50),review-for-suppression-or-backlog
CK-110-0793,CK-110-M052,488f0ad23a38e382e876ee90d7d98c5b,Opengrep,Semgrep_go_filesystem_rule-fileread,internal/storage/store_compression_feature_gate_test.go,test,S3,storage,The application dynamically constructs file or path information.,review-for-suppression-or-backlog
CK-110-0794,CK-110-M070,9b833b19c7b2e4218b3ccca7c1a9b9e4,Lizard,Lizard_ccn-medium,internal/observability/service_test.go,test,S3,codacy,Method TestSimulateGCMatchesGCPlan has a cyclomatic complexity of 10 (limit is 8),review-for-suppression-or-backlog
CK-110-0795,CK-110-M070,852c3aceb8dcf66aa0ca50ab8fa76fc6,Lizard,Lizard_ccn-medium,internal/observability/inspect_test.go,test,S3,codacy,Method TestInspectRepositoryBasic has a cyclomatic complexity of 19 (limit is 8),review-for-suppression-or-backlog
CK-110-0796,CK-110-M057,aaf2ab4734e8d77eb75663a672767e4f,Opengrep,Semgrep_go.lang.correctness.permissions.file_permission.incorrect-default-permission,tests/utils/common.go,test,S3,filesystem,Detected file permissions that are set to more than `0600` (user/owner can read and write). Setting file permi,review-for-suppression-or-backlog
CK-110-0797,CK-110-M062,65f840a78aad9feab61c58f866624454,Lizard,Lizard_ccn-medium,internal/maintenance/stats_test.go,test,S3,gc,Method TestCollectBlockStatsAndRunStatsExposure has a cyclomatic complexity of 31 (limit is 8),review-for-suppression-or-backlog
CK-110-0798,CK-110-M068,3a0ad916b03c1ef5d3ef3cfe2ac92d0d,Lizard,Lizard_ccn-medium,internal/benchmark/runner_test.go,test,S3,benchmark,Method TestRunBenchmarkRunsCasesInOrderWithIsolatedContexts has a cyclomatic complexity of 13 (limit is 8),review-for-suppression-or-backlog
CK-110-0799,CK-110-M072,fdf1ecd8cb857568e0ad03020ee56e35,markdownlint,markdownlint_MD022,docs/STEP64_METRICS_VALIDATION.md,docs,S4,docs,Expected: 1; Actual: 0; Below,review-for-suppression-or-backlog
CK-110-0800,CK-110-M057,8626f34c8a6369244f61e0efa511968c,Opengrep,Semgrep_go_file-permissions_rule-fileperm,tests/integration/v18_migration_compatibility_integration_test.go,test,S3,filesystem,The application was found setting file permissions to overly permissive values.,review-for-suppression-or-backlog
CK-110-0802,CK-110-M057,c1da8eb73a81db7b8ab88349c3aa4f3,Opengrep,Semgrep_go_file-permissions_rule-mkdir,tests/adversarial/g7_deep_corruption_adversarial_test.go,test,S3,filesystem,The application was found setting directory permissions to overly permissive values.,review-for-suppression-or-backlog
CK-110-0804,CK-110-M070,36ba8bd036531ffe54e4a512a3cb1daf,Lizard,Lizard_nloc-medium,tests/integration/v18_migration_compatibility_integration_test.go,test,S3,codacy,Method TestPhase7BuildFixtureWithActualV17BinaryIntegration has 56 lines of code (limit is 50),review-for-suppression-or-backlog
CK-110-0806,CK-110-M070,27adad97210eda22752810668882b4d3,Lizard,Lizard_ccn-medium,tests/adversarial/g9_batch_semantics_adversarial_test.go,test,S3,codacy,Method  has a cyclomatic complexity of 11 (limit is 8),review-for-suppression-or-backlog
CK-110-0807,CK-110-M060,19573a7492b7bd803058f5992d202677,Lizard,Lizard_ccn-medium,internal/storage/storage_block_reader_test.go,test,S3,packed-storage,Method TestStorageBlockReaderEncryptedPlaintextSizeMismatchDetectedWithoutPartialOutput has a cyclomatic compl,review-for-suppression-or-backlog
CK-110-0808,CK-110-M072,aa091c4a5558b76896b4e781bda47570,markdownlint,markdownlint_MD032,docs/STEP64_METRICS_VALIDATION.md,docs,S4,docs,Lists should be surrounded by blank lines,review-for-suppression-or-backlog
CK-110-0809,CK-110-M068,323991c40433359d78316e980834c730,Lizard,Lizard_nloc-medium,internal/benchmark/runner.go,benchmark,S3,benchmark,Method RunBenchmark has 59 lines of code (limit is 50),review-for-suppression-or-backlog
CK-110-0810,CK-110-M072,2be70ecb8350b556c47050e1bc7b92b2,markdownlint,markdownlint_MD007,docs/benchmarking.md,docs,S4,docs,Expected: 2; Actual: 3,review-for-suppression-or-backlog
CK-110-0811,CK-110-M066,8d92d0621593360cdfb020852534cf8d,Lizard,Lizard_ccn-medium,internal/storage/restore_test.go,test,S3,restore,Method TestRestoreFailurePreservesExistingOutput has a cyclomatic complexity of 14 (limit is 8),review-for-suppression-or-backlog
CK-110-0812,CK-110-M048,e7ab140c605c507ff505ae7b90aac276,Opengrep,Semgrep_go.lang.security.audit.sqli.gosql-sqli.gosql-sqli,internal/db/migrations_test.go,test,S3,migration,"Detected string concatenation with a non-literal variable in a ""database/sql"" Go SQL statement.",review-for-suppression-or-backlog
CK-110-0814,CK-110-M057,8e44f920c9f8053b329ca827cdb034a4,Opengrep,Semgrep_go.lang.correctness.permissions.file_permission.incorrect-default-permission,tests/integration/v18_migration_compatibility_integration_test.go,test,S3,filesystem,Detected file permissions that are set to more than `0600` (user/owner can read and write). Setting file permi,review-for-suppression-or-backlog
CK-110-0815,CK-110-M047,9c6f1ed5839cd694bea77e12340f94e3,Lizard,Lizard_nloc-medium,internal/db/migrations_test.go,test,S3,migration,Method TestRunMigrationsBackfillsPhysicalFileForLegacyLogicalFiles has 108 lines of code (limit is 50),review-for-suppression-or-backlog
CK-110-0816,CK-110-M056,f12a5bfdb4429a9c08c844d7f8ec2334,Lizard,Lizard_file-nloc-medium,internal/observability/inspect_test.go,test,S3,filesystem,File internal/observability/inspect_test.go has 1154 non-comment lines of code,review-for-suppression-or-backlog
CK-110-0817,CK-110-M062,885f98a1d1110594b9df057332af9e3,Lizard,Lizard_ccn-medium,internal/maintenance/stats_test.go,test,S3,gc,Method TestRunStatsResultBucketsUnknownChunkerMetadata has a cyclomatic complexity of 9 (limit is 8),review-for-suppression-or-backlog
CK-110-0818,CK-110-M054,2488dc208f8f378c4e174e7aa673e3a3,Lizard,Lizard_nloc-medium,internal/verify/verify_system_test.go,test,S3,verify,Method TestVerifyRepositoryRejectsInvalidDualLegacyPackedMapping has 64 lines of code (limit is 50),review-for-suppression-or-backlog
CK-110-0819,CK-110-M063,cb3b7d8d4b7b01010c7d804fb5710dca,Opengrep,Semgrep_go_sql_rule-concat-sqli,internal/gc/plan_test.go,test,S3,gc,SQL Injection is a critical vulnerability that can lead to data or system compromise.,review-for-suppression-or-backlog
CK-110-0820,CK-110-M070,27f32c6740840c21ef84ec4a1be3fc8c,Lizard,Lizard_nloc-medium,internal/cli/render/stats_test.go,test,S3,codacy,Method TestRenderStatsJSONWritesResultPayload has 66 lines of code (limit is 50),review-for-suppression-or-backlog
CK-110-0821,CK-110-M068,52932e13b0f0c7f0427547f17b1413cb,Lizard,Lizard_nloc-medium,internal/verify/verify_performance_benchmark_test.go,test,S3,benchmark,Method  has 67 lines of code (limit is 50),review-for-suppression-or-backlog
CK-110-0822,CK-110-M048,6aeca5bb38bb98de38b07f9c319e5c5a,Opengrep,Semgrep_go.lang.security.audit.sqli.gosql-sqli.gosql-sqli,internal/db/migrations_test.go,test,S3,migration,"Detected string concatenation with a non-literal variable in a ""database/sql"" Go SQL statement.",review-for-suppression-or-backlog
CK-110-0823,CK-110-M072,d402a9f6a54326f43f63fc77edd238ad,markdownlint,markdownlint_MD032,docs/BENCHMARK_CORPORA.md,docs,S4,docs,Lists should be surrounded by blank lines,review-for-suppression-or-backlog
CK-110-0824,CK-110-M057,3fc10e7c3c14e65c6588e1474b887f54,Opengrep,Semgrep_go_file-permissions_rule-mkdir,tests/integration/v19_legacy_upgrade_path_integration_test.go,test,S3,filesystem,The application was found setting directory permissions to overly permissive values.,review-for-suppression-or-backlog
CK-110-0826,CK-110-M070,9f80f70816e2336758fb9eae5a39d18c,Lizard,Lizard_ccn-medium,tests/adversarial/g8_system_invariants_lifecycle_adversarial_test.go,test,S3,codacy,Method verifyInvariantConvergenceG8 has a cyclomatic complexity of 13 (limit is 8),review-for-suppression-or-backlog
CK-110-0827,CK-110-M047,2a1c100a13369668d5f59fd54c2d4ca1,Lizard,Lizard_nloc-medium,internal/db/migrations_test.go,test,S3,migration,Method TestLoadSQLiteSchemaCreatesPhaseOneV8FreshBootstrap has 87 lines of code (limit is 50),review-for-suppression-or-backlog
CK-110-0831,CK-110-M060,2b22c7ab41488b6cfe166c09f0b087f6,Lizard,Lizard_ccn-medium,internal/storage/storage_block_reader_test.go,test,S3,packed-storage,Method TestStorageBlockReaderLogicalHashMismatchOnCompressedFixture has a cyclomatic complexity of 9 (limit is,review-for-suppression-or-backlog
CK-110-0832,CK-110-M070,a310b686f2caaa95c0b998ad30c0dcfd,Lizard,Lizard_ccn-medium,tests/utils/common.go,test,S3,codacy,Method RunFixtureFolderEndToEnd has a cyclomatic complexity of 20 (limit is 8),review-for-suppression-or-backlog
CK-110-0833,CK-110-M056,d6279bc85950d7080ed2325ae485719a,Lizard,Lizard_ccn-medium,tests/integration/read_path_regression_test.go,test,S3,filesystem,Method TestReadPathRestoreNewlyStoredFileAfterPhase3Integration has a cyclomatic complexity of 12 (limit is 8),review-for-suppression-or-backlog
CK-110-0835,CK-110-M059,e8a56a6a3263e8cf7ccc42ccea973344,Opengrep,Semgrep_go_sql_rule-concat-sqli,tests/adversarial/g6_concurrent_operations_adversarial_test.go,test,S3,security,SQL Injection is a critical vulnerability that can lead to data or system compromise.,review-for-suppression-or-backlog
CK-110-0836,CK-110-M047,240f226cfde97c153501f269cca7e416,Lizard,Lizard_ccn-medium,internal/db/migrations_test.go,test,S3,migration,Method TestRunMigrationsBackfillsPhysicalFileForLegacyLogicalFiles has a cyclomatic complexity of 22 (limit is,review-for-suppression-or-backlog
CK-110-0841,CK-110-M067,2c099f2e9e09cb41fa1a92c42bdc2218,Opengrep,Semgrep_go_filesystem_rule-fileread,internal/storage/restore_test.go,test,S3,restore,The application dynamically constructs file or path information.,review-for-suppression-or-backlog
CK-110-0843,CK-110-M072,151898c171c006203868ef26ff6900fe,markdownlint,markdownlint_MD032,docs/benchmarking.md,docs,S4,docs,Lists should be surrounded by blank lines,review-for-suppression-or-backlog
CK-110-0844,CK-110-M062,c80e6478aa275096474726281632074e,Lizard,Lizard_file-nloc-medium,internal/maintenance/stats_test.go,test,S3,gc,File internal/maintenance/stats_test.go has 559 non-comment lines of code,review-for-suppression-or-backlog
CK-110-0845,CK-110-M048,fd5431bfd7a21f9052588692e09a0ba7,Opengrep,Semgrep_go_sql_rule-concat-sqli,internal/db/migrations_test.go,test,S3,migration,SQL Injection is a critical vulnerability that can lead to data or system compromise.,review-for-suppression-or-backlog
CK-110-0846,CK-110-M051,1f8d75daf4caad31fc5f8941d430809,Lizard,Lizard_ccn-medium,internal/storage/remove_test.go,test,S3,storage,Method TestRemoveFileByIDZerosRefCountDuringCascade has a cyclomatic complexity of 11 (limit is 8),review-for-suppression-or-backlog
CK-110-0847,CK-110-M070,3006244e3adec13c1639e52a36cf530d,Lizard,Lizard_nloc-medium,internal/observability/inspect_test.go,test,S3,codacy,Method TestInspectRepositoryBasic has 64 lines of code (limit is 50),review-for-suppression-or-backlog
CK-110-0849,CK-110-M067,582630fa95a328a809e9885d7d4ad241,Opengrep,Semgrep_go.lang.correctness.permissions.file_permission.incorrect-default-permission,tests/adversarial/g1_deterministic_restore_adversarial_test.go,test,S3,restore,Detected file permissions that are set to more than `0600` (user/owner can read and write). Setting file permi,review-for-suppression-or-backlog
CK-110-0850,CK-110-M066,8199099614350ad01e2e9b6cdd5122d0,Lizard,Lizard_ccn-medium,tests/adversarial/g67_deterministic_restore_matrix_test.go,test,S3,restore,Method testStep67MatrixVariant has a cyclomatic complexity of 20 (limit is 8),review-for-suppression-or-backlog
CK-110-0851,CK-110-M048,aedb01921962f3071f599749a62d1127,Opengrep,Semgrep_go_sql_rule-concat-sqli,internal/db/migrations_test.go,test,S3,migration,SQL Injection is a critical vulnerability that can lead to data or system compromise.,review-for-suppression-or-backlog
CK-110-0852,CK-110-M072,25031a059546a3a67e2df077e8d2ab44,markdownlint,markdownlint_MD024,docs/benchmarking.md,docs,S4,docs,Multiple headings with the same content,review-for-suppression-or-backlog
CK-110-0853,CK-110-M070,9b9944066fcce0950d79c1892342766b,Lizard,Lizard_ccn-medium,tests/adversarial/g9_batch_semantics_adversarial_test.go,test,S3,codacy,Method  has a cyclomatic complexity of 15 (limit is 8),review-for-suppression-or-backlog
CK-110-0854,CK-110-M051,d6946c256c6342eaeda7bb2d3c213914,Lizard,Lizard_ccn-medium,internal/container/container_test.go,test,S3,storage,Method TestFileContainerMethodsFailWhenClosed has a cyclomatic complexity of 10 (limit is 8),review-for-suppression-or-backlog
CK-110-0855,CK-110-M057,5052279977744f6a7125e3c5db8887ea,Opengrep,Semgrep_go_file-permissions_rule-fileperm,tests/adversarial/g2_inconsistent_state_adversarial_test.go,test,S3,filesystem,The application was found setting file permissions to overly permissive values.,review-for-suppression-or-backlog
CK-110-0856,CK-110-M057,6af12eb21ab767fc973ee5befd7988f4,Opengrep,Semgrep_go_file-permissions_rule-fileperm,tests/integration/v18_migration_compatibility_integration_test.go,test,S3,filesystem,The application was found setting file permissions to overly permissive values.,review-for-suppression-or-backlog
CK-110-0859,CK-110-M072,57905440e53cb0176c68b19b56309692,markdownlint,markdownlint_MD032,docs/benchmarking.md,docs,S4,docs,Lists should be surrounded by blank lines,review-for-suppression-or-backlog
CK-110-0860,CK-110-M066,73008e4453103e538b2f4e02d5e44907,Lizard,Lizard_nloc-medium,internal/storage/restore_test.go,test,S3,restore,Method TestBuildRestoreRecipeGraphSemanticsIgnoreTransformLayerHashesStep74 has 66 lines of code (limit is 50),review-for-suppression-or-backlog
CK-110-0861,CK-110-M066,cd13d3f5d76f3dc77b0509f51c80964d,Lizard,Lizard_nloc-medium,internal/storage/restore_test.go,test,S3,restore,Method TestRestorePinningFailsOnEmptyChunkChunkerVersion has 75 lines of code (limit is 50),review-for-suppression-or-backlog
CK-110-0862,CK-110-M051,c9bc48ec94be3121ce2f66a9ab4c00b0,Lizard,Lizard_nloc-medium,internal/storage/physical_file_repository_test.go,test,S3,storage,Method TestStoreFileCaseSensitivity has 53 lines of code (limit is 50),review-for-suppression-or-backlog
CK-110-0863,CK-110-M066,7218f93935681f45463ca5a430f15173,Lizard,Lizard_nloc-medium,internal/storage/restore_test.go,test,S3,restore,Method TestRestoreFailurePreservesExistingOutput has 83 lines of code (limit is 50),review-for-suppression-or-backlog
CK-110-0864,CK-110-M065,4d83c2a41b3b1e835d4acac118c78814,Opengrep,Semgrep_go_file-permissions_rule-fileperm,internal/recovery/system_recovery_test.go,test,S3,recovery,The application was found setting file permissions to overly permissive values.,review-for-suppression-or-backlog
CK-110-0865,CK-110-M072,e092d869ac572166b1ba58a281c7f51a,markdownlint,markdownlint_MD007,docs/benchmarking.md,docs,S4,docs,Expected: 2; Actual: 3,review-for-suppression-or-backlog
CK-110-0866,CK-110-M048,ddc98e911114cb9b4c49e73e58d4bbbf,Opengrep,Semgrep_go_sql_rule-concat-sqli,internal/db/migrations_test.go,test,S3,migration,SQL Injection is a critical vulnerability that can lead to data or system compromise.,review-for-suppression-or-backlog
CK-110-0867,CK-110-M056,29a666021bb505ba527578efd133751e,Lizard,Lizard_file-nloc-medium,internal/retention/reachability_test.go,test,S3,filesystem,File internal/retention/reachability_test.go has 539 non-comment lines of code,review-for-suppression-or-backlog
CK-110-0868,CK-110-M057,adef9dbc64a4456dfebb0e004bf97e3a,Opengrep,Semgrep_go.lang.correctness.permissions.file_permission.incorrect-default-permission,tests/adversarial/g3_no_data_loss_valid_sequences_adversarial_test.go,test,S3,filesystem,Detected file permissions that are set to more than `0600` (user/owner can read and write). Setting file permi,review-for-suppression-or-backlog
CK-110-0870,CK-110-M057,f73cf7fb6169ba298c3a01884c5adfc7,Opengrep,Semgrep_go_file-permissions_rule-mkdir,tests/adversarial/g9_batch_semantics_adversarial_test.go,test,S3,filesystem,The application was found setting directory permissions to overly permissive values.,review-for-suppression-or-backlog
CK-110-0871,CK-110-M066,39598aebabe9c38c249d0de794cd406e,Lizard,Lizard_ccn-medium,internal/storage/restore_test.go,test,S3,restore,Method TestPinLogicalFileRestoreChunksReturnsOrderedChunkRows has a cyclomatic complexity of 12 (limit is 8),review-for-suppression-or-backlog
CK-110-0872,CK-110-M054,fecd344a1f45ba26f7a74c56438bf1fc,Lizard,Lizard_nloc-medium,internal/verify/verify_system_test.go,test,S3,verify,Method seedVerifyCompressedPackedBlockFixture has 108 lines of code (limit is 50),review-for-suppression-or-backlog
CK-110-0873,CK-110-M072,732288809d95946465f0275483cf13cb,markdownlint,markdownlint_MD007,docs/benchmarking.md,docs,S4,docs,Expected: 2; Actual: 3,review-for-suppression-or-backlog
CK-110-0875,CK-110-M066,9f9ebb25722ad8c7b3d2774633678102,Lizard,Lizard_nloc-medium,internal/storage/restore_test.go,test,S3,restore,Method TestRestoreFailsOnCreateTempFilePermissionDenied has 81 lines of code (limit is 50),review-for-suppression-or-backlog
CK-110-0877,CK-110-M072,9897c5ce1aaeeaa349237e5ca3af971c,markdownlint,markdownlint_MD024,docs/benchmarking.md,docs,S4,docs,Multiple headings with the same content,review-for-suppression-or-backlog
CK-110-0878,CK-110-M072,f21aa09158f89c07d74f03e648c1b4bc,markdownlint,markdownlint_MD022,docs/STEP64_METRICS_VALIDATION.md,docs,S4,docs,Expected: 1; Actual: 0; Below,review-for-suppression-or-backlog
CK-110-0880,CK-110-M072,89aca45ce1c74060cbb848c995d4632a,markdownlint,markdownlint_MD007,docs/benchmarking.md,docs,S4,docs,Expected: 2; Actual: 3,review-for-suppression-or-backlog
CK-110-0881,CK-110-M070,6e8a7c1b575998c832951afd07f0eb4,Lizard,Lizard_ccn-medium,internal/observability/cross_consistency_test.go,test,S3,codacy,Method TestCrossConsistency_SimulateGCMatchesGCPlanExactly has a cyclomatic complexity of 15 (limit is 8),review-for-suppression-or-backlog
CK-110-0882,CK-110-M062,b7f6693974703dd8f538875db70273e1,Lizard,Lizard_ccn-medium,internal/maintenance/gc_step11_test.go,test,S3,gc,Method TestStep11MixedLegacyAndPackedRepoRestoreRemainingAndVerify has a cyclomatic complexity of 17 (limit is,review-for-suppression-or-backlog
CK-110-0884,CK-110-M047,ba1fc3401371c9e7aceba8ffe4f29dcd,Lizard,Lizard_nloc-medium,internal/db/migrations_test.go,test,S3,migration,Method TestRunMigrationsMigratesLegacySnapshotV7ToV8WithoutDataLoss has 263 lines of code (limit is 50),review-for-suppression-or-backlog
CK-110-0886,CK-110-M063,4114371927ceccb7ff543c87c98eaeaa,Opengrep,Semgrep_go_file-permissions_rule-fileperm,internal/maintenance/gc_test.go,test,S3,gc,The application was found setting file permissions to overly permissive values.,review-for-suppression-or-backlog
CK-110-0887,CK-110-M062,7359bfd2c964f902e060a80b1eb5e99c,Lizard,Lizard_ccn-medium,internal/maintenance/gc_test.go,test,S3,gc,Method TestRunGCSucceedsAfterRepairLogicalRefCounts has a cyclomatic complexity of 11 (limit is 8),review-for-suppression-or-backlog
CK-110-0888,CK-110-M052,649bcc9e3fbba13581ebd87b2dc866cf,Opengrep,Semgrep_go_file-permissions_rule-mkdir,tests/adversarial/v110_s0_chunk_reuse_bounds_stabilization_test.go,test,S3,storage,The application was found setting directory permissions to overly permissive values.,review-for-suppression-or-backlog
CK-110-0889,CK-110-M067,af83eea41086bb59481c8de2975dab82,Opengrep,Semgrep_go_file-permissions_rule-fileperm,internal/storage/restore_test.go,test,S3,restore,The application was found setting file permissions to overly permissive values.,review-for-suppression-or-backlog
CK-110-0891,CK-110-M072,95bddb88e745fc114c87f12a4e399d1c,markdownlint,markdownlint_MD022,docs/STEP64_METRICS_VALIDATION.md,docs,S4,docs,Expected: 1; Actual: 0; Below,review-for-suppression-or-backlog
CK-110-0892,CK-110-M072,92c938b3b501d245457db4eebab0a16b,markdownlint,markdownlint_MD032,docs/STEP64_METRICS_VALIDATION.md,docs,S4,docs,Lists should be surrounded by blank lines,review-for-suppression-or-backlog
CK-110-0893,CK-110-M070,620fa6a6402ce8965b6d75204de7d303,Lizard,Lizard_ccn-medium,tests/adversarial/g6_concurrent_operations_adversarial_test.go,test,S3,codacy,Method  has a cyclomatic complexity of 12 (limit is 8),review-for-suppression-or-backlog
CK-110-0894,CK-110-M051,54e48a9da7b0bcf6ecd79061e840e8c2,Lizard,Lizard_ccn-medium,internal/storage/remove_test.go,test,S3,storage,Method TestGetLogicalFileInspectInfoWithDBFound has a cyclomatic complexity of 12 (limit is 8),review-for-suppression-or-backlog
CK-110-0895,CK-110-M070,86ebce338787e55c55c0a44304a76846,Lizard,Lizard_nloc-medium,tests/integration/v18_migration_compatibility_integration_test.go,test,S3,codacy,Method TestPhase9CLICompatibilityIntegration has 211 lines of code (limit is 50),review-for-suppression-or-backlog
CK-110-0898,CK-110-M049,73687e356ca307cf3c377ff751464d6b,Lizard,Lizard_ccn-medium,internal/snapshot/snapshot_fuzz_test.go,test,S3,snapshot,Method  has a cyclomatic complexity of 15 (limit is 8),review-for-suppression-or-backlog
CK-110-0899,CK-110-M072,abb1917d25a0d8063af99ff954688e2f,markdownlint,markdownlint_MD007,docs/benchmarking.md,docs,S4,docs,Expected: 2; Actual: 3,review-for-suppression-or-backlog
CK-110-0900,CK-110-M070,9a475c76dd0d973125127bbb700e83ab,Lizard,Lizard_ccn-medium,internal/batch/executor_test.go,test,S3,codacy,Method TestExecutePreparedFailFastStopsOnlyOnExecutionFailure has a cyclomatic complexity of 9 (limit is 8),review-for-suppression-or-backlog
CK-110-0901,CK-110-M051,38ead8f5ec2a5b1cd15a977616c7534a,Lizard,Lizard_ccn-medium,internal/storage/physical_file_repository_test.go,test,S3,storage,Method TestStoreFileReplacePolicyRetargetsSamePathDifferentContent has a cyclomatic complexity of 15 (limit is,review-for-suppression-or-backlog
CK-110-0903,CK-110-M072,27737fa43e0ce318b2fc1b5800d2c1f2,markdownlint,markdownlint_MD032,docs/benchmarking.md,docs,S4,docs,Lists should be surrounded by blank lines,review-for-suppression-or-backlog
CK-110-0904,CK-110-M057,5a9fc5365912bb03fde4219d5dba1e3a,Opengrep,Semgrep_go.lang.correctness.permissions.file_permission.incorrect-default-permission,tests/adversarial/g3_no_data_loss_valid_sequences_adversarial_test.go,test,S3,filesystem,Detected file permissions that are set to more than `0600` (user/owner can read and write). Setting file permi,review-for-suppression-or-backlog
CK-110-0905,CK-110-M052,aaf7ba3bfcfe8d1477d4b2f23f2c74d8,Opengrep,Semgrep_go_filesystem_rule-fileread,internal/container/container_test.go,test,S3,storage,The application dynamically constructs file or path information.,review-for-suppression-or-backlog
CK-110-0907,CK-110-M070,cac3697ba2d9f529d2344d424a2d86f1,Lizard,Lizard_ccn-medium,tests/adversarial/g9_batch_semantics_adversarial_test.go,test,S3,codacy,Method  has a cyclomatic complexity of 15 (limit is 8),review-for-suppression-or-backlog
CK-110-0909,CK-110-M070,d4986bc6744fe104c35ebca2122ed849,Lizard,Lizard_nloc-medium,tests/adversarial/g68_dedup_semantics_matrix_test.go,test,S3,codacy,Method testStep68RunDedupScenario has 86 lines of code (limit is 50),review-for-suppression-or-backlog
CK-110-0911,CK-110-M070,1551f23b5aa8d86c0ccd83cb4d2373c5,Lizard,Lizard_nloc-medium,internal/graph/reachability_test.go,test,S3,codacy,Method TestGetReachableChunks has 62 lines of code (limit is 50),review-for-suppression-or-backlog
CK-110-0913,CK-110-M051,de8b71c0512b40d3737adc95621f10ea,Lizard,Lizard_nloc-medium,internal/storage/physical_file_repository_test.go,test,S3,storage,Method TestStoreFileMaintainsPhysicalFileAndLogicalRefCountInvariants has 78 lines of code (limit is 50),review-for-suppression-or-backlog
CK-110-0915,CK-110-M051,549b6a4752ced62febf31bb4edee9404,Lizard,Lizard_ccn-medium,internal/storage/remove_test.go,test,S3,storage,Method TestRemoveFileByIDAndRemoveByStoredPathAreSymmetric has a cyclomatic complexity of 21 (limit is 8),review-for-suppression-or-backlog
CK-110-0917,CK-110-M067,599b513119ec20628be9ad79ed72166f,Opengrep,Semgrep_go_file-permissions_rule-fileperm,tests/adversarial/g1_step11_restore_determinism_test.go,test,S3,restore,The application was found setting file permissions to overly permissive values.,review-for-suppression-or-backlog
CK-110-0918,CK-110-M052,3d8f95b03ccc09b62907ced8ce0f47b4,Opengrep,Semgrep_go.lang.correctness.permissions.file_permission.incorrect-default-permission,tests/adversarial/v110_s0_chunk_reuse_bounds_stabilization_test.go,test,S3,storage,Detected file permissions that are set to more than `0600` (user/owner can read and write). Setting file permi,review-for-suppression-or-backlog
CK-110-0919,CK-110-M072,c7824859786959f15effd178dd95e219,markdownlint,markdownlint_MD032,docs/BENCHMARK_METRICS.md,docs,S4,docs,Lists should be surrounded by blank lines,review-for-suppression-or-backlog
CK-110-0920,CK-110-M067,6005f1f1fa3bdac8dab00460f691cc37,Opengrep,Semgrep_go.lang.correctness.permissions.file_permission.incorrect-default-permission,tests/adversarial/g5_atomic_restore_adversarial_test.go,test,S3,restore,Detected file permissions that are set to more than `0600` (user/owner can read and write). Setting file permi,review-for-suppression-or-backlog
CK-110-0921,CK-110-M072,c1b2d7e8cb6e1e41c98cd50c747ea397,markdownlint,markdownlint_MD032,docs/benchmarking.md,docs,S4,docs,Lists should be surrounded by blank lines,review-for-suppression-or-backlog
CK-110-0922,CK-110-M062,79d18a7a654d58496ebf22f72ea02b8,Lizard,Lizard_nloc-medium,internal/maintenance/gc_step11_test.go,test,S3,gc,Method TestStep11PackedBlockPartiallyLiveRetainedRestoreAndVerify has 85 lines of code (limit is 50),review-for-suppression-or-backlog
CK-110-0923,CK-110-M068,b56b184562d5c8fd437a62ac934632be,Lizard,Lizard_ccn-medium,internal/benchmark/scenarios.go,benchmark,S3,benchmark,Method withDefaults has a cyclomatic complexity of 14 (limit is 8),review-for-suppression-or-backlog
CK-110-0924,CK-110-M072,268d53e2d1d281409c0b02bbbccccd9e,markdownlint,markdownlint_MD022,docs/STEP64_METRICS_VALIDATION.md,docs,S4,docs,Expected: 1; Actual: 0; Below,review-for-suppression-or-backlog
CK-110-0925,CK-110-M057,69cc6a13a637ecc31118a719931c7b7c,Opengrep,Semgrep_go.lang.correctness.permissions.file_permission.incorrect-default-permission,tests/integration/read_path_regression_test.go,test,S3,filesystem,Detected file permissions that are set to more than `0600` (user/owner can read and write). Setting file permi,review-for-suppression-or-backlog
CK-110-0926,CK-110-M070,233e6ba4ddff17772248b73cd879aa4d,Lizard,Lizard_ccn-medium,internal/observability/inspect_test.go,test,S3,codacy,Method TestInspectDeepTraversalLimited has a cyclomatic complexity of 13 (limit is 8),review-for-suppression-or-backlog
CK-110-0927,CK-110-M049,ca89d5b7a142123b920422e597fd6b8c,Lizard,Lizard_nloc-medium,tests/adversarial/g14_g17_snapshot_retention_adversarial_test.go,test,S3,snapshot,Method TestAdversarialG15CorruptedSnapshotMetadataDetectionConservativeGC has 85 lines of code (limit is 50),review-for-suppression-or-backlog
CK-110-0928,CK-110-M072,4d7768490ec95f6c77ecc44b1e8e082d,markdownlint,markdownlint_MD032,docs/STEP64_METRICS_VALIDATION.md,docs,S4,docs,Lists should be surrounded by blank lines,review-for-suppression-or-backlog
CK-110-0929,CK-110-M069,f673fa8b82ed2b042355feaaa5972776,Opengrep,Semgrep_go_file-permissions_rule-fileperm,internal/benchmark/determinism_test.go,test,S3,benchmark,The application was found setting file permissions to overly permissive values.,review-for-suppression-or-backlog
CK-110-0930,CK-110-M066,95ef8e0c4d14d6649b9e9109aafd0439,Lizard,Lizard_file-nloc-medium,internal/storage/restore_test.go,test,S3,restore,File internal/storage/restore_test.go has 2487 non-comment lines of code,review-for-suppression-or-backlog
CK-110-0932,CK-110-M054,2b63dfa15c15859e9cef526dbf611b20,Lizard,Lizard_ccn-medium,internal/verify/verify_corruption_fixtures_test.go,test,S3,verify,Method assertLogicalHashStageVerifyFailure has a cyclomatic complexity of 12 (limit is 8),review-for-suppression-or-backlog
CK-110-0933,CK-110-M066,6a857a8f3e77b4a2824525c88f53f695,Lizard,Lizard_nloc-medium,tests/adversarial/g1_deterministic_restore_adversarial_test.go,test,S3,restore,Method  has 57 lines of code (limit is 50),review-for-suppression-or-backlog
CK-110-0934,CK-110-M076,5d220951192132deb0b89efa68940d82,Agentlinter,Agentlinter_clarity_undefined-term,SECURITY.md,docs,S4,codacy,"Undefined acronym ""FOR"" — define on first use or add to glossary.",review-for-suppression-or-backlog
CK-110-0935,CK-110-M070,849a8d39e2149a93cd9eefd5af61db4a,Lizard,Lizard_ccn-medium,tests/adversarial/g68_dedup_semantics_matrix_test.go,test,S3,codacy,Method testStep68DedupMatrixVariant has a cyclomatic complexity of 11 (limit is 8),review-for-suppression-or-backlog
CK-110-0936,CK-110-M057,2fad40b21a78509ffef53fd1521f4079,Opengrep,Semgrep_go_file-permissions_rule-mkdir,tests/adversarial/g10_g13_physical_graph_adversarial_test.go,test,S3,filesystem,The application was found setting directory permissions to overly permissive values.,review-for-suppression-or-backlog
CK-110-0937,CK-110-M070,798752cb0885a8f382073590c2a8bbf5,Lizard,Lizard_ccn-medium,internal/observability/service_test.go,test,S3,codacy,Method TestSimulateGCEmptyRepo has a cyclomatic complexity of 15 (limit is 8),review-for-suppression-or-backlog
CK-110-0940,CK-110-M070,dc7195cb40efa743a14b1530b3a12c31,Lizard,Lizard_ccn-medium,internal/cli/render/simulate_test.go,test,S3,codacy,Method TestRenderSimulationJSONIsDeterministic has a cyclomatic complexity of 9 (limit is 8),review-for-suppression-or-backlog
CK-110-0943,CK-110-M066,16b53bcf4369b9e09e17ab5a320e7c8a,Lizard,Lizard_nloc-medium,internal/storage/restore_test.go,test,S3,restore,Method TestRestoreChunkPinningKeepsChunkLiveDuringRemove has 95 lines of code (limit is 50),review-for-suppression-or-backlog
CK-110-0944,CK-110-M059,2a4a0717f6cdbbc29b065e36fb88788f,Opengrep,Semgrep_go_sql_rule-concat-sqli,tests/integration/v18_migration_compatibility_integration_test.go,test,S3,security,SQL Injection is a critical vulnerability that can lead to data or system compromise.,review-for-suppression-or-backlog
CK-110-0946,CK-110-M052,daf7f46f58c32046620f5121accff8c3,Opengrep,Semgrep_go_file-permissions_rule-fileperm,tests/adversarial/v110_s0_chunk_reuse_bounds_stabilization_test.go,test,S3,storage,The application was found setting file permissions to overly permissive values.,review-for-suppression-or-backlog
CK-110-0947,CK-110-M057,edf3dc9aa87d6c70c6e364d59f200a15,Opengrep,Semgrep_go_file-permissions_rule-fileperm,tests/adversarial/g6_concurrent_operations_adversarial_test.go,test,S3,filesystem,The application was found setting file permissions to overly permissive values.,review-for-suppression-or-backlog
CK-110-0949,CK-110-M060,78274b425cc71c0c0a5ad4a1fadf0514,Lizard,Lizard_ccn-medium,internal/storage/storage_block_reader_test.go,test,S3,packed-storage,Method TestStorageBlockReaderLoadBlockMetadataIncludesTransformAwareFields has a cyclomatic complexity of 15 (,review-for-suppression-or-backlog
CK-110-0950,CK-110-M070,c2e02d4266089a43c5a5c71a589d4e4c,Lizard,Lizard_nloc-medium,internal/observability/stats_test.go,test,S3,codacy,Method TestObservabilityDoesNotMutateState has 62 lines of code (limit is 50),review-for-suppression-or-backlog
CK-110-0952,CK-110-M070,37c4774ff937c2f21503aa9bfe6afd3e,Lizard,Lizard_nloc-medium,tests/adversarial/g8_system_invariants_lifecycle_adversarial_test.go,test,S3,codacy,Method verifyInvariantConvergenceG8 has 80 lines of code (limit is 50),review-for-suppression-or-backlog
CK-110-0953,CK-110-M057,70140154559ca14dc988ea5386228bbf,Opengrep,Semgrep_go_file-permissions_rule-mkdir,tests/integration/read_path_regression_test.go,test,S3,filesystem,The application was found setting directory permissions to overly permissive values.,review-for-suppression-or-backlog
CK-110-0955,CK-110-M068,ea0101f84e67b1f04bc757f8f3339818,Lizard,Lizard_ccn-medium,internal/benchmark/scenarios.go,benchmark,S3,benchmark,Method createMixedSizeDataset has a cyclomatic complexity of 9 (limit is 8),review-for-suppression-or-backlog
CK-110-0957,CK-110-M066,e985fb11b41a060158c4e96d742b90d5,Lizard,Lizard_nloc-medium,tests/adversarial/g5_atomic_restore_adversarial_test.go,test,S3,restore,Method  has 53 lines of code (limit is 50),review-for-suppression-or-backlog
CK-110-0958,CK-110-M072,a04867f54ecb25d9cf12b81d185e5a7f,markdownlint,markdownlint_MD010,docs/internal/storage_contract_v1_9.md,docs,S4,docs,Column: 1,review-for-suppression-or-backlog
CK-110-0959,CK-110-M072,4ed9aefa82f720eb262332dda7258d2a,markdownlint,markdownlint_MD022,docs/BENCHMARK_CORPORA.md,docs,S4,docs,Expected: 1; Actual: 0; Below,review-for-suppression-or-backlog
CK-110-0960,CK-110-M076,aa0e22ae646d273613f288288e63590a,Agentlinter,Agentlinter_clarity_undefined-term,SECURITY.md,docs,S4,codacy,"Undefined acronym ""NOT"" — define on first use or add to glossary.",review-for-suppression-or-backlog
CK-110-0961,CK-110-M070,3634a5fed2832bb7d2afbab1be690baf,Lizard,Lizard_ccn-medium,internal/observability/inspect_test.go,test,S3,codacy,Method TestInspectChunkReverseRelations has a cyclomatic complexity of 10 (limit is 8),review-for-suppression-or-backlog
CK-110-0962,CK-110-M062,a1c23e0921915a4f388fe1f1ff75217,Lizard,Lizard_ccn-medium,internal/gc/plan_test.go,test,S3,gc,Method TestBuildPlanIncludesFullyDeadActiveContainersInPhysicalReclaim has a cyclomatic complexity of 10 (limi,review-for-suppression-or-backlog
CK-110-0963,CK-110-M062,ddaf970e10cc54e74b92c5524b399c2a,Lizard,Lizard_ccn-medium,tests/adversarial/g69_gc_safety_matrix_test.go,test,S3,gc,Method testStep69SingleRepoClass has a cyclomatic complexity of 23 (limit is 8),review-for-suppression-or-backlog
CK-110-0964,CK-110-M057,b8f275642ec3e83a233b7e565706eeb,Opengrep,Semgrep_go.lang.correctness.permissions.file_permission.incorrect-default-permission,tests/adversarial/g10_g13_physical_graph_adversarial_test.go,test,S3,filesystem,Detected file permissions that are set to more than `0600` (user/owner can read and write). Setting file permi,review-for-suppression-or-backlog
CK-110-0965,CK-110-M070,ad75430b3ac409147cc8a0d3e1e9095f,Lizard,Lizard_ccn-medium,internal/graph/reachability_test.go,test,S3,codacy,Method TestGCRootsMergesCurrentAndSnapshotRoots has a cyclomatic complexity of 9 (limit is 8),review-for-suppression-or-backlog
CK-110-0966,CK-110-M057,e2991878d7f4c068f9509b5616d72c73,Opengrep,Semgrep_go.lang.correctness.permissions.file_permission.incorrect-default-permission,tests/adversarial/g2_inconsistent_state_adversarial_test.go,test,S3,filesystem,Detected file permissions that are set to more than `0600` (user/owner can read and write). Setting file permi,review-for-suppression-or-backlog
CK-110-0967,CK-110-M070,69a093ab73ec4593f480de93d0dce0d4,Lizard,Lizard_ccn-medium,internal/observability/equivalence_phase7_test.go,test,S3,codacy,Method legacyDiffSnapshots has a cyclomatic complexity of 16 (limit is 8),review-for-suppression-or-backlog
CK-110-0972,CK-110-M068,d66a1f30f7628bcf9bef50433717f6fa,Lizard,Lizard_ccn-medium,internal/benchmark/corpus.go,benchmark,S3,benchmark,Method generateCorpusContent has a cyclomatic complexity of 9 (limit is 8),review-for-suppression-or-backlog
CK-110-0973,CK-110-M048,36760b10a14762e78db7b199ea866fe8,Opengrep,Semgrep_go_sql_rule-concat-sqli,internal/db/migrations_test.go,test,S3,migration,SQL Injection is a critical vulnerability that can lead to data or system compromise.,review-for-suppression-or-backlog
CK-110-0974,CK-110-M072,20c9c28d59108d4b846e274d35d7e321,markdownlint,markdownlint_MD032,docs/STEP64_METRICS_VALIDATION.md,docs,S4,docs,Lists should be surrounded by blank lines,review-for-suppression-or-backlog
CK-110-0977,CK-110-M062,b7212ee8d450f675d5304612d2ee664c,Lizard,Lizard_ccn-medium,internal/maintenance/gc_packed_test.go,test,S3,gc,Method TestContainerHasLivePhysicalUnitsUsesLivePackedBlockIDsForContainerRetention has a cyclomatic complexit,review-for-suppression-or-backlog
CK-110-0978,CK-110-M057,3a08b0a7e3cfedb7825782ad31d308ed,Opengrep,Semgrep_go.lang.correctness.permissions.file_permission.incorrect-default-permission,tests/integration/v18_migration_compatibility_integration_test.go,test,S3,filesystem,Detected file permissions that are set to more than `0600` (user/owner can read and write). Setting file permi,review-for-suppression-or-backlog
CK-110-0979,CK-110-M051,6fe1cd7a9cb4dc88271becd4a526af7,Lizard,Lizard_ccn-medium,internal/container/container_test.go,test,S3,storage,Method TestFileContainerTruncateDiscardsPendingWritesWithoutSync has a cyclomatic complexity of 9 (limit is 8),review-for-suppression-or-backlog
CK-110-0980,CK-110-M062,24a87849f45293d37e8b1569944996ef,Lizard,Lizard_ccn-medium,internal/maintenance/gc_step11_test.go,test,S3,gc,Method TestStep11ContainerWithMixedPhysicalUnitsRetainedWhileEitherKindLive has a cyclomatic complexity of 15 ,review-for-suppression-or-backlog
CK-110-0981,CK-110-M048,98eed5990c7af35a61d9105fab9967ac,Opengrep,Semgrep_go_sql_rule-concat-sqli,internal/db/migrations_test.go,test,S3,migration,SQL Injection is a critical vulnerability that can lead to data or system compromise.,review-for-suppression-or-backlog
CK-110-0982,CK-110-M057,50c0caa106f3eaccd0e25d785773f735,Opengrep,Semgrep_go.lang.correctness.permissions.file_permission.incorrect-default-permission,tests/adversarial/g2_inconsistent_state_adversarial_test.go,test,S3,filesystem,Detected file permissions that are set to more than `0600` (user/owner can read and write). Setting file permi,review-for-suppression-or-backlog
CK-110-0984,CK-110-M059,148bdee704637f34931a9f48cae52a00,Opengrep,Semgrep_go.lang.security.audit.sqli.gosql-sqli.gosql-sqli,internal/retention/reachability_test.go,test,S3,security,"Detected string concatenation with a non-literal variable in a ""database/sql"" Go SQL statement.",review-for-suppression-or-backlog
CK-110-0985,CK-110-M051,f1980ccd9133f18c6ba6b58b8c309ff3,Lizard,Lizard_nloc-medium,internal/storage/remove_test.go,test,S3,storage,Method TestRemoveFileByIDCascadesPhysicalFileMappings has 56 lines of code (limit is 50),review-for-suppression-or-backlog
CK-110-0988,CK-110-M063,86c24d49dd458bbef5b79c30d4374c5d,Opengrep,Semgrep_go_file-permissions_rule-fileperm,tests/adversarial/g4_non_destructive_gc_adversarial_test.go,test,S3,gc,The application was found setting file permissions to overly permissive values.,review-for-suppression-or-backlog
CK-110-0989,CK-110-M072,98fa7bf3fd4d5af53e5dc493678b5b3,markdownlint,markdownlint_MD032,docs/benchmarking.md,docs,S4,docs,Lists should be surrounded by blank lines,review-for-suppression-or-backlog
CK-110-0991,CK-110-M064,a9e55c1aad949a4b648c4efe17ef804a,Lizard,Lizard_ccn-medium,internal/recovery/system_recovery_test.go,test,S3,recovery,Method TestQuarantineOrphanContainersAcceptsDirectQuarantineAfterSizeSync has a cyclomatic complexity of 17 (l,review-for-suppression-or-backlog
CK-110-0993,CK-110-M067,fb5201bf9a854aab8ddba0850f882347,Opengrep,Semgrep_go_file-permissions_rule-mkdir,tests/adversarial/g5_atomic_restore_adversarial_test.go,test,S3,restore,The application was found setting directory permissions to overly permissive values.,review-for-suppression-or-backlog
CK-110-0994,CK-110-M057,c0d28d6d4e52ab898098a08240072bc2,Opengrep,Semgrep_go.lang.correctness.permissions.file_permission.incorrect-default-permission,tests/adversarial/g2_inconsistent_state_adversarial_test.go,test,S3,filesystem,Detected file permissions that are set to more than `0600` (user/owner can read and write). Setting file permi,review-for-suppression-or-backlog
CK-110-0995,CK-110-M051,b05803fd28fbf20d513bc7cf1689de7f,Lizard,Lizard_ccn-medium,internal/storage/store_prepare_chunks_test.go,test,S3,storage,Method  has a cyclomatic complexity of 13 (limit is 8),review-for-suppression-or-backlog
CK-110-0996,CK-110-M051,66b4655e61886effc0151cd2832b1fd4,Lizard,Lizard_ccn-medium,internal/storage/physical_file_repository_test.go,test,S3,storage,Method TestStoreFileNormalizesRelativeAndAbsolutePathsToSingleIdentity has a cyclomatic complexity of 17 (limi,review-for-suppression-or-backlog
CK-110-0998,CK-110-M052,d96363f69179d0b1284081db2a937eef,Opengrep,Semgrep_go_file-permissions_rule-fileperm,internal/storage/phase1_compat_matrix_test.go,test,S3,storage,The application was found setting file permissions to overly permissive values.,review-for-suppression-or-backlog
CK-110-0999,CK-110-M059,7bef67ff20551c5f53c170fe8ded1392,Opengrep,Semgrep_go_sql_rule-concat-sqli,internal/graph/reachability_test.go,test,S3,security,SQL Injection is a critical vulnerability that can lead to data or system compromise.,review-for-suppression-or-backlog
CK-110-1003,CK-110-M057,b067490822566f2d4304ebb4d5204f93,Opengrep,Semgrep_go_filesystem_rule-fileread,tests/utils/common.go,test,S3,filesystem,The application dynamically constructs file or path information.,review-for-suppression-or-backlog
CK-110-1004,CK-110-M070,9952a4361ec31a5f3a26b985e1ff539,Lizard,Lizard_ccn-medium,internal/observability/simulate_store_test.go,test,S3,codacy,Method TestSimulateStoreReportAggregatesExpectedMetrics has a cyclomatic complexity of 11 (limit is 8),review-for-suppression-or-backlog
CK-110-1005,CK-110-M057,438695e1eb7cf0b73743964ba04aa909,Opengrep,Semgrep_go.lang.correctness.permissions.file_permission.incorrect-default-permission,tests/integration/v19_stats_semantics_integration_test.go,test,S3,filesystem,Detected file permissions that are set to more than `0600` (user/owner can read and write). Setting file permi,review-for-suppression-or-backlog
CK-110-1006,CK-110-M055,857b161b70a8eb2ca9303c32ac5549be,Opengrep,Semgrep_go_sql_rule-concat-sqli,internal/verify/verify_corruption_fixtures_test.go,test,S3,verify,SQL Injection is a critical vulnerability that can lead to data or system compromise.,review-for-suppression-or-backlog
CK-110-1007,CK-110-M057,c529f361d693f28da7fd4a46c2b97de9,Opengrep,Semgrep_go_file-permissions_rule-mkdir,tests/adversarial/g611_adversarial_compression_longrun_test.go,test,S3,filesystem,The application was found setting directory permissions to overly permissive values.,review-for-suppression-or-backlog
CK-110-1008,CK-110-M072,142badfee150947dfbf37604c3dd948b,markdownlint,markdownlint_MD032,docs/BENCHMARK_CORPORA.md,docs,S4,docs,Lists should be surrounded by blank lines,review-for-suppression-or-backlog
CK-110-1009,CK-110-M052,bddb489e203e130bcc441420783cd66a,Opengrep,Semgrep_go_filesystem_rule-fileread,internal/storage/store_v2chunker_test.go,test,S3,storage,The application dynamically constructs file or path information.,review-for-suppression-or-backlog
CK-110-1010,CK-110-M070,986416c25baf3ed9d010a9e5424ed6fe,Lizard,Lizard_ccn-medium,tests/adversarial/g9_batch_semantics_adversarial_test.go,test,S3,codacy,Method  has a cyclomatic complexity of 13 (limit is 8),review-for-suppression-or-backlog
CK-110-1011,CK-110-M054,7f07f298989ec27a9641ffd0e616e8d8,Lizard,Lizard_nloc-medium,internal/verify/verify_block_pipeline_test.go,test,S3,verify,Method  has 63 lines of code (limit is 50),review-for-suppression-or-backlog
CK-110-1013,CK-110-M071,a393c63f8ef4b9d91a27a797ebc1246,Opengrep,Semgrep_go.lang.security.audit.crypto.math_random.math-random-used,tests/adversarial/g8_system_invariants_lifecycle_adversarial_test.go,test,S3,codacy,Do not use `math/rand`. Use `crypto/rand` instead.,review-for-suppression-or-backlog
CK-110-1016,CK-110-M070,d81af4d427047a3a7c9be4d08e08140d,Lizard,Lizard_ccn-medium,internal/batch/executor_test.go,test,S3,codacy,Method TestExecutePreparedPreservesInputOrderAndFailFast has a cyclomatic complexity of 9 (limit is 8),review-for-suppression-or-backlog
CK-110-1017,CK-110-M059,eb8b05997ee066f152b3623976d5140d,Opengrep,Semgrep_go.lang.security.audit.sqli.gosql-sqli.gosql-sqli,internal/observability/service_test.go,test,S3,security,"Detected string concatenation with a non-literal variable in a ""database/sql"" Go SQL statement.",review-for-suppression-or-backlog
CK-110-1019,CK-110-M048,c1d127085893e802a2ae4712a4cfcfc,Opengrep,Semgrep_go_sql_rule-concat-sqli,internal/db/migrations_test.go,test,S3,migration,SQL Injection is a critical vulnerability that can lead to data or system compromise.,review-for-suppression-or-backlog
CK-110-1021,CK-110-M055,892dfc2b8a209eb704919c0c23a93a55,Opengrep,Semgrep_go.lang.correctness.permissions.file_permission.incorrect-default-permission,internal/verify/verify_system_test.go,test,S3,verify,Detected file permissions that are set to more than `0600` (user/owner can read and write). Setting file permi,review-for-suppression-or-backlog
CK-110-1023,CK-110-M048,25afbce55285ef62ea3480111204d193,Opengrep,Semgrep_go.lang.security.audit.sqli.gosql-sqli.gosql-sqli,internal/db/migrations_test.go,test,S3,migration,"Detected string concatenation with a non-literal variable in a ""database/sql"" Go SQL statement.",review-for-suppression-or-backlog
CK-110-1024,CK-110-M067,4cc5155fedefc757a642f99340ec97b1,Opengrep,Semgrep_go_file-permissions_rule-mkdir,tests/adversarial/g1_step11_restore_determinism_test.go,test,S3,restore,The application was found setting directory permissions to overly permissive values.,review-for-suppression-or-backlog
CK-110-1025,CK-110-M066,b89a03bd4b424c8b4069f7774d0c190f,Lizard,Lizard_ccn-medium,internal/storage/restore_test.go,test,S3,restore,Method TestRestoreFailsWhenOutputParentPathIsFile has a cyclomatic complexity of 12 (limit is 8),review-for-suppression-or-backlog
CK-110-1026,CK-110-M066,614b784bc8d0545df1bf7e738afdd9a4,Lizard,Lizard_nloc-medium,internal/storage/restore_test.go,test,S3,restore,Method TestRestoreFailsOnAESGCMDecodeFailure has 71 lines of code (limit is 50),review-for-suppression-or-backlog
CK-110-1027,CK-110-M063,92749e90e007435f4808035c393f3ace,Opengrep,Semgrep_go_filesystem_rule-fileread,internal/maintenance/gc_test.go,test,S3,gc,The application dynamically constructs file or path information.,review-for-suppression-or-backlog
CK-110-1029,CK-110-M057,98ccfa41e50a39b40260111e15c25306,Opengrep,Semgrep_go.lang.correctness.permissions.file_permission.incorrect-default-permission,tests/adversarial/g9_batch_semantics_adversarial_test.go,test,S3,filesystem,Detected file permissions that are set to more than `0600` (user/owner can read and write). Setting file permi,review-for-suppression-or-backlog
CK-110-1031,CK-110-M068,efb1d1a532c7b2c8f75660e16445e717,Lizard,Lizard_ccn-medium,internal/benchmark/dataset_test.go,test,S3,benchmark,Method TestGenerateDatasetMixedHasBothStableAndNoisySegments has a cyclomatic complexity of 9 (limit is 8),review-for-suppression-or-backlog
CK-110-1032,CK-110-M066,a3e0890751be9d9f4fb6ea7aaff53271,Lizard,Lizard_ccn-medium,internal/storage/restore_test.go,test,S3,restore,Method TestRestoreFailsOnPlaintextSizeMismatch has a cyclomatic complexity of 11 (limit is 8),review-for-suppression-or-backlog
CK-110-1033,CK-110-M056,564637cb54b091f6955278f13a7b2e91,Lizard,Lizard_file-nloc-medium,tests/integration/v18_migration_compatibility_integration_test.go,test,S3,filesystem,File tests/integration/v18_migration_compatibility_integration_test.go has 1633 non-comment lines of code,review-for-suppression-or-backlog
CK-110-1035,CK-110-M057,9f7a8b6ed0e3e041ac82d318255bcb99,Opengrep,Semgrep_go_file-permissions_rule-fileperm,tests/utils/common.go,test,S3,filesystem,The application was found setting file permissions to overly permissive values.,review-for-suppression-or-backlog
CK-110-1036,CK-110-M070,f98f0ecfae60d8900f1fdc1e65ea1d8d,Lizard,Lizard_nloc-medium,internal/observability/equivalence_phase7_test.go,test,S3,codacy,Method legacyDiffSnapshots has 58 lines of code (limit is 50),review-for-suppression-or-backlog
CK-110-1038,CK-110-M066,b6985203964446bbf414a5dc80135a34,Lizard,Lizard_ccn-medium,internal/storage/restore_test.go,test,S3,restore,Method TestRestoreFileByStoredPathOverrideMode has a cyclomatic complexity of 14 (limit is 8),review-for-suppression-or-backlog
CK-110-1043,CK-110-M070,e4607f85e7d19221485e56449ff0f4cb,Lizard,Lizard_ccn-medium,tests/adversarial/g611_adversarial_compression_longrun_test.go,test,S3,codacy,Method  has a cyclomatic complexity of 9 (limit is 8),review-for-suppression-or-backlog
CK-110-1044,CK-110-M063,4f77a5501c15302e4af054274227050b,Opengrep,Semgrep_go_filesystem_rule-fileread,tests/adversarial/g69_gc_safety_matrix_test.go,test,S3,gc,The application dynamically constructs file or path information.,review-for-suppression-or-backlog
CK-110-1045,CK-110-M062,f44d7aa12dc8c2dae06199b14c2d3a9c,Lizard,Lizard_ccn-medium,internal/gc/plan_test.go,test,S3,gc,Method TestBuildPlanDeleteSnapshotKeepsChunkReachableWhenOtherSnapshotStillProtectsIt has a cyclomatic complex,review-for-suppression-or-backlog
CK-110-1046,CK-110-M066,1b14c9cff303992bdc5fb60a949ec0cc,Lizard,Lizard_nloc-medium,internal/storage/restore_test.go,test,S3,restore,Method TestRestoreFileByStoredPathUsesPhysicalPathIdentity has 120 lines of code (limit is 50),review-for-suppression-or-backlog
CK-110-1048,CK-110-M067,ea2f3aaaf2a6088d00b5e57c05c5c101,Opengrep,Semgrep_go_filesystem_rule-fileread,internal/storage/restore_test.go,test,S3,restore,The application dynamically constructs file or path information.,review-for-suppression-or-backlog
CK-110-1049,CK-110-M070,1cf6fc412d7b6f803ac2da5275a7921f,Lizard,Lizard_ccn-medium,internal/observability/equivalence_phase7_test.go,test,S3,codacy,Method assertStatsCoreEquivalent has a cyclomatic complexity of 14 (limit is 8),review-for-suppression-or-backlog
CK-110-1050,CK-110-M070,ce5a06da5cfdca57f1786742674e5b1d,Lizard,Lizard_nloc-medium,tests/adversarial/g8_system_invariants_lifecycle_adversarial_test.go,test,S3,codacy,Method  has 92 lines of code (limit is 50),review-for-suppression-or-backlog
CK-110-1051,CK-110-M072,1ec71d422223c47e691909f98f30bda2,markdownlint,markdownlint_MD032,docs/benchmarking.md,docs,S4,docs,Lists should be surrounded by blank lines,review-for-suppression-or-backlog
CK-110-1054,CK-110-M047,27e13c704a09b52e744de2bf8286c081,Lizard,Lizard_nloc-medium,internal/db/migrations_test.go,test,S3,migration,Method TestRunMigrationsCreatesSnapshotSchemaVersionEight has 99 lines of code (limit is 50),review-for-suppression-or-backlog
CK-110-1056,CK-110-M069,925d19950c2979043e59385a0e2b0dd,Opengrep,Semgrep_go_filesystem_rule-fileread,internal/benchmark/dataset_test.go,test,S3,benchmark,The application dynamically constructs file or path information.,review-for-suppression-or-backlog
CK-110-1057,CK-110-M070,592f026e50aa7b1cc15ffcea55fee80f,Lizard,Lizard_ccn-medium,tests/adversarial/g3_no_data_loss_valid_sequences_adversarial_test.go,test,S3,codacy,Method  has a cyclomatic complexity of 10 (limit is 8),review-for-suppression-or-backlog
CK-110-1058,CK-110-M066,9aa72da584c6a9f2f9de592ae6c9c0b3,Lizard,Lizard_nloc-medium,internal/storage/restore_step8_test.go,test,S3,restore,Method TestStep8RestoreCorruptedPackedBlockFailsCleanly has 55 lines of code (limit is 50),review-for-suppression-or-backlog
CK-110-1060,CK-110-M056,12ea85a5eb18166bc30cdc24bd6239a1,Lizard,Lizard_nloc-medium,tests/integration/read_path_regression_test.go,test,S3,filesystem,Method TestBackwardCompatV15CLIWorkflowIntegration has 97 lines of code (limit is 50),review-for-suppression-or-backlog
CK-110-1061,CK-110-M067,353891f807656a3049fa5745cb11952,Opengrep,Semgrep_go.lang.correctness.permissions.file_permission.incorrect-default-permission,tests/adversarial/g5_atomic_restore_adversarial_test.go,test,S3,restore,Detected file permissions that are set to more than `0600` (user/owner can read and write). Setting file permi,review-for-suppression-or-backlog
CK-110-1062,CK-110-M056,ed05097e607ec091b24a1705c2176de9,Lizard,Lizard_file-nloc-medium,internal/blocks/block_format_v1_test.go,test,S3,filesystem,File internal/blocks/block_format_v1_test.go has 511 non-comment lines of code,review-for-suppression-or-backlog
CK-110-1066,CK-110-M072,390c6ea5289e431fbf70bd3dc8886ead,markdownlint,markdownlint_MD022,docs/STEP64_METRICS_VALIDATION.md,docs,S4,docs,Expected: 1; Actual: 0; Below,review-for-suppression-or-backlog
CK-110-1067,CK-110-M057,84ced960d1959140047686a8e8c4cf8b,Opengrep,Semgrep_go_file-permissions_rule-mkdir,tests/adversarial/g2_inconsistent_state_adversarial_test.go,test,S3,filesystem,The application was found setting directory permissions to overly permissive values.,review-for-suppression-or-backlog
CK-110-1070,CK-110-M062,c4a4c37325d93c599deedec62b9bbc2c,Lizard,Lizard_ccn-medium,internal/maintenance/gc_packed_test.go,test,S3,gc,Method TestSweepUnreachableChunksDeletesPackedMappings has a cyclomatic complexity of 12 (limit is 8),review-for-suppression-or-backlog
CK-110-1071,CK-110-M051,4106100d30d74aa7ae44c94043b5ab7f,Lizard,Lizard_nloc-medium,internal/container/local_writer_test.go,test,S3,storage,Method TestLocalWriterAppendPayloadRefreshesDBSizeBeforeRotationDecision has 54 lines of code (limit is 50),review-for-suppression-or-backlog
CK-110-1072,CK-110-M072,d8aece0a8da7e6acc6e65a8844f5e4c0,markdownlint,markdownlint_MD022,docs/BENCHMARK_CORPORA.md,docs,S4,docs,Expected: 1; Actual: 0; Below,review-for-suppression-or-backlog
CK-110-1074,CK-110-M072,4eb48716f13e827bcbb130fe8b31624a,markdownlint,markdownlint_MD022,docs/BENCHMARK_CORPORA.md,docs,S4,docs,Expected: 1; Actual: 0; Below,review-for-suppression-or-backlog
CK-110-1075,CK-110-M057,affa4fb3b08098c7516a086f03449973,Opengrep,Semgrep_go_file-permissions_rule-mkdir,tests/adversarial/g6_concurrent_operations_adversarial_test.go,test,S3,filesystem,The application was found setting directory permissions to overly permissive values.,review-for-suppression-or-backlog
CK-110-1076,CK-110-M051,418208fe3d2402a5410103b51a95f169,Lizard,Lizard_nloc-medium,internal/storage/store_compression_feature_gate_test.go,test,S3,storage,Method snapshotBlocksForFile has 67 lines of code (limit is 50),review-for-suppression-or-backlog
CK-110-1077,CK-110-M070,42dbf750e3ee01dd57f7966496db884,Lizard,Lizard_ccn-medium,internal/observability/equivalence_phase7_test.go,test,S3,codacy,Method legacyGetSnapshotStats has a cyclomatic complexity of 14 (limit is 8),review-for-suppression-or-backlog
CK-110-1078,CK-110-M070,4f02a07fa6669c6c68566fb4f18b4572,Lizard,Lizard_ccn-medium,internal/observability/inspect_test.go,test,S3,codacy,Method TestInspectDeterministicOutput has a cyclomatic complexity of 11 (limit is 8),review-for-suppression-or-backlog
CK-110-1079,CK-110-M072,71232121812a15806f4d8b8a2588d8f9,markdownlint,markdownlint_MD022,docs/STEP64_METRICS_VALIDATION.md,docs,S4,docs,Expected: 1; Actual: 0; Below,review-for-suppression-or-backlog
CK-110-1080,CK-110-M072,c083fc66fd84fed23cb9f6fae8788647,markdownlint,markdownlint_MD032,docs/BENCHMARK_METRICS.md,docs,S4,docs,Lists should be surrounded by blank lines,review-for-suppression-or-backlog
CK-110-1082,CK-110-M070,f419b45be72a61b0d0cd5633bd9154d0,Lizard,Lizard_ccn-medium,internal/observability/stats_test.go,test,S3,codacy,Method TestStatsEnrichesGraphSnapshotReachabilityForNumericSnapshotIDs has a cyclomatic complexity of 12 (limi,review-for-suppression-or-backlog
CK-110-1083,CK-110-M062,c131e51f7c2503d1a352dae0b6b8c88,Lizard,Lizard_nloc-medium,tests/adversarial/g69_gc_safety_matrix_test.go,test,S3,gc,Method testStep69SingleRepoClass has 66 lines of code (limit is 50),review-for-suppression-or-backlog
CK-110-1084,CK-110-M060,f559359dbccfcd9f3db039c8d4a0c118,Lizard,Lizard_ccn-medium,internal/storage/storage_block_reader_test.go,test,S3,packed-storage,Method TestStorageBlockReaderPhysicalHashMismatchOnFlippedByte has a cyclomatic complexity of 11 (limit is 8),review-for-suppression-or-backlog
CK-110-1085,CK-110-M051,8ac7f849d5f095570b3bcd547bd700eb,Lizard,Lizard_ccn-medium,internal/container/simulated_writer_test.go,test,S3,storage,Method TestSimulatedWriterAppendPayloadCreatesAndRotatesContainer has a cyclomatic complexity of 18 (limit is ,review-for-suppression-or-backlog
CK-110-1086,CK-110-M070,5167746164734427bb8ca563a1649a09,Lizard,Lizard_ccn-medium,internal/observability/inspect_test.go,test,S3,codacy,Method TestInspectChunkRelationsIncludeLegacyBlockMetadata has a cyclomatic complexity of 20 (limit is 8),review-for-suppression-or-backlog
CK-110-1087,CK-110-M051,ae21997eee2dcecf5a6a24354f0c96ec,Lizard,Lizard_ccn-medium,internal/storage/physical_file_repository_test.go,test,S3,storage,Method TestReplacePhysicalFileLogicalTargetTx has a cyclomatic complexity of 13 (limit is 8),review-for-suppression-or-backlog
CK-110-1088,CK-110-M062,442a1d3f5c8aebe9379ee2dc1e9b72bd,Lizard,Lizard_ccn-medium,internal/maintenance/gc_packed_test.go,test,S3,gc,Method TestSweepUnreachableChunksMixedPackedBlockKeepsAllRefsAndChunks has a cyclomatic complexity of 19 (limi,review-for-suppression-or-backlog
CK-110-1089,CK-110-M023,3fece3ff3fe22f7a38e696905ea2f14b,Opengrep,Semgrep_go.lang.security.audit.dangerous-exec-command.dangerous-exec-command,tests/integration/v18_migration_compatibility_integration_test.go,test,S1,codacy,Detected non-static command inside Command.,review-for-suppression-or-backlog
CK-110-1090,CK-110-M062,8f37db311fb974bf62730d093fb1a495,Lizard,Lizard_file-nloc-medium,internal/maintenance/gc_step11_test.go,test,S3,gc,File internal/maintenance/gc_step11_test.go has 535 non-comment lines of code,review-for-suppression-or-backlog
CK-110-1091,CK-110-M070,3ba2a6dcc6b901dc036fe8b16661be87,Lizard,Lizard_ccn-medium,tests/adversarial/g9_batch_semantics_adversarial_test.go,test,S3,codacy,Method  has a cyclomatic complexity of 12 (limit is 8),review-for-suppression-or-backlog
CK-110-1092,CK-110-M051,44af9a79b00d320d12fb0878b1868e75,Lizard,Lizard_file-nloc-medium,internal/storage/store_compression_feature_gate_test.go,test,S3,storage,File internal/storage/store_compression_feature_gate_test.go has 779 non-comment lines of code,review-for-suppression-or-backlog
CK-110-1093,CK-110-M067,ec83698b14ce6e1208509ae0300df35d,Opengrep,Semgrep_go.lang.correctness.permissions.file_permission.incorrect-default-permission,internal/storage/restore_test.go,test,S3,restore,Detected file permissions that are set to more than `0600` (user/owner can read and write). Setting file permi,review-for-suppression-or-backlog
CK-110-1095,CK-110-M072,51c2edb82b1e6f1b0db185cc255ec5c8,markdownlint,markdownlint_MD032,docs/benchmarking.md,docs,S4,docs,Lists should be surrounded by blank lines,review-for-suppression-or-backlog
CK-110-1096,CK-110-M062,5883110bed7472e36b596ddbc3f04749,Lizard,Lizard_nloc-medium,internal/maintenance/stats_test.go,test,S3,gc,Method TestCollectBlockStatsCompressionAggregatesMixedRepository has 77 lines of code (limit is 50),review-for-suppression-or-backlog
CK-110-1097,CK-110-M062,ed963b7543f5b795d6327168a4e8bc58,Lizard,Lizard_nloc-medium,internal/maintenance/gc_test.go,test,S3,gc,Method insertPackedStorageBlockFixtureWithCompression has 54 lines of code (limit is 50),review-for-suppression-or-backlog
CK-110-1099,CK-110-M057,4860b674b4197819edff12d6e6433c89,Opengrep,Semgrep_go.lang.correctness.permissions.file_permission.incorrect-default-permission,tests/integration/read_path_regression_test.go,test,S3,filesystem,Detected file permissions that are set to more than `0600` (user/owner can read and write). Setting file permi,review-for-suppression-or-backlog
CK-110-1102,CK-110-M047,e71a42462fd9b42b9f7eda41437c47af,Lizard,Lizard_ccn-medium,internal/db/migrations_test.go,test,S3,migration,Method TestRunMigrationsAddsTransformAwareStorageBlockMetadataToV12Repositories has a cyclomatic complexity of,review-for-suppression-or-backlog
CK-110-1104,CK-110-M047,154971dcf8c6ba542d3fa724d772de52,Lizard,Lizard_nloc-medium,internal/db/migrations_test.go,test,S3,migration,Method TestRunMigrationsAddsTransformAwareStorageBlockMetadataToV12Repositories has 145 lines of code (limit i,review-for-suppression-or-backlog
CK-110-1106,CK-110-M066,4dbea55a42f9b603963d7a6ba7e1c4d,Lizard,Lizard_nloc-medium,tests/adversarial/g67_deterministic_restore_matrix_test.go,test,S3,restore,Method testStep67MatrixVariant has 104 lines of code (limit is 50),review-for-suppression-or-backlog
CK-110-1107,CK-110-M070,ac1fe07dfbefa6cba43f43aa964dc6d3,Lizard,Lizard_ccn-medium,internal/graph/traversal_test.go,test,S3,codacy,Method TestTraverseWithOptionsEmitsTraceEvents has a cyclomatic complexity of 10 (limit is 8),review-for-suppression-or-backlog
CK-110-1108,CK-110-M057,e3821a28c91e25c97c6c16168998ccd0,Opengrep,Semgrep_go.lang.correctness.permissions.file_permission.incorrect-default-permission,tests/adversarial/g610_mixed_repository_stability_test.go,test,S3,filesystem,Detected file permissions that are set to more than `0600` (user/owner can read and write). Setting file permi,review-for-suppression-or-backlog
CK-110-1109,CK-110-M072,f98d5ae348552c28f7d885910fc3e8cb,markdownlint,markdownlint_MD032,docs/BENCHMARK_METRICS.md,docs,S4,docs,Lists should be surrounded by blank lines,review-for-suppression-or-backlog
CK-110-1110,CK-110-M062,8306c53203d8bc0a622ab0bca2688ed6,Lizard,Lizard_ccn-medium,internal/maintenance/gc_parity_test.go,test,S3,gc,Method TestSimulateGCMatchesActualGCDeletion has a cyclomatic complexity of 20 (limit is 8),review-for-suppression-or-backlog
CK-110-1111,CK-110-M057,850a1957d05aef19e41725483871e204,Opengrep,Semgrep_go_filesystem_rule-fileread,tests/adversarial/g611_adversarial_compression_longrun_test.go,test,S3,filesystem,The application dynamically constructs file or path information.,review-for-suppression-or-backlog
CK-110-1112,CK-110-M063,a5e1a2693497ed8325ea613355a250b6,Opengrep,Semgrep_go_filesystem_rule-fileread,internal/maintenance/gc_test.go,test,S3,gc,The application dynamically constructs file or path information.,review-for-suppression-or-backlog
CK-110-1113,CK-110-M051,8963e80e2dcb3810ac3c73f3cf8c0deb,Lizard,Lizard_nloc-medium,internal/storage/remove_test.go,test,S3,storage,Method TestGetLogicalFileInspectInfoWithDBFound has 56 lines of code (limit is 50),review-for-suppression-or-backlog
CK-110-1114,CK-110-M057,f6b7e083aa5bcd0715a9c1ca5b4b4ab2,Opengrep,Semgrep_go_file-permissions_rule-fileperm,tests/utils/common.go,test,S3,filesystem,The application was found setting file permissions to overly permissive values.,review-for-suppression-or-backlog
CK-110-1115,CK-110-M062,95c1ba4c34536eebaa3af0feaf82ba56,Lizard,Lizard_ccn-medium,internal/gc/plan_test.go,test,S3,gc,Method TestBuildPlanUnreachableChunkIsReclaimable has a cyclomatic complexity of 10 (limit is 8),review-for-suppression-or-backlog
CK-110-1120,CK-110-M057,f14637bcdb46db746db37836ca6e5f87,Opengrep,Semgrep_go_file-permissions_rule-fileperm,tests/adversarial/g10_g13_physical_graph_adversarial_test.go,test,S3,filesystem,The application was found setting file permissions to overly permissive values.,review-for-suppression-or-backlog
CK-110-1122,CK-110-M057,f8b0dd297326cbc8351f1d5c310c9c24,Opengrep,Semgrep_go_filesystem_rule-fileread,tests/adversarial/g68_dedup_semantics_matrix_test.go,test,S3,filesystem,The application dynamically constructs file or path information.,review-for-suppression-or-backlog
CK-110-1123,CK-110-M070,718d55290d8e19e6489d1b8f8c4030b8,Lizard,Lizard_nloc-medium,internal/listing/search_test.go,test,S3,codacy,Method TestSearchFilesUsesCurrentStatePhysicalPaths has 57 lines of code (limit is 50),review-for-suppression-or-backlog
CK-110-1124,CK-110-M057,a0b1c3dfa0da8418c5c33016b97b1ffc,Opengrep,Semgrep_go_file-permissions_rule-fileperm,tests/adversarial/g7_deep_corruption_adversarial_test.go,test,S3,filesystem,The application was found setting file permissions to overly permissive values.,review-for-suppression-or-backlog
CK-110-1125,CK-110-M062,84c544332b94adeaf6069aeadca100a6,Lizard,Lizard_nloc-medium,internal/maintenance/gc_test.go,test,S3,gc,Method TestRunGCMixedCompressionAgnosticPackedReachabilityAndRestoreStep311 has 138 lines of code (limit is 50,review-for-suppression-or-backlog
CK-110-1126,CK-110-M072,90b206328f116488754fcecbed24e249,markdownlint,markdownlint_MD032,docs/BENCHMARK_METRICS.md,docs,S4,docs,Lists should be surrounded by blank lines,review-for-suppression-or-backlog
CK-110-1127,CK-110-M061,11a4ff7fa7515d1c9a52372f352b563c,Opengrep,Semgrep_go_filesystem_rule-fileread,internal/storage/storage_block_reader_test.go,test,S3,packed-storage,The application dynamically constructs file or path information.,review-for-suppression-or-backlog
CK-110-1128,CK-110-M062,1c32290669b979a412439cfd403a94b0,Lizard,Lizard_nloc-medium,internal/maintenance/gc_test.go,test,S3,gc,Method TestRunGCSnapshotRetainsPackedBlockAndRestoreSucceedsWhenLiveNamespaceRemoved has 139 lines of code (li,review-for-suppression-or-backlog
CK-110-1131,CK-110-M052,ef8c00cc704955b53f01c373d69d061e,Opengrep,Semgrep_go_file-permissions_rule-fileperm,internal/container/container_test.go,test,S3,storage,The application was found setting file permissions to overly permissive values.,review-for-suppression-or-backlog
CK-110-1132,CK-110-M052,d4bfd69319a66f0f90775b756ae54b4e,Opengrep,Semgrep_go_sql_rule-concat-sqli,internal/container/local_writer_test.go,test,S3,storage,SQL Injection is a critical vulnerability that can lead to data or system compromise.,review-for-suppression-or-backlog
CK-110-1133,CK-110-M072,de9dffe98a12323813fb562ec361c8f6,markdownlint,markdownlint_MD032,docs/benchmarking.md,docs,S4,docs,Lists should be surrounded by blank lines,review-for-suppression-or-backlog
CK-110-1135,CK-110-M057,6f69184daff0add8309d51c8026505f6,Opengrep,Semgrep_go_file-permissions_rule-fileperm,tests/adversarial/g3_no_data_loss_valid_sequences_adversarial_test.go,test,S3,filesystem,The application was found setting file permissions to overly permissive values.,review-for-suppression-or-backlog
CK-110-1137,CK-110-M057,e1e6e31e2b24a1ffc6acd3de121d7ce8,Opengrep,Semgrep_go_file-permissions_rule-fileperm,tests/integration/v18_migration_compatibility_integration_test.go,test,S3,filesystem,The application was found setting file permissions to overly permissive values.,review-for-suppression-or-backlog
CK-110-1139,CK-110-M076,80b50ac2158f08ea7d3d89dc1be84f33,Agentlinter,Agentlinter_clarity_undefined-term,SECURITY.md,docs,S4,codacy,"Undefined acronym ""AES"" — define on first use or add to glossary.",review-for-suppression-or-backlog
CK-110-1140,CK-110-M057,d948e48b33b690f25dee55d7b2f32ed5,Opengrep,Semgrep_go_file-permissions_rule-mkdir,tests/integration/read_path_regression_test.go,test,S3,filesystem,The application was found setting directory permissions to overly permissive values.,review-for-suppression-or-backlog
CK-110-1141,CK-110-M069,edafd1ef1157a5fe8e26cec3c9f91cc6,Opengrep,Semgrep_go_filesystem_rule-fileread,internal/benchmark/dataset_test.go,test,S3,benchmark,The application dynamically constructs file or path information.,review-for-suppression-or-backlog
CK-110-1142,CK-110-M066,60b00b9978dd6a02f2e45f0cc0373427,Lizard,Lizard_ccn-medium,internal/storage/restore_test.go,test,S3,restore,Method TestRestorePinningFailsOnEmptyChunkChunkerVersion has a cyclomatic complexity of 11 (limit is 8),review-for-suppression-or-backlog
CK-110-1144,CK-110-M059,8d47c627c253013da2c532032e36f38f,Opengrep,Semgrep_go_sql_rule-concat-sqli,internal/observability/service_test.go,test,S3,security,SQL Injection is a critical vulnerability that can lead to data or system compromise.,review-for-suppression-or-backlog
CK-110-1145,CK-110-M051,1ba0f5e1f68ed2b613f503bd7aedf897,Lizard,Lizard_ccn-medium,internal/storage/store_compression_feature_gate_test.go,test,S3,storage,Method  has a cyclomatic complexity of 22 (limit is 8),review-for-suppression-or-backlog
CK-110-1146,CK-110-M057,214d513727ef540c72a5598a8e18e743,Opengrep,Semgrep_go_file-permissions_rule-mkdir,tests/integration/v18_migration_compatibility_integration_test.go,test,S3,filesystem,The application was found setting directory permissions to overly permissive values.,review-for-suppression-or-backlog
CK-110-1147,CK-110-M067,f087989d99cce6f0ca7fd7b1e03d7c5d,Opengrep,Semgrep_go.lang.correctness.permissions.file_permission.incorrect-default-permission,tests/adversarial/g67_deterministic_restore_matrix_test.go,test,S3,restore,Detected file permissions that are set to more than `0600` (user/owner can read and write). Setting file permi,review-for-suppression-or-backlog
CK-110-1148,CK-110-M070,64e2c407b02a72b6da621945e3a25d12,Lizard,Lizard_ccn-medium,internal/blocks/block_format_v1_test.go,test,S3,codacy,Method TestEncodeBlockSerializesHeaderEntriesPayloadLittleEndian has a cyclomatic complexity of 9 (limit is 8),review-for-suppression-or-backlog
CK-110-1149,CK-110-M072,e46e3b4da947223343280ce5690d6a57,markdownlint,markdownlint_MD032,docs/STEP64_METRICS_VALIDATION.md,docs,S4,docs,Lists should be surrounded by blank lines,review-for-suppression-or-backlog
CK-110-1151,CK-110-M056,b5c91fb3006c6951a7ecbf74e71a3113,Lizard,Lizard_ccn-medium,tests/integration/v19_legacy_upgrade_path_integration_test.go,test,S3,filesystem,Method equalLegacyBlocksStep612 has a cyclomatic complexity of 11 (limit is 8),review-for-suppression-or-backlog
CK-110-1152,CK-110-M069,2295ff351fa04aab4108f46de509e865,Opengrep,Semgrep_go_file-permissions_rule-fileperm,internal/benchmark/determinism_test.go,test,S3,benchmark,The application was found setting file permissions to overly permissive values.,review-for-suppression-or-backlog
CK-110-1153,CK-110-M049,7975e6a0ad409ca78ea79048e85d2ae5,Lizard,Lizard_ccn-medium,tests/adversarial/g14_g17_snapshot_retention_adversarial_test.go,test,S3,snapshot,Method TestAdversarialG15CorruptedSnapshotMetadataDetectionConservativeGC has a cyclomatic complexity of 18 (l,review-for-suppression-or-backlog
CK-110-1155,CK-110-M072,8755378279b30b88599d32bc6d1bd2d1,markdownlint,markdownlint_MD032,docs/BENCHMARK_METRICS.md,docs,S4,docs,Lists should be surrounded by blank lines,review-for-suppression-or-backlog
CK-110-1156,CK-110-M070,567f87ec9007384981443fd609d94d8a,Lizard,Lizard_ccn-medium,tests/integration/v18_migration_compatibility_integration_test.go,test,S3,codacy,Method TestPhase7LegacyOnlyRestoreAndVerifyIntegration has a cyclomatic complexity of 23 (limit is 8),review-for-suppression-or-backlog
CK-110-1157,CK-110-M070,e4c7038b5bb15a8747999b25bca5eb40,Lizard,Lizard_nloc-medium,internal/observability/inspect_test.go,test,S3,codacy,Method TestInspectContainerRelationsIncludeMixedBlockMetadata has 103 lines of code (limit is 50),review-for-suppression-or-backlog
CK-110-1158,CK-110-M057,e5c50fc53cdddca12dfabf51cddc223a,Opengrep,Semgrep_go_file-permissions_rule-mkdir,tests/adversarial/g2_inconsistent_state_adversarial_test.go,test,S3,filesystem,The application was found setting directory permissions to overly permissive values.,review-for-suppression-or-backlog
CK-110-1159,CK-110-M072,9d4a4de37eaeb274d1d195377475859a,markdownlint,markdownlint_MD032,docs/STEP64_METRICS_VALIDATION.md,docs,S4,docs,Lists should be surrounded by blank lines,review-for-suppression-or-backlog
CK-110-1160,CK-110-M068,f90eef4b4a8aaf4a5b53d9deacc85430,Lizard,Lizard_ccn-medium,internal/chunk/benchmark/benchmark_test.go,test,S3,benchmark,Method TestChunkerDeterminism_RunDatasetTwice has a cyclomatic complexity of 14 (limit is 8),review-for-suppression-or-backlog
CK-110-1161,CK-110-M072,88c8163d6817a16e2cf30969c103955a,markdownlint,markdownlint_MD032,docs/BENCHMARK_CORPORA.md,docs,S4,docs,Lists should be surrounded by blank lines,review-for-suppression-or-backlog
CK-110-1162,CK-110-M067,322cd2c4d2814a5d1ad13b5a13b521f2,Opengrep,Semgrep_go.lang.correctness.permissions.file_permission.incorrect-default-permission,tests/adversarial/g67_deterministic_restore_matrix_test.go,test,S3,restore,Detected file permissions that are set to more than `0600` (user/owner can read and write). Setting file permi,review-for-suppression-or-backlog
CK-110-1163,CK-110-M048,1b0557cc8856c32c9fbe7532e241220c,Opengrep,Semgrep_go_sql_rule-concat-sqli,internal/db/migrations_test.go,test,S3,migration,SQL Injection is a critical vulnerability that can lead to data or system compromise.,review-for-suppression-or-backlog
CK-110-1164,CK-110-M070,728530beceb89aff8d11c93a2f526e69,Lizard,Lizard_ccn-medium,internal/observability/inspect_test.go,test,S3,codacy,Method TestInspectSnapshotRelations has a cyclomatic complexity of 11 (limit is 8),review-for-suppression-or-backlog
CK-110-1165,CK-110-M051,7f97b4c8030b32d6756859cdaaccf4a4,Lizard,Lizard_ccn-medium,internal/container/local_writer_test.go,test,S3,storage,Method TestLocalWriterAppendPayloadRefreshesDBSizeBeforeRotationDecision has a cyclomatic complexity of 10 (li,review-for-suppression-or-backlog
CK-110-1166,CK-110-M072,6a00326ed3b4707565b3a75e297662f6,markdownlint,markdownlint_MD007,docs/benchmarking.md,docs,S4,docs,Expected: 2; Actual: 3,review-for-suppression-or-backlog
CK-110-1168,CK-110-M072,ba118dd558bdec77a2504a4e19bb9f0a,markdownlint,markdownlint_MD032,docs/BENCHMARK_METRICS.md,docs,S4,docs,Lists should be surrounded by blank lines,review-for-suppression-or-backlog
CK-110-1170,CK-110-M057,895c99714fedb932ecaf19770d3ca9a0,Opengrep,Semgrep_go.lang.correctness.permissions.file_permission.incorrect-default-permission,tests/adversarial/g611_adversarial_compression_longrun_test.go,test,S3,filesystem,Detected file permissions that are set to more than `0600` (user/owner can read and write). Setting file permi,review-for-suppression-or-backlog
CK-110-1172,CK-110-M059,278eb710dfe0fb7978102bb18f835959,Opengrep,Semgrep_go_sql_rule-concat-sqli,internal/graph/reachability_test.go,test,S3,security,SQL Injection is a critical vulnerability that can lead to data or system compromise.,review-for-suppression-or-backlog
CK-110-1174,CK-110-M072,2fd43e55ac4efbd9ad153f239f14666f,markdownlint,markdownlint_MD007,docs/benchmarking.md,docs,S4,docs,Expected: 2; Actual: 3,review-for-suppression-or-backlog
CK-110-1175,CK-110-M067,a93e32610337af62dffdd3d6c6dd6aea,Opengrep,Semgrep_go_file-permissions_rule-fileperm,internal/storage/restore_test.go,test,S3,restore,The application was found setting file permissions to overly permissive values.,review-for-suppression-or-backlog
CK-110-1176,CK-110-M072,7bc44850761b14767467d02fac51577c,markdownlint,markdownlint_MD024,docs/benchmarking.md,docs,S4,docs,Multiple headings with the same content,review-for-suppression-or-backlog
CK-110-1179,CK-110-M070,291073ee06c2eb92b68a5929468eca0a,Lizard,Lizard_nloc-medium,internal/observability/inspect_test.go,test,S3,codacy,Method TestInspectDeepTraversalLimited has 55 lines of code (limit is 50),review-for-suppression-or-backlog
CK-110-1180,CK-110-M063,f2405dd95259169a1a41f39495c61772,Opengrep,Semgrep_go_file-permissions_rule-fileperm,internal/maintenance/gc_step11_parity_test.go,test,S3,gc,The application was found setting file permissions to overly permissive values.,review-for-suppression-or-backlog
CK-110-1182,CK-110-M051,d6ba95ee851ab7961da52a4bfc73e301,Lizard,Lizard_nloc-medium,internal/storage/physical_file_repository_test.go,test,S3,storage,Method TestStoreFileReplacePolicyRetargetsSamePathDifferentContent has 59 lines of code (limit is 50),review-for-suppression-or-backlog
CK-110-1183,CK-110-M062,42b8a6db2f8db8c3416c900411cfb405,Lizard,Lizard_file-nloc-medium,internal/maintenance/gc_packed_test.go,test,S3,gc,File internal/maintenance/gc_packed_test.go has 612 non-comment lines of code,review-for-suppression-or-backlog
CK-110-1184,CK-110-M072,760fbd2a3a119b3b21bd4dcf8c2b09e0,markdownlint,markdownlint_MD007,docs/benchmarking.md,docs,S4,docs,Expected: 2; Actual: 3,review-for-suppression-or-backlog
CK-110-1185,CK-110-M051,9b2864668a1017a6f1748dd3e9980122,Lizard,Lizard_nloc-medium,internal/storage/repository_config_test.go,test,S3,storage,Method TestRepositoryCompressionConfigControlsNewWritesNotReads has 129 lines of code (limit is 50),review-for-suppression-or-backlog
CK-110-1186,CK-110-M068,96977a3f3da8e40cdd1cfc4040bc37aa,Lizard,Lizard_ccn-medium,internal/verify/verify_performance_benchmark_test.go,test,S3,benchmark,Method  has a cyclomatic complexity of 9 (limit is 8),review-for-suppression-or-backlog
CK-110-1188,CK-110-M062,8af02a5cf01ee0d51ec3dca6b8a71af,Lizard,Lizard_ccn-medium,internal/maintenance/gc_test.go,test,S3,gc,Method TestRunGCDryRunRetainsContainerWhenAnotherSnapshotStillReferences has a cyclomatic complexity of 9 (lim,review-for-suppression-or-backlog
CK-110-1189,CK-110-M057,b42c2379a7ba7067236384b44be5a71f,Opengrep,Semgrep_go.lang.correctness.permissions.file_permission.incorrect-default-permission,tests/adversarial/g9_batch_semantics_adversarial_test.go,test,S3,filesystem,Detected file permissions that are set to more than `0600` (user/owner can read and write). Setting file permi,review-for-suppression-or-backlog
CK-110-1190,CK-110-M062,d6e5c4ae8d095e88a952eed743957bb6,Lizard,Lizard_nloc-medium,internal/gc/plan_test.go,test,S3,gc,Method TestBuildPlanPackedDryRunMetrics has 52 lines of code (limit is 50),review-for-suppression-or-backlog
CK-110-1191,CK-110-M051,cbdeeba6947a5b214f63a7acbcc69053,Lizard,Lizard_file-nloc-medium,internal/storage/repository_config_test.go,test,S3,storage,File internal/storage/repository_config_test.go has 630 non-comment lines of code,review-for-suppression-or-backlog
CK-110-1192,CK-110-M067,83eec8feb7cd99661be715035a36d777,Opengrep,Semgrep_go_file-permissions_rule-fileperm,internal/storage/restore_test.go,test,S3,restore,The application was found setting file permissions to overly permissive values.,review-for-suppression-or-backlog
CK-110-1193,CK-110-M047,a4c6dce4883e0c18e13860e0933a5df,Lizard,Lizard_nloc-medium,internal/db/migrations_test.go,test,S3,migration,Method TestPostgresV7SnapshotMigrationToV8WithoutDataLoss has 297 lines of code (limit is 50),review-for-suppression-or-backlog
CK-110-1195,CK-110-M051,b723778717ea7844f2399b0598e4d7b2,Lizard,Lizard_file-nloc-medium,internal/container/local_writer_test.go,test,S3,storage,File internal/container/local_writer_test.go has 676 non-comment lines of code,review-for-suppression-or-backlog
CK-110-1197,CK-110-M072,d52a67d9d29e25a26447f762fc6a55ee,markdownlint,markdownlint_MD032,docs/benchmarking.md,docs,S4,docs,Lists should be surrounded by blank lines,review-for-suppression-or-backlog
CK-110-1198,CK-110-M049,7add887c36caed5b90e88bdcd08d6204,Lizard,Lizard_ccn-medium,tests/adversarial/g14_g17_snapshot_retention_adversarial_test.go,test,S3,snapshot,Method TestAdversarialG14SnapshotRetainedGCGuardUnderChurn has a cyclomatic complexity of 9 (limit is 8),review-for-suppression-or-backlog
CK-110-1200,CK-110-M067,f07d18b2d61f1a16e130153d116f0ed6,Opengrep,Semgrep_go_file-permissions_rule-fileperm,tests/adversarial/g1_deterministic_restore_adversarial_test.go,test,S3,restore,The application was found setting file permissions to overly permissive values.,review-for-suppression-or-backlog
CK-110-1202,CK-110-M069,112b57e6772099b88a7647343d23c543,Opengrep,Semgrep_go_filesystem_rule-fileread,internal/benchmark/dataset_test.go,test,S3,benchmark,The application dynamically constructs file or path information.,review-for-suppression-or-backlog
CK-110-1203,CK-110-M070,17bc4c5a38ac4e154259b6994bf38d17,Lizard,Lizard_ccn-medium,internal/blocks/plain_test.go,test,S3,codacy,Method TestPlainTransformerEncodePopulatesDescriptorAndPayload has a cyclomatic complexity of 9 (limit is 8),review-for-suppression-or-backlog
CK-110-1204,CK-110-M070,b3928e04825beaaeea38301d9f4c7bd4,Lizard,Lizard_ccn-medium,internal/observability/equivalence_phase7_test.go,test,S3,codacy,Method  has a cyclomatic complexity of 29 (limit is 8),review-for-suppression-or-backlog
CK-110-1206,CK-110-M060,ae66d19e0f6851f8df2758ee52f58ede,Lizard,Lizard_nloc-medium,internal/storage/storage_block_reader_test.go,test,S3,packed-storage,Method TestStorageBlockReaderLoadBlockMetadataIncludesTransformAwareFields has 53 lines of code (limit is 50),review-for-suppression-or-backlog
CK-110-1208,CK-110-M066,83407833c070f2a10c52ac97636ef93d,Lizard,Lizard_nloc-medium,internal/storage/restore_test.go,test,S3,restore,Method setupRestorePinningFixture has 87 lines of code (limit is 50),review-for-suppression-or-backlog
CK-110-1209,CK-110-M070,921fc7343cd8dec508e85f6bcb201503,Lizard,Lizard_ccn-medium,internal/graph/reachability_test.go,test,S3,codacy,Method TestGetReachableChunks has a cyclomatic complexity of 17 (limit is 8),review-for-suppression-or-backlog
CK-110-1210,CK-110-M050,6db856f9291e35af57a4440aa655c232,Opengrep,Semgrep_go_sql_rule-concat-sqli,internal/snapshot/snapshot_bench_test.go,test,S3,snapshot,SQL Injection is a critical vulnerability that can lead to data or system compromise.,review-for-suppression-or-backlog
CK-110-1215,CK-110-M062,d1f20220e0cfc5e1f588de9b853f2c9d,Lizard,Lizard_nloc-medium,internal/maintenance/gc_packed_test.go,test,S3,gc,Method TestSweepUnreachableChunksKeepsPackedBlockWhenAnyChunkIsLive has 60 lines of code (limit is 50),review-for-suppression-or-backlog
CK-110-1216,CK-110-M057,96c3cea9011d794999664fe2a7fe4996,Opengrep,Semgrep_go_filesystem_rule-fileread,tests/adversarial/g7_deep_corruption_adversarial_test.go,test,S3,filesystem,The application dynamically constructs file or path information.,review-for-suppression-or-backlog
CK-110-1219,CK-110-M072,3c1eeefaff7876aae0cc4e138a88f019,markdownlint,markdownlint_MD032,docs/benchmarking.md,docs,S4,docs,Lists should be surrounded by blank lines,review-for-suppression-or-backlog
CK-110-1221,CK-110-M023,db485a168c04c2453e8c82fdff991e14,Opengrep,Semgrep_go.lang.security.audit.dangerous-exec-command.dangerous-exec-command,tests/adversarial/g10_g13_physical_graph_adversarial_test.go,test,S1,codacy,Detected non-static command inside Command.,review-for-suppression-or-backlog
CK-110-1224,CK-110-M048,2e325e342d4635684a1671a804257efa,Opengrep,Semgrep_go.lang.security.audit.database.string-formatted-query.string-formatted-query,internal/db/migrations_test.go,test,S3,migration,String-formatted SQL query detected.,review-for-suppression-or-backlog
CK-110-1225,CK-110-M069,2e3c20757d579083e2c0f7c7b319b3bc,Opengrep,Semgrep_go_filesystem_rule-fileread,internal/benchmark/corpus_test.go,test,S3,benchmark,The application dynamically constructs file or path information.,review-for-suppression-or-backlog
CK-110-1226,CK-110-M069,60991a4539efd1e3c36e86801ecadc49,Opengrep,Semgrep_go.lang.security.audit.crypto.math_random.math-random-used,internal/verify/verify_performance_benchmark_test.go,test,S3,benchmark,Do not use `math/rand`. Use `crypto/rand` instead.,review-for-suppression-or-backlog
CK-110-1227,CK-110-M070,7dbe02bf408fe88cf3840b8c698e49d9,Lizard,Lizard_ccn-medium,internal/blocks/block_format_v1_test.go,test,S3,codacy,Method TestEncodeDecodePackedBlockV1RoundTripFromChunks has a cyclomatic complexity of 13 (limit is 8),review-for-suppression-or-backlog
CK-110-1230,CK-110-M067,698a8825b809eb232ae68177aec668d7,Opengrep,Semgrep_go_sql_rule-concat-sqli,internal/storage/restore_test.go,test,S3,restore,SQL Injection is a critical vulnerability that can lead to data or system compromise.,review-for-suppression-or-backlog
CK-110-1231,CK-110-M052,ccfcfbbace56aa4c588f508e4f02fcfe,Opengrep,Semgrep_go_sql_rule-concat-sqli,internal/container/local_writer_test.go,test,S3,storage,SQL Injection is a critical vulnerability that can lead to data or system compromise.,review-for-suppression-or-backlog
CK-110-1232,CK-110-M057,5d9d4040de7dff6ce376f84ccb65bff6,Opengrep,Semgrep_go_file-permissions_rule-mkdir,tests/integration/read_path_regression_test.go,test,S3,filesystem,The application was found setting directory permissions to overly permissive values.,review-for-suppression-or-backlog
CK-110-1233,CK-110-M048,f83b0a714f6bd8f1b322e11d384e08e9,Opengrep,Semgrep_go_sql_rule-concat-sqli,internal/db/migrations_test.go,test,S3,migration,SQL Injection is a critical vulnerability that can lead to data or system compromise.,review-for-suppression-or-backlog
CK-110-1234,CK-110-M057,be72246fb5337b5a8d0db20945f4a6,Opengrep,Semgrep_go.lang.correctness.permissions.file_permission.incorrect-default-permission,tests/integration/v19_legacy_upgrade_path_integration_test.go,test,S3,filesystem,Detected file permissions that are set to more than `0600` (user/owner can read and write). Setting file permi,review-for-suppression-or-backlog
CK-110-1235,CK-110-M057,6e7acfe1614e4415fded1625f1d86e36,Opengrep,Semgrep_go.lang.correctness.permissions.file_permission.incorrect-default-permission,tests/integration/v18_migration_compatibility_integration_test.go,test,S3,filesystem,Detected file permissions that are set to more than `0600` (user/owner can read and write). Setting file permi,review-for-suppression-or-backlog
CK-110-1238,CK-110-M070,8944b236939f73069c7f00656ebe165c,Lizard,Lizard_nloc-medium,internal/observability/inspect_test.go,test,S3,codacy,Method TestInspectTraceEmitsDeepTraversalEvents has 53 lines of code (limit is 50),review-for-suppression-or-backlog
CK-110-1239,CK-110-M068,389526294afa59bffb51261e70360be1,Lizard,Lizard_nloc-medium,internal/benchmark/metrics.go,benchmark,S3,benchmark,Method Measure has 57 lines of code (limit is 50),review-for-suppression-or-backlog
CK-110-1240,CK-110-M066,297ff99430eb46fb404a2cb56ac899f8,Lizard,Lizard_nloc-medium,tests/adversarial/g67_deterministic_restore_matrix_test.go,test,S3,restore,Method TestStep67CrossModeDeterminism has 70 lines of code (limit is 50),review-for-suppression-or-backlog
CK-110-1241,CK-110-M062,1f1e6873af7e0da70290a681846e7bc3,Lizard,Lizard_ccn-medium,internal/maintenance/gc_packed_test.go,test,S3,gc,Method TestLoadLivePackedBlockIDsResolvesFromLiveChunks has a cyclomatic complexity of 11 (limit is 8),review-for-suppression-or-backlog
CK-110-1242,CK-110-M068,818dd4eeb54e85ed77298d6a45b18263,Lizard,Lizard_ccn-medium,internal/benchmark/runner.go,benchmark,S3,benchmark,Method RunBenchmark has a cyclomatic complexity of 12 (limit is 8),review-for-suppression-or-backlog
CK-110-1244,CK-110-M054,b6e19f113f5f1b53ccaf715f5f6f6f36,Lizard,Lizard_nloc-medium,internal/verify/verify_regression_test.go,test,S3,verify,Method openPreV15MigratedVerifyDB has 184 lines of code (limit is 50),review-for-suppression-or-backlog
CK-110-1245,CK-110-M070,d2028c4a93d63db1f47c0970a46c072e,Lizard,Lizard_ccn-medium,tests/integration/v18_migration_compatibility_integration_test.go,test,S3,codacy,Method TestPhase7MixedGCAfterUpgradeIntegration has a cyclomatic complexity of 51 (limit is 8),review-for-suppression-or-backlog
CK-110-1247,CK-110-M067,56db60ccc292e0bd03677474907f2c0a,Opengrep,Semgrep_go_file-permissions_rule-fileperm,tests/adversarial/g1_step11_restore_determinism_test.go,test,S3,restore,The application was found setting file permissions to overly permissive values.,review-for-suppression-or-backlog
CK-110-1248,CK-110-M066,67fcb4d3a1fc23a3e082af233abe2981,Lizard,Lizard_nloc-medium,internal/storage/restore_step8_test.go,test,S3,restore,Method insertPackedStorageBlock has 54 lines of code (limit is 50),review-for-suppression-or-backlog
CK-110-1249,CK-110-M070,513bf442b559b25361a36d3c8de8467c,Lizard,Lizard_nloc-medium,tests/integration/v18_migration_compatibility_integration_test.go,test,S3,codacy,Method TestPhase7SnapshotCompatibilityIntegration has 219 lines of code (limit is 50),review-for-suppression-or-backlog
CK-110-1250,CK-110-M051,f33c5312bb23b7e4034f651877702f15,Lizard,Lizard_nloc-medium,internal/storage/physical_file_repository_test.go,test,S3,storage,Method TestStoreFileNormalizesRelativeAndAbsolutePathsToSingleIdentity has 63 lines of code (limit is 50),review-for-suppression-or-backlog
CK-110-1251,CK-110-M063,4c301b5e5d218d3ffd887d1c7aeb10a,Opengrep,Semgrep_go.lang.security.audit.sqli.gosql-sqli.gosql-sqli,internal/maintenance/gc_step11_test.go,test,S3,gc,"Detected string concatenation with a non-literal variable in a ""database/sql"" Go SQL statement.",review-for-suppression-or-backlog
CK-110-1252,CK-110-M070,c989bfcf7e75b519ce08733016fd48f5,Lizard,Lizard_ccn-medium,tests/integration/v18_migration_compatibility_integration_test.go,test,S3,codacy,Method  has a cyclomatic complexity of 10 (limit is 8),review-for-suppression-or-backlog
CK-110-1255,CK-110-M070,be271e0fab3c7ce09597bc2158f1270a,Lizard,Lizard_ccn-medium,internal/cli/render/stats_test.go,test,S3,codacy,Method TestRenderStatsHumanPrintsChunkerVersionsInSortedOrder has a cyclomatic complexity of 12 (limit is 8),review-for-suppression-or-backlog
CK-110-1256,CK-110-M063,1b27af3468cf8123fe08e085a661bfb1,Opengrep,Semgrep_go_sql_rule-concat-sqli,internal/gc/plan_test.go,test,S3,gc,SQL Injection is a critical vulnerability that can lead to data or system compromise.,review-for-suppression-or-backlog
CK-110-1258,CK-110-M052,ebab136740ddb43e4f40c257bbb47980,Opengrep,Semgrep_go_filesystem_rule-fileread,internal/storage/store_v2chunker_test.go,test,S3,storage,The application dynamically constructs file or path information.,review-for-suppression-or-backlog
CK-110-1260,CK-110-M067,b5e5c9b7b5d2ac777c19912664952a7f,Opengrep,Semgrep_go_file-permissions_rule-mkdir,internal/storage/restore_test.go,test,S3,restore,The application was found setting directory permissions to overly permissive values.,review-for-suppression-or-backlog
CK-110-1262,CK-110-M070,a92186f49f30ee96318ced4a6ff61a6,Lizard,Lizard_nloc-medium,internal/graph/traversal_test.go,test,S3,codacy,Method TestTraverseNoCyclesInfiniteLoops has 53 lines of code (limit is 50),review-for-suppression-or-backlog
CK-110-1263,CK-110-M059,75395ce84ae75488e639bdccc9160625,Opengrep,Semgrep_go_sql_rule-concat-sqli,internal/observability/service_test.go,test,S3,security,SQL Injection is a critical vulnerability that can lead to data or system compromise.,review-for-suppression-or-backlog
CK-110-1264,CK-110-M054,eec22026bd35af15ebca73bb229cb9bf,Lizard,Lizard_ccn-medium,internal/verify/verify_regression_test.go,test,S3,verify,Method openPreV15MigratedVerifyDB has a cyclomatic complexity of 14 (limit is 8),review-for-suppression-or-backlog
CK-110-1265,CK-110-M050,41c38d3de2590bb1c193a5352cafbf8d,Opengrep,Semgrep_go.lang.correctness.permissions.file_permission.incorrect-default-permission,tests/adversarial/g14_g17_snapshot_retention_adversarial_test.go,test,S3,snapshot,Detected file permissions that are set to more than `0600` (user/owner can read and write). Setting file permi,review-for-suppression-or-backlog
CK-110-1271,CK-110-M070,4541b0aebf3d01e63aca505d58b4c15c,Lizard,Lizard_ccn-medium,internal/observability/inspect_test.go,test,S3,codacy,Method TestInspectLogicalFileBasic has a cyclomatic complexity of 15 (limit is 8),review-for-suppression-or-backlog
CK-110-1272,CK-110-M072,5c549b8edb699e8197d6c7b3dc1fe37d,markdownlint,markdownlint_MD022,docs/STEP64_METRICS_VALIDATION.md,docs,S4,docs,Expected: 1; Actual: 0; Below,review-for-suppression-or-backlog
CK-110-1273,CK-110-M067,c450fb2bc6f94b3a2d114d790ce73ed0,Opengrep,Semgrep_go_filesystem_rule-fileread,internal/storage/restore_test.go,test,S3,restore,The application dynamically constructs file or path information.,review-for-suppression-or-backlog
CK-110-1274,CK-110-M070,cd67092ce4b82747e11fec6167474f53,Lizard,Lizard_ccn-medium,tests/integration/v18_migration_compatibility_integration_test.go,test,S3,codacy,Method TestPhase7UpgradeAndAddNewDataIntegration has a cyclomatic complexity of 25 (limit is 8),review-for-suppression-or-backlog
CK-110-1275,CK-110-M051,6ee600d82ca25e2689e552937d923098,Lizard,Lizard_nloc-medium,internal/storage/remove_test.go,test,S3,storage,Method TestRemoveFileByIDAndRemoveByStoredPathAreSymmetric has 90 lines of code (limit is 50),review-for-suppression-or-backlog
CK-110-1276,CK-110-M070,28523b9dd6a767d59e7c608a4a9f3fcf,Lizard,Lizard_nloc-medium,internal/graph/reachability_test.go,test,S3,codacy,Method TestGetReachableChunksMatchesLegacyAcrossRandomizedFixtures has 107 lines of code (limit is 50),review-for-suppression-or-backlog
CK-110-1277,CK-110-M057,eedbf05eff4f60887abec2fd7fc931d5,Opengrep,Semgrep_go_file-permissions_rule-mkdir,tests/integration/read_path_regression_test.go,test,S3,filesystem,The application was found setting directory permissions to overly permissive values.,review-for-suppression-or-backlog
CK-110-1278,CK-110-M057,583db06cb66a591083cfd69e96a1dc33,Opengrep,Semgrep_go_file-permissions_rule-mkdir,tests/adversarial/g610_mixed_repository_stability_test.go,test,S3,filesystem,The application was found setting directory permissions to overly permissive values.,review-for-suppression-or-backlog
CK-110-1279,CK-110-M067,46635288d90fb74d179ad3ea0932b2e7,Opengrep,Semgrep_go_file-permissions_rule-mkdir,tests/adversarial/g67_deterministic_restore_matrix_test.go,test,S3,restore,The application was found setting directory permissions to overly permissive values.,review-for-suppression-or-backlog
CK-110-1282,CK-110-M052,57fe3f51a1bad3835c92d0f8aae9da8f,Opengrep,Semgrep_go.lang.security.audit.sqli.gosql-sqli.gosql-sqli,internal/container/container_test.go,test,S3,storage,"Detected string concatenation with a non-literal variable in a ""database/sql"" Go SQL statement.",review-for-suppression-or-backlog
CK-110-1283,CK-110-M048,7f6569c41cd24bb81d8852603c94177e,Opengrep,Semgrep_go.lang.security.audit.database.string-formatted-query.string-formatted-query,internal/db/migrations_test.go,test,S3,migration,String-formatted SQL query detected.,review-for-suppression-or-backlog
CK-110-1286,CK-110-M059,ff966e8d19786cba694c7a920516023e,Opengrep,Semgrep_go_sql_rule-concat-sqli,internal/graph/reachability_test.go,test,S3,security,SQL Injection is a critical vulnerability that can lead to data or system compromise.,review-for-suppression-or-backlog
CK-110-1287,CK-110-M054,afe4def4cf376f6578258ae8b29373cb,Lizard,Lizard_ccn-medium,internal/verify/verify_system_test.go,test,S3,verify,Method seedVerifyCompressedPackedBlockFixture has a cyclomatic complexity of 18 (limit is 8),review-for-suppression-or-backlog
CK-110-1288,CK-110-M059,a2706ffbafa3c09ebf3d7c20903ee9f4,Opengrep,Semgrep_go.lang.security.audit.sqli.gosql-sqli.gosql-sqli,internal/observability/service_test.go,test,S3,security,"Detected string concatenation with a non-literal variable in a ""database/sql"" Go SQL statement.",review-for-suppression-or-backlog
CK-110-1290,CK-110-M070,1a7f7d9e89321ec4098f4d5907200b1f,Lizard,Lizard_ccn-medium,tests/integration/v18_migration_compatibility_integration_test.go,test,S3,codacy,Method TestPhase7BuildDeterministicV17StyleFixtureIntegration has a cyclomatic complexity of 30 (limit is 8),review-for-suppression-or-backlog
CK-110-1291,CK-110-M063,933cbb937dc347d0d8f74197d4022ac2,Opengrep,Semgrep_go_sql_rule-concat-sqli,internal/gc/plan_test.go,test,S3,gc,SQL Injection is a critical vulnerability that can lead to data or system compromise.,review-for-suppression-or-backlog
CK-110-1293,CK-110-M070,838580777a47e052391f0d08818dc1ef,Lizard,Lizard_ccn-medium,internal/observability/cross_consistency_test.go,test,S3,codacy,Method TestCrossConsistency_StatsAndInspectAgreeOnChunkCount has a cyclomatic complexity of 10 (limit is 8),review-for-suppression-or-backlog
CK-110-1294,CK-110-M051,4d77b19d0be9311ec372ee7242bc077f,Lizard,Lizard_ccn-medium,internal/container/container_test.go,test,S3,storage,Method TestFileContainerSyncSkipsRedundantFsyncWithoutNewWrites has a cyclomatic complexity of 13 (limit is 8),review-for-suppression-or-backlog
CK-110-1295,CK-110-M072,8a4949279c1a5ecdcb4e207d58290116,markdownlint,markdownlint_MD022,docs/STEP64_METRICS_VALIDATION.md,docs,S4,docs,Expected: 1; Actual: 0; Below,review-for-suppression-or-backlog
CK-110-1298,CK-110-M052,b67b77733cd92d7c1c773d3a1ca7d534,Opengrep,Semgrep_go_filesystem_rule-fileread,internal/storage/store_prepare_chunks_test.go,test,S3,storage,The application dynamically constructs file or path information.,review-for-suppression-or-backlog
CK-110-1299,CK-110-M052,5716150802497ec32d486ff698f0141c,Opengrep,Semgrep_go.lang.correctness.permissions.file_permission.incorrect-default-permission,internal/container/container_test.go,test,S3,storage,Detected file permissions that are set to more than `0600` (user/owner can read and write). Setting file permi,review-for-suppression-or-backlog
CK-110-1300,CK-110-M051,e0160479f097b56edf8b0fe6a63b550d,Lizard,Lizard_ccn-medium,tests/adversarial/v110_s0_chunk_reuse_bounds_stabilization_test.go,test,S3,storage,Method  has a cyclomatic complexity of 25 (limit is 8),review-for-suppression-or-backlog
CK-110-1301,CK-110-M072,60e7070a3308cff7a06f3468a1d0d7ce,markdownlint,markdownlint_MD032,docs/STEP64_METRICS_VALIDATION.md,docs,S4,docs,Lists should be surrounded by blank lines,review-for-suppression-or-backlog
CK-110-1303,CK-110-M067,dc1a6c4b0bad82ca2888ad944d186a9e,Opengrep,Semgrep_go_filesystem_rule-fileread,internal/storage/restore_test.go,test,S3,restore,The application dynamically constructs file or path information.,review-for-suppression-or-backlog
CK-110-1304,CK-110-M056,7114cfa5d00fb0e9f32e2c20a9c4ebd6,Lizard,Lizard_file-nloc-medium,tests/utils/common.go,test,S3,filesystem,File tests/utils/common.go has 1043 non-comment lines of code,review-for-suppression-or-backlog
CK-110-1305,CK-110-M066,d45eed05f9472a800e328f16dc63985f,Lizard,Lizard_nloc-medium,internal/storage/restore_test.go,test,S3,restore,Method TestRestoreFailsWhenAESGCMTransformerKeyIsMissing has 71 lines of code (limit is 50),review-for-suppression-or-backlog
CK-110-1306,CK-110-M067,9fbd31139208622eef43c06b5c7992c4,Opengrep,Semgrep_go.lang.correctness.permissions.file_permission.incorrect-default-permission,tests/adversarial/g1_step11_restore_determinism_test.go,test,S3,restore,Detected file permissions that are set to more than `0600` (user/owner can read and write). Setting file permi,review-for-suppression-or-backlog
CK-110-1308,CK-110-M062,9ad4549ce7a04aa029bb6dcaf8fa2908,Lizard,Lizard_ccn-medium,tests/adversarial/g4_non_destructive_gc_adversarial_test.go,test,S3,gc,Method  has a cyclomatic complexity of 13 (limit is 8),review-for-suppression-or-backlog
CK-110-1312,CK-110-M051,b3874797edb957d18c3f827e0ab8b49c,Lizard,Lizard_nloc-medium,internal/storage/store_transform_ordering_contract_test.go,test,S3,storage,Method TestApplyPackedBlockTransformsWriteOrderCompressionThenEncryptionThenPhysicalHash has 58 lines of code ,review-for-suppression-or-backlog
CK-110-1313,CK-110-M059,4ecfe82892fa9e399e18622cea3f7e40,Opengrep,Semgrep_go_sql_rule-concat-sqli,internal/observability/equivalence_phase7_test.go,test,S3,security,SQL Injection is a critical vulnerability that can lead to data or system compromise.,review-for-suppression-or-backlog
CK-110-1314,CK-110-M056,d00f3ef8e9bc9d00987b9c01171030e2,Lizard,Lizard_file-nloc-medium,internal/observability/equivalence_phase7_test.go,test,S3,filesystem,File internal/observability/equivalence_phase7_test.go has 597 non-comment lines of code,review-for-suppression-or-backlog
CK-110-1315,CK-110-M069,16ac0048bd4d3a5b5be3b76f942d5678,Opengrep,Semgrep_go_filesystem_rule-fileread,internal/benchmark/corpus_registry_test.go,test,S3,benchmark,The application dynamically constructs file or path information.,review-for-suppression-or-backlog
CK-110-1316,CK-110-M050,6a4804794d38fc1e805200127f0e6599,Opengrep,Semgrep_go.lang.security.audit.crypto.math_random.math-random-used,tests/adversarial/g14_g17_snapshot_retention_adversarial_test.go,test,S3,snapshot,Do not use `math/rand`. Use `crypto/rand` instead.,review-for-suppression-or-backlog
CK-110-1317,CK-110-M064,360a0b154a4f499c0da312be208f074b,Lizard,Lizard_ccn-medium,internal/recovery/system_recovery_additional_test.go,test,S3,recovery,Method TestBuildReportMapsAllFields has a cyclomatic complexity of 11 (limit is 8),review-for-suppression-or-backlog
CK-110-1318,CK-110-M055,c066a224d0e70f551df4d4f50bc82bf1,Opengrep,Semgrep_go.lang.security.audit.database.string-formatted-query.string-formatted-query,internal/verify/verify_corruption_fixtures_test.go,test,S3,verify,String-formatted SQL query detected.,review-for-suppression-or-backlog
CK-110-1319,CK-110-M072,ced869c7a0e0f91553ec2911b05f8bfe,markdownlint,markdownlint_MD032,docs/BENCHMARK_METRICS.md,docs,S4,docs,Lists should be surrounded by blank lines,review-for-suppression-or-backlog
CK-110-1320,CK-110-M052,2d399e4654d471a08adb1a75248bcf17,Opengrep,Semgrep_go_filesystem_rule-fileread,internal/container/container_test.go,test,S3,storage,The application dynamically constructs file or path information.,review-for-suppression-or-backlog
CK-110-1321,CK-110-M072,94664c5c2af454fae3dd1016956e6233,markdownlint,markdownlint_MD007,docs/benchmarking.md,docs,S4,docs,Expected: 2; Actual: 3,review-for-suppression-or-backlog
CK-110-1322,CK-110-M072,489d60b3d2236c1fd890172fed0e8c05,markdownlint,markdownlint_MD032,docs/STEP64_METRICS_VALIDATION.md,docs,S4,docs,Lists should be surrounded by blank lines,review-for-suppression-or-backlog
CK-110-1323,CK-110-M067,dd25517a6881a8e2b3f72c934709268,Opengrep,Semgrep_go.lang.correctness.permissions.file_permission.incorrect-default-permission,tests/adversarial/g1_step11_restore_determinism_test.go,test,S3,restore,Detected file permissions that are set to more than `0600` (user/owner can read and write). Setting file permi,review-for-suppression-or-backlog
CK-110-1324,CK-110-M063,c062f81c999a942b87af27563b4b3fed,Opengrep,Semgrep_go_sql_rule-concat-sqli,internal/gc/plan_test.go,test,S3,gc,SQL Injection is a critical vulnerability that can lead to data or system compromise.,review-for-suppression-or-backlog
CK-110-1325,CK-110-M061,89daccfadb8f5b8c833e9d8d19e747af,Opengrep,Semgrep_go_filesystem_rule-fileread,internal/storage/storage_block_reader_test.go,test,S3,packed-storage,The application dynamically constructs file or path information.,review-for-suppression-or-backlog
CK-110-1326,CK-110-M047,b919bbbeb0f9a6f05872a0b082c9aab8,Lizard,Lizard_file-nloc-medium,internal/db/migrations_test.go,test,S3,migration,File internal/db/migrations_test.go has 1990 non-comment lines of code,review-for-suppression-or-backlog
CK-110-1327,CK-110-M050,84c4785388e92247e42ff4b865a60c85,Opengrep,Semgrep_go.lang.correctness.permissions.file_permission.incorrect-default-permission,tests/adversarial/g14_g17_snapshot_retention_adversarial_test.go,test,S3,snapshot,Detected file permissions that are set to more than `0600` (user/owner can read and write). Setting file permi,review-for-suppression-or-backlog
CK-110-1328,CK-110-M063,1d6f7056a4b6bd5e43f6b6e5d0e6b10d,Opengrep,Semgrep_go_sql_rule-concat-sqli,internal/maintenance/stats_bench_test.go,test,S3,gc,SQL Injection is a critical vulnerability that can lead to data or system compromise.,review-for-suppression-or-backlog
CK-110-1332,CK-110-M069,d44994d7a74f3bc6e9cd38ea27c7b194,Opengrep,Semgrep_go_file-permissions_rule-fileperm,internal/benchmark/determinism_test.go,test,S3,benchmark,The application was found setting file permissions to overly permissive values.,review-for-suppression-or-backlog
CK-110-1333,CK-110-M072,94c2fee8714abcd394935d3cc7bc8758,markdownlint,markdownlint_MD032,docs/BENCHMARK_CORPORA.md,docs,S4,docs,Lists should be surrounded by blank lines,review-for-suppression-or-backlog
CK-110-1334,CK-110-M072,4517e23f3c4240303f821c090d5e6471,markdownlint,markdownlint_MD032,docs/benchmarking.md,docs,S4,docs,Lists should be surrounded by blank lines,review-for-suppression-or-backlog
CK-110-1335,CK-110-M057,c8f1878b3d425471dc3074f8c59134b6,Opengrep,Semgrep_go_file-permissions_rule-mkdir,tests/integration/read_path_regression_test.go,test,S3,filesystem,The application was found setting directory permissions to overly permissive values.,review-for-suppression-or-backlog
CK-110-1337,CK-110-M057,1e0bb5c60ece137a272b3378055797af,Opengrep,Semgrep_go_file-permissions_rule-mkdir,tests/integration/v19_stats_semantics_integration_test.go,test,S3,filesystem,The application was found setting directory permissions to overly permissive values.,review-for-suppression-or-backlog
CK-110-1339,CK-110-M070,a57aee67bdeb37f14cf4a4c807c522f6,Lizard,Lizard_nloc-medium,tests/utils/common.go,test,S3,codacy,Method RunFixtureFolderEndToEnd has 90 lines of code (limit is 50),review-for-suppression-or-backlog
CK-110-1340,CK-110-M070,f1746a16ea523e7370bb0839bea950a5,Lizard,Lizard_ccn-medium,tests/adversarial/g610_mixed_repository_stability_test.go,test,S3,codacy,Method TestStep610MixedRepositoryStability has a cyclomatic complexity of 24 (limit is 8),review-for-suppression-or-backlog
CK-110-1341,CK-110-M059,391f7aba2f8b169df25d94d4c9d1f374,Opengrep,Semgrep_go_sql_rule-concat-sqli,internal/graph/reachability_test.go,test,S3,security,SQL Injection is a critical vulnerability that can lead to data or system compromise.,review-for-suppression-or-backlog
CK-110-1342,CK-110-M066,19fb8929a121cd760750c4d672a5f781,Lizard,Lizard_nloc-medium,internal/storage/restore_test.go,test,S3,restore,Method TestRestoreOptionsOverwriteTrueReplacesExistingDestination has 93 lines of code (limit is 50),review-for-suppression-or-backlog
CK-110-1343,CK-110-M070,3405c8043232352ee39488b0d754b27c,Lizard,Lizard_nloc-medium,internal/retention/reachability_test.go,test,S3,codacy,Method TestComputeReachabilitySummary has 54 lines of code (limit is 50),review-for-suppression-or-backlog
CK-110-1344,CK-110-M062,b0d3ca617fea97de8586ba12197405e4,Lizard,Lizard_ccn-medium,internal/gc/plan_test.go,test,S3,gc,Method TestBuildPlanPackedDryRunMetrics has a cyclomatic complexity of 10 (limit is 8),review-for-suppression-or-backlog
CK-110-1348,CK-110-M047,7d65874c84901faba04872bcebbfd5c,Lizard,Lizard_ccn-medium,internal/db/migrations_test.go,test,S3,migration,Method TestPostgresFreshBootstrapCreatesPhaseOneV8Schema has a cyclomatic complexity of 39 (limit is 8),review-for-suppression-or-backlog
CK-110-1350,CK-110-M076,3c87ab5fe64a682e918a7d8512a5d17e,Agentlinter,Agentlinter_clarity_undefined-term,SECURITY.md,docs,S4,codacy,"Undefined acronym ""GC"" — define on first use or add to glossary.",review-for-suppression-or-backlog
CK-110-1354,CK-110-M054,1e555ff2e5c8f6a145683419ddfdbdea,Lizard,Lizard_ccn-medium,internal/verify/verify_system_test.go,test,S3,verify,Method seedVerifyLegacyBlockFixture has a cyclomatic complexity of 9 (limit is 8),review-for-suppression-or-backlog
CK-110-1355,CK-110-M069,1f29dd05847654f7baac14d9a5acf01a,Opengrep,Semgrep_go_file-permissions_rule-mkdir,internal/benchmark/determinism_test.go,test,S3,benchmark,The application was found setting directory permissions to overly permissive values.,review-for-suppression-or-backlog
CK-110-1357,CK-110-M072,5e2735d09cc5c7bbf1b86dc7d079fa8f,markdownlint,markdownlint_MD007,docs/benchmarking.md,docs,S4,docs,Expected: 2; Actual: 3,review-for-suppression-or-backlog
CK-110-1358,CK-110-M060,833af26d4ac63140ca84fd186285814b,Lizard,Lizard_file-nloc-medium,internal/storage/storage_block_reader_test.go,test,S3,packed-storage,File internal/storage/storage_block_reader_test.go has 1008 non-comment lines of code,review-for-suppression-or-backlog
CK-110-1359,CK-110-M052,1d60e01c65fdb636fc8c9cfe61505260,Opengrep,Semgrep_go_file-permissions_rule-fileperm,internal/container/container_test.go,test,S3,storage,The application was found setting file permissions to overly permissive values.,review-for-suppression-or-backlog
CK-110-1362,CK-110-M063,dfdec291cf97a5c6d2868ebec9b1a123,Opengrep,Semgrep_go_file-permissions_rule-mkdir,tests/adversarial/g4_non_destructive_gc_adversarial_test.go,test,S3,gc,The application was found setting directory permissions to overly permissive values.,review-for-suppression-or-backlog
CK-110-1363,CK-110-M048,72e1508ef3f57b30616501d46e9e3216,Opengrep,Semgrep_go_sql_rule-concat-sqli,internal/db/migrations_test.go,test,S3,migration,SQL Injection is a critical vulnerability that can lead to data or system compromise.,review-for-suppression-or-backlog
CK-110-1364,CK-110-M060,2495a0c45fab09fdcf3c651c7d2c03f4,Lizard,Lizard_nloc-medium,internal/storage/storage_block_reader_test.go,test,S3,packed-storage,Method TestStorageBlockReaderLoadBlockMetadataRejectsInvalidCompressionContract has 56 lines of code (limit is,review-for-suppression-or-backlog
CK-110-1365,CK-110-M067,fca647210c77a7e614e22b3656e7ed4f,Opengrep,Semgrep_go_file-permissions_rule-mkdir,tests/adversarial/g1_step11_restore_determinism_test.go,test,S3,restore,The application was found setting directory permissions to overly permissive values.,review-for-suppression-or-backlog
CK-110-1366,CK-110-M047,6e7c6be8511c939a591b1ef40be9e243,Lizard,Lizard_ccn-medium,internal/db/migrations_test.go,test,S3,migration,Method TestPostgresV7SnapshotMigrationToV8WithoutDataLoss has a cyclomatic complexity of 52 (limit is 8),review-for-suppression-or-backlog
CK-110-1367,CK-110-M070,a24465e0625d9850f114e40623a5bb1,Lizard,Lizard_nloc-medium,internal/observability/inspect_test.go,test,S3,codacy,Method TestInspectLogicalFileBasic has 54 lines of code (limit is 50),review-for-suppression-or-backlog
CK-110-1369,CK-110-M050,b8054aa3d7f8b7d2c9ecd0286d4cb515,Opengrep,Semgrep_go_file-permissions_rule-mkdir,tests/adversarial/g14_g17_snapshot_retention_adversarial_test.go,test,S3,snapshot,The application was found setting directory permissions to overly permissive values.,review-for-suppression-or-backlog
CK-110-1370,CK-110-M070,b4bb62b9b733b4c6500efb5b1198dee4,Lizard,Lizard_ccn-medium,internal/retention/reachability_test.go,test,S3,codacy,Method TestSharedRetentionSurvivesSnapshotDeleteWhenCurrentExists has a cyclomatic complexity of 12 (limit is ,review-for-suppression-or-backlog
CK-110-1372,CK-110-M054,ecd3c9edec92aa20ca00708fe2123e4c,Lizard,Lizard_ccn-medium,internal/verify/verify_file_test.go,test,S3,verify,Method TestVerifyFileStandardRejectsChunkWithEmptyChunkerVersion has a cyclomatic complexity of 9 (limit is 8),review-for-suppression-or-backlog
CK-110-1373,CK-110-M057,3060f37cb77ec52a92fb0e259c8e8432,Opengrep,Semgrep_go_file-permissions_rule-fileperm,tests/utils/common.go,test,S3,filesystem,The application was found setting file permissions to overly permissive values.,review-for-suppression-or-backlog
CK-110-1375,CK-110-M067,ca168bb80fda23f257625f812c97ffbb,Opengrep,Semgrep_go.lang.correctness.permissions.file_permission.incorrect-default-permission,tests/adversarial/g5_atomic_restore_adversarial_test.go,test,S3,restore,Detected file permissions that are set to more than `0600` (user/owner can read and write). Setting file permi,review-for-suppression-or-backlog
CK-110-1376,CK-110-M072,6a1ca858b566c3818470c377c63e0960,markdownlint,markdownlint_MD032,docs/BENCHMARK_CORPORA.md,docs,S4,docs,Lists should be surrounded by blank lines,review-for-suppression-or-backlog
CK-110-1377,CK-110-M048,34112e81ec2642dc2ec00d6fcf29cb93,Opengrep,Semgrep_go_sql_rule-concat-sqli,internal/db/migrations_test.go,test,S3,migration,SQL Injection is a critical vulnerability that can lead to data or system compromise.,review-for-suppression-or-backlog
CK-110-1378,CK-110-M062,cdb1cacbbd8fa2f7f7177e2c5d468c7a,Lizard,Lizard_ccn-medium,internal/maintenance/gc_test.go,test,S3,gc,Method TestRunGCDryRunBecomesEligibleAfterSnapshotDelete has a cyclomatic complexity of 10 (limit is 8),review-for-suppression-or-backlog
CK-110-1379,CK-110-M062,17d610c30c8e014d9898a5f866d6454c,Lizard,Lizard_nloc-medium,internal/maintenance/gc_step11_test.go,test,S3,gc,Method TestStep11ContainerWithMixedPhysicalUnitsRetainedWhileEitherKindLive has 90 lines of code (limit is 50),review-for-suppression-or-backlog
CK-110-1380,CK-110-M054,bc57bfaa2c1ce094a3e07ec415d728d9,Lizard,Lizard_ccn-medium,internal/verify/verify_block_pipeline_test.go,test,S3,verify,Method  has a cyclomatic complexity of 9 (limit is 8),review-for-suppression-or-backlog
CK-110-1381,CK-110-M072,21f3014ef9096060d9f7ee2e2881953e,markdownlint,markdownlint_MD022,docs/STEP64_METRICS_VALIDATION.md,docs,S4,docs,Expected: 1; Actual: 0; Below,review-for-suppression-or-backlog
CK-110-1383,CK-110-M072,400113df09e4ea4d81696735676fb529,markdownlint,markdownlint_MD032,docs/STEP64_METRICS_VALIDATION.md,docs,S4,docs,Lists should be surrounded by blank lines,review-for-suppression-or-backlog
CK-110-1384,CK-110-M050,93d055ea4776ded75385c7ec1cc4aea1,Opengrep,Semgrep_go_sql_rule-concat-sqli,tests/adversarial/g14_g17_snapshot_retention_adversarial_test.go,test,S3,snapshot,SQL Injection is a critical vulnerability that can lead to data or system compromise.,review-for-suppression-or-backlog
CK-110-1385,CK-110-M049,62c75906518a6c34f005725cb50d57a5,Lizard,Lizard_ccn-medium,tests/adversarial/g14_g17_snapshot_retention_adversarial_test.go,test,S3,snapshot,Method TestAdversarialG14SnapshotSurvivesCrashAndRecovery has a cyclomatic complexity of 10 (limit is 8),review-for-suppression-or-backlog
CK-110-1387,CK-110-M072,1758f0bcd99b7ef01474823e5b0c716a,markdownlint,markdownlint_MD024,docs/benchmarking.md,docs,S4,docs,Multiple headings with the same content,review-for-suppression-or-backlog
CK-110-1388,CK-110-M055,5831047fed13724adaff1370ca2cb7d3,Opengrep,Semgrep_go_filesystem_rule-fileread,internal/verify/verify_system_test.go,test,S3,verify,The application dynamically constructs file or path information.,review-for-suppression-or-backlog
CK-110-1389,CK-110-M070,98a76718fa2aa6b39ccda1377da67908,Lizard,Lizard_nloc-medium,tests/integration/v18_migration_compatibility_integration_test.go,test,S3,codacy,Method TestPhase7MixedVerifyAfterUpgradeIntegration has 119 lines of code (limit is 50),review-for-suppression-or-backlog
CK-110-1390,CK-110-M072,dbd1f4ab06f0f10e4a83359321b9c8fc,markdownlint,markdownlint_MD032,docs/benchmarking.md,docs,S4,docs,Lists should be surrounded by blank lines,review-for-suppression-or-backlog
CK-110-1391,CK-110-M047,ee6582dca500a558947be39b889a507f,Lizard,Lizard_ccn-medium,internal/db/migrations_test.go,test,S3,migration,Method TestRunMigrationsMigratesLegacySnapshotV7ToV8WithoutDataLoss has a cyclomatic complexity of 51 (limit i,review-for-suppression-or-backlog
CK-110-1392,CK-110-M070,8cc37f722baa84b36585a73cceb02165,Lizard,Lizard_ccn-medium,internal/observability/inspect_test.go,test,S3,codacy,Method TestInspectChunkBasic has a cyclomatic complexity of 11 (limit is 8),review-for-suppression-or-backlog
CK-110-1394,CK-110-M051,5c2adf9c7652491381ede83124cd9994,Lizard,Lizard_ccn-medium,internal/storage/store_v2chunker_test.go,test,S3,storage,Method TestCrossVersionDedupCompatibility has a cyclomatic complexity of 19 (limit is 8),review-for-suppression-or-backlog
CK-110-1395,CK-110-M059,407b45e0184f9c6d290e6c47fd2e99a4,Opengrep,Semgrep_go_sql_rule-concat-sqli,internal/graph/reachability_test.go,test,S3,security,SQL Injection is a critical vulnerability that can lead to data or system compromise.,review-for-suppression-or-backlog
CK-110-1396,CK-110-M066,18f3e6fda5b485814478c21bc45e6b5b,Lizard,Lizard_nloc-medium,internal/storage/restore_test.go,test,S3,restore,Method TestRestoreFileByStoredPathPrefixMode has 105 lines of code (limit is 50),review-for-suppression-or-backlog
CK-110-1397,CK-110-M048,898dab7288f21d52665073a1176746bc,Opengrep,Semgrep_go.lang.security.audit.database.string-formatted-query.string-formatted-query,internal/db/migrations_test.go,test,S3,migration,String-formatted SQL query detected.,review-for-suppression-or-backlog
CK-110-1398,CK-110-M057,2d38d31101a5f389851c4312c65c7bf,Opengrep,Semgrep_go_file-permissions_rule-mkdir,tests/integration/v19_legacy_upgrade_path_integration_test.go,test,S3,filesystem,The application was found setting directory permissions to overly permissive values.,review-for-suppression-or-backlog
CK-110-1399,CK-110-M070,cee14eb38cefa0cac24fe4a1905e7fd,Lizard,Lizard_ccn-medium,internal/graph/traversal_test.go,test,S3,codacy,Method TestTraverseNoCyclesInfiniteLoops has a cyclomatic complexity of 14 (limit is 8),review-for-suppression-or-backlog
CK-110-1400,CK-110-M072,caa850428c20df96378234201545be62,markdownlint,markdownlint_MD022,docs/STEP64_METRICS_VALIDATION.md,docs,S4,docs,Expected: 1; Actual: 0; Below,review-for-suppression-or-backlog
CK-110-1401,CK-110-M063,39e17e4984c2f5cfdff3006953cfd7dc,Opengrep,Semgrep_go_filesystem_rule-fileread,internal/maintenance/gc_step11_test.go,test,S3,gc,The application dynamically constructs file or path information.,review-for-suppression-or-backlog
CK-110-1402,CK-110-M063,633f6044b4a696de7744f1b995370931,Opengrep,Semgrep_go_sql_rule-concat-sqli,internal/gc/plan_test.go,test,S3,gc,SQL Injection is a critical vulnerability that can lead to data or system compromise.,review-for-suppression-or-backlog
CK-110-1405,CK-110-M023,9e69fba41d3d717843357160fc8f1d61,Opengrep,Semgrep_go_subproc_rule-subproc,tests/adversarial/g6_concurrent_operations_adversarial_test.go,test,S1,codacy,OS command injection is a critical vulnerability that can lead to a full system compromise as it may allow an ,review-for-suppression-or-backlog
CK-110-1406,CK-110-M051,7f9631f741332c8120483894ec0e1d83,Lizard,Lizard_nloc-medium,internal/storage/store_v2chunker_test.go,test,S3,storage,Method TestStoreAllowsCrossVersionChunkReuseWithoutOverwritingOriginMetadata has 82 lines of code (limit is 50,review-for-suppression-or-backlog
CK-110-1407,CK-110-M057,1856b1c71ce9e6e2fc9e9f163af472ff,Opengrep,Semgrep_go_file-permissions_rule-mkdir,tests/adversarial/g6_concurrent_operations_adversarial_test.go,test,S3,filesystem,The application was found setting directory permissions to overly permissive values.,review-for-suppression-or-backlog
CK-110-1409,CK-110-M070,166ac9fbceee83e1900e0f57a6575af7,Lizard,Lizard_nloc-medium,tests/adversarial/g610_mixed_repository_stability_test.go,test,S3,codacy,Method TestStep610MixedRepositoryStability has 119 lines of code (limit is 50),review-for-suppression-or-backlog
CK-110-1410,CK-110-M057,bf0bc9d4e9cb2321a2899f34d168822f,Opengrep,Semgrep_go_filesystem_rule-fileread,tests/adversarial/g610_mixed_repository_stability_test.go,test,S3,filesystem,The application dynamically constructs file or path information.,review-for-suppression-or-backlog
CK-110-1413,CK-110-M057,3bbd62d05443f4898c920ca21d0549de,Opengrep,Semgrep_go_file-permissions_rule-fileperm,tests/adversarial/g9_batch_semantics_adversarial_test.go,test,S3,filesystem,The application was found setting file permissions to overly permissive values.,review-for-suppression-or-backlog
CK-110-1414,CK-110-M070,65c8b3e097e7fac35dc384cdc2650820,Lizard,Lizard_nloc-medium,internal/observability/inspect_test.go,test,S3,codacy,Method TestInspectChunkRelationsIncludeLegacyBlockMetadata has 72 lines of code (limit is 50),review-for-suppression-or-backlog
CK-110-1417,CK-110-M051,9dfb5c62d7e4c7a833bea64087ddb349,Lizard,Lizard_ccn-medium,internal/storage/remove_test.go,test,S3,storage,Method TestRemoveFailsWhenLogicalFileIsRetainedBySnapshot has a cyclomatic complexity of 13 (limit is 8),review-for-suppression-or-backlog
CK-110-1418,CK-110-M023,d41e21a2c9100916a37944b7a3460871,Opengrep,Semgrep_go_subproc_rule-subproc,tests/integration/v18_migration_compatibility_integration_test.go,test,S1,codacy,OS command injection is a critical vulnerability that can lead to a full system compromise as it may allow an ,review-for-suppression-or-backlog
CK-110-1419,CK-110-M057,78223be4642aa2a4154f4bd39a507330,Opengrep,Semgrep_go.lang.correctness.permissions.file_permission.incorrect-default-permission,tests/integration/v19_legacy_upgrade_path_integration_test.go,test,S3,filesystem,Detected file permissions that are set to more than `0600` (user/owner can read and write). Setting file permi,review-for-suppression-or-backlog
CK-110-1420,CK-110-M048,eb3d7b99bea5b5719b0c876a368d39fb,Opengrep,Semgrep_go_sql_rule-concat-sqli,internal/db/migrations_test.go,test,S3,migration,SQL Injection is a critical vulnerability that can lead to data or system compromise.,review-for-suppression-or-backlog
CK-110-1422,CK-110-M066,8fbf9aa4a624c23486d4cc35388531e4,Lizard,Lizard_nloc-medium,internal/storage/restore_test.go,test,S3,restore,Method TestRestoreFailsOnPlaintextSizeMismatch has 64 lines of code (limit is 50),review-for-suppression-or-backlog
CK-110-1423,CK-110-M048,a305f752a1f74bd16421dab78d184957,Opengrep,Semgrep_go_sql_rule-concat-sqli,internal/db/migrations_test.go,test,S3,migration,SQL Injection is a critical vulnerability that can lead to data or system compromise.,review-for-suppression-or-backlog
CK-110-1424,CK-110-M056,2368d06311b8faa317fd8305df242125,Lizard,Lizard_ccn-medium,tests/integration/v19_legacy_upgrade_path_integration_test.go,test,S3,filesystem,Method TestStep612LegacyUpgradePathNoRewriteIntegration has a cyclomatic complexity of 32 (limit is 8),review-for-suppression-or-backlog
CK-110-1425,CK-110-M070,5648607a33937986dffa1b6f13c80e9b,Lizard,Lizard_ccn-medium,internal/graph/traversal_test.go,test,S3,codacy,Method TestTraverseVisitsAllNodesOnce has a cyclomatic complexity of 17 (limit is 8),review-for-suppression-or-backlog
CK-110-1426,CK-110-M068,246d1d7320fb3ab3bce19f65743b2c23,Lizard,Lizard_ccn-medium,internal/benchmark/metrics_test.go,test,S3,benchmark,Method TestMetricsAreUnderstandable has a cyclomatic complexity of 11 (limit is 8),review-for-suppression-or-backlog
CK-110-1427,CK-110-M050,ad54037112d9d33ed91989c93e9f26d6,Opengrep,Semgrep_go_filesystem_rule-fileread,tests/adversarial/g14_g17_snapshot_retention_adversarial_test.go,test,S3,snapshot,The application dynamically constructs file or path information.,review-for-suppression-or-backlog
CK-110-1429,CK-110-M057,4f276da18b4737be234741687c1fadbc,Opengrep,Semgrep_go.lang.correctness.permissions.file_permission.incorrect-default-permission,tests/integration/read_path_regression_test.go,test,S3,filesystem,Detected file permissions that are set to more than `0600` (user/owner can read and write). Setting file permi,review-for-suppression-or-backlog
CK-110-1430,CK-110-M062,e8428c820cef570571a5ee777ed1fd97,Lizard,Lizard_nloc-medium,internal/maintenance/gc_packed_test.go,test,S3,gc,Method TestContainerHasLivePhysicalUnitsSupportsLegacyPackedAndMixed has 93 lines of code (limit is 50),review-for-suppression-or-backlog
CK-110-1431,CK-110-M072,9265334158917c11c61b8ec994590947,markdownlint,markdownlint_MD007,docs/benchmarking.md,docs,S4,docs,Expected: 2; Actual: 3,review-for-suppression-or-backlog
CK-110-1432,CK-110-M057,c5ce857edca3ad353358003b2fbef2cd,Opengrep,Semgrep_go_file-permissions_rule-fileperm,tests/utils/common.go,test,S3,filesystem,The application was found setting file permissions to overly permissive values.,review-for-suppression-or-backlog
CK-110-1436,CK-110-M052,528ea491892701113f7b8d7faeaffef5,Opengrep,Semgrep_go.lang.correctness.permissions.file_permission.incorrect-default-permission,tests/adversarial/v110_s0_chunk_reuse_bounds_stabilization_test.go,test,S3,storage,Detected file permissions that are set to more than `0600` (user/owner can read and write). Setting file permi,review-for-suppression-or-backlog
CK-110-1438,CK-110-M072,63b9d414d933f1da98077ffd78587bb7,markdownlint,markdownlint_MD032,docs/benchmarking.md,docs,S4,docs,Lists should be surrounded by blank lines,review-for-suppression-or-backlog
CK-110-1439,CK-110-M072,56fe77bc8bf5d169f67e911350148b4d,markdownlint,markdownlint_MD032,docs/BENCHMARK_METRICS.md,docs,S4,docs,Lists should be surrounded by blank lines,review-for-suppression-or-backlog
CK-110-1441,CK-110-M066,f5d32e9a816a3833c53a471fdcef956a,Lizard,Lizard_nloc-medium,internal/storage/restore_test.go,test,S3,restore,Method setupStoredPathRestoreFixture has 116 lines of code (limit is 50),review-for-suppression-or-backlog
