ck_id,title,source,source_id,source_file,source_line,source_rule,source_category,source_subcategory,source_severity,source_tool,source_commit,release_target,status,severity,domain,root_invariant,matrix_id,duplicate_of,breaking_risk,data_loss_risk,security_risk,determinism_risk,recovery_risk,requires_regression_test,requires_ci_gate,production_code,test_code,docs_only,area,critical_path,owner,decision,decision_rationale,planned_fix,validation_command,closure_proof,notes
CK-110-0001,Method TestRestoreOptionsOverwriteFalseRejectsExistingDestination has 91 lines of code (limit is 50),codacy,a3ffeea807380ab4eb01024475f66f95,internal/storage/restore_test.go,2132,Lizard_nloc-medium,Complexity,,Warning,Lizard,72e7d820bee113801805bf52d821193704364cb2,v1.10.5,open,S3,restore,Test complexity findings must be reviewed without weakening invariant coverage,,,none,none,none,none,none,false,false,false,true,false,test,,,investigate,,,,,bucket=test-complexity-hotspot; line_text=func TestRestoreOptionsOverwriteFalseRejectsExistingDestination(t *testing.T) {
CK-110-0002,Method TestLoadSQLiteSchemaNormalizesLegacySchemaVersionHistory has a cyclomatic complexity of 11 (limit is 8),codacy,1b4d2f909c5d039111906539f9cbfe3f,internal/db/migrations_test.go,476,Lizard_ccn-medium,Complexity,,Warning,Lizard,53ee6c8e88183b8ed363c0cc897caf91cee0a5e5,backlog,open,S3,migration,Test complexity findings must be reviewed without weakening invariant coverage,,,none,none,none,none,none,false,false,false,true,false,test,,,investigate,,,,,bucket=test-complexity-hotspot; line_text=func TestLoadSQLiteSchemaNormalizesLegacySchemaVersionHistory(t *testing.T) {
CK-110-0003,Method TestRunGCDryRunCurrentAndSnapshotSharedRetentionSurvivesCurrentDelete has a cyclomatic complexity of 12,codacy,83cd4dfbe61395442cc80723828104ef,internal/maintenance/gc_test.go,737,Lizard_ccn-medium,Complexity,,Warning,Lizard,3c3b1e9b2ca14b3986f54c909d7cd6bdbff68ecd,v1.10.4,open,S3,gc,Test complexity findings must be reviewed without weakening invariant coverage,,,none,none,none,none,none,false,false,false,true,false,test,,,investigate,,,,,bucket=test-complexity-hotspot; line_text=func TestRunGCDryRunCurrentAndSnapshotSharedRetentionSurvivesCurrentDelete(t *testing.T) {
CK-110-0004,Method TestStoreFileNormalizesSymlinkAndRealPathToSingleIdentity has 54 lines of code (limit is 50),codacy,9378ffb5531bdf1508abab69423c89f4,internal/storage/physical_file_repository_test.go,414,Lizard_nloc-medium,Complexity,,Warning,Lizard,40a1210ffc8c23dc4a717ce32627c89658e0f608,backlog,open,S3,storage,Test complexity findings must be reviewed without weakening invariant coverage,,,none,none,none,none,none,false,false,false,true,false,test,,,investigate,,,,,bucket=test-complexity-hotspot; line_text=func TestStoreFileNormalizesSymlinkAndRealPathToSingleIdentity(t *testing.T) {
CK-110-0005,Method TestRunMigrationsFailsOnLegacyUnsupportedStorageBlockCompressionCodec has 75 lines of code (limit is 50,codacy,b26ba57d1a8c7f55b98c12b581b8af7e,internal/db/migrations_test.go,997,Lizard_nloc-medium,Complexity,,Warning,Lizard,860df0049b148aaa794b2b5c4c531a7d5e3350a3,backlog,open,S3,migration,Test complexity findings must be reviewed without weakening invariant coverage,,,none,none,none,none,none,false,false,false,true,false,test,,,investigate,,,,,bucket=test-complexity-hotspot; line_text=func TestRunMigrationsFailsOnLegacyUnsupportedStorageBlockCompressionCodec(t *testing.T) {
CK-110-0006,Method RepairLogicalRefCountsResultWithDB has 65 lines of code (limit is 50),codacy,cd70898ae5f29b25dd15e7ff58afc68a,internal/maintenance/repair_refcounts.go,23,Lizard_nloc-medium,Complexity,,Warning,Lizard,40a1210ffc8c23dc4a717ce32627c89658e0f608,v1.10.4,open,S2,gc,Production complexity hotspots in critical paths must be tracked without behavior-changing refactors,,,none,medium,none,medium,none,true,false,true,false,false,production,,,investigate,,,,,"bucket=production-complexity-hotspot; line_text=func RepairLogicalRefCountsResultWithDB(dbconn *sql.DB) (result RepairLogicalRefCountsResult, err error) {"
CK-110-0007,Detected file permissions that are set to more than `0600` (user/owner can read and write). Setting file permi,codacy,d91d62593c553c9c9344387a49bcea6,tests/adversarial/g69_gc_safety_matrix_test.go,162,Semgrep_go.lang.correctness.permissions.file_permission.incorrect-default-permission,Security,FileAccess,High,Opengrep,40a1210ffc8c23dc4a717ce32627c89658e0f608,v1.10.4,open,S3,gc,Test-only security scanner findings must be reviewed and suppressed only with rationale,,,none,none,none,none,none,false,false,false,true,false,test,,,investigate,,,,,"bucket=test-security-noise; line_text=if err := os.MkdirAll(container.ContainersDir, 0o755); err != nil {"
CK-110-0008,Method CreateSnapshotWithOptions has 199 lines of code (limit is 50),codacy,1580eaeb6d19e75c32758d6f9333c17c,internal/snapshot/snapshot.go,1327,Lizard_nloc-medium,Complexity,,Warning,Lizard,40a1210ffc8c23dc4a717ce32627c89658e0f608,backlog,open,S2,snapshot,Production complexity hotspots in critical paths must be tracked without behavior-changing refactors,,,none,none,none,none,none,true,false,true,false,false,production,,,investigate,,,,,bucket=production-complexity-hotspot; line_text=func CreateSnapshotWithOptions(
CK-110-0009,SQL Injection is a critical vulnerability that can lead to data or system compromise.,codacy,8674c712204ea0c5bff6d81b6a8d4dc5,internal/snapshot/snapshot_bench_test.go,72,Semgrep_go_sql_rule-concat-sqli,Security,SQLInjection,Error,Opengrep,dcbd7dba8826034d5fe842c384fed3cbc2f62ac7,backlog,open,S3,snapshot,Test-only security scanner findings must be reviewed and suppressed only with rationale,,,none,none,none,none,none,false,false,false,true,false,test,,,investigate,,,,,"bucket=test-security-noise; line_text=if _, err := insertPhysicalStmt.ExecContext("
CK-110-0010,Expected: 2; Actual: 3,codacy,549ee272844892205139122796c77c47,docs/benchmarking.md,649,markdownlint_MD007,CodeStyle,,Info,markdownlint,40a1210ffc8c23dc4a717ce32627c89658e0f608,backlog,open,S4,docs,Documentation style findings must be classified without blocking correctness releases,,,none,none,none,none,none,false,false,false,false,true,docs,,,investigate,,,,,bucket=docs-style; line_text=- repeated verify cycles (`verify --full` equivalent)
CK-110-0011,Detected file permissions that are set to more than `0600` (user/owner can read and write). Setting file permi,codacy,cce75e251cbeb1bf99ed1fdf95041e8c,tests/adversarial/v110_s0_chunk_reuse_bounds_stabilization_test.go,54,Semgrep_go.lang.correctness.permissions.file_permission.incorrect-default-permission,Security,FileAccess,High,Opengrep,40a1210ffc8c23dc4a717ce32627c89658e0f608,backlog,open,S3,storage,Test-only security scanner findings must be reviewed and suppressed only with rationale,,,none,none,none,none,none,false,false,false,true,false,test,,,investigate,,,,,"bucket=test-security-noise; line_text=if err := os.MkdirAll(pathsDir, 0o755); err != nil {"
CK-110-0012,Insecure dependency golang/stdlib@v1.23.0 (CVE-2025-58185: encoding/asn1: Parsing DER payload can cause memory,codacy,8231643c70a76bc5bb524637d42fe591,go.mod,3,Trivy_vulnerability_medium,Security,InsecureModulesLibraries,Warning,Trivy,40a1210ffc8c23dc4a717ce32627c89658e0f608,v1.10.2,open,S1,dependencies,Supported Go toolchain must not carry known unplanned CVEs,,,none,none,medium,none,none,true,true,true,false,false,production,,,fix,,,,,bucket=dependency-cve; line_text=go 1.23
CK-110-0013,SQL Injection is a critical vulnerability that can lead to data or system compromise.,codacy,c675567500c4fe56ff480f07cffc09c,internal/observability/stats.go,418,Semgrep_go_sql_rule-concat-sqli,Security,SQLInjection,Error,Opengrep,bc3e57ca58518f4aa470351716ec12be5c1ecae9,v1.10.2,open,S1,security,Dynamic SQL scanner findings must be reviewed for parameterization or safe identifier constraints,,,none,none,medium,none,none,true,false,true,false,false,production,,,investigate,,,,,"bucket=production-security-candidate; line_text=if err := s.db.QueryRowContext(ctx, query, args...).Scan(&chunkCount, &totalBytes); err != nil {"
CK-110-0014,SQL Injection is a critical vulnerability that can lead to data or system compromise.,codacy,6f4f167876fcd0e57400d42ffe940ad5,internal/repository/capabilities/derive.go,340,Semgrep_go_sql_rule-concat-sqli,Security,SQLInjection,Error,Opengrep,dfd535beeebf18e2fb85ff8f275695174f7348dc,v1.10.2,open,S1,security,Dynamic SQL scanner findings must be reviewed for parameterization or safe identifier constraints,,,none,none,medium,none,none,true,false,true,false,false,production,,,investigate,,,,,"bucket=production-security-candidate; line_text=rows, err := dbconn.QueryContext(ctx, fmt.Sprintf(""PRAGMA table_info(%s)"", tableName))"
CK-110-0015,Expected: 1; Actual: 0; Below,codacy,3c66e8f7f9c1a3c78d4dc8bbc3671502,docs/STEP64_METRICS_VALIDATION.md,29,markdownlint_MD022,CodeStyle,,Info,markdownlint,40a1210ffc8c23dc4a717ce32627c89658e0f608,backlog,open,S4,docs,Documentation style findings must be classified without blocking correctness releases,,,none,none,none,none,none,false,false,false,false,true,docs,,,investigate,,,,,bucket=docs-style; line_text=#### 3. CPU Metrics (3 metrics)
CK-110-0016,Method LoadDeleteLineagePreview has 60 lines of code (limit is 50),codacy,8ece105298ae1a5e70de38c5897e27a,internal/snapshot/delete_lineage_preview.go,23,Lizard_nloc-medium,Complexity,,Warning,Lizard,40a1210ffc8c23dc4a717ce32627c89658e0f608,backlog,open,S2,snapshot,Production complexity hotspots in critical paths must be tracked without behavior-changing refactors,,,none,none,none,none,none,true,false,true,false,false,production,,,investigate,,,,,"bucket=production-complexity-hotspot; line_text=func LoadDeleteLineagePreview(ctx context.Context, dbconn *sql.DB, snapshotID string) (*DeleteLineagePreview, error) {"
CK-110-0017,The application was found setting file permissions to overly permissive values.,codacy,d438e412f06e1d2b5451fca2db111a3e,tests/adversarial/g1_deterministic_restore_adversarial_test.go,131,Semgrep_go_file-permissions_rule-fileperm,Security,FileAccess,High,Opengrep,40a1210ffc8c23dc4a717ce32627c89658e0f608,v1.10.5,open,S3,restore,Test-only security scanner findings must be reviewed and suppressed only with rationale,,,none,none,none,none,none,false,false,false,true,false,test,,,investigate,,,,,"bucket=test-security-noise; line_text=if err := os.WriteFile(p, b, 0o644); err != nil {"
CK-110-0018,String-formatted SQL query detected.,codacy,b2dd6909c2a87103b8d03b3a0ca81967,internal/observability/inspect_test.go,1017,Semgrep_go.lang.security.audit.database.string-formatted-query.string-formatted-query,Security,SQLInjection,Error,Opengrep,fecf6cd2381725cc4884afebca2323934ee28d94,v1.10.2,open,S3,security,Test-only security scanner findings must be reviewed and suppressed only with rationale,,,none,none,none,none,none,false,false,false,true,false,test,,,investigate,,,,,bucket=test-security-noise; line_text=if err := dbconn.QueryRow(`SELECT COUNT(*) FROM ` + table).Scan(&c); err != nil {
CK-110-0019,Do not use `math/rand`. Use `crypto/rand` instead.,codacy,ed12003ca7dde7f5c9a4aee261cdd9d4,tests/adversarial/g611_adversarial_compression_longrun_test.go,9,Semgrep_go.lang.security.audit.crypto.math_random.math-random-used,Security,Cryptography,Error,Opengrep,40a1210ffc8c23dc4a717ce32627c89658e0f608,v1.10.6,open,S3,codacy,Test-only security scanner findings must be reviewed and suppressed only with rationale,,,none,none,none,none,none,false,false,false,true,false,test,,,investigate,,,,,"bucket=test-security-noise; line_text=""math/rand"""
CK-110-0020,Method readAndValidateContainerHeader has a cyclomatic complexity of 10 (limit is 8),codacy,7dea50d66f9721ef0d9be504fc7fa1e9,internal/container/format.go,111,Lizard_ccn-medium,Complexity,,Warning,Lizard,40a1210ffc8c23dc4a717ce32627c89658e0f608,backlog,open,S2,storage,Production complexity hotspots in critical paths must be tracked without behavior-changing refactors,,,none,medium,none,medium,none,true,false,true,false,false,production,,,investigate,,,,,"bucket=production-complexity-hotspot; line_text=func readAndValidateContainerHeader(f *os.File) (Header, error) {"
CK-110-0021,The application was found setting file permissions to overly permissive values.,codacy,78871f84811273d6944a19ed53a44601,internal/storage/phase1_compat_matrix_test.go,535,Semgrep_go_file-permissions_rule-fileperm,Security,FileAccess,High,Opengrep,685c72e624fd873ed17ce60c7884b8e1cb949855,backlog,open,S3,storage,Test-only security scanner findings must be reviewed and suppressed only with rationale,,,none,none,none,none,none,false,false,false,true,false,test,,,investigate,,,,,"bucket=test-security-noise; line_text=if err := os.WriteFile(inputPath, data, 0o644); err != nil {"
CK-110-0022,Detected file permissions that are set to more than `0600` (user/owner can read and write). Setting file permi,codacy,2d5018fe305ce1c1d054f6afad1e3ff3,internal/benchmark/determinism_test.go,42,Semgrep_go.lang.correctness.permissions.file_permission.incorrect-default-permission,Security,FileAccess,High,Opengrep,ca56c48f078792eb9b7bd2af01af21fee9325194,v1.10.6,open,S3,benchmark,Test-only security scanner findings must be reviewed and suppressed only with rationale,,,none,none,none,none,none,false,false,false,true,false,test,,,investigate,,,,,"bucket=test-security-noise; line_text=if err := os.MkdirAll(sub, 0o755); err != nil {"
CK-110-0023,The application dynamically constructs file or path information.,codacy,22abb432263d0fc7476f9f66b7d5702,internal/iodebug/counters_test.go,68,Semgrep_go_filesystem_rule-fileread,Security,FileAccess,Error,Opengrep,6ef1342a74bb186bf6638326bf3cf4de94a96086,v1.10.2,open,S3,filesystem,Test-only security scanner findings must be reviewed and suppressed only with rationale,,,none,none,none,none,none,false,false,false,true,false,test,,,investigate,,,,,"bucket=test-security-noise; line_text=raw, err := os.ReadFile(outPath)"
CK-110-0024,Method TestStandardCorpora has a cyclomatic complexity of 21 (limit is 8),codacy,8a10962f97f53c738c4819fea6eab0fd,internal/benchmark/corpus_test.go,12,Lizard_ccn-medium,Complexity,,Warning,Lizard,40a1210ffc8c23dc4a717ce32627c89658e0f608,v1.10.6,open,S3,benchmark,Test complexity findings must be reviewed without weakening invariant coverage,,,none,none,none,none,none,false,false,false,true,false,test,,,investigate,,,,,bucket=test-complexity-hotspot; line_text=func TestStandardCorpora(t *testing.T) {
CK-110-0025,Detected file permissions that are set to more than `0600` (user/owner can read and write). Setting file permi,codacy,5ad3b80238bcca64aed16903b2fe9fcb,tests/adversarial/g4_non_destructive_gc_adversarial_test.go,206,Semgrep_go.lang.correctness.permissions.file_permission.incorrect-default-permission,Security,FileAccess,High,Opengrep,40a1210ffc8c23dc4a717ce32627c89658e0f608,v1.10.4,open,S3,gc,Test-only security scanner findings must be reviewed and suppressed only with rationale,,,none,none,none,none,none,false,false,false,true,false,test,,,investigate,,,,,"bucket=test-security-noise; line_text=if err := os.MkdirAll(restoreDir, 0o755); err != nil {"
CK-110-0026,Lists should be surrounded by blank lines,codacy,fb94ef4d9ae2c699acc5ad90a188bc72,docs/BENCHMARK_METRICS.md,324,markdownlint_MD032,CodeStyle,,Info,markdownlint,40a1210ffc8c23dc4a717ce32627c89658e0f608,backlog,open,S4,docs,Documentation style findings must be classified without blocking correctness releases,,,none,none,none,none,none,false,false,false,false,true,docs,,,investigate,,,,,bucket=docs-style; line_text=- ✅ `TestMetricsStableAcrossMultipleRuns`: deterministic for fixed workloads
CK-110-0027,Method initCommand has 96 lines of code (limit is 50),codacy,ca9ef479b4323eeea16af2f7b84e6414,cmd/coldkeep/init.go,14,Lizard_nloc-medium,Complexity,,Warning,Lizard,40a1210ffc8c23dc4a717ce32627c89658e0f608,v1.10.6,open,S2,codacy,Production complexity hotspots in critical paths must be tracked without behavior-changing refactors,,,none,none,none,none,none,true,false,true,false,false,production,,,investigate,,,,,"bucket=production-complexity-hotspot; line_text=func initCommand(parsed parsedCommandLine, outputMode cliOutputMode) error {"
CK-110-0028,SQL Injection is a critical vulnerability that can lead to data or system compromise.,codacy,c85ebf63a512ea8e1729af06f7645230,internal/observability/service_test.go,257,Semgrep_go_sql_rule-concat-sqli,Security,SQLInjection,Error,Opengrep,88f5505f7fd132877670813290f50292f649f103,v1.10.2,open,S3,security,Test-only security scanner findings must be reviewed and suppressed only with rationale,,,none,none,none,none,none,false,false,false,true,false,test,,,investigate,,,,,"bucket=test-security-noise; line_text=if _, err := dbconn.Exec(`INSERT INTO physical_file (path, logical_file_id) VALUES (?, ?)`, ""/broken.txt"", fileID); err != nil {"
CK-110-0029,File internal/storage/restore.go has 976 non-comment lines of code,codacy,2167b1e40a040b9b074eeee6ac3a296f,internal/storage/restore.go,1,Lizard_file-nloc-medium,Complexity,,Warning,Lizard,40a1210ffc8c23dc4a717ce32627c89658e0f608,v1.10.5,open,S2,restore,Production complexity hotspots in critical paths must be tracked without behavior-changing refactors,,,none,medium,none,medium,none,true,false,true,false,false,production,,,investigate,,,,,bucket=production-complexity-hotspot; line_text=package storage
CK-110-0030,Method ListSnapshots has a cyclomatic complexity of 13 (limit is 8),codacy,25084fdec8d5a4c64c7e6bdecba8f866,internal/snapshot/snapshot.go,465,Lizard_ccn-medium,Complexity,,Warning,Lizard,40a1210ffc8c23dc4a717ce32627c89658e0f608,backlog,open,S2,snapshot,Production complexity hotspots in critical paths must be tracked without behavior-changing refactors,,,none,none,none,none,none,true,false,true,false,false,production,,,investigate,,,,,"bucket=production-complexity-hotspot; line_text=func ListSnapshots(ctx context.Context, db *sql.DB, filter SnapshotListFilter) ([]Snapshot, error) {"
CK-110-0031,Method TestStorageBlockReaderCompressedHashMismatchEncryptedBeforeDecompress has a cyclomatic complexity of 10,codacy,8f1d2a813ade071eca5df8bac0b1b44c,internal/storage/storage_block_reader_test.go,600,Lizard_ccn-medium,Complexity,,Warning,Lizard,40a1210ffc8c23dc4a717ce32627c89658e0f608,v1.10.3,open,S3,packed-storage,Test complexity findings must be reviewed without weakening invariant coverage,,,none,none,none,none,none,false,false,false,true,false,test,,,investigate,,,,,bucket=test-complexity-hotspot; line_text=func TestStorageBlockReaderCompressedHashMismatchEncryptedBeforeDecompress(t *testing.T) {
CK-110-0032,Method restoreFileWithDBAndDir has a cyclomatic complexity of 70 (limit is 8),codacy,b9b115577570f34041161539768476b6,internal/storage/restore.go,890,Lizard_ccn-medium,Complexity,,Warning,Lizard,40a1210ffc8c23dc4a717ce32627c89658e0f608,v1.10.5,open,S2,restore,Production complexity hotspots in critical paths must be tracked without behavior-changing refactors,,,none,medium,none,medium,none,true,false,true,false,false,production,,,investigate,,,,,"bucket=production-complexity-hotspot; line_text=func restoreFileWithDBAndDir(dbconn *sql.DB, fileID int64, outputPath string, containersDir string, opts RestoreOptions) (result RestoreFileResult, err error) {"
CK-110-0033,SQL Injection is a critical vulnerability that can lead to data or system compromise.,codacy,f884e15e1e8cc7c51f01ba472f49bde0,internal/db/migrations_test.go,1709,Semgrep_go_sql_rule-concat-sqli,Security,SQLInjection,Error,Opengrep,7f694cbfbd19c4d06fe733d66e595b149e59901a,backlog,open,S3,migration,Test-only security scanner findings must be reviewed and suppressed only with rationale,,,none,none,none,none,none,false,false,false,true,false,test,,,investigate,,,,,bucket=test-security-noise; line_text=if err := dbconn.QueryRow(`SELECT COUNT(*) FROM snapshot_file`).Scan(&preRowCount); err != nil {
CK-110-0034,Method TestFeatureGatedCompressionSwitchDoesNotMigrateExistingBlocksStep513 has 69 lines of code (limit is 50),codacy,a39838f3d5b5d2e997611b579867bed7,internal/storage/store_compression_feature_gate_test.go,729,Lizard_nloc-medium,Complexity,,Warning,Lizard,adf50eefea0cf97c7db048c6124838dd429cf49b,backlog,open,S3,storage,Test complexity findings must be reviewed without weakening invariant coverage,,,none,none,none,none,none,false,false,false,true,false,test,,,investigate,,,,,bucket=test-complexity-hotspot; line_text=func TestFeatureGatedCompressionSwitchDoesNotMigrateExistingBlocksStep513(t *testing.T) {
CK-110-0035,Method inspectLogicalFile has a cyclomatic complexity of 11 (limit is 8),codacy,da557d8a1421b2acf06ae282a5581593,internal/observability/inspect.go,252,Lizard_ccn-medium,Complexity,,Warning,Lizard,40a1210ffc8c23dc4a717ce32627c89658e0f608,v1.10.6,open,S2,codacy,Production complexity hotspots in critical paths must be tracked without behavior-changing refactors,,,none,none,none,none,none,true,false,true,false,false,production,,,investigate,,,,,"bucket=production-complexity-hotspot; line_text=func (s *Service) inspectLogicalFile(ctx context.Context, id string, opts InspectOptions) (*InspectResult, error) {"
CK-110-0036,Method TestSimulateGCMatchesActualGCDeletion has 91 lines of code (limit is 50),codacy,ca9c67634c4381f7b67e058193b22a6c,internal/maintenance/gc_parity_test.go,58,Lizard_nloc-medium,Complexity,,Warning,Lizard,40a1210ffc8c23dc4a717ce32627c89658e0f608,v1.10.4,open,S3,gc,Test complexity findings must be reviewed without weakening invariant coverage,,,none,none,none,none,none,false,false,false,true,false,test,,,investigate,,,,,bucket=test-complexity-hotspot; line_text=func TestSimulateGCMatchesActualGCDeletion(t *testing.T) {
CK-110-0037,The application was found setting file permissions to overly permissive values.,codacy,3af5a794bb2a6e04a0a48c5b6ba39dfb,internal/maintenance/gc_parity_test.go,80,Semgrep_go_file-permissions_rule-fileperm,Security,FileAccess,High,Opengrep,5203403c366c34daedb23d0c4ef345f787d6188b,v1.10.4,open,S3,gc,Test-only security scanner findings must be reviewed and suppressed only with rationale,,,none,none,none,none,none,false,false,false,true,false,test,,,investigate,,,,,"bucket=test-security-noise; line_text=if err := os.WriteFile(containerPath, payload, 0o644); err != nil {"
CK-110-0038,Do not use `math/rand`. Use `crypto/rand` instead.,codacy,c1c1f7be40c9e1168fb744b0759c5ba3,internal/chunk/benchmark/datasets.go,7,Semgrep_go.lang.security.audit.crypto.math_random.math-random-used,Security,Cryptography,Error,Opengrep,d4f70178ac46b844b29f82028bdd49c417bb1197,v1.10.6,open,S1,benchmark,Randomness scanner findings must distinguish deterministic tests/benchmarks from cryptographic use,,,none,none,medium,none,none,false,false,false,true,false,benchmark,,,investigate,,,,,"bucket=production-security-candidate; line_text=""math/rand"""
CK-110-0039,Method LoadSnapshotPathsByID has a cyclomatic complexity of 13 (limit is 8),codacy,4ee524c462fa8dd694071151b2b298f0,internal/snapshot/path_resolver.go,79,Lizard_ccn-medium,Complexity,,Warning,Lizard,40a1210ffc8c23dc4a717ce32627c89658e0f608,backlog,open,S2,snapshot,Production complexity hotspots in critical paths must be tracked without behavior-changing refactors,,,none,none,none,none,none,true,false,true,false,false,production,,,investigate,,,,,"bucket=production-complexity-hotspot; line_text=func LoadSnapshotPathsByID(ctx context.Context, exec pathResolverDB, pathIDs []int64) (map[int64]string, error) {"
CK-110-0040,SQL Injection is a critical vulnerability that can lead to data or system compromise.,codacy,437442c8dd693cdf98301268ebffcf3c,internal/observability/stats.go,355,Semgrep_go_sql_rule-concat-sqli,Security,SQLInjection,Error,Opengrep,e3e83668f3a3f3d01117cb870143244cdedfb3a5,v1.10.2,open,S1,security,Dynamic SQL scanner findings must be reviewed for parameterization or safe identifier constraints,,,none,none,medium,none,none,true,false,true,false,false,production,,,investigate,,,,,"bucket=production-security-candidate; line_text=rows, err := s.db.QueryContext(ctx, query, args...)"
CK-110-0041,Method TestRestoreFileByStoredPathPrefixMode has a cyclomatic complexity of 14 (limit is 8),codacy,e0f0f028a7aa35bbc6b34fb56025fd3b,internal/storage/restore_test.go,761,Lizard_ccn-medium,Complexity,,Warning,Lizard,283637309fd6a847cbd8691173e71984d7269ae2,v1.10.5,open,S3,restore,Test complexity findings must be reviewed without weakening invariant coverage,,,none,none,none,none,none,false,false,false,true,false,test,,,investigate,,,,,bucket=test-complexity-hotspot; line_text=func TestRestoreFileByStoredPathPrefixMode(t *testing.T) {
CK-110-0042,Detected file permissions that are set to more than `0600` (user/owner can read and write). Setting file permi,codacy,6cf51b4c46ac79c04d6d36afe373e623,internal/storage/phase1_compat_matrix_test.go,114,Semgrep_go.lang.correctness.permissions.file_permission.incorrect-default-permission,Security,FileAccess,High,Opengrep,685c72e624fd873ed17ce60c7884b8e1cb949855,backlog,open,S3,storage,Test-only security scanner findings must be reviewed and suppressed only with rationale,,,none,none,none,none,none,false,false,false,true,false,test,,,investigate,,,,,"bucket=test-security-noise; line_text=if err := os.MkdirAll(filepath.Dir(path), 0o755); err != nil {"
CK-110-0043,Lists should be surrounded by blank lines,codacy,8dbd73f18f1ce99815990733d9703110,docs/STEP64_METRICS_VALIDATION.md,113,markdownlint_MD032,CodeStyle,,Info,markdownlint,40a1210ffc8c23dc4a717ce32627c89658e0f608,backlog,open,S4,docs,Documentation style findings must be classified without blocking correctness releases,,,none,none,none,none,none,false,false,false,false,true,docs,,,investigate,,,,,bucket=docs-style; line_text=- `TestStructuralMetricsWorkForMixedRepositories` validates mixed content
CK-110-0044,Method TestRestoreFailsOnChunkOrderDiscontinuity has 109 lines of code (limit is 50),codacy,8b64defdc8433306f3799fd87cf84dc7,internal/storage/restore_test.go,1532,Lizard_nloc-medium,Complexity,,Warning,Lizard,56160b6b2cef0802da26d40ba905792ff173207c,v1.10.5,open,S3,restore,Test complexity findings must be reviewed without weakening invariant coverage,,,none,none,none,none,none,false,false,false,true,false,test,,,investigate,,,,,bucket=test-complexity-hotspot; line_text=func TestRestoreFailsOnChunkOrderDiscontinuity(t *testing.T) {
CK-110-0045,The application was found setting directory permissions to overly permissive values.,codacy,b05a7631a06fc4ef08383f6342083a7a,tests/utils/common.go,944,Semgrep_go_file-permissions_rule-mkdir,Security,FileAccess,High,Opengrep,40a1210ffc8c23dc4a717ce32627c89658e0f608,v1.10.2,open,S3,filesystem,Test-only security scanner findings must be reviewed and suppressed only with rationale,,,none,none,none,none,none,false,false,false,true,false,test,,,investigate,,,,,"bucket=test-security-noise; line_text=return os.MkdirAll(target, 0o755)"
CK-110-0046,OS command injection is a critical vulnerability that can lead to a full system compromise as it may allow an ,codacy,2ee2168c93edd5471c24af00aa056746,internal/benchmark/scenarios.go,449,Semgrep_go_subproc_rule-subproc,Security,CommandInjection,Error,Opengrep,36a734258f88b2bad6595ae8611fe52e13b2a519,v1.10.6,open,S1,benchmark,Command execution findings must be reviewed for trusted executable and argument boundaries,,,none,none,medium,none,none,false,false,false,true,false,benchmark,,,investigate,,,,,"bucket=production-security-candidate; line_text=cmd := exec.Command(spec.Executable, spec.Args...)"
CK-110-0047,Method AppendPayload has a cyclomatic complexity of 18 (limit is 8),codacy,67c049d8c7af27f8f6a74274b2083839,internal/container/local_writer.go,114,Lizard_ccn-medium,Complexity,,Warning,Lizard,4c974bfac55c61b1b715b3043fed3648eeba5adf,backlog,open,S2,storage,Production complexity hotspots in critical paths must be tracked without behavior-changing refactors,,,none,medium,none,medium,none,true,false,true,false,false,production,,,investigate,,,,,"bucket=production-complexity-hotspot; line_text=func (w *LocalWriter) AppendPayload(tx db.DBTX, payload []byte) (LocalPlacement, error) {"
CK-110-0048,Method TestDefaultDatasetsDeterministicAcrossCalls has a cyclomatic complexity of 10 (limit is 8),codacy,963e7ef1096d1618951e2e3a62a09c12,internal/chunk/benchmark/benchmark_test.go,84,Lizard_ccn-medium,Complexity,,Warning,Lizard,40a1210ffc8c23dc4a717ce32627c89658e0f608,v1.10.6,open,S3,benchmark,Test complexity findings must be reviewed without weakening invariant coverage,,,none,none,none,none,none,false,false,false,true,false,test,,,investigate,,,,,bucket=test-complexity-hotspot; line_text=func TestDefaultDatasetsDeterministicAcrossCalls(t *testing.T) {
CK-110-0049,The application dynamically constructs file or path information.,codacy,bf7073b710d29803c4e6a467b6eedca1,internal/benchmark/runner.go,139,Semgrep_go_filesystem_rule-fileread,Security,FileAccess,Error,Opengrep,fd982849a6af73dc04447e35a0af5f602a01e6b4,v1.10.6,open,S1,benchmark,Dynamic filesystem path findings must be reviewed for root containment and trust boundaries,,,none,none,medium,none,none,false,false,false,true,false,benchmark,,,investigate,,,,,"bucket=production-security-candidate; line_text=f, err := os.Open(path)"
CK-110-0050,Method TestRestoreFailsOnCreateTempFilePermissionDenied has a cyclomatic complexity of 14 (limit is 8),codacy,adb10a34334fd7f890fe4a16c6a8640b,internal/storage/restore_test.go,1825,Lizard_ccn-medium,Complexity,,Warning,Lizard,6a6fd82a9f402e3f046ffa50b841e240daeb3c3a,v1.10.5,open,S3,restore,Test complexity findings must be reviewed without weakening invariant coverage,,,none,none,none,none,none,false,false,false,true,false,test,,,investigate,,,,,bucket=test-complexity-hotspot; line_text=func TestRestoreFailsOnCreateTempFilePermissionDenied(t *testing.T) {
CK-110-0051,Method  has 53 lines of code (limit is 50),codacy,582f01f43b90a75a23343190bbd76c24,internal/storage/storage_block_reader_test.go,1056,Lizard_nloc-medium,Complexity,,Warning,Lizard,40a1210ffc8c23dc4a717ce32627c89658e0f608,v1.10.3,open,S3,packed-storage,Test complexity findings must be reviewed without weakening invariant coverage,,,none,none,none,none,none,false,false,false,true,false,test,,,investigate,,,,,"bucket=test-complexity-hotspot; line_text=mutate       func(t *testing.T, dbconn *sql.DB, workDir string, blockID int64, filename string, offset int64, storedSize int64)"
CK-110-0052,Method TestStep11PackedOnlyDeadBlockDeletionRunGCAndVerify has 55 lines of code (limit is 50),codacy,a457d4bd3001b714de34279eaab6c910,internal/maintenance/gc_step11_test.go,154,Lizard_nloc-medium,Complexity,,Warning,Lizard,2abed90b7cfb17095e1a457c41e1682e0997e45c,v1.10.4,open,S3,gc,Test complexity findings must be reviewed without weakening invariant coverage,,,none,none,none,none,none,false,false,false,true,false,test,,,investigate,,,,,bucket=test-complexity-hotspot; line_text=func TestStep11PackedOnlyDeadBlockDeletionRunGCAndVerify(t *testing.T) {
CK-110-0053,Lists should be surrounded by blank lines,codacy,7c9fd319839c8904528884c82514f3d0,docs/benchmarking.md,1427,markdownlint_MD032,CodeStyle,,Info,markdownlint,40a1210ffc8c23dc4a717ce32627c89658e0f608,backlog,open,S4,docs,Documentation style findings must be classified without blocking correctness releases,,,none,none,none,none,none,false,false,false,false,true,docs,,,investigate,,,,,bucket=docs-style; line_text=- Transform order defined point-by-point with no alternatives
CK-110-0054,Method  has a cyclomatic complexity of 9 (limit is 8),codacy,5ade635a16ccafb941bd4540c94bfdde,tests/adversarial/g1_deterministic_restore_adversarial_test.go,141,Lizard_ccn-medium,Complexity,,Warning,Lizard,40a1210ffc8c23dc4a717ce32627c89658e0f608,v1.10.5,open,S3,restore,Test complexity findings must be reviewed without weakening invariant coverage,,,none,none,none,none,none,false,false,false,true,false,test,,,investigate,,,,,"bucket=test-complexity-hotspot; line_text=t.Run(codec, func(t *testing.T) {"
CK-110-0055,The application dynamically constructs file or path information.,codacy,a7f741375b45b4d5e74422bfcca13d5e,internal/storage/restore_test.go,2225,Semgrep_go_filesystem_rule-fileread,Security,FileAccess,Error,Opengrep,72e7d820bee113801805bf52d821193704364cb2,v1.10.5,open,S3,restore,Test-only security scanner findings must be reviewed and suppressed only with rationale,,,none,none,none,none,none,false,false,false,true,false,test,,,investigate,,,,,"bucket=test-security-noise; line_text=gotDest, readErr := os.ReadFile(destPath)"
CK-110-0056,"By not specifying a USER, a program in the container may run as 'root'. This is a security hazard.",codacy,b000e7821647869f3057da339ecdf9f4,Dockerfile,38,Semgrep_dockerfile.security.missing-user.missing-user,Security,Visibility,High,Opengrep,,v1.10.2,open,S3,security,Container packaging should avoid unnecessary root execution where applicable,,,none,none,low,none,none,false,false,false,false,false,docker,,,investigate,,,,,"bucket=docker-hardening; line_text=CMD [""stats""]"
CK-110-0057,Method TestRunStatsResultEmptyRepository has a cyclomatic complexity of 14 (limit is 8),codacy,98dda905ad56541c876145098a2e3914,internal/maintenance/stats_test.go,215,Lizard_ccn-medium,Complexity,,Warning,Lizard,40a1210ffc8c23dc4a717ce32627c89658e0f608,v1.10.4,open,S3,gc,Test complexity findings must be reviewed without weakening invariant coverage,,,none,none,none,none,none,false,false,false,true,false,test,,,investigate,,,,,bucket=test-complexity-hotspot; line_text=func TestRunStatsResultEmptyRepository(t *testing.T) {
CK-110-0058,Insecure dependency golang/stdlib@v1.23.0 (CVE-2026-27139: os: FileInfo can escape from a Root in golang os mo,codacy,363a855bdd34476f86f27a1396e0082c,go.mod,3,Trivy_vulnerability_minor,Security,InsecureModulesLibraries,Info,Trivy,40a1210ffc8c23dc4a717ce32627c89658e0f608,v1.10.2,open,S1,dependencies,Supported Go toolchain must not carry known unplanned CVEs,,,none,none,medium,none,none,true,true,true,false,false,production,,,fix,,,,,bucket=dependency-cve; line_text=go 1.23
CK-110-0059,Method TestVerifyRepositorySupportsMixedBlockTypeMatrixInSingleRun has 65 lines of code (limit is 50),codacy,6fec1476a65dee2887a0e3ebd66b26ea,internal/verify/verify_system_test.go,904,Lizard_nloc-medium,Complexity,,Warning,Lizard,40a1210ffc8c23dc4a717ce32627c89658e0f608,backlog,open,S3,verify,Test complexity findings must be reviewed without weakening invariant coverage,,,none,none,none,none,none,false,false,false,true,false,test,,,investigate,,,,,bucket=test-complexity-hotspot; line_text=func TestVerifyRepositorySupportsMixedBlockTypeMatrixInSingleRun(t *testing.T) {
CK-110-0060,Expected: 2; Actual: 3,codacy,9f7d222dec1711ef8e614383a13347e7,docs/benchmarking.md,652,markdownlint_MD007,CodeStyle,,Info,markdownlint,40a1210ffc8c23dc4a717ce32627c89658e0f608,backlog,open,S4,docs,Documentation style findings must be classified without blocking correctness releases,,,none,none,none,none,none,false,false,false,false,true,docs,,,investigate,,,,,bucket=docs-style; line_text=- random corruption injection on completed chunk bytes
CK-110-0061,Method TestGetLogicalFileInfoWithDBFound has a cyclomatic complexity of 11 (limit is 8),codacy,a8c271d8c58f010d8243a337855b2207,internal/storage/remove_test.go,167,Lizard_ccn-medium,Complexity,,Warning,Lizard,40a1210ffc8c23dc4a717ce32627c89658e0f608,backlog,open,S3,storage,Test complexity findings must be reviewed without weakening invariant coverage,,,none,none,none,none,none,false,false,false,true,false,test,,,investigate,,,,,bucket=test-complexity-hotspot; line_text=func TestGetLogicalFileInfoWithDBFound(t *testing.T) {
CK-110-0062,Method enrichStatsWithGraph has a cyclomatic complexity of 13 (limit is 8),codacy,1d0851ba119f1be96dc62d6730a0ad80,internal/observability/stats.go,218,Lizard_ccn-medium,Complexity,,Warning,Lizard,40a1210ffc8c23dc4a717ce32627c89658e0f608,v1.10.6,open,S2,codacy,Production complexity hotspots in critical paths must be tracked without behavior-changing refactors,,,none,none,none,none,none,true,false,true,false,false,production,,,investigate,,,,,"bucket=production-complexity-hotspot; line_text=func (s *Service) enrichStatsWithGraph(ctx context.Context, result *StatsResult, _ StatsOptions) error {"
CK-110-0063,Method verifyLegacyChunkHashes has 107 lines of code (limit is 50),codacy,56d80da5efe35c8aa1fc4a1779f7e477,internal/verify/verify_repository.go,795,Lizard_nloc-medium,Complexity,,Warning,Lizard,40a1210ffc8c23dc4a717ce32627c89658e0f608,backlog,open,S2,verify,Production complexity hotspots in critical paths must be tracked without behavior-changing refactors,,,none,medium,none,medium,none,true,false,true,false,false,production,,,investigate,,,,,"bucket=production-complexity-hotspot; line_text=func verifyLegacyChunkHashes(dbconn *sql.DB, containersDir string) error {"
CK-110-0064,SQL Injection is a critical vulnerability that can lead to data or system compromise.,codacy,a63dcd286c6a3af62cabee98e3adcf65,internal/observability/service_test.go,36,Semgrep_go_sql_rule-concat-sqli,Security,SQLInjection,Error,Opengrep,5203403c366c34daedb23d0c4ef345f787d6188b,v1.10.2,open,S3,security,Test-only security scanner findings must be reviewed and suppressed only with rationale,,,none,none,none,none,none,false,false,false,true,false,test,,,investigate,,,,,"bucket=test-security-noise; line_text=res, err := dbconn.Exec("
CK-110-0065,Lists should be surrounded by blank lines,codacy,8dc2d54098b334c6116f38a53665dd25,docs/BENCHMARK_METRICS.md,172,markdownlint_MD032,CodeStyle,,Info,markdownlint,40a1210ffc8c23dc4a717ce32627c89658e0f608,backlog,open,S4,docs,Documentation style findings must be classified without blocking correctness releases,,,none,none,none,none,none,false,false,false,false,true,docs,,,investigate,,,,,"bucket=docs-style; line_text=- **Highly compressible files**: source code, JSON, logs"
CK-110-0066,The application was found setting directory permissions to overly permissive values.,codacy,30db4a1398fa718fd15bde51c632e087,tests/adversarial/g1_step11_restore_determinism_test.go,35,Semgrep_go_file-permissions_rule-mkdir,Security,FileAccess,High,Opengrep,267df133bd52cd8ce905ef6c64b8c6c9306985b1,v1.10.5,open,S3,restore,Test-only security scanner findings must be reviewed and suppressed only with rationale,,,none,none,none,none,none,false,false,false,true,false,test,,,investigate,,,,,"bucket=test-security-noise; line_text=if err := os.MkdirAll(filepath.Dir(path), 0o755); err != nil {"
CK-110-0067,Method TestDeriveFreshSQLiteRepositoryCapabilities has a cyclomatic complexity of 13 (limit is 8),codacy,83b1c501ca4f61ba1c851344e2a714b3,internal/repository/capabilities/derive_test.go,13,Lizard_ccn-medium,Complexity,,Warning,Lizard,40a1210ffc8c23dc4a717ce32627c89658e0f608,v1.10.6,open,S3,codacy,Test complexity findings must be reviewed without weakening invariant coverage,,,none,none,none,none,none,false,false,false,true,false,test,,,investigate,,,,,bucket=test-complexity-hotspot; line_text=func TestDeriveFreshSQLiteRepositoryCapabilities(t *testing.T) {
CK-110-0068,File internal/storage/store.go has 2588 non-comment lines of code,codacy,5edfc7ff83893a02a397035c946b7528,internal/storage/store.go,1,Lizard_file-nloc-medium,Complexity,,Warning,Lizard,c0e0f86f0c704cf12342efb8db23514102646410,backlog,open,S2,storage,Production complexity hotspots in critical paths must be tracked without behavior-changing refactors,,,none,medium,none,medium,none,true,false,true,false,false,production,,,investigate,,,,,bucket=production-complexity-hotspot; line_text=package storage
CK-110-0069,SQL Injection is a critical vulnerability that can lead to data or system compromise.,codacy,87f0b33dc491b0aab0c1ded3ecbf4f27,internal/snapshot/path_resolver.go,228,Semgrep_go_sql_rule-concat-sqli,Security,SQLInjection,Error,Opengrep,09cafae5cf94e4b3e47b5bc88b84c97f70640363,backlog,open,S1,snapshot,Dynamic SQL scanner findings must be reviewed for parameterization or safe identifier constraints,,,none,none,medium,none,none,true,false,true,false,false,production,,,investigate,,,,,"bucket=production-security-candidate; line_text=if _, err := exec.ExecContext(ctx, insertQuery, insertArgs...); err != nil {"
CK-110-0070,Method TestPostgresFreshBootstrapCreatesPhaseOneV8Schema has 172 lines of code (limit is 50),codacy,65ec6de53eb0a102158da28bf249e7de,internal/db/migrations_test.go,1272,Lizard_nloc-medium,Complexity,,Warning,Lizard,69d3d6f7e494463c2eb98c9a03fca7449781ea14,backlog,open,S3,migration,Test complexity findings must be reviewed without weakening invariant coverage,,,none,none,none,none,none,false,false,false,true,false,test,,,investigate,,,,,bucket=test-complexity-hotspot; line_text=func TestPostgresFreshBootstrapCreatesPhaseOneV8Schema(t *testing.T) {
CK-110-0071,Method assertFullCoverage has a cyclomatic complexity of 9 (limit is 8),codacy,4558bd8b0391e0d546c83ce4ddace348,internal/chunk/chunker_comparison_test.go,26,Lizard_ccn-medium,Complexity,,Warning,Lizard,40a1210ffc8c23dc4a717ce32627c89658e0f608,backlog,open,S3,storage,Test complexity findings must be reviewed without weakening invariant coverage,,,none,none,none,none,none,false,false,false,true,false,test,,,investigate,,,,,"bucket=test-complexity-hotspot; line_text=func assertFullCoverage(t *testing.T, label string, src []byte, results []shared.Result) {"
CK-110-0072,Method TestRestoreFailsOnPayloadReadShortRead has 70 lines of code (limit is 50),codacy,a875337f9450ae897d604a9fe6fdab00,internal/storage/restore_test.go,1660,Lizard_nloc-medium,Complexity,,Warning,Lizard,188d514607264cc3c338a78922aa05d1395fb070,v1.10.5,open,S3,restore,Test complexity findings must be reviewed without weakening invariant coverage,,,none,none,none,none,none,false,false,false,true,false,test,,,investigate,,,,,bucket=test-complexity-hotspot; line_text=func TestRestoreFailsOnPayloadReadShortRead(t *testing.T) {
CK-110-0073,Method checkFileChunkOrdering has a cyclomatic complexity of 12 (limit is 8),codacy,712b5fecdfce96a6d044b881d24b08ce,internal/verify/verify_file.go,21,Lizard_ccn-medium,Complexity,,Warning,Lizard,40a1210ffc8c23dc4a717ce32627c89658e0f608,backlog,open,S2,verify,Production complexity hotspots in critical paths must be tracked without behavior-changing refactors,,,none,medium,none,medium,none,true,false,true,false,false,production,,,investigate,,,,,bucket=production-complexity-hotspot; line_text=func checkFileChunkOrdering(dbconn *sql.DB) error {
CK-110-0074,SQL Injection is a critical vulnerability that can lead to data or system compromise.,codacy,550b330fc959d7b1f307267995091d0a,internal/graph/reachability_test.go,412,Semgrep_go_sql_rule-concat-sqli,Security,SQLInjection,Error,Opengrep,662965066392590c71376f6860b0ada0bf23cd4e,v1.10.2,open,S3,security,Test-only security scanner findings must be reviewed and suppressed only with rationale,,,none,none,none,none,none,false,false,false,true,false,test,,,investigate,,,,,"bucket=test-security-noise; line_text=if _, err := dbconn.Exec(`INSERT INTO file_chunk (logical_file_id, chunk_id, chunk_order) VALUES (?, ?, ?)`, logicalID, chunkID, order); err != nil {"
CK-110-0075,Method TestReachabilityRootsDocumentation has 76 lines of code (limit is 50),codacy,94f9c907dc26f46fc6c535129a5163f1,internal/gc/plan_test.go,795,Lizard_nloc-medium,Complexity,,Warning,Lizard,d6c7f4ff856392623df486700284386013fcd003,v1.10.4,open,S3,gc,Test complexity findings must be reviewed without weakening invariant coverage,,,none,none,none,none,none,false,false,false,true,false,test,,,investigate,,,,,bucket=test-complexity-hotspot; line_text=func TestReachabilityRootsDocumentation(t *testing.T) {
CK-110-0076,The application was found setting directory permissions to overly permissive values.,codacy,35dfe679bbcd7b4e32ffc6061f7ba45f,tests/integration/v18_migration_compatibility_integration_test.go,826,Semgrep_go_file-permissions_rule-mkdir,Security,FileAccess,High,Opengrep,,v1.10.2,open,S3,filesystem,Test-only security scanner findings must be reviewed and suppressed only with rationale,,,none,none,none,none,none,false,false,false,true,false,test,,,investigate,,,,,"bucket=test-security-noise; line_text=if err := os.MkdirAll(packedRoot, 0o755); err != nil {"
CK-110-0077,The application was found setting file permissions to overly permissive values.,codacy,ca62b7ca3a4cb6dccb86dab76214b9eb,tests/adversarial/g8_system_invariants_lifecycle_adversarial_test.go,371,Semgrep_go_file-permissions_rule-fileperm,Security,FileAccess,High,Opengrep,40a1210ffc8c23dc4a717ce32627c89658e0f608,v1.10.2,open,S3,filesystem,Test-only security scanner findings must be reviewed and suppressed only with rationale,,,none,none,none,none,none,false,false,false,true,false,test,,,investigate,,,,,"bucket=test-security-noise; line_text=if err := os.WriteFile(secondPath, secondData, 0o644); err != nil {"
CK-110-0078,Method pinLogicalFileRestoreChunksWithContext has 108 lines of code (limit is 50),codacy,46145738b8894db80fc67b151826367,internal/storage/restore.go,498,Lizard_nloc-medium,Complexity,,Warning,Lizard,40a1210ffc8c23dc4a717ce32627c89658e0f608,v1.10.5,open,S2,restore,Production complexity hotspots in critical paths must be tracked without behavior-changing refactors,,,none,medium,none,medium,none,true,false,true,false,false,production,,,investigate,,,,,"bucket=production-complexity-hotspot; line_text=func pinLogicalFileRestoreChunksWithContext(ctx context.Context, dbconn *sql.DB, fileID int64) (string, string, []restoreChunkRow, []int64, error) {"
CK-110-0079,Do not use `math/rand`. Use `crypto/rand` instead.,codacy,2ac74d9e53b825e2817ca1ecd9e96487,internal/benchmark/dataset.go,5,Semgrep_go.lang.security.audit.crypto.math_random.math-random-used,Security,Cryptography,Error,Opengrep,c220796f5549e790104ba79acfac4fd99f9f241a,v1.10.6,open,S1,benchmark,Randomness scanner findings must distinguish deterministic tests/benchmarks from cryptographic use,,,none,none,medium,none,none,false,false,false,true,false,benchmark,,,investigate,,,,,"bucket=production-security-candidate; line_text=""math/rand"""
CK-110-0080,Method TestRepositoryCompressionConfigControlsNewWritesNotReads has a cyclomatic complexity of 28 (limit is 8),codacy,90b535ae57c6eae1a417a49502376d38,internal/storage/repository_config_test.go,619,Lizard_ccn-medium,Complexity,,Warning,Lizard,40a1210ffc8c23dc4a717ce32627c89658e0f608,backlog,open,S3,storage,Test complexity findings must be reviewed without weakening invariant coverage,,,none,none,none,none,none,false,false,false,true,false,test,,,investigate,,,,,bucket=test-complexity-hotspot; line_text=func TestRepositoryCompressionConfigControlsNewWritesNotReads(t *testing.T) {
CK-110-0081,Do not use `math/rand`. Use `crypto/rand` instead.,codacy,f158592444eeb3da39120ddea60b6018,internal/storage/compression/zstd_test.go,7,Semgrep_go.lang.security.audit.crypto.math_random.math-random-used,Security,Cryptography,Error,Opengrep,306eeea001a86e94455b268f4e0ce1d2583b96ba,backlog,open,S3,storage,Test-only security scanner findings must be reviewed and suppressed only with rationale,,,none,none,none,none,none,false,false,false,true,false,test,,,investigate,,,,,"bucket=test-security-noise; line_text=""math/rand"""
CK-110-0082,Method TestQuarantineOrphanContainersResyncsExistingQuarantineSizeDrift has a cyclomatic complexity of 12 (lim,codacy,ee1dd6c1615bdd28ad8f74007857c128,internal/recovery/system_recovery_test.go,89,Lizard_ccn-medium,Complexity,,Warning,Lizard,542c387ac15873fa224bb1401b6ee466eb39defc,v1.10.5,open,S3,recovery,Test complexity findings must be reviewed without weakening invariant coverage,,,none,none,none,none,medium,false,false,false,true,false,test,,,investigate,,,,,bucket=test-complexity-hotspot; line_text=func TestQuarantineOrphanContainersResyncsExistingQuarantineSizeDrift(t *testing.T) {
CK-110-0083,Method quarantineOrphanContainers has 103 lines of code (limit is 50),codacy,e6c14b1fcc690a229756773f55920e8c,internal/recovery/system_recovery.go,437,Lizard_nloc-medium,Complexity,,Warning,Lizard,40a1210ffc8c23dc4a717ce32627c89658e0f608,v1.10.5,open,S2,recovery,Production complexity hotspots in critical paths must be tracked without behavior-changing refactors,,,none,medium,none,medium,medium,true,false,true,false,false,production,,,investigate,,,,,"bucket=production-complexity-hotspot; line_text=func quarantineOrphanContainers(dbconn *sql.DB, containersDir string, stats *recoveryStats) error {"
CK-110-0084,"The result of command substitution $(...) or `...`, if unquoted, is split on whitespace or other separators sp",codacy,aeb0ebeba40ec19352d5b723722e86b6,scripts/smoke.sh,1209,Semgrep_bash.lang.correctness.unquoted-expansion.unquoted-command-substitution-in-command,ErrorProne,,High,Opengrep,70be43fd64fe009851901054047c6b88b7aacfa8,v1.10.6,open,S2,tooling,Release and benchmark scripts must not mask failures or mishandle unsafe inputs,,,low,none,none,low,none,false,true,false,false,false,script,,,investigate,,,,,"bucket=script-tooling-risk; line_text=REAL_CHUNKS=$(( $(echo ""$STATS_AFTER_PAYLOAD"" | jq -r '.data.chunks.total_chunks // .data.total_chunks // 0') - $(echo ""$STATS_BEFORE_PAYLOAD"" | jq -r '.data.chunks.total_chunks //"
CK-110-0085,Method TestRestoreFileByStoredPathOverrideMode has 104 lines of code (limit is 50),codacy,d7631b6fb5a53c4e0580be8cd55decd5,internal/storage/restore_test.go,878,Lizard_nloc-medium,Complexity,,Warning,Lizard,283637309fd6a847cbd8691173e71984d7269ae2,v1.10.5,open,S3,restore,Test complexity findings must be reviewed without weakening invariant coverage,,,none,none,none,none,none,false,false,false,true,false,test,,,investigate,,,,,bucket=test-complexity-hotspot; line_text=func TestRestoreFileByStoredPathOverrideMode(t *testing.T) {
CK-110-0086,Method assertDecryptStageVerifyFailure has a cyclomatic complexity of 14 (limit is 8),codacy,764138e25a8ab527348e74b021e87d57,internal/verify/verify_corruption_fixtures_test.go,145,Lizard_ccn-medium,Complexity,,Warning,Lizard,40a1210ffc8c23dc4a717ce32627c89658e0f608,backlog,open,S3,verify,Test complexity findings must be reviewed without weakening invariant coverage,,,none,none,none,none,none,false,false,false,true,false,test,,,investigate,,,,,"bucket=test-complexity-hotspot; line_text=func assertDecryptStageVerifyFailure(t *testing.T, err error, blockID int64) {"
CK-110-0087,Method claimChunkWithContext has a cyclomatic complexity of 36 (limit is 8),codacy,c0bd365d627e791adf507b42f7fec579,internal/storage/store.go,1919,Lizard_ccn-medium,Complexity,,Warning,Lizard,289a3ad2e8fabbad67fbeaa2640926935c86e52b,backlog,open,S2,storage,Production complexity hotspots in critical paths must be tracked without behavior-changing refactors,,,none,medium,none,medium,none,true,false,true,false,false,production,,,investigate,,,,,"bucket=production-complexity-hotspot; line_text=func claimChunkWithContext(ctx context.Context, dbconn *sql.DB, chunkHash string, chunksize int64, activeVersion string, containersDir string) (chunkID int64, chunkstatus string, i"
CK-110-0088,Multiple headings with the same content,codacy,acef2e4d361426e7798bc67db73f41a6,docs/benchmarking.md,472,markdownlint_MD024,BestPractice,,Warning,markdownlint,40a1210ffc8c23dc4a717ce32627c89658e0f608,backlog,open,S4,docs,Documentation style findings must be classified without blocking correctness releases,,,none,none,none,none,none,false,false,false,false,true,docs,,,investigate,,,,,bucket=docs-style; line_text=### Validation checklist
CK-110-0089,Method TestLoadSQLiteSchemaCreatesPhaseOneV8FreshBootstrap has a cyclomatic complexity of 27 (limit is 8),codacy,991ba70cb29f50e192a3d6b89e4a50b2,internal/db/migrations_test.go,339,Lizard_ccn-medium,Complexity,,Warning,Lizard,33f7e3db20e88ba7c4736919ea34a4454dde9403,backlog,open,S3,migration,Test complexity findings must be reviewed without weakening invariant coverage,,,none,none,none,none,none,false,false,false,true,false,test,,,investigate,,,,,bucket=test-complexity-hotspot; line_text=func TestLoadSQLiteSchemaCreatesPhaseOneV8FreshBootstrap(t *testing.T) {
CK-110-0090,Method TestTraverseVisitsAllNodesOnce has 69 lines of code (limit is 50),codacy,e9f4cf8ce12f467135ca9f36fa7de549,internal/graph/traversal_test.go,63,Lizard_nloc-medium,Complexity,,Warning,Lizard,40a1210ffc8c23dc4a717ce32627c89658e0f608,v1.10.6,open,S3,codacy,Test complexity findings must be reviewed without weakening invariant coverage,,,none,none,none,none,none,false,false,false,true,false,test,,,investigate,,,,,bucket=test-complexity-hotspot; line_text=func TestTraverseVisitsAllNodesOnce(t *testing.T) {
CK-110-0091,Method ChunkFile has a cyclomatic complexity of 11 (limit is 8),codacy,6351d69f07ac965dee3b111ea4c757c8,internal/chunk/simplecdc/chunker.go,36,Lizard_ccn-medium,Complexity,,Warning,Lizard,40a1210ffc8c23dc4a717ce32627c89658e0f608,backlog,open,S2,storage,Production complexity hotspots in critical paths must be tracked without behavior-changing refactors,,,none,medium,none,medium,none,true,false,true,false,false,production,,,investigate,,,,,"bucket=production-complexity-hotspot; line_text=func (c Chunker) ChunkFile(filePath string) ([]shared.Result, error) {"
CK-110-0092,Method TestBackwardCompatMixedChunkerRestoreIntegration has 51 lines of code (limit is 50),codacy,d74d19a99d1dd9e5c2db33b121ee6190,tests/integration/read_path_regression_test.go,265,Lizard_nloc-medium,Complexity,,Warning,Lizard,40a1210ffc8c23dc4a717ce32627c89658e0f608,v1.10.2,open,S3,filesystem,Test complexity findings must be reviewed without weakening invariant coverage,,,none,none,none,none,none,false,false,false,true,false,test,,,investigate,,,,,bucket=test-complexity-hotspot; line_text=func TestBackwardCompatMixedChunkerRestoreIntegration(t *testing.T) {
CK-110-0093,Lists should be surrounded by blank lines,codacy,bd1e0e4153b75027aa23526c3d167cc4,docs/BENCHMARK_METRICS.md,320,markdownlint_MD032,CodeStyle,,Info,markdownlint,40a1210ffc8c23dc4a717ce32627c89658e0f608,backlog,open,S4,docs,Documentation style findings must be classified without blocking correctness releases,,,none,none,none,none,none,false,false,false,false,true,docs,,,investigate,,,,,bucket=docs-style; line_text=- ✅ `TestRecordStructuralTracksCompressionDecisions`: compression tracking
CK-110-0094,String-formatted SQL query detected.,codacy,9d74a9984c181a3a955aa063fbd6ec96,tests/adversarial/g6_concurrent_operations_adversarial_test.go,438,Semgrep_go.lang.security.audit.database.string-formatted-query.string-formatted-query,Security,SQLInjection,Error,Opengrep,40a1210ffc8c23dc4a717ce32627c89658e0f608,v1.10.2,open,S3,security,Test-only security scanner findings must be reviewed and suppressed only with rationale,,,none,none,none,none,none,false,false,false,true,false,test,,,investigate,,,,,"bucket=test-security-noise; line_text=snapshotID := fmt.Sprintf(""g6-concurrent-snap-%s"", codec)"
CK-110-0095,Method TestBackwardCompatV15CLIWorkflowIntegration has a cyclomatic complexity of 19 (limit is 8),codacy,89804ca6d6430d7dbbf786462434e3cc,tests/integration/read_path_regression_test.go,454,Lizard_ccn-medium,Complexity,,Warning,Lizard,40a1210ffc8c23dc4a717ce32627c89658e0f608,v1.10.2,open,S3,filesystem,Test complexity findings must be reviewed without weakening invariant coverage,,,none,none,none,none,none,false,false,false,true,false,test,,,investigate,,,,,bucket=test-complexity-hotspot; line_text=func TestBackwardCompatV15CLIWorkflowIntegration(t *testing.T) {
CK-110-0096,The application was found setting directory permissions to overly permissive values.,codacy,22d313deba4571cc99a0d882b62b4c91,internal/benchmark/dataset.go,34,Semgrep_go_file-permissions_rule-mkdir,Security,FileAccess,High,Opengrep,c220796f5549e790104ba79acfac4fd99f9f241a,v1.10.6,open,S1,benchmark,Filesystem permission scanner findings must be reviewed by runtime area and threat model,,,none,none,medium,none,none,false,false,false,true,false,benchmark,,,investigate,,,,,"bucket=production-security-candidate; line_text=if err := os.MkdirAll(baseDir, 0o755); err != nil {"
CK-110-0097,Insecure dependency golang/stdlib@v1.23.0 (CVE-2025-58189: crypto/tls: go crypto/tls ALPN negotiation error co,codacy,dd041ebcf0503790c8ee09659d5292a6,go.mod,3,Trivy_vulnerability_medium,Security,InsecureModulesLibraries,Warning,Trivy,40a1210ffc8c23dc4a717ce32627c89658e0f608,v1.10.2,open,S1,dependencies,Supported Go toolchain must not carry known unplanned CVEs,,,none,none,medium,none,none,true,true,true,false,false,production,,,fix,,,,,bucket=dependency-cve; line_text=go 1.23
CK-110-0098,Method TestFeatureGatedCompressionSwitchDoesNotMigrateExistingBlocksStep513 has a cyclomatic complexity of 17 ,codacy,5556e369616d3c8b2ba95780003c60cd,internal/storage/store_compression_feature_gate_test.go,729,Lizard_ccn-medium,Complexity,,Warning,Lizard,adf50eefea0cf97c7db048c6124838dd429cf49b,backlog,open,S3,storage,Test complexity findings must be reviewed without weakening invariant coverage,,,none,none,none,none,none,false,false,false,true,false,test,,,investigate,,,,,bucket=test-complexity-hotspot; line_text=func TestFeatureGatedCompressionSwitchDoesNotMigrateExistingBlocksStep513(t *testing.T) {
CK-110-0099,Method main has a cyclomatic complexity of 14 (limit is 8),codacy,72816a3e1f0c51b94aedd78a65fc55a4,scripts/validate_regression_thresholds.py,294,Lizard_ccn-medium,Complexity,,Warning,Lizard,c8a0ecd16ba5c9f84d1cccb32fc75f2c281139e1,v1.10.6,open,S2,tooling,Release and benchmark scripts must not mask failures or mishandle unsafe inputs,,,low,none,none,low,none,false,true,false,false,false,script,,,investigate,,,,,bucket=script-tooling-risk; line_text=def main():
CK-110-0100,Method  has a cyclomatic complexity of 25 (limit is 8),codacy,5e4a0d569b384cccffd98238eaae94b8,tests/adversarial/g8_system_invariants_lifecycle_adversarial_test.go,227,Lizard_ccn-medium,Complexity,,Warning,Lizard,40a1210ffc8c23dc4a717ce32627c89658e0f608,v1.10.6,open,S3,codacy,Test complexity findings must be reviewed without weakening invariant coverage,,,none,none,none,none,none,false,false,false,true,false,test,,,investigate,,,,,"bucket=test-complexity-hotspot; line_text=t.Run(codec, func(t *testing.T) {"
CK-110-0101,Detected file permissions that are set to more than `0600` (user/owner can read and write). Setting file permi,codacy,1539cfa3b4cc76e970a055c312dfccf5,tests/adversarial/g14_g17_snapshot_retention_adversarial_test.go,156,Semgrep_go.lang.correctness.permissions.file_permission.incorrect-default-permission,Security,FileAccess,High,Opengrep,e675ba781b33cb0a643d74df46df9e78fa50484c,backlog,open,S3,snapshot,Test-only security scanner findings must be reviewed and suppressed only with rationale,,,none,none,none,none,none,false,false,false,true,false,test,,,investigate,,,,,"bucket=test-security-noise; line_text=if err := os.MkdirAll(inputDir, 0o755); err != nil {"
CK-110-0102,Method  has 55 lines of code (limit is 50),codacy,5cfb1ad378e59f25502b2295535b9b35,internal/storage/store_compression_feature_gate_test.go,464,Lizard_nloc-medium,Complexity,,Warning,Lizard,bf5dee13f64a71071ebb7aaec362bff9ceee4f9d,backlog,open,S3,storage,Test complexity findings must be reviewed without weakening invariant coverage,,,none,none,none,none,none,false,false,false,true,false,test,,,investigate,,,,,"bucket=test-complexity-hotspot; line_text=t.Run(tc.name, func(t *testing.T) {"
CK-110-0103,Insecure dependency golang/stdlib@v1.23.0 (CVE-2025-61724: net/textproto: Excessive CPU consumption in Reader.,codacy,3f7e7bd41010834d96a750d558681627,go.mod,3,Trivy_vulnerability_medium,Security,InsecureModulesLibraries,Warning,Trivy,40a1210ffc8c23dc4a717ce32627c89658e0f608,v1.10.2,open,S1,dependencies,Supported Go toolchain must not carry known unplanned CVEs,,,none,none,medium,none,none,true,true,true,false,false,production,,,fix,,,,,bucket=dependency-cve; line_text=go 1.23
CK-110-0104,Method TestGetReachableChunksDeduplicatesSharedChunks has a cyclomatic complexity of 11 (limit is 8),codacy,41764a9276323a0e683f4f4d2293f5b9,internal/graph/reachability_test.go,230,Lizard_ccn-medium,Complexity,,Warning,Lizard,a318ae68489afa9b2d59693146b61393c875e2dd,v1.10.6,open,S3,codacy,Test complexity findings must be reviewed without weakening invariant coverage,,,none,none,none,none,none,false,false,false,true,false,test,,,investigate,,,,,bucket=test-complexity-hotspot; line_text=func TestGetReachableChunksDeduplicatesSharedChunks(t *testing.T) {
CK-110-0105,The application dynamically constructs file or path information.,codacy,3b058acaa56c21d0f39a55c06f69e1ed,internal/maintenance/gc_step11_test.go,500,Semgrep_go_filesystem_rule-fileread,Security,FileAccess,Error,Opengrep,2abed90b7cfb17095e1a457c41e1682e0997e45c,v1.10.4,open,S3,gc,Test-only security scanner findings must be reviewed and suppressed only with rationale,,,none,none,none,none,none,false,false,false,true,false,test,,,investigate,,,,,"bucket=test-security-noise; line_text=legacyRestored, err := os.ReadFile(legacyOut)"
CK-110-0106,Method TestPinLogicalFileRestoreChunksReturnsOrderedChunkRows has 63 lines of code (limit is 50),codacy,8710e572b7560612b0f25a74a0d52294,internal/storage/restore_test.go,144,Lizard_nloc-medium,Complexity,,Warning,Lizard,40a1210ffc8c23dc4a717ce32627c89658e0f608,v1.10.5,open,S3,restore,Test complexity findings must be reviewed without weakening invariant coverage,,,none,none,none,none,none,false,false,false,true,false,test,,,investigate,,,,,bucket=test-complexity-hotspot; line_text=func TestPinLogicalFileRestoreChunksReturnsOrderedChunkRows(t *testing.T) {
CK-110-0107,The application was found setting file permissions to overly permissive values.,codacy,deec82ea4b2efdb7a6d19550894bff34,internal/storage/phase1_compat_matrix_test.go,121,Semgrep_go_file-permissions_rule-fileperm,Security,FileAccess,High,Opengrep,685c72e624fd873ed17ce60c7884b8e1cb949855,backlog,open,S3,storage,Test-only security scanner findings must be reviewed and suppressed only with rationale,,,none,none,none,none,none,false,false,false,true,false,test,,,investigate,,,,,"bucket=test-security-noise; line_text=if err := os.WriteFile(path, buf, 0o644); err != nil {"
CK-110-0108,Lists should be surrounded by blank lines,codacy,72c8a76ea436bc446ac18ac968377394,docs/STEP64_METRICS_VALIDATION.md,14,markdownlint_MD032,CodeStyle,,Info,markdownlint,40a1210ffc8c23dc4a717ce32627c89658e0f608,backlog,open,S4,docs,Documentation style findings must be classified without blocking correctness releases,,,none,none,none,none,none,false,false,false,false,true,docs,,,investigate,,,,,bucket=docs-style; line_text=- `LogicalBytes` — original uncompressed input data
CK-110-0109,SQL Injection is a critical vulnerability that can lead to data or system compromise.,codacy,acb841e9436f2beb7320ed51a83d9317,internal/db/migrations_test.go,1875,Semgrep_go_sql_rule-concat-sqli,Security,SQLInjection,Error,Opengrep,7f694cbfbd19c4d06fe733d66e595b149e59901a,backlog,open,S3,migration,Test-only security scanner findings must be reviewed and suppressed only with rationale,,,none,none,none,none,none,false,false,false,true,false,test,,,investigate,,,,,bucket=test-security-noise; line_text=if err := dbconn.QueryRow(`SELECT parent_id FROM snapshot WHERE id = 'p-child'`).Scan(&childParentID); err != nil {
CK-110-0110,Method TestPhase7MixedVerifyAfterUpgradeIntegration has a cyclomatic complexity of 24 (limit is 8),codacy,49337bca8a53949045e8d52f71386111,tests/integration/v18_migration_compatibility_integration_test.go,619,Lizard_ccn-medium,Complexity,,Warning,Lizard,40a1210ffc8c23dc4a717ce32627c89658e0f608,v1.10.6,open,S3,codacy,Test complexity findings must be reviewed without weakening invariant coverage,,,none,none,none,none,none,false,false,false,true,false,test,,,investigate,,,,,bucket=test-complexity-hotspot; line_text=func TestPhase7MixedVerifyAfterUpgradeIntegration(t *testing.T) {
CK-110-0111,Method TestStep11DryRunPackedReclaimableMatchesActualGC has a cyclomatic complexity of 14 (limit is 8),codacy,9560292f42fa7249e24744460b65b655,internal/maintenance/gc_step11_parity_test.go,17,Lizard_ccn-medium,Complexity,,Warning,Lizard,40a1210ffc8c23dc4a717ce32627c89658e0f608,v1.10.4,open,S3,gc,Test complexity findings must be reviewed without weakening invariant coverage,,,none,none,none,none,none,false,false,false,true,false,test,,,investigate,,,,,bucket=test-complexity-hotspot; line_text=func TestStep11DryRunPackedReclaimableMatchesActualGC(t *testing.T) {
CK-110-0112,Insecure dependency golang/stdlib@v1.23.0 (CVE-2025-58186: golang.org/net/http: Lack of limit when parsing coo,codacy,92fdad87d9928f1ca69c631a04e08e1e,go.mod,3,Trivy_vulnerability_medium,Security,InsecureModulesLibraries,Warning,Trivy,40a1210ffc8c23dc4a717ce32627c89658e0f608,v1.10.2,open,S1,dependencies,Supported Go toolchain must not carry known unplanned CVEs,,,none,none,medium,none,none,true,true,true,false,false,production,,,fix,,,,,bucket=dependency-cve; line_text=go 1.23
CK-110-0113,Method VerifyFileStandardWithContainersDir has 102 lines of code (limit is 50),codacy,d43f3c115980ff55e4894080ba468c53,internal/verify/verify_file.go,118,Lizard_nloc-medium,Complexity,,Warning,Lizard,40a1210ffc8c23dc4a717ce32627c89658e0f608,backlog,open,S2,verify,Production complexity hotspots in critical paths must be tracked without behavior-changing refactors,,,none,medium,none,medium,none,true,false,true,false,false,production,,,investigate,,,,,"bucket=production-complexity-hotspot; line_text=func VerifyFileStandardWithContainersDir(dbconn *sql.DB, fileId int, containersDir string) error {"
CK-110-0114,Method TestCrossConsistency_InspectBidirectional has a cyclomatic complexity of 13 (limit is 8),codacy,4917b8834360236a01c28de6d1cfaed6,internal/observability/cross_consistency_test.go,72,Lizard_ccn-medium,Complexity,,Warning,Lizard,40a1210ffc8c23dc4a717ce32627c89658e0f608,v1.10.6,open,S3,codacy,Test complexity findings must be reviewed without weakening invariant coverage,,,none,none,none,none,none,false,false,false,true,false,test,,,investigate,,,,,bucket=test-complexity-hotspot; line_text=func TestCrossConsistency_InspectBidirectional(t *testing.T) {
CK-110-0115,Method TestRestoreOptionsOverwriteFalseRejectsExistingDestination has a cyclomatic complexity of 14 (limit is ,codacy,415e076b455282180d81ee7388535854,internal/storage/restore_test.go,2132,Lizard_ccn-medium,Complexity,,Warning,Lizard,72e7d820bee113801805bf52d821193704364cb2,v1.10.5,open,S3,restore,Test complexity findings must be reviewed without weakening invariant coverage,,,none,none,none,none,none,false,false,false,true,false,test,,,investigate,,,,,bucket=test-complexity-hotspot; line_text=func TestRestoreOptionsOverwriteFalseRejectsExistingDestination(t *testing.T) {
CK-110-0116,Detected file permissions that are set to more than `0600` (user/owner can read and write). Setting file permi,codacy,4e0fec8c8299cf6c7f6934d55338d2b3,tests/utils/common.go,944,Semgrep_go.lang.correctness.permissions.file_permission.incorrect-default-permission,Security,FileAccess,High,Opengrep,40a1210ffc8c23dc4a717ce32627c89658e0f608,v1.10.2,open,S3,filesystem,Test-only security scanner findings must be reviewed and suppressed only with rationale,,,none,none,none,none,none,false,false,false,true,false,test,,,investigate,,,,,"bucket=test-security-noise; line_text=return os.MkdirAll(target, 0o755)"
CK-110-0117,Method TestRenderStatsJSONWritesResultPayload has a cyclomatic complexity of 21 (limit is 8),codacy,2715972ab1bde1c010c90e8e959cb250,internal/cli/render/stats_test.go,13,Lizard_ccn-medium,Complexity,,Warning,Lizard,40a1210ffc8c23dc4a717ce32627c89658e0f608,v1.10.6,open,S3,codacy,Test complexity findings must be reviewed without weakening invariant coverage,,,none,none,none,none,none,false,false,false,true,false,test,,,investigate,,,,,bucket=test-complexity-hotspot; line_text=func TestRenderStatsJSONWritesResultPayload(t *testing.T) {
CK-110-0118,SQL Injection is a critical vulnerability that can lead to data or system compromise.,codacy,34f9208836d4fb4f8361d14922e2f7d,internal/storage/store.go,2254,Semgrep_go_sql_rule-concat-sqli,Security,SQLInjection,Error,Opengrep,8a10ffd445e252a9a5163c5020ec328e976975f9,backlog,open,S1,storage,Dynamic SQL scanner findings must be reviewed for parameterization or safe identifier constraints,,,none,medium,medium,medium,none,true,false,true,false,false,production,,,investigate,,,,,"bucket=production-security-candidate; line_text=if _, err := tx.ExecContext("
CK-110-0119,SQL Injection is a critical vulnerability that can lead to data or system compromise.,codacy,f06b118cbcf8c335de0a155cd00ff3cf,internal/db/migrations_test.go,570,Semgrep_go_sql_rule-concat-sqli,Security,SQLInjection,Error,Opengrep,33f7e3db20e88ba7c4736919ea34a4454dde9403,backlog,open,S3,migration,Test-only security scanner findings must be reviewed and suppressed only with rationale,,,none,none,none,none,none,false,false,false,true,false,test,,,investigate,,,,,"bucket=test-security-noise; line_text=if _, err := dbconn.Exec("
CK-110-0120,Lists should be surrounded by blank lines,codacy,7702586b8ca9423b91d26824e1023100,docs/benchmarking.md,1344,markdownlint_MD032,CodeStyle,,Info,markdownlint,40a1210ffc8c23dc4a717ce32627c89658e0f608,backlog,open,S4,docs,Documentation style findings must be classified without blocking correctness releases,,,none,none,none,none,none,false,false,false,false,true,docs,,,investigate,,,,,bucket=docs-style; line_text=1. `TestStep613StatsRatiosMathematicallyCorrect` — 3 uncompressed files verify 1.0 compression ratio
CK-110-0121,Insecure dependency golang/stdlib@v1.23.0 (CVE-2025-47906: os/exec: Unexpected paths returned from LookPath in,codacy,da7dc754622c5cf6753739fd84b3b543,go.mod,3,Trivy_vulnerability_medium,Security,InsecureModulesLibraries,Warning,Trivy,40a1210ffc8c23dc4a717ce32627c89658e0f608,v1.10.2,open,S1,dependencies,Supported Go toolchain must not carry known unplanned CVEs,,,none,none,medium,none,none,true,true,true,false,false,production,,,fix,,,,,bucket=dependency-cve; line_text=go 1.23
CK-110-0122,Method inspectLogicalFile has 57 lines of code (limit is 50),codacy,dd0747b5dc0e37e0f0a139fcab1d5f38,internal/observability/inspect.go,252,Lizard_nloc-medium,Complexity,,Warning,Lizard,40a1210ffc8c23dc4a717ce32627c89658e0f608,v1.10.6,open,S2,codacy,Production complexity hotspots in critical paths must be tracked without behavior-changing refactors,,,none,none,none,none,none,true,false,true,false,false,production,,,investigate,,,,,"bucket=production-complexity-hotspot; line_text=func (s *Service) inspectLogicalFile(ctx context.Context, id string, opts InspectOptions) (*InspectResult, error) {"
CK-110-0123,Method TestPhase1CompatMetadataWrittenOnce has a cyclomatic complexity of 10 (limit is 8),codacy,7f6b429cf357b6a362dd752f076fb37c,internal/storage/phase1_compat_matrix_test.go,621,Lizard_ccn-medium,Complexity,,Warning,Lizard,40a1210ffc8c23dc4a717ce32627c89658e0f608,backlog,open,S3,storage,Test complexity findings must be reviewed without weakening invariant coverage,,,none,none,none,none,none,false,false,false,true,false,test,,,investigate,,,,,bucket=test-complexity-hotspot; line_text=func TestPhase1CompatMetadataWrittenOnce(t *testing.T) {
CK-110-0124,Method loadChunkBlockMetadata has 114 lines of code (limit is 50),codacy,2317054ba2cb88401b081340264d2c74,internal/observability/inspect.go,843,Lizard_nloc-medium,Complexity,,Warning,Lizard,40a1210ffc8c23dc4a717ce32627c89658e0f608,v1.10.6,open,S2,codacy,Production complexity hotspots in critical paths must be tracked without behavior-changing refactors,,,none,none,none,none,none,true,false,true,false,false,production,,,investigate,,,,,"bucket=production-complexity-hotspot; line_text=func (s *Service) loadChunkBlockMetadata(ctx context.Context, chunkID int64, limit int) ([]map[string]any, error) {"
CK-110-0125,Column: 1,codacy,60daad78880d36614e17fb24e5204ad7,docs/internal/storage_contract_v1_9.md,106,markdownlint_MD010,CodeStyle,,Info,markdownlint,40a1210ffc8c23dc4a717ce32627c89658e0f608,backlog,open,S4,docs,Documentation style findings must be classified without blocking correctness releases,,,none,none,none,none,none,false,false,false,false,true,docs,,,investigate,,,,,bucket=docs-style; line_text=compatibility/observability only and never authoritative.
CK-110-0126,Method TestSimulatedWriterAppendPayloadCreatesAndRotatesContainer has 59 lines of code (limit is 50),codacy,3cc0ee54688920a3f947626dc40a9f0e,internal/container/simulated_writer_test.go,47,Lizard_nloc-medium,Complexity,,Warning,Lizard,40a1210ffc8c23dc4a717ce32627c89658e0f608,backlog,open,S3,storage,Test complexity findings must be reviewed without weakening invariant coverage,,,none,none,none,none,none,false,false,false,true,false,test,,,investigate,,,,,bucket=test-complexity-hotspot; line_text=func TestSimulatedWriterAppendPayloadCreatesAndRotatesContainer(t *testing.T) {
CK-110-0127,Method assertBlockDecodeStageVerifyFailure has a cyclomatic complexity of 11 (limit is 8),codacy,2b4e2784a8490ae732e11f261d8e0016,internal/verify/verify_corruption_fixtures_test.go,284,Lizard_ccn-medium,Complexity,,Warning,Lizard,40a1210ffc8c23dc4a717ce32627c89658e0f608,backlog,open,S3,verify,Test complexity findings must be reviewed without weakening invariant coverage,,,none,none,none,none,none,false,false,false,true,false,test,,,investigate,,,,,"bucket=test-complexity-hotspot; line_text=func assertBlockDecodeStageVerifyFailure(t *testing.T, err error, blockID int64) {"
CK-110-0128,The application was found setting directory permissions to overly permissive values.,codacy,2bbfc23f7b85c123c20fe82dc9793c03,tests/adversarial/v110_s0_chunk_reuse_bounds_stabilization_test.go,361,Semgrep_go_file-permissions_rule-mkdir,Security,FileAccess,High,Opengrep,40a1210ffc8c23dc4a717ce32627c89658e0f608,backlog,open,S3,storage,Test-only security scanner findings must be reviewed and suppressed only with rationale,,,none,none,none,none,none,false,false,false,true,false,test,,,investigate,,,,,"bucket=test-security-noise; line_text=if err := os.MkdirAll(artifactDir, 0o755); err != nil {"
CK-110-0129,The application dynamically constructs file or path information.,codacy,f967ca5f49c42b5e87895c2acc3d08dc,tests/adversarial/g67_deterministic_restore_matrix_test.go,207,Semgrep_go_filesystem_rule-fileread,Security,FileAccess,Error,Opengrep,40a1210ffc8c23dc4a717ce32627c89658e0f608,v1.10.5,open,S3,restore,Test-only security scanner findings must be reviewed and suppressed only with rationale,,,none,none,none,none,none,false,false,false,true,false,test,,,investigate,,,,,"bucket=test-security-noise; line_text=data, err := os.ReadFile(path)"
CK-110-0130,Method checkSealedContainersHash has a cyclomatic complexity of 10 (limit is 8),codacy,f27079640f868af3b9d45f5ee864d0c9,internal/verify/verify_container.go,193,Lizard_ccn-medium,Complexity,,Warning,Lizard,40a1210ffc8c23dc4a717ce32627c89658e0f608,backlog,open,S2,verify,Production complexity hotspots in critical paths must be tracked without behavior-changing refactors,,,none,medium,none,medium,none,true,false,true,false,false,production,,,investigate,,,,,"bucket=production-complexity-hotspot; line_text=func checkSealedContainersHash(dbconn *sql.DB, containersDir string) error {"
CK-110-0131,SQL Injection is a critical vulnerability that can lead to data or system compromise.,codacy,dbcf384936f64d70126a02806c8eb795,internal/db/migrations_test.go,1304,Semgrep_go_sql_rule-concat-sqli,Security,SQLInjection,Error,Opengrep,69d3d6f7e494463c2eb98c9a03fca7449781ea14,backlog,open,S3,migration,Test-only security scanner findings must be reviewed and suppressed only with rationale,,,none,none,none,none,none,false,false,false,true,false,test,,,investigate,,,,,"bucket=test-security-noise; line_text=if _, err := adminDB.Exec(fmt.Sprintf(""CREATE DATABASE %s"", testDBName)); err != nil {"
CK-110-0132,Method inspectChunk has 83 lines of code (limit is 50),codacy,46384236dfb432fa446367df48d931,internal/observability/inspect.go,314,Lizard_nloc-medium,Complexity,,Warning,Lizard,40a1210ffc8c23dc4a717ce32627c89658e0f608,v1.10.6,open,S2,codacy,Production complexity hotspots in critical paths must be tracked without behavior-changing refactors,,,none,none,none,none,none,true,false,true,false,false,production,,,investigate,,,,,"bucket=production-complexity-hotspot; line_text=func (s *Service) inspectChunk(ctx context.Context, id string, opts InspectOptions) (*InspectResult, error) {"
CK-110-0133,All queries must target RAC_* tables.Query does not reference RAC_* table.,codacy,fe7e3308f3e452054bd8580f605c80c1,db/schema_postgres.sql,173,Semgrep_codacy.generic.sql.rac-table-access,Security,SQLInjection,High,Opengrep,,backlog,open,S1,migration,Dynamic SQL scanner findings must be reviewed for parameterization or safe identifier constraints,,,none,none,medium,none,none,true,false,true,false,false,production,,,investigate,,,,,bucket=production-security-candidate; line_text=BEFORE UPDATE ON blocks
CK-110-0134,Method TestVerifySystemFullDetectsMissingContainerFileForReferencedChunk has a cyclomatic complexity of 9 (lim,codacy,9ac9a4da5d86a320c89734017ac748ea,internal/verify/verify_regression_test.go,225,Lizard_ccn-medium,Complexity,,Warning,Lizard,40a1210ffc8c23dc4a717ce32627c89658e0f608,backlog,open,S3,verify,Test complexity findings must be reviewed without weakening invariant coverage,,,none,none,none,none,none,false,false,false,true,false,test,,,investigate,,,,,bucket=test-complexity-hotspot; line_text=func TestVerifySystemFullDetectsMissingContainerFileForReferencedChunk(t *testing.T) {
CK-110-0135,Detected file permissions that are set to more than `0600` (user/owner can read and write). Setting file permi,codacy,7404fcaadcb647e4a6da000b0a62795,tests/adversarial/g7_deep_corruption_adversarial_test.go,116,Semgrep_go.lang.correctness.permissions.file_permission.incorrect-default-permission,Security,FileAccess,High,Opengrep,40a1210ffc8c23dc4a717ce32627c89658e0f608,v1.10.2,open,S3,filesystem,Test-only security scanner findings must be reviewed and suppressed only with rationale,,,none,none,none,none,none,false,false,false,true,false,test,,,investigate,,,,,"bucket=test-security-noise; line_text=if err := os.MkdirAll(restoreDir, 0o755); err != nil {"
CK-110-0136,Method simulateGC has a cyclomatic complexity of 9 (limit is 8),codacy,4a2af4e50502f10a9c4f90bbfc371c92,internal/observability/simulate.go,26,Lizard_ccn-medium,Complexity,,Warning,Lizard,40a1210ffc8c23dc4a717ce32627c89658e0f608,v1.10.6,open,S2,codacy,Production complexity hotspots in critical paths must be tracked without behavior-changing refactors,,,none,none,none,none,none,true,false,true,false,false,production,,,investigate,,,,,"bucket=production-complexity-hotspot; line_text=func (s *Service) simulateGC(ctx context.Context, opts SimulationOptions) (*SimulationResult, error) {"
CK-110-0137,Method applyPhysicalMetadata has a cyclomatic complexity of 13 (limit is 8),codacy,96b6f7e9c3698e15b618b60a32703ebb,internal/storage/restore.go,1350,Lizard_ccn-medium,Complexity,,Warning,Lizard,40a1210ffc8c23dc4a717ce32627c89658e0f608,v1.10.5,open,S2,restore,Production complexity hotspots in critical paths must be tracked without behavior-changing refactors,,,none,medium,none,medium,none,true,false,true,false,false,production,,,investigate,,,,,"bucket=production-complexity-hotspot; line_text=func applyPhysicalMetadata(outputPath string, descriptor RestoreDescriptor, opts RestoreOptions) error {"
CK-110-0138,Method TestPhase8MetadataMigrationIntegration has a cyclomatic complexity of 48 (limit is 8),codacy,74e717746ee5edac7ae9dd8d50011808,tests/integration/v18_migration_compatibility_integration_test.go,1438,Lizard_ccn-medium,Complexity,,Warning,Lizard,40a1210ffc8c23dc4a717ce32627c89658e0f608,v1.10.6,open,S3,codacy,Test complexity findings must be reviewed without weakening invariant coverage,,,none,none,none,none,none,false,false,false,true,false,test,,,investigate,,,,,bucket=test-complexity-hotspot; line_text=func TestPhase8MetadataMigrationIntegration(t *testing.T) {
CK-110-0139,Method TestRestoreFailsOnAESGCMDecodeFailure has a cyclomatic complexity of 11 (limit is 8),codacy,f88de90adc313302c9f3af8f391fbc3f,internal/storage/restore_test.go,1315,Lizard_ccn-medium,Complexity,,Warning,Lizard,9fce12250ec91c74d8127b86704ce1f90992c88a,v1.10.5,open,S3,restore,Test complexity findings must be reviewed without weakening invariant coverage,,,none,none,none,none,none,false,false,false,true,false,test,,,investigate,,,,,bucket=test-complexity-hotspot; line_text=func TestRestoreFailsOnAESGCMDecodeFailure(t *testing.T) {
CK-110-0140,Method runSQLitePhysicalFileMigration has 72 lines of code (limit is 50),codacy,a32c7dc51c689c00f0e443812448056d,internal/db/migrations.go,194,Lizard_nloc-medium,Complexity,,Warning,Lizard,1859c1b26148f0e60249b827682682d89b0183ed,backlog,open,S2,migration,Production complexity hotspots in critical paths must be tracked without behavior-changing refactors,,,none,none,none,none,none,true,false,true,false,false,production,,,investigate,,,,,"bucket=production-complexity-hotspot; line_text=func runSQLitePhysicalFileMigration(dbconn sqliteContextExecutor, ctx context.Context) error {"
CK-110-0141,The application was found setting directory permissions to overly permissive values.,codacy,1c28003e810c479a071a182189e02576,tests/adversarial/g1_step11_restore_determinism_test.go,49,Semgrep_go_file-permissions_rule-mkdir,Security,FileAccess,High,Opengrep,267df133bd52cd8ce905ef6c64b8c6c9306985b1,v1.10.5,open,S3,restore,Test-only security scanner findings must be reviewed and suppressed only with rationale,,,none,none,none,none,none,false,false,false,true,false,test,,,investigate,,,,,"bucket=test-security-noise; line_text=if err := os.MkdirAll(inputRoot, 0o755); err != nil {"
CK-110-0142,Detected file permissions that are set to more than `0600` (user/owner can read and write). Setting file permi,codacy,ee341a13616a0df4aa2bb3e87d6aa388,internal/container/container.go,452,Semgrep_go.lang.correctness.permissions.file_permission.incorrect-default-permission,Security,FileAccess,High,Opengrep,88631573c5db6eafea57074967754c41ba96ac7a,backlog,open,S1,storage,Filesystem permission scanner findings must be reviewed by runtime area and threat model,,,none,medium,medium,medium,none,true,false,true,false,false,production,,,investigate,,,,,"bucket=production-security-candidate; line_text=if err := os.MkdirAll(containersDir, 0755); err != nil {"
CK-110-0143,Method loadBlockMetadata has 70 lines of code (limit is 50),codacy,f014e8b8435923487fa8d873ab1fd2b8,internal/storage/storage_block_reader.go,251,Lizard_nloc-medium,Complexity,,Warning,Lizard,40a1210ffc8c23dc4a717ce32627c89658e0f608,v1.10.3,open,S2,packed-storage,Production complexity hotspots in critical paths must be tracked without behavior-changing refactors,,,none,medium,none,medium,none,true,false,true,false,false,production,,,investigate,,,,,"bucket=production-complexity-hotspot; line_text=func (r *StorageBlockReader) loadBlockMetadata(ctx context.Context, blockID int64) (*blockMetadata, error) {"
CK-110-0144,Method getOrCreateOpenContainerInDirExcluding has a cyclomatic complexity of 14 (limit is 8),codacy,2d38ef6d8ca73abd14d575dcf437ffcf,internal/container/container.go,374,Lizard_ccn-medium,Complexity,,Warning,Lizard,55fd5483af6b4915ab73ab0c5e16ccb22c9a6592,backlog,open,S2,storage,Production complexity hotspots in critical paths must be tracked without behavior-changing refactors,,,none,medium,none,medium,none,true,false,true,false,false,production,,,investigate,,,,,"bucket=production-complexity-hotspot; line_text=func getOrCreateOpenContainerInDirExcluding(tx db.DBTX, dbconn *sql.DB, containersDir string, excludeID int64) (ActiveContainer, error) {"
CK-110-0145,Method mapVerifyPipelineFailure has a cyclomatic complexity of 9 (limit is 8),codacy,c76a039034c3f472d3299f3a6281c316,internal/storage/storage_block_reader.go,192,Lizard_ccn-medium,Complexity,,Warning,Lizard,40a1210ffc8c23dc4a717ce32627c89658e0f608,v1.10.3,open,S2,packed-storage,Production complexity hotspots in critical paths must be tracked without behavior-changing refactors,,,none,medium,none,medium,none,true,false,true,false,false,production,,,investigate,,,,,bucket=production-complexity-hotspot; line_text=func (r *StorageBlockReader) mapVerifyPipelineFailure(err error) error {
CK-110-0146,SQL Injection is a critical vulnerability that can lead to data or system compromise.,codacy,ea2a512b657417f458d4011ef8301fc,internal/db/migrations_test.go,1860,Semgrep_go_sql_rule-concat-sqli,Security,SQLInjection,Error,Opengrep,7f694cbfbd19c4d06fe733d66e595b149e59901a,backlog,open,S3,migration,Test-only security scanner findings must be reviewed and suppressed only with rationale,,,none,none,none,none,none,false,false,false,true,false,test,,,investigate,,,,,"bucket=test-security-noise; line_text=if _, err := dbconn.Exec(`INSERT INTO snapshot_file (snapshot_id, path_id, logical_file_id) VALUES ('snap-a', 999999, 1)`); err == nil {"
CK-110-0147,Insecure dependency golang/stdlib@v1.23.0 (CVE-2026-39836: Panic in Dial and LookupPort when handling NUL byte,codacy,425ff0f95bd096a89e97776a6661c614,go.mod,3,Trivy_vulnerability_high,Security,InsecureModulesLibraries,High,Trivy,40a1210ffc8c23dc4a717ce32627c89658e0f608,v1.10.2,open,S1,dependencies,Supported Go toolchain must not carry known unplanned CVEs,,,none,none,medium,none,none,true,true,true,false,false,production,,,fix,,,,,bucket=dependency-cve; line_text=go 1.23
CK-110-0148,Method TestStep11SnapshotRetainsPackedBlockAndRestoreSucceeds has a cyclomatic complexity of 15 (limit is 8),codacy,4444e18b034400208d340d9657a161d,internal/maintenance/gc_step11_test.go,319,Lizard_ccn-medium,Complexity,,Warning,Lizard,2abed90b7cfb17095e1a457c41e1682e0997e45c,v1.10.4,open,S3,gc,Test complexity findings must be reviewed without weakening invariant coverage,,,none,none,none,none,none,false,false,false,true,false,test,,,investigate,,,,,bucket=test-complexity-hotspot; line_text=func TestStep11SnapshotRetainsPackedBlockAndRestoreSucceeds(t *testing.T) {
CK-110-0149,Method EncodeBlock has a cyclomatic complexity of 10 (limit is 8),codacy,8c710988360f2649224edaad33d60d4,internal/blocks/block_format_v1.go,110,Lizard_ccn-medium,Complexity,,Warning,Lizard,40a1210ffc8c23dc4a717ce32627c89658e0f608,v1.10.6,open,S2,codacy,Production complexity hotspots in critical paths must be tracked without behavior-changing refactors,,,none,none,none,none,none,true,false,true,false,false,production,,,investigate,,,,,"bucket=production-complexity-hotspot; line_text=func EncodeBlock(b *EncodedBlock) ([]byte, error) {"
CK-110-0150,Method build_summary has a cyclomatic complexity of 13 (limit is 8),codacy,bca7365cc9973fd31c6ba21dfb940918,scripts/summarize_phase8_blocksize.py,60,Lizard_ccn-medium,Complexity,,Warning,Lizard,fd7666eca1064c3cbe034bcde5234b2b0ec54e18,v1.10.6,open,S2,tooling,Release and benchmark scripts must not mask failures or mishandle unsafe inputs,,,low,none,none,low,none,false,true,false,false,false,script,,,investigate,,,,,bucket=script-tooling-risk; line_text=def build_summary(runs):
CK-110-0151,Method TestRestoreFailureDoesNotCorruptDestination has 85 lines of code (limit is 50),codacy,30a0f378781261fc0bfce660eec30894,internal/storage/restore_test.go,2027,Lizard_nloc-medium,Complexity,,Warning,Lizard,f35e27ecc88244cb832701df1f51a4d148a2d853,v1.10.5,open,S3,restore,Test complexity findings must be reviewed without weakening invariant coverage,,,none,none,none,none,none,false,false,false,true,false,test,,,investigate,,,,,bucket=test-complexity-hotspot; line_text=func TestRestoreFailureDoesNotCorruptDestination(t *testing.T) {
CK-110-0152,Method NewTestRepository has a cyclomatic complexity of 10 (limit is 8),codacy,9e4c165f9a700e45386098d7b29647e7,internal/storage/test_repository_fixture_test.go,39,Lizard_ccn-medium,Complexity,,Warning,Lizard,40a1210ffc8c23dc4a717ce32627c89658e0f608,backlog,open,S3,storage,Test complexity findings must be reviewed without weakening invariant coverage,,,none,none,none,none,none,false,false,false,true,false,test,,,investigate,,,,,"bucket=test-complexity-hotspot; line_text=func NewTestRepository(t *testing.T, opts ...TestRepositoryOption) *TestRepository {"
CK-110-0153,Do not use `math/rand`. Use `crypto/rand` instead.,codacy,27f5ca511c04fb25675754c1f44b3a56,internal/benchmark/corpus.go,9,Semgrep_go.lang.security.audit.crypto.math_random.math-random-used,Security,Cryptography,Error,Opengrep,fc8112a95961f6f3eba8ce8d6e1dc63ca8780ed0,v1.10.6,open,S1,benchmark,Randomness scanner findings must distinguish deterministic tests/benchmarks from cryptographic use,,,none,none,medium,none,none,false,false,false,true,false,benchmark,,,investigate,,,,,"bucket=production-security-candidate; line_text=""math/rand"""
CK-110-0154,Insecure dependency golang/stdlib@v1.23.0 (CVE-2025-61725: net/mail: Excessive CPU consumption in ParseAddress,codacy,fc94b462e755a51e060400256c1e9084,go.mod,3,Trivy_vulnerability_medium,Security,InsecureModulesLibraries,Warning,Trivy,40a1210ffc8c23dc4a717ce32627c89658e0f608,v1.10.2,open,S1,dependencies,Supported Go toolchain must not carry known unplanned CVEs,,,none,none,medium,none,none,true,true,true,false,false,production,,,fix,,,,,bucket=dependency-cve; line_text=go 1.23
CK-110-0155,The application dynamically constructs file or path information.,codacy,63eb3394747b9a0bba82088ddcc4f832,internal/storage/store_v2chunker_test.go,478,Semgrep_go_filesystem_rule-fileread,Security,FileAccess,Error,Opengrep,03c5e204ee5187399063a0156dca5caa3053a818,backlog,open,S3,storage,Test-only security scanner findings must be reviewed and suppressed only with rationale,,,none,none,none,none,none,false,false,false,true,false,test,,,investigate,,,,,"bucket=test-security-noise; line_text=aRestored, err := os.ReadFile(aOut)"
CK-110-0156,Method claimLogicalFileWithContext has a cyclomatic complexity of 32 (limit is 8),codacy,d41616274c3a2a3b84b62292ff4d30b2,internal/storage/store.go,1692,Lizard_ccn-medium,Complexity,,Warning,Lizard,dbc7307a205749a9da3911be124e2ddba6fa93da,backlog,open,S2,storage,Production complexity hotspots in critical paths must be tracked without behavior-changing refactors,,,none,medium,none,medium,none,true,false,true,false,false,production,,,investigate,,,,,"bucket=production-complexity-hotspot; line_text=func claimLogicalFileWithContext(ctx context.Context, dbconn *sql.DB, fileinfo os.FileInfo, fileHash string, activeVersion string, containersDir string) (fileID int64, filestatus s"
CK-110-0157,Method TestAdversarialG16SnapshotQueryContractChaos has a cyclomatic complexity of 10 (limit is 8),codacy,b5b9b018df62a310321a4bcd200d7bd7,tests/adversarial/g14_g17_snapshot_retention_adversarial_test.go,402,Lizard_ccn-medium,Complexity,,Warning,Lizard,40a1210ffc8c23dc4a717ce32627c89658e0f608,backlog,open,S3,snapshot,Test complexity findings must be reviewed without weakening invariant coverage,,,none,none,none,none,none,false,false,false,true,false,test,,,investigate,,,,,bucket=test-complexity-hotspot; line_text=func TestAdversarialG16SnapshotQueryContractChaos(t *testing.T) {
CK-110-0158,The application dynamically constructs file or path information.,codacy,4ab3b89e78b5ddafd051c654f7ec33e1,tests/adversarial/g7_deep_corruption_adversarial_test.go,360,Semgrep_go_filesystem_rule-fileread,Security,FileAccess,Error,Opengrep,40a1210ffc8c23dc4a717ce32627c89658e0f608,v1.10.2,open,S3,filesystem,Test-only security scanner findings must be reviewed and suppressed only with rationale,,,none,none,none,none,none,false,false,false,true,false,test,,,investigate,,,,,"bucket=test-security-noise; line_text=f, err := os.OpenFile(secondContainerPath, os.O_RDWR, 0)"
CK-110-0159,The application was found setting directory permissions to overly permissive values.,codacy,ff8567d28f1825e349833714f8d5a4ce,tests/adversarial/g3_no_data_loss_valid_sequences_adversarial_test.go,123,Semgrep_go_file-permissions_rule-mkdir,Security,FileAccess,High,Opengrep,40a1210ffc8c23dc4a717ce32627c89658e0f608,v1.10.2,open,S3,filesystem,Test-only security scanner findings must be reviewed and suppressed only with rationale,,,none,none,none,none,none,false,false,false,true,false,test,,,investigate,,,,,"bucket=test-security-noise; line_text=if err := os.MkdirAll(restoreDir, 0o755); err != nil {"
CK-110-0160,All queries must target RAC_* tables.Query does not reference RAC_* table.,codacy,6db02b9051de3ff5a784e2f494f1f565,db/schema_postgres.sql,158,Semgrep_codacy.generic.sql.rac-table-access,Security,SQLInjection,High,Opengrep,,backlog,open,S1,migration,Dynamic SQL scanner findings must be reviewed for parameterization or safe identifier constraints,,,none,none,medium,none,none,true,false,true,false,false,production,,,investigate,,,,,bucket=production-security-candidate; line_text=BEFORE UPDATE ON container
CK-110-0161,Detected file permissions that are set to more than `0600` (user/owner can read and write). Setting file permi,codacy,d1f44304d9c73febb4b6b3226d5cee96,internal/storage/phase1_compat_matrix_test.go,56,Semgrep_go.lang.correctness.permissions.file_permission.incorrect-default-permission,Security,FileAccess,High,Opengrep,685c72e624fd873ed17ce60c7884b8e1cb949855,backlog,open,S3,storage,Test-only security scanner findings must be reviewed and suppressed only with rationale,,,none,none,none,none,none,false,false,false,true,false,test,,,investigate,,,,,"bucket=test-security-noise; line_text=if err := os.MkdirAll(containersDir, 0o755); err != nil {"
CK-110-0162,Method computePackedSimulationMetrics has 58 lines of code (limit is 50),codacy,dab9195c8ed4608d66d2f59d4ccdf9c,internal/gc/plan.go,347,Lizard_nloc-medium,Complexity,,Warning,Lizard,40a1210ffc8c23dc4a717ce32627c89658e0f608,v1.10.4,open,S2,gc,Production complexity hotspots in critical paths must be tracked without behavior-changing refactors,,,none,medium,none,medium,none,true,false,true,false,false,production,,,investigate,,,,,"bucket=production-complexity-hotspot; line_text=func computePackedSimulationMetrics(ctx context.Context, dbconn *sql.DB, livePackedBlockIDs map[int64]struct{}) (int64, int64, int64, int64, int64, error) {"
CK-110-0163,Method TestSimulateGCAssumptionsIncludeDeletedSnapshots has a cyclomatic complexity of 10 (limit is 8),codacy,cb2776b60f2a853f12febe0961996af,internal/observability/service_test.go,525,Lizard_ccn-medium,Complexity,,Warning,Lizard,40a1210ffc8c23dc4a717ce32627c89658e0f608,v1.10.6,open,S3,codacy,Test complexity findings must be reviewed without weakening invariant coverage,,,none,none,none,none,none,false,false,false,true,false,test,,,investigate,,,,,bucket=test-complexity-hotspot; line_text=func TestSimulateGCAssumptionsIncludeDeletedSnapshots(t *testing.T) {
CK-110-0164,Method TestPhase7MixedGCAfterUpgradeIntegration has 258 lines of code (limit is 50),codacy,24ceaee6f118a68663260bf04d74ea8f,tests/integration/v18_migration_compatibility_integration_test.go,760,Lizard_nloc-medium,Complexity,,Warning,Lizard,40a1210ffc8c23dc4a717ce32627c89658e0f608,v1.10.6,open,S3,codacy,Test complexity findings must be reviewed without weakening invariant coverage,,,none,none,none,none,none,false,false,false,true,false,test,,,investigate,,,,,bucket=test-complexity-hotspot; line_text=func TestPhase7MixedGCAfterUpgradeIntegration(t *testing.T) {
CK-110-0165,Detected file permissions that are set to more than `0600` (user/owner can read and write). Setting file permi,codacy,f2c6fd63d1f64c7c69004055c1cba068,tests/adversarial/g1_step11_restore_determinism_test.go,95,Semgrep_go.lang.correctness.permissions.file_permission.incorrect-default-permission,Security,FileAccess,High,Opengrep,267df133bd52cd8ce905ef6c64b8c6c9306985b1,v1.10.5,open,S3,restore,Test-only security scanner findings must be reviewed and suppressed only with rationale,,,none,none,none,none,none,false,false,false,true,false,test,,,investigate,,,,,"bucket=test-security-noise; line_text=if err := os.MkdirAll(restoreRoot, 0o755); err != nil {"
CK-110-0166,The application dynamically constructs file or path information.,codacy,230ce90d8fadc9b46d853b6e18cc4fae,internal/storage/restore_test.go,2015,Semgrep_go_filesystem_rule-fileread,Security,FileAccess,Error,Opengrep,f35e27ecc88244cb832701df1f51a4d148a2d853,v1.10.5,open,S3,restore,Test-only security scanner findings must be reviewed and suppressed only with rationale,,,none,none,none,none,none,false,false,false,true,false,test,,,investigate,,,,,"bucket=test-security-noise; line_text=data, readErr := os.ReadFile(destPath)"
CK-110-0167,SQL Injection is a critical vulnerability that can lead to data or system compromise.,codacy,5c64caca911d696fd96daf90511b65be,internal/db/migrations_test.go,1675,Semgrep_go_sql_rule-concat-sqli,Security,SQLInjection,Error,Opengrep,7f694cbfbd19c4d06fe733d66e595b149e59901a,backlog,open,S3,migration,Test-only security scanner findings must be reviewed and suppressed only with rationale,,,none,none,none,none,none,false,false,false,true,false,test,,,investigate,,,,,"bucket=test-security-noise; line_text=if _, err := dbconn.Exec(`INSERT INTO logical_file(id) VALUES (1), (2), (3)`); err != nil {"
CK-110-0168,The application was found setting file permissions to overly permissive values.,codacy,fd32aa3a916329e2ee6a3fc6e4a9f60c,tests/adversarial/g6_concurrent_operations_adversarial_test.go,371,Semgrep_go_file-permissions_rule-fileperm,Security,FileAccess,High,Opengrep,40a1210ffc8c23dc4a717ce32627c89658e0f608,v1.10.2,open,S3,filesystem,Test-only security scanner findings must be reviewed and suppressed only with rationale,,,none,none,none,none,none,false,false,false,true,false,test,,,investigate,,,,,"bucket=test-security-noise; line_text=if err := os.WriteFile(secondPath, secondData, 0o644); err != nil {"
CK-110-0169,The application was found setting directory permissions to overly permissive values.,codacy,fd4f70344822c66ddc2e93b4c2130d76,tests/adversarial/g67_deterministic_restore_matrix_test.go,68,Semgrep_go_file-permissions_rule-mkdir,Security,FileAccess,High,Opengrep,40a1210ffc8c23dc4a717ce32627c89658e0f608,v1.10.5,open,S3,restore,Test-only security scanner findings must be reviewed and suppressed only with rationale,,,none,none,none,none,none,false,false,false,true,false,test,,,investigate,,,,,"bucket=test-security-noise; line_text=if err := os.MkdirAll(container.ContainersDir, 0o755); err != nil {"
CK-110-0170,Method LoadDeleteLineagePreview has a cyclomatic complexity of 14 (limit is 8),codacy,dc244dc4ffe786aae0016156bfa9bb84,internal/snapshot/delete_lineage_preview.go,23,Lizard_ccn-medium,Complexity,,Warning,Lizard,40a1210ffc8c23dc4a717ce32627c89658e0f608,backlog,open,S2,snapshot,Production complexity hotspots in critical paths must be tracked without behavior-changing refactors,,,none,none,none,none,none,true,false,true,false,false,production,,,investigate,,,,,"bucket=production-complexity-hotspot; line_text=func LoadDeleteLineagePreview(ctx context.Context, dbconn *sql.DB, snapshotID string) (*DeleteLineagePreview, error) {"
CK-110-0171,OS command injection is a critical vulnerability that can lead to a full system compromise as it may allow an ,codacy,1481111efda436761654e2e4902239aa,tests/utils/common.go,121,Semgrep_go_subproc_rule-subproc,Security,CommandInjection,Error,Opengrep,40a1210ffc8c23dc4a717ce32627c89658e0f608,v1.10.6,open,S1,codacy,Command execution findings must be reviewed for trusted executable and argument boundaries,,,none,none,medium,none,none,false,false,false,true,false,test,,,investigate,,,,,"bucket=production-security-candidate; line_text=cmd := exec.Command(binPath, args...)"
CK-110-0172,Method main has 93 lines of code (limit is 50),codacy,e9839ff04034af37585a493e688bd77a,scripts/compare_phase8_gc_results.py,54,Lizard_nloc-medium,Complexity,,Warning,Lizard,f9591bfc6d4eb10b3aeb636a69d0c58819024f9b,v1.10.6,open,S2,tooling,Release and benchmark scripts must not mask failures or mishandle unsafe inputs,,,low,none,none,low,none,false,true,false,false,false,script,,,investigate,,,,,bucket=script-tooling-risk; line_text=def main() -> int:
CK-110-0173,Method verifyChunkPhysicalLocationRules has a cyclomatic complexity of 14 (limit is 8),codacy,f88e8fa829484f95fc585936c3989731,internal/verify/verify_repository.go,291,Lizard_ccn-medium,Complexity,,Warning,Lizard,40a1210ffc8c23dc4a717ce32627c89658e0f608,backlog,open,S2,verify,Production complexity hotspots in critical paths must be tracked without behavior-changing refactors,,,none,medium,none,medium,none,true,false,true,false,false,production,,,investigate,,,,,"bucket=production-complexity-hotspot; line_text=func verifyChunkPhysicalLocationRules(ctx context.Context, dbconn *sql.DB) error {"
CK-110-0174,Method  has a cyclomatic complexity of 9 (limit is 8),codacy,470e2441a9c8041185813dfab452a47b,internal/storage/store_compression_feature_gate_test.go,832,Lizard_ccn-medium,Complexity,,Warning,Lizard,40a1210ffc8c23dc4a717ce32627c89658e0f608,backlog,open,S3,storage,Test complexity findings must be reviewed without weakening invariant coverage,,,none,none,none,none,none,false,false,false,true,false,test,,,investigate,,,,,"bucket=test-complexity-hotspot; line_text=t.Run(ds.name, func(t *testing.T) {"
CK-110-0175,Method TestInspectContainerBasic has a cyclomatic complexity of 10 (limit is 8),codacy,efca7950455e78b169f7ec302f4f5d8e,internal/observability/inspect_test.go,257,Lizard_ccn-medium,Complexity,,Warning,Lizard,40a1210ffc8c23dc4a717ce32627c89658e0f608,v1.10.6,open,S3,codacy,Test complexity findings must be reviewed without weakening invariant coverage,,,none,none,none,none,none,false,false,false,true,false,test,,,investigate,,,,,bucket=test-complexity-hotspot; line_text=func TestInspectContainerBasic(t *testing.T) {
CK-110-0176,Method TestListFilesReturnsCurrentStatePhysicalPaths has a cyclomatic complexity of 14 (limit is 8),codacy,b3568ae46ddbc04f2420f3b015498ced,internal/listing/list_test.go,52,Lizard_ccn-medium,Complexity,,Warning,Lizard,40a1210ffc8c23dc4a717ce32627c89658e0f608,v1.10.6,open,S3,codacy,Test complexity findings must be reviewed without weakening invariant coverage,,,none,none,none,none,none,false,false,false,true,false,test,,,investigate,,,,,bucket=test-complexity-hotspot; line_text=func TestListFilesReturnsCurrentStatePhysicalPaths(t *testing.T) {
CK-110-0177,Method RunFixtureFolderRestoreAll has 96 lines of code (limit is 50),codacy,87c09ed5fbe43a65dab6aa7495b8c91d,tests/utils/common.go,1091,Lizard_nloc-medium,Complexity,,Warning,Lizard,40a1210ffc8c23dc4a717ce32627c89658e0f608,v1.10.6,open,S3,codacy,Test complexity findings must be reviewed without weakening invariant coverage,,,none,none,none,none,none,false,false,false,true,false,test,,,investigate,,,,,"bucket=test-complexity-hotspot; line_text=func RunFixtureFolderRestoreAll(t *testing.T, fixtureDir string) {"
CK-110-0178,"Detected string concatenation with a non-literal variable in a ""database/sql"" Go SQL statement.",codacy,4e9c57f34862ac7b0f34fcf75629be85,internal/maintenance/stats_test.go,32,Semgrep_go.lang.security.audit.sqli.gosql-sqli.gosql-sqli,Security,SQLInjection,Error,Opengrep,57601e3235e6f1b90df59441c975e4c7f69ef8ac,v1.10.4,open,S3,gc,Test-only security scanner findings must be reviewed and suppressed only with rationale,,,none,none,none,none,none,false,false,false,true,false,test,,,investigate,,,,,"bucket=test-security-noise; line_text=res, err := dbconn.Exec("
CK-110-0179,Method TestStep11PackedBlockPartiallyLiveRetainedRestoreAndVerify has a cyclomatic complexity of 16 (limit is ,codacy,39d27e689d43fed0a16f213966e5a7bb,internal/maintenance/gc_step11_test.go,221,Lizard_ccn-medium,Complexity,,Warning,Lizard,2abed90b7cfb17095e1a457c41e1682e0997e45c,v1.10.4,open,S3,gc,Test complexity findings must be reviewed without weakening invariant coverage,,,none,none,none,none,none,false,false,false,true,false,test,,,investigate,,,,,bucket=test-complexity-hotspot; line_text=func TestStep11PackedBlockPartiallyLiveRetainedRestoreAndVerify(t *testing.T) {
CK-110-0180,Method TestInspectTraceEmitsDeepTraversalEvents has a cyclomatic complexity of 12 (limit is 8),codacy,2837b0432871abfb8bdbc107e9e49ef6,internal/observability/inspect_test.go,1187,Lizard_ccn-medium,Complexity,,Warning,Lizard,40a1210ffc8c23dc4a717ce32627c89658e0f608,v1.10.6,open,S3,codacy,Test complexity findings must be reviewed without weakening invariant coverage,,,none,none,none,none,none,false,false,false,true,false,test,,,investigate,,,,,bucket=test-complexity-hotspot; line_text=func TestInspectTraceEmitsDeepTraversalEvents(t *testing.T) {
CK-110-0181,Insecure dependency golang/stdlib@v1.23.0 (CVE-2025-61726: golang: net/url: Memory exhaustion in query paramet,codacy,4d8ea2b087234315c67ff489f60ec2a8,go.mod,3,Trivy_vulnerability_high,Security,InsecureModulesLibraries,High,Trivy,40a1210ffc8c23dc4a717ce32627c89658e0f608,v1.10.2,open,S1,dependencies,Supported Go toolchain must not carry known unplanned CVEs,,,none,none,medium,none,none,true,true,true,false,false,production,,,fix,,,,,bucket=dependency-cve; line_text=go 1.23
CK-110-0182,Detected file permissions that are set to more than `0600` (user/owner can read and write). Setting file permi,codacy,5e61da1958200c561d5518a657807e2a,internal/container/local_writer.go,357,Semgrep_go.lang.correctness.permissions.file_permission.incorrect-default-permission,Security,FileAccess,High,Opengrep,4c974bfac55c61b1b715b3043fed3648eeba5adf,backlog,open,S1,storage,Filesystem permission scanner findings must be reviewed by runtime area and threat model,,,none,medium,medium,medium,none,true,false,true,false,false,production,,,investigate,,,,,"bucket=production-security-candidate; line_text=if err := os.MkdirAll(w.dir, 0755); err != nil {"
CK-110-0183,SQL Injection is a critical vulnerability that can lead to data or system compromise.,codacy,41b33b6758647df9c90da4fdef9d6cf5,tests/adversarial/g7_deep_corruption_adversarial_test.go,156,Semgrep_go_sql_rule-concat-sqli,Security,SQLInjection,Error,Opengrep,40a1210ffc8c23dc4a717ce32627c89658e0f608,v1.10.2,open,S3,security,Test-only security scanner findings must be reviewed and suppressed only with rationale,,,none,none,none,none,none,false,false,false,true,false,test,,,investigate,,,,,"bucket=test-security-noise; line_text=if _, err := dbconn.Exec(`UPDATE chunk SET chunk_hash = $1 WHERE id = $2`, fmt.Sprintf(""%064x"", 777), record.ChunkID); err != nil {"
CK-110-0184,SQL Injection is a critical vulnerability that can lead to data or system compromise.,codacy,dd76cfb0665747c48601f478acdfe5b5,internal/storage/repository_config.go,215,Semgrep_go_sql_rule-concat-sqli,Security,SQLInjection,Error,Opengrep,26894b6cff26c0f16a1fe972fa57067a9cb62a12,backlog,open,S1,storage,Dynamic SQL scanner findings must be reviewed for parameterization or safe identifier constraints,,,none,medium,medium,medium,none,true,false,true,false,false,production,,,investigate,,,,,"bucket=production-security-candidate; line_text=if _, err := tx.Exec("
CK-110-0185,String-formatted SQL query detected.,codacy,d2556b41ba3f7bdb3785a211090d2541,internal/observability/stats.go,398,Semgrep_go.lang.security.audit.database.string-formatted-query.string-formatted-query,Security,SQLInjection,Error,Opengrep,bc3e57ca58518f4aa470351716ec12be5c1ecae9,v1.10.2,open,S1,security,Dynamic SQL scanner findings must be reviewed for parameterization or safe identifier constraints,,,none,none,medium,none,none,true,false,true,false,false,production,,,investigate,,,,,bucket=production-security-candidate; line_text=query := `
CK-110-0186,"Instruction starts with ambiguous pronoun: ""it does not attempt to defend against an attacker who can ch""",codacy,955a8a9d2228a612db1bff8da198f1fa,SECURITY.md,29,Agentlinter_clarity_ambiguous-pronoun,Comprehensibility,,Info,Agentlinter,40a1210ffc8c23dc4a717ce32627c89658e0f608,v1.10.6,open,S4,codacy,Documentation style findings must be classified without blocking correctness releases,,,none,none,none,none,none,false,false,false,false,true,docs,,,investigate,,,,,bucket=docs-style; line_text=- it does not attempt to defend against an attacker who can change both the database and on-disk containers
CK-110-0187,An action sourced from a third-party repository on GitHub is not pinned to a full length commit SHA. Pinning a,codacy,b8e2310b1449cf08ef5d92cacf659e1,.github/workflows/ci.yml,72,Semgrep_yaml.github-actions.security.third-party-action-not-pinned-to-commit-sha.third-party-action-not-pinned-to-commit-sha,Security,InsecureModulesLibraries,High,Opengrep,40a1210ffc8c23dc4a717ce32627c89658e0f608,v1.10.6,open,S1,ci,Codacy finding must be classified before enforcement,,,none,none,medium,none,none,false,false,false,false,false,ci,,,investigate,,,,,bucket=production-security-candidate; line_text=uses: golangci/golangci-lint-action@v9
CK-110-0188,Lists should be surrounded by blank lines,codacy,eb2f194d4fb777757789761b4a2e259f,docs/benchmarking.md,1314,markdownlint_MD032,CodeStyle,,Info,markdownlint,40a1210ffc8c23dc4a717ce32627c89658e0f608,backlog,open,S4,docs,Documentation style findings must be classified without blocking correctness releases,,,none,none,none,none,none,false,false,false,false,true,docs,,,investigate,,,,,bucket=docs-style; line_text=- `logical_bytes = SUM(plaintext_size)` across all blocks (`plaintext_size` is encoded logical block size)
CK-110-0189,Method seedBenchmarkPhysicalFiles has 52 lines of code (limit is 50),codacy,c8ded7a0d875b6eddc1c1c10c3be7e7c,internal/snapshot/snapshot_bench_test.go,30,Lizard_nloc-medium,Complexity,,Warning,Lizard,40a1210ffc8c23dc4a717ce32627c89658e0f608,backlog,open,S3,snapshot,Test complexity findings must be reviewed without weakening invariant coverage,,,none,none,none,none,none,false,false,false,true,false,test,,,investigate,,,,,"bucket=test-complexity-hotspot; line_text=func seedBenchmarkPhysicalFiles(b *testing.B, dbconn *sql.DB, fileCount int) {"
CK-110-0190,Method TestStep613StatsRatiosMathematicallyCorrect has a cyclomatic complexity of 10 (limit is 8),codacy,6864e5bac15a5a4958739cabe291cad9,tests/integration/v19_stats_semantics_integration_test.go,120,Lizard_ccn-medium,Complexity,,Warning,Lizard,40a1210ffc8c23dc4a717ce32627c89658e0f608,v1.10.6,open,S3,codacy,Test complexity findings must be reviewed without weakening invariant coverage,,,none,none,none,none,none,false,false,false,true,false,test,,,investigate,,,,,bucket=test-complexity-hotspot; line_text=func TestStep613StatsRatiosMathematicallyCorrect(t *testing.T) {
CK-110-0191,Method cleanupLogicalFileChunkMappingsWithContext has a cyclomatic complexity of 13 (limit is 8),codacy,5028e9cb18444cdd11daff389f4fe239,internal/storage/store.go,1058,Lizard_ccn-medium,Complexity,,Warning,Lizard,aa0fd6042e2732a0c67b934c7f1ba4e4c071e2b9,backlog,open,S2,storage,Production complexity hotspots in critical paths must be tracked without behavior-changing refactors,,,none,medium,none,medium,none,true,false,true,false,false,production,,,investigate,,,,,"bucket=production-complexity-hotspot; line_text=func cleanupLogicalFileChunkMappingsWithContext(ctx context.Context, tx *sql.Tx, fileID int64, markChunksSuspicious bool) error {"
CK-110-0192,File internal/recovery/system_recovery.go has 556 non-comment lines of code,codacy,6ec4dbfef09c38ad91ea1cc3fb8082ca,internal/recovery/system_recovery.go,1,Lizard_file-nloc-medium,Complexity,,Warning,Lizard,40a1210ffc8c23dc4a717ce32627c89658e0f608,v1.10.5,open,S2,recovery,Production complexity hotspots in critical paths must be tracked without behavior-changing refactors,,,none,medium,none,medium,medium,true,false,true,false,false,production,,,investigate,,,,,bucket=production-complexity-hotspot; line_text=package recovery
CK-110-0193,Method restoreFileWithDBAndDir has 295 lines of code (limit is 50),codacy,efa61dc9deaca4b333867e0e16a45853,internal/storage/restore.go,890,Lizard_nloc-medium,Complexity,,Warning,Lizard,40a1210ffc8c23dc4a717ce32627c89658e0f608,v1.10.5,open,S2,restore,Production complexity hotspots in critical paths must be tracked without behavior-changing refactors,,,none,medium,none,medium,none,true,false,true,false,false,production,,,investigate,,,,,"bucket=production-complexity-hotspot; line_text=func restoreFileWithDBAndDir(dbconn *sql.DB, fileID int64, outputPath string, containersDir string, opts RestoreOptions) (result RestoreFileResult, err error) {"
CK-110-0194,70 instruction items with no priority signals. The agent can't distinguish critical from optional.,codacy,e3cfc49d0c572bf2debfb466ad9895ff,SECURITY.md,1,Agentlinter_clarity_priority-signal-missing,Documentation,,Info,Agentlinter,40a1210ffc8c23dc4a717ce32627c89658e0f608,v1.10.6,open,S4,codacy,Documentation style findings must be classified without blocking correctness releases,,,none,none,none,none,none,false,false,false,false,true,docs,,,investigate,,,,,bucket=docs-style; line_text=# Security Policy
CK-110-0195,The application dynamically constructs file or path information.,codacy,ea24193febec61d9479744949167f98f,internal/storage/store_compression_feature_gate_test.go,631,Semgrep_go_filesystem_rule-fileread,Security,FileAccess,Error,Opengrep,d6c8f9d1150e6dc665311acfb3d505575e62134c,backlog,open,S3,storage,Test-only security scanner findings must be reviewed and suppressed only with rationale,,,none,none,none,none,none,false,false,false,true,false,test,,,investigate,,,,,"bucket=test-security-noise; line_text=got, err := os.ReadFile(outPath)"
CK-110-0196,Method TestAdversarialG4PinnedChunkWithZeroLiveRefsSurvivesGC has 69 lines of code (limit is 50),codacy,d8a48be140a484d25f6efdadcbc2aad2,tests/adversarial/g4_non_destructive_gc_adversarial_test.go,111,Lizard_nloc-medium,Complexity,,Warning,Lizard,40a1210ffc8c23dc4a717ce32627c89658e0f608,v1.10.4,open,S3,gc,Test complexity findings must be reviewed without weakening invariant coverage,,,none,none,none,none,none,false,false,false,true,false,test,,,investigate,,,,,bucket=test-complexity-hotspot; line_text=func TestAdversarialG4PinnedChunkWithZeroLiveRefsSurvivesGC(t *testing.T) {
CK-110-0197,Method TestPhase7UpgradeAndAddNewDataIntegration has 153 lines of code (limit is 50),codacy,1cb43f9ee780b620434ec8d23693c537,tests/integration/v18_migration_compatibility_integration_test.go,398,Lizard_nloc-medium,Complexity,,Warning,Lizard,40a1210ffc8c23dc4a717ce32627c89658e0f608,v1.10.6,open,S3,codacy,Test complexity findings must be reviewed without weakening invariant coverage,,,none,none,none,none,none,false,false,false,true,false,test,,,investigate,,,,,bucket=test-complexity-hotspot; line_text=func TestPhase7UpgradeAndAddNewDataIntegration(t *testing.T) {
CK-110-0198,The application dynamically constructs file or path information.,codacy,35ba560273555581f6240a1866e5500d,internal/maintenance/gc_step11_test.go,306,Semgrep_go_filesystem_rule-fileread,Security,FileAccess,Error,Opengrep,2abed90b7cfb17095e1a457c41e1682e0997e45c,v1.10.4,open,S3,gc,Test-only security scanner findings must be reviewed and suppressed only with rationale,,,none,none,none,none,none,false,false,false,true,false,test,,,investigate,,,,,"bucket=test-security-noise; line_text=restored, err := os.ReadFile(outPath)"
CK-110-0199,Method TestStandardCorpora has 62 lines of code (limit is 50),codacy,4147b217b08ded93f11db792fbd20cf8,internal/benchmark/corpus_test.go,12,Lizard_nloc-medium,Complexity,,Warning,Lizard,40a1210ffc8c23dc4a717ce32627c89658e0f608,v1.10.6,open,S3,benchmark,Test complexity findings must be reviewed without weakening invariant coverage,,,none,none,none,none,none,false,false,false,true,false,test,,,investigate,,,,,bucket=test-complexity-hotspot; line_text=func TestStandardCorpora(t *testing.T) {
CK-110-0200,Method lockAndRefreshActiveContainer has a cyclomatic complexity of 14 (limit is 8),codacy,63a5f4018af6b505915b2e146a090364,internal/container/local_writer.go,386,Lizard_ccn-medium,Complexity,,Warning,Lizard,40a1210ffc8c23dc4a717ce32627c89658e0f608,backlog,open,S2,storage,Production complexity hotspots in critical paths must be tracked without behavior-changing refactors,,,none,medium,none,medium,none,true,false,true,false,false,production,,,investigate,,,,,bucket=production-complexity-hotspot; line_text=func (w *LocalWriter) lockAndRefreshActiveContainer(tx db.DBTX) error {
CK-110-0201,SQL Injection is a critical vulnerability that can lead to data or system compromise.,codacy,52f2767e6b43f4694c8e4c767f18c62f,internal/maintenance/stats_bench_test.go,54,Semgrep_go_sql_rule-concat-sqli,Security,SQLInjection,Error,Opengrep,b260ec480396de71c0c68f71a752b831750fe97d,v1.10.4,open,S3,gc,Test-only security scanner findings must be reviewed and suppressed only with rationale,,,none,none,none,none,none,false,false,false,true,false,test,,,investigate,,,,,"bucket=test-security-noise; line_text=if _, err := chunkStmt.Exec(hash, size, version); err != nil {"
CK-110-0202,Expected: 1; Actual: 0; Below,codacy,1637deea47e786df2495102bf55f66de,docs/BENCHMARK_CORPORA.md,64,markdownlint_MD022,CodeStyle,,Info,markdownlint,40a1210ffc8c23dc4a717ce32627c89658e0f608,backlog,open,S4,docs,Documentation style findings must be classified without blocking correctness releases,,,none,none,none,none,none,false,false,false,false,true,docs,,,investigate,,,,,bucket=docs-style; line_text=### Corpus D: Adversarial Random
CK-110-0203,Method TestContainerHasLivePhysicalUnitsFalseWhenNoLiveLegacyOrPacked has a cyclomatic complexity of 10 (limit,codacy,bbbf767fd3cee93b3aa298069c58bcbc,internal/maintenance/gc_packed_test.go,624,Lizard_ccn-medium,Complexity,,Warning,Lizard,40a1210ffc8c23dc4a717ce32627c89658e0f608,v1.10.4,open,S3,gc,Test complexity findings must be reviewed without weakening invariant coverage,,,none,none,none,none,none,false,false,false,true,false,test,,,investigate,,,,,bucket=test-complexity-hotspot; line_text=func TestContainerHasLivePhysicalUnitsFalseWhenNoLiveLegacyOrPacked(t *testing.T) {
CK-110-0204,The application was found setting file permissions to overly permissive values.,codacy,5e04fc3fbf9bc29d92d95f285f99bbcb,internal/iodebug/counters.go,155,Semgrep_go_file-permissions_rule-fileperm,Security,FileAccess,High,Opengrep,fd982849a6af73dc04447e35a0af5f602a01e6b4,v1.10.2,open,S1,filesystem,Filesystem permission scanner findings must be reviewed by runtime area and threat model,,,none,none,medium,none,none,true,false,true,false,false,production,,,investigate,,,,,"bucket=production-security-candidate; line_text=f, err := os.OpenFile(path, os.O_CREATE|os.O_WRONLY|os.O_APPEND, 0o644)"
CK-110-0205,Method verifyChunkBlockRefs has a cyclomatic complexity of 12 (limit is 8),codacy,9303ae53da0aae811c6ddd66ea6d3efd,internal/verify/verify_repository.go,209,Lizard_ccn-medium,Complexity,,Warning,Lizard,40a1210ffc8c23dc4a717ce32627c89658e0f608,backlog,open,S2,verify,Production complexity hotspots in critical paths must be tracked without behavior-changing refactors,,,none,medium,none,medium,none,true,false,true,false,false,production,,,investigate,,,,,bucket=production-complexity-hotspot; line_text=func verifyChunkBlockRefs(dbconn *sql.DB) error {
CK-110-0206,Method TestInspectSnapshotBasic has a cyclomatic complexity of 13 (limit is 8),codacy,ae070354b8bd31bf1838d971c02ca016,internal/observability/inspect_test.go,162,Lizard_ccn-medium,Complexity,,Warning,Lizard,40a1210ffc8c23dc4a717ce32627c89658e0f608,v1.10.6,open,S3,codacy,Test complexity findings must be reviewed without weakening invariant coverage,,,none,none,none,none,none,false,false,false,true,false,test,,,investigate,,,,,bucket=test-complexity-hotspot; line_text=func TestInspectSnapshotBasic(t *testing.T) {
CK-110-0207,Method ResolveSnapshotPaths has 108 lines of code (limit is 50),codacy,4a33e577346c4a2f01d53ba31037760d,internal/snapshot/path_resolver.go,150,Lizard_nloc-medium,Complexity,,Warning,Lizard,56858fba01e912aa5c716bb1d723a384c8b030e8,backlog,open,S2,snapshot,Production complexity hotspots in critical paths must be tracked without behavior-changing refactors,,,none,none,none,none,none,true,false,true,false,false,production,,,investigate,,,,,"bucket=production-complexity-hotspot; line_text=func ResolveSnapshotPaths(ctx context.Context, exec pathResolverDB, paths []string) (map[string]int64, error) {"
CK-110-0208,Method  has a cyclomatic complexity of 12 (limit is 8),codacy,2f5d47d92c8ad4c6c28b2a883a37308a,tests/adversarial/g2_inconsistent_state_adversarial_test.go,102,Lizard_ccn-medium,Complexity,,Warning,Lizard,40a1210ffc8c23dc4a717ce32627c89658e0f608,v1.10.6,open,S3,codacy,Test complexity findings must be reviewed without weakening invariant coverage,,,none,none,none,none,none,false,false,false,true,false,test,,,investigate,,,,,"bucket=test-complexity-hotspot; line_text=t.Run(codec, func(t *testing.T) {"
CK-110-0209,Method TestBlockBuilderBuildMultiChunk has a cyclomatic complexity of 17 (limit is 8),codacy,eb2bea87023ee14c590317961354cf4,internal/blocks/block_builder_test.go,9,Lizard_ccn-medium,Complexity,,Warning,Lizard,40a1210ffc8c23dc4a717ce32627c89658e0f608,v1.10.6,open,S3,codacy,Test complexity findings must be reviewed without weakening invariant coverage,,,none,none,none,none,none,false,false,false,true,false,test,,,investigate,,,,,bucket=test-complexity-hotspot; line_text=func TestBlockBuilderBuildMultiChunk(t *testing.T) {
CK-110-0210,Method TestRestoreFailsWhenOutputParentPathIsFile has 75 lines of code (limit is 50),codacy,1750299cd3bac52cac42152b1719c2b4,internal/storage/restore_test.go,1740,Lizard_nloc-medium,Complexity,,Warning,Lizard,d104619b2cea63d2c885d95db0406bab662862ce,v1.10.5,open,S3,restore,Test complexity findings must be reviewed without weakening invariant coverage,,,none,none,none,none,none,false,false,false,true,false,test,,,investigate,,,,,bucket=test-complexity-hotspot; line_text=func TestRestoreFailsWhenOutputParentPathIsFile(t *testing.T) {
CK-110-0211,The application was found setting file permissions to overly permissive values.,codacy,aa3b4c4a573d6e7cc0678acf47962f66,tests/adversarial/g9_batch_semantics_adversarial_test.go,36,Semgrep_go_file-permissions_rule-fileperm,Security,FileAccess,High,Opengrep,40a1210ffc8c23dc4a717ce32627c89658e0f608,v1.10.2,open,S3,filesystem,Test-only security scanner findings must be reviewed and suppressed only with rationale,,,none,none,none,none,none,false,false,false,true,false,test,,,investigate,,,,,"bucket=test-security-noise; line_text=if err := os.WriteFile(path, []byte(content), 0o644); err != nil {"
CK-110-0212,SQL Injection is a critical vulnerability that can lead to data or system compromise.,codacy,7a0f71e51dc704230c5f4ae0193502b0,internal/db/migrations_test.go,1867,Semgrep_go_sql_rule-concat-sqli,Security,SQLInjection,Error,Opengrep,7f694cbfbd19c4d06fe733d66e595b149e59901a,backlog,open,S3,migration,Test-only security scanner findings must be reviewed and suppressed only with rationale,,,none,none,none,none,none,false,false,false,true,false,test,,,investigate,,,,,"bucket=test-security-noise; line_text=if _, err := dbconn.Exec(`INSERT INTO snapshot(id, created_at, type, label, parent_id) VALUES ('p-child', NOW(), 'partial', 'PC', 'p-parent')`); err != nil {"
CK-110-0213,Method TestRemoveFileByIDCascadesPhysicalFileMappings has a cyclomatic complexity of 13 (limit is 8),codacy,134d6e50c39543b04fcff480f44cd4c8,internal/storage/remove_test.go,561,Lizard_ccn-medium,Complexity,,Warning,Lizard,40a1210ffc8c23dc4a717ce32627c89658e0f608,backlog,open,S3,storage,Test complexity findings must be reviewed without weakening invariant coverage,,,none,none,none,none,none,false,false,false,true,false,test,,,investigate,,,,,bucket=test-complexity-hotspot; line_text=func TestRemoveFileByIDCascadesPhysicalFileMappings(t *testing.T) {
CK-110-0214,Method TestCrossConsistency_SimulateGCContainersMatchGCPlan has a cyclomatic complexity of 10 (limit is 8),codacy,f955acd7e1bb9c03c7d7db5828086849,internal/observability/cross_consistency_test.go,242,Lizard_ccn-medium,Complexity,,Warning,Lizard,40a1210ffc8c23dc4a717ce32627c89658e0f608,v1.10.6,open,S3,codacy,Test complexity findings must be reviewed without weakening invariant coverage,,,none,none,none,none,none,false,false,false,true,false,test,,,investigate,,,,,bucket=test-complexity-hotspot; line_text=func TestCrossConsistency_SimulateGCContainersMatchGCPlan(t *testing.T) {
CK-110-0215,Detected file permissions that are set to more than `0600` (user/owner can read and write). Setting file permi,codacy,898ab28c30717b391103cfce9725a5f4,internal/snapshot/snapshot.go,1256,Semgrep_go.lang.correctness.permissions.file_permission.incorrect-default-permission,Security,FileAccess,High,Opengrep,659fdc8a2e5bc0586d8c0cfdab6417f260b178e0,backlog,open,S1,snapshot,Filesystem permission scanner findings must be reviewed by runtime area and threat model,,,none,none,medium,none,none,true,false,true,false,false,production,,,investigate,,,,,"bucket=production-security-candidate; line_text=if err := os.MkdirAll(dir, 0o755); err != nil {"
CK-110-0216,Method CheckChunkerVersionMetadataIntegrity has 85 lines of code (limit is 50),codacy,8ea7df790b22bd32b2b04afcc53af4f5,internal/verify/verify_metadata.go,32,Lizard_nloc-medium,Complexity,,Warning,Lizard,40a1210ffc8c23dc4a717ce32627c89658e0f608,backlog,open,S2,verify,Production complexity hotspots in critical paths must be tracked without behavior-changing refactors,,,none,medium,none,medium,none,true,false,true,false,false,production,,,investigate,,,,,"bucket=production-complexity-hotspot; line_text=func CheckChunkerVersionMetadataIntegrity(dbconn *sql.DB) (ChunkerVersionMetadataSummary, error) {"
CK-110-0217,Method BuildPlan has a cyclomatic complexity of 18 (limit is 8),codacy,ce623e96655b35d3f098ab00550a47b0,internal/gc/plan.go,122,Lizard_ccn-medium,Complexity,,Warning,Lizard,40a1210ffc8c23dc4a717ce32627c89658e0f608,v1.10.4,open,S2,gc,Production complexity hotspots in critical paths must be tracked without behavior-changing refactors,,,none,medium,none,medium,none,true,false,true,false,false,production,,,investigate,,,,,"bucket=production-complexity-hotspot; line_text=func BuildPlan(ctx context.Context, dbconn *sql.DB, opts PlanOptions) (*Plan, error) {"
CK-110-0218,Method GCRoots has a cyclomatic complexity of 10 (limit is 8),codacy,903159a2b0b7bab3ff4b1b180c425ef1,internal/graph/reachability.go,90,Lizard_ccn-medium,Complexity,,Warning,Lizard,40a1210ffc8c23dc4a717ce32627c89658e0f608,v1.10.6,open,S2,codacy,Production complexity hotspots in critical paths must be tracked without behavior-changing refactors,,,none,none,none,none,none,true,false,true,false,false,production,,,investigate,,,,,"bucket=production-complexity-hotspot; line_text=func (s *Service) GCRoots(ctx context.Context, opts GCRootOptions) ([]NodeID, error) {"
CK-110-0219,The application was found setting directory permissions to overly permissive values.,codacy,2e671ac25cb989166caa0ec4c0b31ce,tests/integration/v18_migration_compatibility_integration_test.go,360,Semgrep_go_file-permissions_rule-mkdir,Security,FileAccess,High,Opengrep,,v1.10.2,open,S3,filesystem,Test-only security scanner findings must be reviewed and suppressed only with rationale,,,none,none,none,none,none,false,false,false,true,false,test,,,investigate,,,,,"bucket=test-security-noise; line_text=if err := os.MkdirAll(restoreDir, 0o755); err != nil {"
CK-110-0220,Method get_threshold has a cyclomatic complexity of 14 (limit is 8),codacy,c7cd3149e869d1296b16c51ca76c06ab,scripts/validate_regression_thresholds.py,67,Lizard_ccn-medium,Complexity,,Warning,Lizard,c8a0ecd16ba5c9f84d1cccb32fc75f2c281139e1,v1.10.6,open,S2,tooling,Release and benchmark scripts must not mask failures or mishandle unsafe inputs,,,low,none,none,low,none,false,true,false,false,false,script,,,investigate,,,,,bucket=script-tooling-risk; line_text=def get_threshold(
CK-110-0221,Expected: 1; Actual: 0; Below,codacy,b76e8cc68c3d68a964fc2db3481bc071,docs/BENCHMARK_CORPORA.md,267,markdownlint_MD022,CodeStyle,,Info,markdownlint,40a1210ffc8c23dc4a717ce32627c89658e0f608,backlog,open,S4,docs,Documentation style findings must be classified without blocking correctness releases,,,none,none,none,none,none,false,false,false,false,true,docs,,,investigate,,,,,bucket=docs-style; line_text=### Integration
CK-110-0222,Method TestPhase7LegacyOnlyRestoreAndVerifyIntegration has 108 lines of code (limit is 50),codacy,397b2c5f10c77fe6d6a0c6b3056b9e72,tests/integration/v18_migration_compatibility_integration_test.go,270,Lizard_nloc-medium,Complexity,,Warning,Lizard,40a1210ffc8c23dc4a717ce32627c89658e0f608,v1.10.6,open,S3,codacy,Test complexity findings must be reviewed without weakening invariant coverage,,,none,none,none,none,none,false,false,false,true,false,test,,,investigate,,,,,bucket=test-complexity-hotspot; line_text=func TestPhase7LegacyOnlyRestoreAndVerifyIntegration(t *testing.T) {
CK-110-0223,Method TestStoreFileMaintainsPhysicalFileAndLogicalRefCountInvariants has a cyclomatic complexity of 20 (limit,codacy,9ef8f22f6a1918e83a41294658ca3e8b,internal/storage/physical_file_repository_test.go,176,Lizard_ccn-medium,Complexity,,Warning,Lizard,40a1210ffc8c23dc4a717ce32627c89658e0f608,backlog,open,S3,storage,Test complexity findings must be reviewed without weakening invariant coverage,,,none,none,none,none,none,false,false,false,true,false,test,,,investigate,,,,,bucket=test-complexity-hotspot; line_text=func TestStoreFileMaintainsPhysicalFileAndLogicalRefCountInvariants(t *testing.T) {
CK-110-0224,The application dynamically constructs file or path information.,codacy,ae4e01b2433d8f8ece9e32e57c95c3b3,internal/benchmark/corpus_test.go,333,Semgrep_go_filesystem_rule-fileread,Security,FileAccess,Error,Opengrep,fc8112a95961f6f3eba8ce8d6e1dc63ca8780ed0,v1.10.6,open,S3,benchmark,Test-only security scanner findings must be reviewed and suppressed only with rationale,,,none,none,none,none,none,false,false,false,true,false,test,,,investigate,,,,,"bucket=test-security-noise; line_text=manifest, err := os.ReadFile(manifestPath)"
CK-110-0225,Method TestStep611CompressionLongRunMemoryGrowthBounded has a cyclomatic complexity of 11 (limit is 8),codacy,ba0c106a65f7574de56de8c4ca5f494c,tests/adversarial/g611_adversarial_compression_longrun_test.go,160,Lizard_ccn-medium,Complexity,,Warning,Lizard,40a1210ffc8c23dc4a717ce32627c89658e0f608,v1.10.6,open,S3,codacy,Test complexity findings must be reviewed without weakening invariant coverage,,,none,none,none,none,none,false,false,false,true,false,test,,,investigate,,,,,bucket=test-complexity-hotspot; line_text=func TestStep611CompressionLongRunMemoryGrowthBounded(t *testing.T) {
CK-110-0226,Method TestInspectChunkForwardRelationsIncludesContainer has a cyclomatic complexity of 10 (limit is 8),codacy,c21fc8d6baa4b83d65714db2a593d122,internal/observability/inspect_test.go,1051,Lizard_ccn-medium,Complexity,,Warning,Lizard,40a1210ffc8c23dc4a717ce32627c89658e0f608,v1.10.6,open,S3,codacy,Test complexity findings must be reviewed without weakening invariant coverage,,,none,none,none,none,none,false,false,false,true,false,test,,,investigate,,,,,bucket=test-complexity-hotspot; line_text=func TestInspectChunkForwardRelationsIncludesContainer(t *testing.T) {
CK-110-0227,Lists should be surrounded by blank lines,codacy,966380505b3cf6703eacebd116cd9347,docs/BENCHMARK_METRICS.md,177,markdownlint_MD032,CodeStyle,,Info,markdownlint,40a1210ffc8c23dc4a717ce32627c89658e0f608,backlog,open,S4,docs,Documentation style findings must be classified without blocking correctness releases,,,none,none,none,none,none,false,false,false,false,true,docs,,,investigate,,,,,bucket=docs-style; line_text=1. Store highly compressible files → CompressedBlocks++
CK-110-0228,Method TestInspectContainerRelationsIncludeMixedBlockMetadata has a cyclomatic complexity of 27 (limit is 8),codacy,693b34a8d05b6eb860c2b5a0209d53db,internal/observability/inspect_test.go,415,Lizard_ccn-medium,Complexity,,Warning,Lizard,40a1210ffc8c23dc4a717ce32627c89658e0f608,v1.10.6,open,S3,codacy,Test complexity findings must be reviewed without weakening invariant coverage,,,none,none,none,none,none,false,false,false,true,false,test,,,investigate,,,,,bucket=test-complexity-hotspot; line_text=func TestInspectContainerRelationsIncludeMixedBlockMetadata(t *testing.T) {
CK-110-0229,Method insertPackedStorageBlockFixtureWithCompression has a cyclomatic complexity of 9 (limit is 8),codacy,236b00bfa5005dc66a1714cb0fb2d431,internal/maintenance/gc_test.go,969,Lizard_ccn-medium,Complexity,,Warning,Lizard,3dfc42af09c7d5a9e24a00821ea8b54d15f3e90e,v1.10.4,open,S3,gc,Test complexity findings must be reviewed without weakening invariant coverage,,,none,none,none,none,none,false,false,false,true,false,test,,,investigate,,,,,"bucket=test-complexity-hotspot; line_text=func insertPackedStorageBlockFixtureWithCompression(t *testing.T, dbconn *sql.DB, containersDir, containerFilename string, chunkIDs []int64, chunkPayloads [][]byte, compressionCode"
CK-110-0230,Method TestGetReachableChunksFromSnapshots has a cyclomatic complexity of 15 (limit is 8),codacy,fe0082b1e8b57dca70256c9485244fc9,internal/graph/reachability_test.go,30,Lizard_ccn-medium,Complexity,,Warning,Lizard,a318ae68489afa9b2d59693146b61393c875e2dd,v1.10.6,open,S3,codacy,Test complexity findings must be reviewed without weakening invariant coverage,,,none,none,none,none,none,false,false,false,true,false,test,,,investigate,,,,,bucket=test-complexity-hotspot; line_text=func TestGetReachableChunksFromSnapshots(t *testing.T) {
CK-110-0231,Method TestRunGCSnapshotRetainsPackedBlockAndRestoreSucceedsWhenLiveNamespaceRemoved has a cyclomatic complexi,codacy,d20b4bd1be1de53322a9274a1729a35f,internal/maintenance/gc_test.go,796,Lizard_ccn-medium,Complexity,,Warning,Lizard,b5bfb0ce6ef8194f14ab52ab458939d8603fa706,v1.10.4,open,S3,gc,Test complexity findings must be reviewed without weakening invariant coverage,,,none,none,none,none,none,false,false,false,true,false,test,,,investigate,,,,,bucket=test-complexity-hotspot; line_text=func TestRunGCSnapshotRetainsPackedBlockAndRestoreSucceedsWhenLiveNamespaceRemoved(t *testing.T) {
CK-110-0232,The application was found setting file permissions to overly permissive values.,codacy,42ff10aa725f351466fb76a8a05744c0,internal/benchmark/determinism_test.go,48,Semgrep_go_file-permissions_rule-fileperm,Security,FileAccess,High,Opengrep,ca56c48f078792eb9b7bd2af01af21fee9325194,v1.10.6,open,S3,benchmark,Test-only security scanner findings must be reviewed and suppressed only with rationale,,,none,none,none,none,none,false,false,false,true,false,test,,,investigate,,,,,"bucket=test-security-noise; line_text=if err := os.WriteFile(filepath.Join(sub, ""leaf.txt""), []byte(""l""), 0o644); err != nil {"
CK-110-0233,Method seedStatsBenchmarkDataset has 69 lines of code (limit is 50),codacy,c6d8edf882c32b618a74ed22ea5af614,internal/maintenance/stats_bench_test.go,29,Lizard_nloc-medium,Complexity,,Warning,Lizard,40a1210ffc8c23dc4a717ce32627c89658e0f608,v1.10.4,open,S3,gc,Test complexity findings must be reviewed without weakening invariant coverage,,,none,none,none,none,none,false,false,false,true,false,test,,,investigate,,,,,"bucket=test-complexity-hotspot; line_text=func seedStatsBenchmarkDataset(b *testing.B, dbconn *sql.DB, logicalFileCount, chunkCount, refsPerFile int) {"
CK-110-0234,Method TestInspectDoesNotMutateState has a cyclomatic complexity of 17 (limit is 8),codacy,1afcbe18b7b385f31027b7fddb63a37f,internal/observability/inspect_test.go,972,Lizard_ccn-medium,Complexity,,Warning,Lizard,40a1210ffc8c23dc4a717ce32627c89658e0f608,v1.10.6,open,S3,codacy,Test complexity findings must be reviewed without weakening invariant coverage,,,none,none,none,none,none,false,false,false,true,false,test,,,investigate,,,,,bucket=test-complexity-hotspot; line_text=func TestInspectDoesNotMutateState(t *testing.T) {
CK-110-0235,The application dynamically constructs file or path information.,codacy,7715c35314fa0e17e721e087da298685,internal/storage/store_v2chunker_test.go,189,Semgrep_go_filesystem_rule-fileread,Security,FileAccess,Error,Opengrep,efc860fe5c513c0105f1106a977c0b0a4976c540,backlog,open,S3,storage,Test-only security scanner findings must be reviewed and suppressed only with rationale,,,none,none,none,none,none,false,false,false,true,false,test,,,investigate,,,,,"bucket=test-security-noise; line_text=gotBytes, err := os.ReadFile(outPath)"
CK-110-0236,SQL Injection is a critical vulnerability that can lead to data or system compromise.,codacy,bfb3ee1d4e37ff2a7887ede429ee75b9,internal/db/migrations_test.go,1679,Semgrep_go_sql_rule-concat-sqli,Security,SQLInjection,Error,Opengrep,7f694cbfbd19c4d06fe733d66e595b149e59901a,backlog,open,S3,migration,Test-only security scanner findings must be reviewed and suppressed only with rationale,,,none,none,none,none,none,false,false,false,true,false,test,,,investigate,,,,,"bucket=test-security-noise; line_text=if _, err := dbconn.Exec(`INSERT INTO snapshot(id, created_at, type, label) VALUES ('snap-a', NOW(), 'full', 'A'), ('snap-b', NOW(), 'partial', 'B')`); err != nil {"
CK-110-0237,Method  has a cyclomatic complexity of 13 (limit is 8),codacy,f2c387fcb9332b58bd3697052796292c,tests/adversarial/g9_batch_semantics_adversarial_test.go,509,Lizard_ccn-medium,Complexity,,Warning,Lizard,40a1210ffc8c23dc4a717ce32627c89658e0f608,v1.10.6,open,S3,codacy,Test complexity findings must be reviewed without weakening invariant coverage,,,none,none,none,none,none,false,false,false,true,false,test,,,investigate,,,,,"bucket=test-complexity-hotspot; line_text=t.Run(""partial failure resilience restore"", func(t *testing.T) {"
CK-110-0238,Method RenderInspect has a cyclomatic complexity of 16 (limit is 8),codacy,a72ba3799ad8d5abbc11260cabc4079b,internal/cli/render/inspect.go,14,Lizard_ccn-medium,Complexity,,Warning,Lizard,40a1210ffc8c23dc4a717ce32627c89658e0f608,v1.10.6,open,S2,codacy,Production complexity hotspots in critical paths must be tracked without behavior-changing refactors,,,none,none,none,none,none,true,false,true,false,false,production,,,investigate,,,,,"bucket=production-complexity-hotspot; line_text=func (HumanRenderer) RenderInspect(w io.Writer, r *InspectResult) error {"
CK-110-0239,Multiple headings with the same content,codacy,b8092109546d6e3eddb0fb40977782b7,docs/benchmarking.md,1408,markdownlint_MD024,BestPractice,,Warning,markdownlint,40a1210ffc8c23dc4a717ce32627c89658e0f608,backlog,open,S4,docs,Documentation style findings must be classified without blocking correctness releases,,,none,none,none,none,none,false,false,false,false,true,docs,,,investigate,,,,,bucket=docs-style; line_text=### Documentation
CK-110-0240,Method TestPrepareChunksWithContextDeterminismSameFile has a cyclomatic complexity of 10 (limit is 8),codacy,fde2c3021aa092285a5825f1d938f33a,internal/storage/store_prepare_chunks_test.go,73,Lizard_ccn-medium,Complexity,,Warning,Lizard,40a1210ffc8c23dc4a717ce32627c89658e0f608,backlog,open,S3,storage,Test complexity findings must be reviewed without weakening invariant coverage,,,none,none,none,none,none,false,false,false,true,false,test,,,investigate,,,,,bucket=test-complexity-hotspot; line_text=func TestPrepareChunksWithContextDeterminismSameFile(t *testing.T) {
CK-110-0241,Detected file permissions that are set to more than `0600` (user/owner can read and write). Setting file permi,codacy,9bd801d15e8069eba8336e0ab2f19cf,internal/container/container.go,86,Semgrep_go.lang.correctness.permissions.file_permission.incorrect-default-permission,Security,FileAccess,High,Opengrep,46b5d64074781d24fcecc6b9e3dba243a429ea89,backlog,open,S1,storage,Filesystem permission scanner findings must be reviewed by runtime area and threat model,,,none,medium,medium,medium,none,true,false,true,false,false,production,,,investigate,,,,,"bucket=production-security-candidate; line_text=f, err = os.OpenFile(path, os.O_RDWR, 0644)"
CK-110-0242,The application was found setting file permissions to overly permissive values.,codacy,fec65ab5f74f6acc767dbb2b0bb0c3b4,tests/adversarial/v110_s0_chunk_reuse_bounds_stabilization_test.go,81,Semgrep_go_file-permissions_rule-fileperm,Security,FileAccess,High,Opengrep,40a1210ffc8c23dc4a717ce32627c89658e0f608,backlog,open,S3,storage,Test-only security scanner findings must be reviewed and suppressed only with rationale,,,none,none,none,none,none,false,false,false,true,false,test,,,investigate,,,,,"bucket=test-security-noise; line_text=if err := os.WriteFile(dupPath, payload, 0o644); err != nil {"
CK-110-0243,Method TestStoreAllowsCrossVersionChunkReuseWithoutOverwritingOriginMetadata has a cyclomatic complexity of 16,codacy,42ec0bd2d956f27c31710fa9c13be5a1,internal/storage/store_v2chunker_test.go,523,Lizard_ccn-medium,Complexity,,Warning,Lizard,40a1210ffc8c23dc4a717ce32627c89658e0f608,backlog,open,S3,storage,Test complexity findings must be reviewed without weakening invariant coverage,,,none,none,none,none,none,false,false,false,true,false,test,,,investigate,,,,,bucket=test-complexity-hotspot; line_text=func TestStoreAllowsCrossVersionChunkReuseWithoutOverwritingOriginMetadata(t *testing.T) {
CK-110-0244,Method TestCrossConsistency_SimulateGCMatchesGCPlanExactly has 66 lines of code (limit is 50),codacy,5fd159e0fe9dd0677bfa5458da567f4b,internal/observability/cross_consistency_test.go,156,Lizard_nloc-medium,Complexity,,Warning,Lizard,40a1210ffc8c23dc4a717ce32627c89658e0f608,v1.10.6,open,S3,codacy,Test complexity findings must be reviewed without weakening invariant coverage,,,none,none,none,none,none,false,false,false,true,false,test,,,investigate,,,,,bucket=test-complexity-hotspot; line_text=func TestCrossConsistency_SimulateGCMatchesGCPlanExactly(t *testing.T) {
CK-110-0245,Method validateReusableLogicalFileSemanticsWithContext has a cyclomatic complexity of 22 (limit is 8),codacy,b155dd1a56811ecc818507c40d6aa21e,internal/storage/store.go,1440,Lizard_ccn-medium,Complexity,,Warning,Lizard,9d7b04015f79806ec46b4425f396ec30b6ef84b4,backlog,open,S2,storage,Production complexity hotspots in critical paths must be tracked without behavior-changing refactors,,,none,medium,none,medium,none,true,false,true,false,false,production,,,investigate,,,,,"bucket=production-complexity-hotspot; line_text=func validateReusableLogicalFileSemanticsWithContext(ctx context.Context, dbconn *sql.DB, fileID int64, containersDir string) (err error) {"
CK-110-0246,Lists should be surrounded by blank lines,codacy,6d2a90bc09836abb9488def3ce6b04b0,docs/BENCHMARK_METRICS.md,303,markdownlint_MD032,CodeStyle,,Info,markdownlint,40a1210ffc8c23dc4a717ce32627c89658e0f608,backlog,open,S4,docs,Documentation style findings must be classified without blocking correctness releases,,,none,none,none,none,none,false,false,false,false,true,docs,,,investigate,,,,,bucket=docs-style; line_text=- ✅ `TestRecordStorageTracksLogicalCompressedStored`: tracks all three sizes
CK-110-0247,SQL Injection is a critical vulnerability that can lead to data or system compromise.,codacy,19fa4ed81f9e976e57aaf8a4d892dbae,internal/graph/reachability_test.go,362,Semgrep_go_sql_rule-concat-sqli,Security,SQLInjection,Error,Opengrep,662965066392590c71376f6860b0ada0bf23cd4e,v1.10.2,open,S3,security,Test-only security scanner findings must be reviewed and suppressed only with rationale,,,none,none,none,none,none,false,false,false,true,false,test,,,investigate,,,,,"bucket=test-security-noise; line_text=if _, err := dbconn.Exec(`INSERT INTO snapshot (id, created_at, type) VALUES (?, CURRENT_TIMESTAMP, ?)`, fmt.Sprintf(""%d"", i), ""full""); err != nil {"
CK-110-0248,Method  has a cyclomatic complexity of 13 (limit is 8),codacy,dc5cbcd80bdac321c4af181ff683a8da,tests/adversarial/g5_atomic_restore_adversarial_test.go,232,Lizard_ccn-medium,Complexity,,Warning,Lizard,40a1210ffc8c23dc4a717ce32627c89658e0f608,v1.10.5,open,S3,restore,Test complexity findings must be reviewed without weakening invariant coverage,,,none,none,none,none,none,false,false,false,true,false,test,,,investigate,,,,,"bucket=test-complexity-hotspot; line_text=t.Run(codec, func(t *testing.T) {"
CK-110-0249,Method TestTraceDoesNotMutateState has 73 lines of code (limit is 50),codacy,447148363a1a9b52eecb96d65b6a49ce,internal/observability/stats_test.go,731,Lizard_nloc-medium,Complexity,,Warning,Lizard,40a1210ffc8c23dc4a717ce32627c89658e0f608,v1.10.6,open,S3,codacy,Test complexity findings must be reviewed without weakening invariant coverage,,,none,none,none,none,none,false,false,false,true,false,test,,,investigate,,,,,bucket=test-complexity-hotspot; line_text=func TestTraceDoesNotMutateState(t *testing.T) {
CK-110-0250,Insecure dependency golang/stdlib@v1.23.0 (CVE-2026-39823: CVE-2026-27142 fixed a vulnerability in which URLs ,codacy,6f836d51ad1b196254fc34a54e54a60a,go.mod,3,Trivy_vulnerability_medium,Security,InsecureModulesLibraries,Warning,Trivy,40a1210ffc8c23dc4a717ce32627c89658e0f608,v1.10.2,open,S1,dependencies,Supported Go toolchain must not carry known unplanned CVEs,,,none,none,medium,none,none,true,true,true,false,false,production,,,fix,,,,,bucket=dependency-cve; line_text=go 1.23
CK-110-0251,The application was found setting file permissions to overly permissive values.,codacy,1acc7c9446d2111c70b817abe5e22205,tests/utils/common.go,775,Semgrep_go_file-permissions_rule-fileperm,Security,FileAccess,High,Opengrep,40a1210ffc8c23dc4a717ce32627c89658e0f608,v1.10.2,open,S3,filesystem,Test-only security scanner findings must be reviewed and suppressed only with rationale,,,none,none,none,none,none,false,false,false,true,false,test,,,investigate,,,,,"bucket=test-security-noise; line_text=if err := os.WriteFile(p2, dup, 0o644); err != nil {"
CK-110-0252,Method TestRestoreChunkPinningKeepsChunkLiveDuringRemove has a cyclomatic complexity of 17 (limit is 8),codacy,b7f5b1fb91abecdd4e641baadb75af7c,internal/storage/restore_test.go,37,Lizard_ccn-medium,Complexity,,Warning,Lizard,40a1210ffc8c23dc4a717ce32627c89658e0f608,v1.10.5,open,S3,restore,Test complexity findings must be reviewed without weakening invariant coverage,,,none,none,none,none,none,false,false,false,true,false,test,,,investigate,,,,,bucket=test-complexity-hotspot; line_text=func TestRestoreChunkPinningKeepsChunkLiveDuringRemove(t *testing.T) {
CK-110-0253,Method TestMapStatsResultMapsMaintenanceResultToStableModel has a cyclomatic complexity of 26 (limit is 8),codacy,50ad11249cad88f01c68f7f38e45994a,internal/observability/stats_test.go,27,Lizard_ccn-medium,Complexity,,Warning,Lizard,40a1210ffc8c23dc4a717ce32627c89658e0f608,v1.10.6,open,S3,codacy,Test complexity findings must be reviewed without weakening invariant coverage,,,none,none,none,none,none,false,false,false,true,false,test,,,investigate,,,,,bucket=test-complexity-hotspot; line_text=func TestMapStatsResultMapsMaintenanceResultToStableModel(t *testing.T) {
CK-110-0254,Method TestRunMigrationsBackfillsChunkerVersionForLegacyLogicalFileAndChunkRows has 178 lines of code (limit i,codacy,98398dc50f7cf83879ae7e092b89882d,internal/db/migrations_test.go,1077,Lizard_nloc-medium,Complexity,,Warning,Lizard,094e19ea495bb597b257ad0fabe220e7cb40a658,backlog,open,S3,migration,Test complexity findings must be reviewed without weakening invariant coverage,,,none,none,none,none,none,false,false,false,true,false,test,,,investigate,,,,,bucket=test-complexity-hotspot; line_text=func TestRunMigrationsBackfillsChunkerVersionForLegacyLogicalFileAndChunkRows(t *testing.T) {
CK-110-0255,Detected file permissions that are set to more than `0600` (user/owner can read and write). Setting file permi,codacy,fa5b28bb916e13b16188c1820c7f6ea,internal/storage/restore_test.go,1910,Semgrep_go.lang.correctness.permissions.file_permission.incorrect-default-permission,Security,FileAccess,High,Opengrep,6a6fd82a9f402e3f046ffa50b841e240daeb3c3a,v1.10.5,open,S3,restore,Test-only security scanner findings must be reviewed and suppressed only with rationale,,,none,none,none,none,none,false,false,false,true,false,test,,,investigate,,,,,"bucket=test-security-noise; line_text=t.Cleanup(func() { _ = os.Chmod(outputParentDir, 0o755) })"
CK-110-0256,Method verifyChunkPhysicalLocationRules has 51 lines of code (limit is 50),codacy,380571af1193945281554b6dceff2724,internal/verify/verify_repository.go,291,Lizard_nloc-medium,Complexity,,Warning,Lizard,40a1210ffc8c23dc4a717ce32627c89658e0f608,backlog,open,S2,verify,Production complexity hotspots in critical paths must be tracked without behavior-changing refactors,,,none,medium,none,medium,none,true,false,true,false,false,production,,,investigate,,,,,"bucket=production-complexity-hotspot; line_text=func verifyChunkPhysicalLocationRules(ctx context.Context, dbconn *sql.DB) error {"
CK-110-0257,Method TestLoadDeleteLineagePreviewComputesLineageAndSharing has a cyclomatic complexity of 17 (limit is 8),codacy,d883fb7ab7d8ee9a0a0a41364c0f49a3,internal/snapshot/delete_lineage_preview_test.go,9,Lizard_ccn-medium,Complexity,,Warning,Lizard,40a1210ffc8c23dc4a717ce32627c89658e0f608,backlog,open,S3,snapshot,Test complexity findings must be reviewed without weakening invariant coverage,,,none,none,none,none,none,false,false,false,true,false,test,,,investigate,,,,,bucket=test-complexity-hotspot; line_text=func TestLoadDeleteLineagePreviewComputesLineageAndSharing(t *testing.T) {
CK-110-0258,Method TestPhase9CLICompatibilityIntegration has a cyclomatic complexity of 31 (limit is 8),codacy,5e739b2c30724a384106ce6ca7b47b5f,tests/integration/v18_migration_compatibility_integration_test.go,1684,Lizard_ccn-medium,Complexity,,Warning,Lizard,40a1210ffc8c23dc4a717ce32627c89658e0f608,v1.10.6,open,S3,codacy,Test complexity findings must be reviewed without weakening invariant coverage,,,none,none,none,none,none,false,false,false,true,false,test,,,investigate,,,,,bucket=test-complexity-hotspot; line_text=func TestPhase9CLICompatibilityIntegration(t *testing.T) {
CK-110-0259,Method seedStatsBenchmarkDataset has a cyclomatic complexity of 14 (limit is 8),codacy,ae4d1300f8c138820ded458361130188,internal/maintenance/stats_bench_test.go,29,Lizard_ccn-medium,Complexity,,Warning,Lizard,40a1210ffc8c23dc4a717ce32627c89658e0f608,v1.10.4,open,S3,gc,Test complexity findings must be reviewed without weakening invariant coverage,,,none,none,none,none,none,false,false,false,true,false,test,,,investigate,,,,,"bucket=test-complexity-hotspot; line_text=func seedStatsBenchmarkDataset(b *testing.B, dbconn *sql.DB, logicalFileCount, chunkCount, refsPerFile int) {"
CK-110-0260,File internal/storage/remove_test.go has 683 non-comment lines of code,codacy,1f7c917c00b4ea2be40abd967861ad28,internal/storage/remove_test.go,1,Lizard_file-nloc-medium,Complexity,,Warning,Lizard,40a1210ffc8c23dc4a717ce32627c89658e0f608,backlog,open,S3,storage,Test complexity findings must be reviewed without weakening invariant coverage,,,none,none,none,none,none,false,false,false,true,false,test,,,investigate,,,,,bucket=test-complexity-hotspot; line_text=package storage
CK-110-0261,The application was found setting file permissions to overly permissive values.,codacy,29808887e83e2208bb3add9017665415,internal/maintenance/gc_test.go,103,Semgrep_go_file-permissions_rule-fileperm,Security,FileAccess,High,Opengrep,d5b879368739f429c5da9044dd0412988e76bd08,v1.10.4,open,S3,gc,Test-only security scanner findings must be reviewed and suppressed only with rationale,,,none,none,none,none,none,false,false,false,true,false,test,,,investigate,,,,,"bucket=test-security-noise; line_text=if err := os.WriteFile(containerPath, []byte(""gc unlock failure test""), 0o644); err != nil {"
CK-110-0262,Method TestRunStatsResultIncludesChunkCountsByVersion has a cyclomatic complexity of 18 (limit is 8),codacy,a488aca7f8247d5f29dbaa7f9aec653a,internal/maintenance/stats_test.go,94,Lizard_ccn-medium,Complexity,,Warning,Lizard,40a1210ffc8c23dc4a717ce32627c89658e0f608,v1.10.4,open,S3,gc,Test complexity findings must be reviewed without weakening invariant coverage,,,none,none,none,none,none,false,false,false,true,false,test,,,investigate,,,,,bucket=test-complexity-hotspot; line_text=func TestRunStatsResultIncludesChunkCountsByVersion(t *testing.T) {
CK-110-0263,Method assertChunkRefsStageVerifyFailure has a cyclomatic complexity of 12 (limit is 8),codacy,c7684f0e5000e50ba5b672907c2278ae,internal/verify/verify_corruption_fixtures_test.go,318,Lizard_ccn-medium,Complexity,,Warning,Lizard,40a1210ffc8c23dc4a717ce32627c89658e0f608,backlog,open,S3,verify,Test complexity findings must be reviewed without weakening invariant coverage,,,none,none,none,none,none,false,false,false,true,false,test,,,investigate,,,,,"bucket=test-complexity-hotspot; line_text=func assertChunkRefsStageVerifyFailure(t *testing.T, err error, blockID int64, category string, detailSubstring string) {"
CK-110-0264,"Expected: 5; Actual: 7; Too many cells, extra data will be missing",codacy,6bf87a38adfd72939e900900d5f1aa54,docs/STORAGE_SEMANTICS_v1.9_ENGINE_QUICK_REFERENCE.md,47,markdownlint_MD056,CodeStyle,,Info,markdownlint,40a1210ffc8c23dc4a717ce32627c89658e0f608,backlog,open,S4,docs,Documentation style findings must be classified without blocking correctness releases,,,none,none,none,none,none,false,false,false,false,true,docs,,,investigate,,,,,bucket=docs-style; line_text=| physical_hash | `storage_blocks.physical_hash` | Persisted bytes (nonce||ciphertext for aes-gcm; compressed payload bytes for codec=none) | ✓ legacy only | Verify on-disk bytes |
CK-110-0265,Method checkChunkOffsets has a cyclomatic complexity of 12 (limit is 8),codacy,b9f9146f08d6831f84fc1a909569391,internal/verify/verify_chunk.go,286,Lizard_ccn-medium,Complexity,,Warning,Lizard,40a1210ffc8c23dc4a717ce32627c89658e0f608,backlog,open,S2,verify,Production complexity hotspots in critical paths must be tracked without behavior-changing refactors,,,none,medium,none,medium,none,true,false,true,false,false,production,,,investigate,,,,,bucket=production-complexity-hotspot; line_text=func checkChunkOffsets(dbconn *sql.DB) error {
CK-110-0266,File tests/adversarial/g9_batch_semantics_adversarial_test.go has 550 non-comment lines of code,codacy,446bea882b7e1eb5a6175339f235d720,tests/adversarial/g9_batch_semantics_adversarial_test.go,1,Lizard_file-nloc-medium,Complexity,,Warning,Lizard,40a1210ffc8c23dc4a717ce32627c89658e0f608,v1.10.2,open,S3,filesystem,Test complexity findings must be reviewed without weakening invariant coverage,,,none,none,none,none,none,false,false,false,true,false,test,,,investigate,,,,,bucket=test-complexity-hotspot; line_text=package main
CK-110-0267,Method physicalGraphInvariantCode has a cyclomatic complexity of 10 (limit is 8),codacy,45461e8371a9ffaff41a6fb689365c3a,internal/verify/verify_physical.go,27,Lizard_ccn-medium,Complexity,,Warning,Lizard,40a1210ffc8c23dc4a717ce32627c89658e0f608,backlog,open,S2,verify,Production complexity hotspots in critical paths must be tracked without behavior-changing refactors,,,none,medium,none,medium,none,true,false,true,false,false,production,,,investigate,,,,,bucket=production-complexity-hotspot; line_text=func physicalGraphInvariantCode(summary PhysicalFileIntegritySummary) string {
CK-110-0268,Insecure dependency golang/stdlib@v1.23.0 (CVE-2025-61727: golang: crypto/x509: excluded subdomain constraint ,codacy,ce6b534423a9a95978d3645e5c1a2d3a,go.mod,3,Trivy_vulnerability_medium,Security,InsecureModulesLibraries,Warning,Trivy,40a1210ffc8c23dc4a717ce32627c89658e0f608,v1.10.2,open,S1,dependencies,Supported Go toolchain must not carry known unplanned CVEs,,,none,none,medium,none,none,true,true,true,false,false,production,,,fix,,,,,bucket=dependency-cve; line_text=go 1.23
CK-110-0269,Method TestRestoreFailsWhenAESGCMTransformerKeyIsMissing has a cyclomatic complexity of 11 (limit is 8),codacy,2218488ed196f1fcc16b576bbcf62d82,internal/storage/restore_test.go,1450,Lizard_ccn-medium,Complexity,,Warning,Lizard,4436885601354a1800b36064aa3d197a26aa4b11,v1.10.5,open,S3,restore,Test complexity findings must be reviewed without weakening invariant coverage,,,none,none,none,none,none,false,false,false,true,false,test,,,investigate,,,,,bucket=test-complexity-hotspot; line_text=func TestRestoreFailsWhenAESGCMTransformerKeyIsMissing(t *testing.T) {
CK-110-0270,Insecure dependency golang/stdlib@v1.23.0 (CVE-2026-27142: html/template: URLs in meta content attribute actio,codacy,cc7bcf9c3369d26982b771802e27b36a,go.mod,3,Trivy_vulnerability_medium,Security,InsecureModulesLibraries,Warning,Trivy,40a1210ffc8c23dc4a717ce32627c89658e0f608,v1.10.2,open,S1,dependencies,Supported Go toolchain must not carry known unplanned CVEs,,,none,none,medium,none,none,true,true,true,false,false,production,,,fix,,,,,bucket=dependency-cve; line_text=go 1.23
CK-110-0271,The 'id' field $X was used multiple times.,codacy,a5db8146c43dbd810bdb54398c96542f,.golangci.yml,24,Semgrep_yaml.semgrep.duplicate-id.duplicate-id,ErrorProne,,High,Opengrep,adaa71871887453e11ef44cab512ef5f468bd4ab,v1.10.4,open,S4,gc,Codacy finding must be classified before enforcement,,,none,medium,none,medium,none,false,false,true,false,false,production,,,investigate,,,,,bucket=scanner-false-positive-candidate; line_text=- linters:
CK-110-0272,Method TestStorageBlockReaderLogicalHashMismatchRemainsCanonical has a cyclomatic complexity of 9 (limit is 8),codacy,1f6174ee804e5db467fdd4d3785dd6fe,internal/storage/storage_block_reader_test.go,649,Lizard_ccn-medium,Complexity,,Warning,Lizard,40a1210ffc8c23dc4a717ce32627c89658e0f608,v1.10.3,open,S3,packed-storage,Test complexity findings must be reviewed without weakening invariant coverage,,,none,none,none,none,none,false,false,false,true,false,test,,,investigate,,,,,bucket=test-complexity-hotspot; line_text=func TestStorageBlockReaderLogicalHashMismatchRemainsCanonical(t *testing.T) {
CK-110-0273,Method TestLockContainerRowNowaitWithRetryUsesSavepointRollbackBetweenLockRetries has a cyclomatic complexity ,codacy,6c400182eefb2d0b68cbb459d4be718f,internal/container/local_writer_test.go,119,Lizard_ccn-medium,Complexity,,Warning,Lizard,40a1210ffc8c23dc4a717ce32627c89658e0f608,backlog,open,S3,storage,Test complexity findings must be reviewed without weakening invariant coverage,,,none,none,none,none,none,false,false,false,true,false,test,,,investigate,,,,,bucket=test-complexity-hotspot; line_text=func TestLockContainerRowNowaitWithRetryUsesSavepointRollbackBetweenLockRetries(t *testing.T) {
CK-110-0274,"Detected string concatenation with a non-literal variable in a ""database/sql"" Go SQL statement.",codacy,88e64ad636f316d51e60598d03177e82,internal/db/migrations_test.go,1313,Semgrep_go.lang.security.audit.sqli.gosql-sqli.gosql-sqli,Security,SQLInjection,Error,Opengrep,69d3d6f7e494463c2eb98c9a03fca7449781ea14,backlog,open,S3,migration,Test-only security scanner findings must be reviewed and suppressed only with rationale,,,none,none,none,none,none,false,false,false,true,false,test,,,investigate,,,,,"bucket=test-security-noise; line_text=_, _ = adminDB.Exec(fmt.Sprintf(""DROP DATABASE IF EXISTS %s"", testDBName))"
CK-110-0275,Method TestCorpusRegistryRecoveryFromCorruption has a cyclomatic complexity of 9 (limit is 8),codacy,51d2d47f5204265ee0b6a6b84d9f2746,internal/benchmark/corpus_registry_test.go,29,Lizard_ccn-medium,Complexity,,Warning,Lizard,40a1210ffc8c23dc4a717ce32627c89658e0f608,v1.10.6,open,S3,benchmark,Test complexity findings must be reviewed without weakening invariant coverage,,,none,none,none,none,none,false,false,false,true,false,test,,,investigate,,,,,bucket=test-complexity-hotspot; line_text=func TestCorpusRegistryRecoveryFromCorruption(t *testing.T) {
CK-110-0276,Method checkChunkOffsetValidity has 72 lines of code (limit is 50),codacy,2b0d4d1afe433487ccb6a9d067cad19a,internal/verify/verify_chunk.go,409,Lizard_nloc-medium,Complexity,,Warning,Lizard,40a1210ffc8c23dc4a717ce32627c89658e0f608,backlog,open,S2,verify,Production complexity hotspots in critical paths must be tracked without behavior-changing refactors,,,none,medium,none,medium,none,true,false,true,false,false,production,,,investigate,,,,,bucket=production-complexity-hotspot; line_text=func checkChunkOffsetValidity(dbconn *sql.DB) error {
CK-110-0277,Method runSQLiteStorageTransformMetadataMigration has 90 lines of code (limit is 50),codacy,30a02d3ae8c71d18d09305f77a108f4b,internal/db/migrations.go,649,Lizard_nloc-medium,Complexity,,Warning,Lizard,40a1210ffc8c23dc4a717ce32627c89658e0f608,backlog,open,S2,migration,Production complexity hotspots in critical paths must be tracked without behavior-changing refactors,,,none,none,none,none,none,true,false,true,false,false,production,,,investigate,,,,,"bucket=production-complexity-hotspot; line_text=func runSQLiteStorageTransformMetadataMigration(dbconn sqliteContextExecutor, ctx context.Context) error {"
CK-110-0278,Method TestStoreFileNormalizesSymlinkAndRealPathToSingleIdentity has a cyclomatic complexity of 14 (limit is 8,codacy,ea97c9052749b5714ba02554c8388d70,internal/storage/physical_file_repository_test.go,414,Lizard_ccn-medium,Complexity,,Warning,Lizard,40a1210ffc8c23dc4a717ce32627c89658e0f608,backlog,open,S3,storage,Test complexity findings must be reviewed without weakening invariant coverage,,,none,none,none,none,none,false,false,false,true,false,test,,,investigate,,,,,bucket=test-complexity-hotspot; line_text=func TestStoreFileNormalizesSymlinkAndRealPathToSingleIdentity(t *testing.T) {
CK-110-0279,The 'id' field $X was used multiple times.,codacy,63dabec3627c96e3778501ea5233be1a,.golangci.yml,25,Semgrep_yaml.semgrep.duplicate-id.duplicate-id,ErrorProne,,High,Opengrep,adaa71871887453e11ef44cab512ef5f468bd4ab,v1.10.4,open,S4,gc,Codacy finding must be classified before enforcement,,,none,medium,none,medium,none,false,false,true,false,false,production,,,investigate,,,,,bucket=scanner-false-positive-candidate; line_text=- errcheck
CK-110-0280,SQL Injection is a critical vulnerability that can lead to data or system compromise.,codacy,8bed7d55712df1d7fd61be62330064da,internal/gc/plan_test.go,43,Semgrep_go_sql_rule-concat-sqli,Security,SQLInjection,Error,Opengrep,34143034d70c7c40c189a895586c62d573126d10,v1.10.4,open,S3,gc,Test-only security scanner findings must be reviewed and suppressed only with rationale,,,none,none,none,none,none,false,false,false,true,false,test,,,investigate,,,,,"bucket=test-security-noise; line_text=res, err := dbconn.Exec("
CK-110-0281,Method TestStep11MixedLegacyAndPackedRepoRestoreRemainingAndVerify has 102 lines of code (limit is 50),codacy,5cc5a491937db81b7a24560c0eb83966,internal/maintenance/gc_step11_test.go,409,Lizard_nloc-medium,Complexity,,Warning,Lizard,2abed90b7cfb17095e1a457c41e1682e0997e45c,v1.10.4,open,S3,gc,Test complexity findings must be reviewed without weakening invariant coverage,,,none,none,none,none,none,false,false,false,true,false,test,,,investigate,,,,,bucket=test-complexity-hotspot; line_text=func TestStep11MixedLegacyAndPackedRepoRestoreRemainingAndVerify(t *testing.T) {
CK-110-0282,SQL Injection is a critical vulnerability that can lead to data or system compromise.,codacy,a54ac80e534719aa46ed27ddb48a2956,internal/container/container.go,440,Semgrep_go_sql_rule-concat-sqli,Security,SQLInjection,Error,Opengrep,55fd5483af6b4915ab73ab0c5e16ccb22c9a6592,backlog,open,S1,storage,Dynamic SQL scanner findings must be reviewed for parameterization or safe identifier constraints,,,none,medium,medium,medium,none,true,false,true,false,false,production,,,investigate,,,,,bucket=production-security-candidate; line_text=err = tx.QueryRow(`
CK-110-0283,SQL Injection is a critical vulnerability that can lead to data or system compromise.,codacy,1e057c5c30826aa4363c23d089e6607,internal/observability/service_test.go,106,Semgrep_go_sql_rule-concat-sqli,Security,SQLInjection,Error,Opengrep,88f5505f7fd132877670813290f50292f649f103,v1.10.2,open,S3,security,Test-only security scanner findings must be reviewed and suppressed only with rationale,,,none,none,none,none,none,false,false,false,true,false,test,,,investigate,,,,,"bucket=test-security-noise; line_text=if _, err := dbconn.Exec(`UPDATE logical_file SET ref_count = (SELECT COUNT(*) FROM physical_file WHERE logical_file_id = ?) WHERE id = ?`, fileID, fileID); err != nil {"
CK-110-0284,Method TestStep612LegacyUpgradePathNoRewriteIntegration has 175 lines of code (limit is 50),codacy,b3a8c5729beb5cb15ba2462674f85116,tests/integration/v19_legacy_upgrade_path_integration_test.go,54,Lizard_nloc-medium,Complexity,,Warning,Lizard,40a1210ffc8c23dc4a717ce32627c89658e0f608,v1.10.2,open,S3,filesystem,Test complexity findings must be reviewed without weakening invariant coverage,,,none,none,none,none,none,false,false,false,true,false,test,,,investigate,,,,,bucket=test-complexity-hotspot; line_text=func TestStep612LegacyUpgradePathNoRewriteIntegration(t *testing.T) {
CK-110-0285,"Insecure dependency golang/stdlib@v1.23.0 (CVE-2026-39820: Well-crafted inputs reaching ParseAddress, ParseAdd",codacy,8e93968722a44f59cbb9cc1a594105a1,go.mod,3,Trivy_vulnerability_high,Security,InsecureModulesLibraries,High,Trivy,40a1210ffc8c23dc4a717ce32627c89658e0f608,v1.10.2,open,S1,dependencies,Supported Go toolchain must not carry known unplanned CVEs,,,none,none,medium,none,none,true,true,true,false,false,production,,,fix,,,,,bucket=dependency-cve; line_text=go 1.23
CK-110-0286,Method TestStatsIncludesContainerRecordsOnlyWhenRequested has 55 lines of code (limit is 50),codacy,d46c1f1db962f165ec6fc5e263f9748f,internal/observability/stats_test.go,552,Lizard_nloc-medium,Complexity,,Warning,Lizard,40a1210ffc8c23dc4a717ce32627c89658e0f608,v1.10.6,open,S3,codacy,Test complexity findings must be reviewed without weakening invariant coverage,,,none,none,none,none,none,false,false,false,true,false,test,,,investigate,,,,,bucket=test-complexity-hotspot; line_text=func TestStatsIncludesContainerRecordsOnlyWhenRequested(t *testing.T) {
CK-110-0287,Method TestSimulateGCIncludesWarnings has a cyclomatic complexity of 9 (limit is 8),codacy,8ac4641821c3d3d0f8d70e98d12da5aa,internal/observability/service_test.go,653,Lizard_ccn-medium,Complexity,,Warning,Lizard,40a1210ffc8c23dc4a717ce32627c89658e0f608,v1.10.6,open,S3,codacy,Test complexity findings must be reviewed without weakening invariant coverage,,,none,none,none,none,none,false,false,false,true,false,test,,,investigate,,,,,bucket=test-complexity-hotspot; line_text=func TestSimulateGCIncludesWarnings(t *testing.T) {
CK-110-0288,Method RenderSnapshotDiffDetailedHuman has 9 parameters (limit is 8),codacy,728041a11ca22af5eaf6f8ced43d9cba,internal/cli/render/snapshot_diff.go,35,Lizard_parameter-count-medium,Complexity,,Warning,Lizard,40a1210ffc8c23dc4a717ce32627c89658e0f608,backlog,open,S2,snapshot,Production complexity hotspots in critical paths must be tracked without behavior-changing refactors,,,none,none,none,none,none,true,false,true,false,false,production,,,investigate,,,,,bucket=production-complexity-hotspot; line_text=func RenderSnapshotDiffDetailedHuman(
CK-110-0289,Method TestRestoreFailsOnChunkHashMismatch has 65 lines of code (limit is 50),codacy,88ac62d019e83a44842d2e6bb1f55d29,internal/storage/restore_test.go,1140,Lizard_nloc-medium,Complexity,,Warning,Lizard,cf4914f9f955062d3899c1b88ebb484f4a37543c,v1.10.5,open,S3,restore,Test complexity findings must be reviewed without weakening invariant coverage,,,none,none,none,none,none,false,false,false,true,false,test,,,investigate,,,,,bucket=test-complexity-hotspot; line_text=func TestRestoreFailsOnChunkHashMismatch(t *testing.T) {
CK-110-0290,The application was found setting file permissions to overly permissive values.,codacy,bb6ea753f77ddf1cf772882ff1abdfef,tests/adversarial/v110_s0_chunk_reuse_bounds_stabilization_test.go,66,Semgrep_go_file-permissions_rule-fileperm,Security,FileAccess,High,Opengrep,40a1210ffc8c23dc4a717ce32627c89658e0f608,backlog,open,S3,storage,Test-only security scanner findings must be reviewed and suppressed only with rationale,,,none,none,none,none,none,false,false,false,true,false,test,,,investigate,,,,,"bucket=test-security-noise; line_text=if err := os.WriteFile(inputPath, payload, 0o644); err != nil {"
CK-110-0291,Method runSQLiteStorageBlocksCompressionMetadataMigration has a cyclomatic complexity of 9 (limit is 8),codacy,cf6c0f355a9e5786261b9470d0f3d2da,internal/db/migrations.go,794,Lizard_ccn-medium,Complexity,,Warning,Lizard,40a1210ffc8c23dc4a717ce32627c89658e0f608,backlog,open,S2,migration,Production complexity hotspots in critical paths must be tracked without behavior-changing refactors,,,none,none,none,none,none,true,false,true,false,false,production,,,investigate,,,,,"bucket=production-complexity-hotspot; line_text=func runSQLiteStorageBlocksCompressionMetadataMigration(dbconn sqliteContextExecutor, ctx context.Context) error {"
CK-110-0292,SQL Injection is a critical vulnerability that can lead to data or system compromise.,codacy,4c01459ce21d9b6152b7a5ff3c560adc,internal/observability/inspect_test.go,1017,Semgrep_go_sql_rule-concat-sqli,Security,SQLInjection,Error,Opengrep,fecf6cd2381725cc4884afebca2323934ee28d94,v1.10.2,open,S3,security,Test-only security scanner findings must be reviewed and suppressed only with rationale,,,none,none,none,none,none,false,false,false,true,false,test,,,investigate,,,,,bucket=test-security-noise; line_text=if err := dbconn.QueryRow(`SELECT COUNT(*) FROM ` + table).Scan(&c); err != nil {
CK-110-0293,Detected file permissions that are set to more than `0600` (user/owner can read and write). Setting file permi,codacy,f853fa279c65c1264f93dbb8b66b6d66,tests/utils/common.go,432,Semgrep_go.lang.correctness.permissions.file_permission.incorrect-default-permission,Security,FileAccess,High,Opengrep,40a1210ffc8c23dc4a717ce32627c89658e0f608,v1.10.2,open,S3,filesystem,Test-only security scanner findings must be reviewed and suppressed only with rationale,,,none,none,none,none,none,false,false,false,true,false,test,,,investigate,,,,,"bucket=test-security-noise; line_text=if err := os.MkdirAll(inputDir, 0o755); err != nil {"
CK-110-0294,Method replacePhysicalFileLogicalTargetTx has a cyclomatic complexity of 10 (limit is 8),codacy,69ebd1e168a6d3b45eedbbf07a702616,internal/storage/physical_file_repository.go,262,Lizard_ccn-medium,Complexity,,Warning,Lizard,40a1210ffc8c23dc4a717ce32627c89658e0f608,backlog,open,S2,storage,Production complexity hotspots in critical paths must be tracked without behavior-changing refactors,,,none,medium,none,medium,none,true,false,true,false,false,production,,,investigate,,,,,"bucket=production-complexity-hotspot; line_text=func replacePhysicalFileLogicalTargetTx(ctx context.Context, dbconn *sql.DB, tx *sql.Tx, path string, newLogicalFileID int64, meta physicalFileMetadata) error {"
CK-110-0295,Detected file permissions that are set to more than `0600` (user/owner can read and write). Setting file permi,codacy,b8539aab1b1c0bab5001188a29f16400,tests/integration/read_path_regression_test.go,516,Semgrep_go.lang.correctness.permissions.file_permission.incorrect-default-permission,Security,FileAccess,High,Opengrep,7b152752f6571720718774c7c526a118209d6807,v1.10.2,open,S3,filesystem,Test-only security scanner findings must be reviewed and suppressed only with rationale,,,none,none,none,none,none,false,false,false,true,false,test,,,investigate,,,,,"bucket=test-security-noise; line_text=if err := os.MkdirAll(snapRestoreDir, 0o755); err != nil {"
CK-110-0296,Detected file permissions that are set to more than `0600` (user/owner can read and write). Setting file permi,codacy,6758710a28866f6623c6c86f40de29c1,tests/adversarial/g6_concurrent_operations_adversarial_test.go,172,Semgrep_go.lang.correctness.permissions.file_permission.incorrect-default-permission,Security,FileAccess,High,Opengrep,40a1210ffc8c23dc4a717ce32627c89658e0f608,v1.10.2,open,S3,filesystem,Test-only security scanner findings must be reviewed and suppressed only with rationale,,,none,none,none,none,none,false,false,false,true,false,test,,,investigate,,,,,"bucket=test-security-noise; line_text=if err := os.MkdirAll(restoreDir, 0o755); err != nil {"
CK-110-0297,Method ensurePhysicalFileForPathDefaultPolicyWithTx has a cyclomatic complexity of 10 (limit is 8),codacy,5176dc690d62985f002066b552284f23,internal/storage/physical_file_repository.go,174,Lizard_ccn-medium,Complexity,,Warning,Lizard,40a1210ffc8c23dc4a717ce32627c89658e0f608,backlog,open,S2,storage,Production complexity hotspots in critical paths must be tracked without behavior-changing refactors,,,none,medium,none,medium,none,true,false,true,false,false,production,,,investigate,,,,,"bucket=production-complexity-hotspot; line_text=func ensurePhysicalFileForPathDefaultPolicyWithTx(ctx context.Context, dbconn *sql.DB, tx *sql.Tx, path string, logicalFileID int64, meta physicalFileMetadata) (bool, error) {"
CK-110-0298,Method  has a cyclomatic complexity of 9 (limit is 8),codacy,8700fc73e1df2acc0185f86ea4919a97,tests/adversarial/g7_deep_corruption_adversarial_test.go,316,Lizard_ccn-medium,Complexity,,Warning,Lizard,40a1210ffc8c23dc4a717ce32627c89658e0f608,v1.10.6,open,S3,codacy,Test complexity findings must be reviewed without weakening invariant coverage,,,none,none,none,none,none,false,false,false,true,false,test,,,investigate,,,,,"bucket=test-complexity-hotspot; line_text=t.Run(codec, func(t *testing.T) {"
CK-110-0299,Method verifyDecodedBlockSegmentsAgainstRefs has 98 lines of code (limit is 50),codacy,265cfefda205afbda34b80b8e77e52eb,internal/verify/verify_repository.go,666,Lizard_nloc-medium,Complexity,,Warning,Lizard,40a1210ffc8c23dc4a717ce32627c89658e0f608,backlog,open,S2,verify,Production complexity hotspots in critical paths must be tracked without behavior-changing refactors,,,none,medium,none,medium,none,true,false,true,false,false,production,,,investigate,,,,,"bucket=production-complexity-hotspot; line_text=func verifyDecodedBlockSegmentsAgainstRefs(ctx context.Context, dbconn *sql.DB, blockID int64, containerID int64, containerOffset int64, decoded *blocks.EncodedBlock, strictMode bo"
CK-110-0300,Method TestAdversarialG13BatchRepairReportIsDeterministicUnderPartialFailure has a cyclomatic complexity of 16,codacy,a432417b48ccdf7df7e17d7a1c24ff7a,tests/adversarial/g10_g13_physical_graph_adversarial_test.go,182,Lizard_ccn-medium,Complexity,,Warning,Lizard,40a1210ffc8c23dc4a717ce32627c89658e0f608,v1.10.6,open,S3,codacy,Test complexity findings must be reviewed without weakening invariant coverage,,,none,none,none,none,none,false,false,false,true,false,test,,,investigate,,,,,bucket=test-complexity-hotspot; line_text=func TestAdversarialG13BatchRepairReportIsDeterministicUnderPartialFailure(t *testing.T) {
CK-110-0301,Method validateDecodedChunkLayout has a cyclomatic complexity of 11 (limit is 8),codacy,dff0dc90b6154af733c041701a8e322b,internal/verify/verify_block_pipeline.go,215,Lizard_ccn-medium,Complexity,,Warning,Lizard,40a1210ffc8c23dc4a717ce32627c89658e0f608,backlog,open,S2,verify,Production complexity hotspots in critical paths must be tracked without behavior-changing refactors,,,none,medium,none,medium,none,true,false,true,false,false,production,,,investigate,,,,,bucket=production-complexity-hotspot; line_text=func validateDecodedChunkLayout(decoded *blocks.EncodedBlock) error {
CK-110-0302,Method setupStoredBlockFixtureForReaderCorruption has 53 lines of code (limit is 50),codacy,e7c0f78c352d0b05334c451e01feb4bb,internal/storage/storage_block_reader_test.go,333,Lizard_nloc-medium,Complexity,,Warning,Lizard,40a1210ffc8c23dc4a717ce32627c89658e0f608,v1.10.3,open,S3,packed-storage,Test complexity findings must be reviewed without weakening invariant coverage,,,none,none,none,none,none,false,false,false,true,false,test,,,investigate,,,,,"bucket=test-complexity-hotspot; line_text=func setupStoredBlockFixtureForReaderCorruption(t *testing.T, codec blocks.Codec, compressionCodec string) (int64, *sql.DB, string, int64, string, int64, int64) {"
CK-110-0303,Method TestVerifyBlockPayloadsStrictModeRequiresExactEncodedChunkTable has a cyclomatic complexity of 14 (limi,codacy,228da259c0b6c0dba3f054064d400607,internal/verify/verify_system_test.go,1551,Lizard_ccn-medium,Complexity,,Warning,Lizard,40a1210ffc8c23dc4a717ce32627c89658e0f608,backlog,open,S3,verify,Test complexity findings must be reviewed without weakening invariant coverage,,,none,none,none,none,none,false,false,false,true,false,test,,,investigate,,,,,bucket=test-complexity-hotspot; line_text=func TestVerifyBlockPayloadsStrictModeRequiresExactEncodedChunkTable(t *testing.T) {
CK-110-0304,All queries must target RAC_* tables.Query does not reference RAC_* table.,codacy,bc6f6d573ab9e7711b58fd51852363ea,db/schema_postgres.sql,502,Semgrep_codacy.generic.sql.rac-table-access,Security,SQLInjection,High,Opengrep,40a1210ffc8c23dc4a717ce32627c89658e0f608,backlog,open,S1,migration,Dynamic SQL scanner findings must be reviewed for parameterization or safe identifier constraints,,,none,none,medium,none,none,true,false,true,false,false,production,,,investigate,,,,,bucket=production-security-candidate; line_text=UPDATE storage_blocks
CK-110-0305,All queries must target RAC_* tables.Query does not reference RAC_* table.,codacy,35d9f1547912d32fc5fcac45b88f7848,db/schema_postgres.sql,233,Semgrep_codacy.generic.sql.rac-table-access,Security,SQLInjection,High,Opengrep,318edbc4cd388aa707725fec4bc1a011e60724c8,backlog,open,S1,migration,Dynamic SQL scanner findings must be reviewed for parameterization or safe identifier constraints,,,none,none,medium,none,none,true,false,true,false,false,production,,,investigate,,,,,bucket=production-security-candidate; line_text=UPDATE logical_file
CK-110-0306,File internal/verify/verify_repository.go has 813 non-comment lines of code,codacy,a0ceceeabffdc269c68b558bf01c72ef,internal/verify/verify_repository.go,1,Lizard_file-nloc-medium,Complexity,,Warning,Lizard,40a1210ffc8c23dc4a717ce32627c89658e0f608,backlog,open,S2,verify,Production complexity hotspots in critical paths must be tracked without behavior-changing refactors,,,none,medium,none,medium,none,true,false,true,false,false,production,,,investigate,,,,,bucket=production-complexity-hotspot; line_text=package verify
CK-110-0307,Method TestInspectDoesNotMutateState has 70 lines of code (limit is 50),codacy,ade8529f174141af77266b30d6ba2450,internal/observability/inspect_test.go,972,Lizard_nloc-medium,Complexity,,Warning,Lizard,40a1210ffc8c23dc4a717ce32627c89658e0f608,v1.10.6,open,S3,codacy,Test complexity findings must be reviewed without weakening invariant coverage,,,none,none,none,none,none,false,false,false,true,false,test,,,investigate,,,,,bucket=test-complexity-hotspot; line_text=func TestInspectDoesNotMutateState(t *testing.T) {
CK-110-0308,String-formatted SQL query detected.,codacy,62098ced0329b12bfceeb331fb1ddc60,internal/db/migrations.go,84,Semgrep_go.lang.security.audit.database.string-formatted-query.string-formatted-query,Security,SQLInjection,Error,Opengrep,318edbc4cd388aa707725fec4bc1a011e60724c8,backlog,open,S1,migration,Dynamic SQL scanner findings must be reviewed for parameterization or safe identifier constraints,,,none,none,medium,none,none,true,false,true,false,false,production,,,investigate,,,,,"bucket=production-security-candidate; line_text=rows, err := dbconn.QueryContext(ctx, fmt.Sprintf(""PRAGMA table_info(%s)"", tableName))"
CK-110-0309,Insecure dependency golang/stdlib@v1.23.0 (CVE-2025-22871: net/http: Request smuggling due to acceptance of in,codacy,ffbacb27cc85fddaedf4289592447fda,go.mod,3,Trivy_vulnerability_medium,Security,InsecureModulesLibraries,Warning,Trivy,40a1210ffc8c23dc4a717ce32627c89658e0f608,v1.10.2,open,S1,dependencies,Supported Go toolchain must not carry known unplanned CVEs,,,none,none,medium,none,none,true,true,true,false,false,production,,,fix,,,,,bucket=dependency-cve; line_text=go 1.23
CK-110-0310,All queries must target RAC_* tables.Query does not reference RAC_* table.,codacy,6a04e5b9afa106ccf96b77f94b53f339,db/schema_postgres.sql,343,Semgrep_codacy.generic.sql.rac-table-access,Security,SQLInjection,High,Opengrep,40a1210ffc8c23dc4a717ce32627c89658e0f608,backlog,open,S1,migration,Dynamic SQL scanner findings must be reviewed for parameterization or safe identifier constraints,,,none,none,medium,none,none,true,false,true,false,false,production,,,investigate,,,,,bucket=production-security-candidate; line_text=SELECT EXISTS (
CK-110-0311,Insecure dependency golang/stdlib@v1.23.0 (CVE-2024-45341: golang: crypto/x509: crypto/x509: usage of IPv6 zon,codacy,d75552b4a203b1254a48bc7aca7e9801,go.mod,3,Trivy_vulnerability_medium,Security,InsecureModulesLibraries,Warning,Trivy,40a1210ffc8c23dc4a717ce32627c89658e0f608,v1.10.2,open,S1,dependencies,Supported Go toolchain must not carry known unplanned CVEs,,,none,none,medium,none,none,true,true,true,false,false,production,,,fix,,,,,bucket=dependency-cve; line_text=go 1.23
CK-110-0312,Method TestAdversarialG14SnapshotSurvivesCrashAndRecovery has 51 lines of code (limit is 50),codacy,2d94dab5229d2ce813e51c901ecfc22d,tests/adversarial/g14_g17_snapshot_retention_adversarial_test.go,507,Lizard_nloc-medium,Complexity,,Warning,Lizard,40a1210ffc8c23dc4a717ce32627c89658e0f608,backlog,open,S3,snapshot,Test complexity findings must be reviewed without weakening invariant coverage,,,none,none,none,none,none,false,false,false,true,false,test,,,investigate,,,,,bucket=test-complexity-hotspot; line_text=func TestAdversarialG14SnapshotSurvivesCrashAndRecovery(t *testing.T) {
CK-110-0313,Method checkContainersFileExistence has a cyclomatic complexity of 9 (limit is 8),codacy,81bfdc96dda02223836e814c02cdece4,internal/verify/verify_container.go,45,Lizard_ccn-medium,Complexity,,Warning,Lizard,40a1210ffc8c23dc4a717ce32627c89658e0f608,backlog,open,S2,verify,Production complexity hotspots in critical paths must be tracked without behavior-changing refactors,,,none,medium,none,medium,none,true,false,true,false,false,production,,,investigate,,,,,"bucket=production-complexity-hotspot; line_text=func checkContainersFileExistence(dbconn *sql.DB, containersDir string) error {"
CK-110-0314,The application was found setting file permissions to overly permissive values.,codacy,3f23441d0c7aaf3939e504581e26f09,internal/maintenance/gc_test.go,966,Semgrep_go_file-permissions_rule-fileperm,Security,FileAccess,High,Opengrep,b5bfb0ce6ef8194f14ab52ab458939d8603fa706,v1.10.4,open,S3,gc,Test-only security scanner findings must be reviewed and suppressed only with rationale,,,none,none,none,none,none,false,false,false,true,false,test,,,investigate,,,,,"bucket=test-security-noise; line_text=return os.WriteFile(path, buf, 0o644)"
CK-110-0315,Detected file permissions that are set to more than `0600` (user/owner can read and write). Setting file permi,codacy,a912a917507225443a1ffff7b45b8389,tests/integration/v18_migration_compatibility_integration_test.go,360,Semgrep_go.lang.correctness.permissions.file_permission.incorrect-default-permission,Security,FileAccess,High,Opengrep,,v1.10.2,open,S3,filesystem,Test-only security scanner findings must be reviewed and suppressed only with rationale,,,none,none,none,none,none,false,false,false,true,false,test,,,investigate,,,,,"bucket=test-security-noise; line_text=if err := os.MkdirAll(restoreDir, 0o755); err != nil {"
CK-110-0316,Method RenderSimulateStoreHuman has a cyclomatic complexity of 11 (limit is 8),codacy,937da65218a7c538589209a0482c8841,internal/cli/render/simulate_store.go,14,Lizard_ccn-medium,Complexity,,Warning,Lizard,40a1210ffc8c23dc4a717ce32627c89658e0f608,v1.10.6,open,S2,codacy,Production complexity hotspots in critical paths must be tracked without behavior-changing refactors,,,none,none,none,none,none,true,false,true,false,false,production,,,investigate,,,,,"bucket=production-complexity-hotspot; line_text=func RenderSimulateStoreHuman(w io.Writer, r *SimulateStoreReport) error {"
CK-110-0317,The application was found setting directory permissions to overly permissive values.,codacy,c226b78f4578654f94d00b7af71c3a8,tests/adversarial/g1_deterministic_restore_adversarial_test.go,156,Semgrep_go_file-permissions_rule-mkdir,Security,FileAccess,High,Opengrep,40a1210ffc8c23dc4a717ce32627c89658e0f608,v1.10.5,open,S3,restore,Test-only security scanner findings must be reviewed and suppressed only with rationale,,,none,none,none,none,none,false,false,false,true,false,test,,,investigate,,,,,"bucket=test-security-noise; line_text=if err := os.MkdirAll(restoreDir, 0o755); err != nil {"
CK-110-0318,Method computeSnapshotRetentionStats has a cyclomatic complexity of 13 (limit is 8),codacy,509fa2e3c2ea31ff9c3005953e643c4e,internal/maintenance/stats.go,563,Lizard_ccn-medium,Complexity,,Warning,Lizard,40a1210ffc8c23dc4a717ce32627c89658e0f608,v1.10.4,open,S2,gc,Production complexity hotspots in critical paths must be tracked without behavior-changing refactors,,,none,medium,none,medium,none,true,false,true,false,false,production,,,investigate,,,,,"bucket=production-complexity-hotspot; line_text=func computeSnapshotRetentionStats(ctx context.Context, dbconn *sql.DB) (SnapshotRetentionStats, error) {"
CK-110-0319,Expected: 2; Actual: 3,codacy,12472e9448b993b61d89e193947b9ef1,docs/benchmarking.md,1489,markdownlint_MD007,CodeStyle,,Info,markdownlint,40a1210ffc8c23dc4a717ce32627c89658e0f608,backlog,open,S4,docs,Documentation style findings must be classified without blocking correctness releases,,,none,none,none,none,none,false,false,false,false,true,docs,,,investigate,,,,,bucket=docs-style; line_text=- unsupported metadata is rejected by schema/migration/read/verify paths
CK-110-0320,Method  has a cyclomatic complexity of 16 (limit is 8),codacy,2a13872c85bfd5cd8fe63f96b1c37975,tests/adversarial/g9_batch_semantics_adversarial_test.go,112,Lizard_ccn-medium,Complexity,,Warning,Lizard,40a1210ffc8c23dc4a717ce32627c89658e0f608,v1.10.6,open,S3,codacy,Test complexity findings must be reviewed without weakening invariant coverage,,,none,none,none,none,none,false,false,false,true,false,test,,,investigate,,,,,"bucket=test-complexity-hotspot; line_text=t.Run(""dry-run parity restore"", func(t *testing.T) {"
CK-110-0321,Method QuarantineContainerInDir has a cyclomatic complexity of 12 (limit is 8),codacy,bf2257c48eda10ca0d6af3b90504d966,internal/container/container.go,579,Lizard_ccn-medium,Complexity,,Warning,Lizard,40a1210ffc8c23dc4a717ce32627c89658e0f608,backlog,open,S2,storage,Production complexity hotspots in critical paths must be tracked without behavior-changing refactors,,,none,medium,none,medium,none,true,false,true,false,false,production,,,investigate,,,,,"bucket=production-complexity-hotspot; line_text=func QuarantineContainerInDir(dbconn *sql.DB, containerID int64, containersDir string) error {"
CK-110-0322,Method toInt64 has a cyclomatic complexity of 14 (limit is 8),codacy,662f7a6001c24a86c5ac5d868173691a,internal/cli/render/inspect.go,259,Lizard_ccn-medium,Complexity,,Warning,Lizard,40a1210ffc8c23dc4a717ce32627c89658e0f608,v1.10.6,open,S2,codacy,Production complexity hotspots in critical paths must be tracked without behavior-changing refactors,,,none,none,none,none,none,true,false,true,false,false,production,,,investigate,,,,,"bucket=production-complexity-hotspot; line_text=func toInt64(v any) (int64, bool) {"
CK-110-0323,The application was found setting directory permissions to overly permissive values.,codacy,e8178acf3c3161c0812b4abb7221c6d4,tests/adversarial/g7_deep_corruption_adversarial_test.go,116,Semgrep_go_file-permissions_rule-mkdir,Security,FileAccess,High,Opengrep,40a1210ffc8c23dc4a717ce32627c89658e0f608,v1.10.2,open,S3,filesystem,Test-only security scanner findings must be reviewed and suppressed only with rationale,,,none,none,none,none,none,false,false,false,true,false,test,,,investigate,,,,,"bucket=test-security-noise; line_text=if err := os.MkdirAll(restoreDir, 0o755); err != nil {"
CK-110-0324,Method TestRestorePinningFailsOnMalformedChunkChunkerVersion has 75 lines of code (limit is 50),codacy,4862d912dbd02ebc7ac3738d7d8008d,internal/storage/restore_test.go,427,Lizard_nloc-medium,Complexity,,Warning,Lizard,42f48a6303bb98fab4a7825ec56c51dea51c250a,v1.10.5,open,S3,restore,Test complexity findings must be reviewed without weakening invariant coverage,,,none,none,none,none,none,false,false,false,true,false,test,,,investigate,,,,,bucket=test-complexity-hotspot; line_text=func TestRestorePinningFailsOnMalformedChunkChunkerVersion(t *testing.T) {
CK-110-0325,Expected: 1; Actual: 0; Below,codacy,2458634ba80318d07fedf5eadd4d3079,docs/BENCHMARK_CORPORA.md,47,markdownlint_MD022,CodeStyle,,Info,markdownlint,40a1210ffc8c23dc4a717ce32627c89658e0f608,backlog,open,S4,docs,Documentation style findings must be classified without blocking correctness releases,,,none,none,none,none,none,false,false,false,false,true,docs,,,investigate,,,,,bucket=docs-style; line_text=### Corpus C: Already Compressed
CK-110-0326,Detected non-static command inside Command.,codacy,50f37a821e7ddabdd0cb7327834bf67d,tests/adversarial/g6_concurrent_operations_adversarial_test.go,93,Semgrep_go.lang.security.audit.dangerous-exec-command.dangerous-exec-command,Security,CommandInjection,Error,Opengrep,26b4a9e34b38cfe95895c8383915d72c722ee24c,v1.10.6,open,S1,codacy,Command execution findings must be reviewed for trusted executable and argument boundaries,,,none,none,medium,none,none,false,false,false,true,false,test,,,investigate,,,,,"bucket=production-security-candidate; line_text=cmd := exec.Command(binPath, ""store"", ""--codec"", codec, path, ""--output"", ""json"")"
CK-110-0327,SQL Injection is a critical vulnerability that can lead to data or system compromise.,codacy,1982b02568b531eef4281986d51fe314,tests/integration/v18_migration_compatibility_integration_test.go,116,Semgrep_go_sql_rule-concat-sqli,Security,SQLInjection,Error,Opengrep,,v1.10.2,open,S3,security,Test-only security scanner findings must be reviewed and suppressed only with rationale,,,none,none,none,none,none,false,false,false,true,false,test,,,investigate,,,,,"bucket=test-security-noise; line_text=if err := dbconn.QueryRow(`SELECT logical_file_id FROM physical_file WHERE path = $1`, filepath.ToSlash(storedPath)).Scan(&logicalID); err != nil {"
CK-110-0328,Method TestCollectBlockStatsCompressionAggregatesMixedRepository has a cyclomatic complexity of 23 (limit is 8,codacy,dda529e3579ab87f6aac230ef347a65d,internal/maintenance/stats_test.go,542,Lizard_ccn-medium,Complexity,,Warning,Lizard,40a1210ffc8c23dc4a717ce32627c89658e0f608,v1.10.4,open,S3,gc,Test complexity findings must be reviewed without weakening invariant coverage,,,none,none,none,none,none,false,false,false,true,false,test,,,investigate,,,,,bucket=test-complexity-hotspot; line_text=func TestCollectBlockStatsCompressionAggregatesMixedRepository(t *testing.T) {
CK-110-0329,Method TestRenderSimulationJSONUsesStableEnvelope has a cyclomatic complexity of 11 (limit is 8),codacy,a7c532bf0ae948f5363b296f039c1ff3,internal/cli/render/simulate_test.go,102,Lizard_ccn-medium,Complexity,,Warning,Lizard,40a1210ffc8c23dc4a717ce32627c89658e0f608,v1.10.6,open,S3,codacy,Test complexity findings must be reviewed without weakening invariant coverage,,,none,none,none,none,none,false,false,false,true,false,test,,,investigate,,,,,bucket=test-complexity-hotspot; line_text=func TestRenderSimulationJSONUsesStableEnvelope(t *testing.T) {
CK-110-0330,An action sourced from a third-party repository on GitHub is not pinned to a full length commit SHA. Pinning a,codacy,a335ec0679ad98acbb426aa9ea04965c,.github/workflows/ci.yml,61,Semgrep_yaml.github-actions.security.third-party-action-not-pinned-to-commit-sha.third-party-action-not-pinned-to-commit-sha,Security,InsecureModulesLibraries,High,Opengrep,40a1210ffc8c23dc4a717ce32627c89658e0f608,v1.10.6,open,S1,ci,Codacy finding must be classified before enforcement,,,none,none,medium,none,none,false,false,false,false,false,ci,,,investigate,,,,,bucket=production-security-candidate; line_text=uses: ludeeus/action-shellcheck@2.0.0
CK-110-0331,Method TestSnapshotReachabilityViaSQLMatchesLegacyLoop has 76 lines of code (limit is 50),codacy,5abc62519019a1245d152b99a68ce66d,internal/observability/stats_test.go,893,Lizard_nloc-medium,Complexity,,Warning,Lizard,40a1210ffc8c23dc4a717ce32627c89658e0f608,v1.10.6,open,S3,codacy,Test complexity findings must be reviewed without weakening invariant coverage,,,none,none,none,none,none,false,false,false,true,false,test,,,investigate,,,,,bucket=test-complexity-hotspot; line_text=func TestSnapshotReachabilityViaSQLMatchesLegacyLoop(t *testing.T) {
CK-110-0332,Method FormatSnapshotDeleteDryRunOutput has a cyclomatic complexity of 9 (limit is 8),codacy,3b848dece19ba97877768c56ce5aac19,internal/cli/render/snapshot_delete.go,26,Lizard_ccn-medium,Complexity,,Warning,Lizard,40a1210ffc8c23dc4a717ce32627c89658e0f608,backlog,open,S2,snapshot,Production complexity hotspots in critical paths must be tracked without behavior-changing refactors,,,none,none,none,none,none,true,false,true,false,false,production,,,investigate,,,,,"bucket=production-complexity-hotspot; line_text=func FormatSnapshotDeleteDryRunOutput(snapshotID string, preview *snapshot.DeleteLineagePreview) string {"
CK-110-0333,Method TestObservabilityDoesNotMutateState has a cyclomatic complexity of 14 (limit is 8),codacy,554ede7819dc09266b86d8e181e3fa36,internal/observability/stats_test.go,388,Lizard_ccn-medium,Complexity,,Warning,Lizard,40a1210ffc8c23dc4a717ce32627c89658e0f608,v1.10.6,open,S3,codacy,Test complexity findings must be reviewed without weakening invariant coverage,,,none,none,none,none,none,false,false,false,true,false,test,,,investigate,,,,,bucket=test-complexity-hotspot; line_text=func TestObservabilityDoesNotMutateState(t *testing.T) {
CK-110-0334,The application was found setting directory permissions to overly permissive values.,codacy,3a80c6a1563436f1690f7c4a1149be51,internal/storage/restore.go,938,Semgrep_go_file-permissions_rule-mkdir,Security,FileAccess,High,Opengrep,c0e0f86f0c704cf12342efb8db23514102646410,v1.10.5,open,S1,restore,Filesystem permission scanner findings must be reviewed by runtime area and threat model,,,none,medium,medium,medium,none,true,false,true,false,false,production,,,investigate,,,,,"bucket=production-security-candidate; line_text=if err := os.MkdirAll(outputPath, 0755); err != nil {"
CK-110-0335,SQL Injection is a critical vulnerability that can lead to data or system compromise.,codacy,4f869e7d1e672a1d5e617321685f5710,internal/gc/plan_test.go,56,Semgrep_go_sql_rule-concat-sqli,Security,SQLInjection,Error,Opengrep,34143034d70c7c40c189a895586c62d573126d10,v1.10.4,open,S3,gc,Test-only security scanner findings must be reviewed and suppressed only with rationale,,,none,none,none,none,none,false,false,false,true,false,test,,,investigate,,,,,"bucket=test-security-noise; line_text=if _, err := dbconn.Exec(`INSERT INTO file_chunk (logical_file_id, chunk_id, chunk_order) VALUES (?, ?, ?)`, fileID, chunkID, order); err != nil {"
CK-110-0336,Insecure dependency golang/stdlib@v1.23.0 (CVE-2025-22873: os: os: Information disclosure via path traversal u,codacy,a2b35384db7e0f749a92406ea28df02e,go.mod,3,Trivy_vulnerability_medium,Security,InsecureModulesLibraries,Warning,Trivy,40a1210ffc8c23dc4a717ce32627c89658e0f608,v1.10.2,open,S1,dependencies,Supported Go toolchain must not carry known unplanned CVEs,,,none,none,medium,none,none,true,true,true,false,false,production,,,fix,,,,,bucket=dependency-cve; line_text=go 1.23
CK-110-0337,Method verifyLegacyChunkHashes has a cyclomatic complexity of 15 (limit is 8),codacy,c53d573a961d72e506701045b372fc69,internal/verify/verify_repository.go,795,Lizard_ccn-medium,Complexity,,Warning,Lizard,40a1210ffc8c23dc4a717ce32627c89658e0f608,backlog,open,S2,verify,Production complexity hotspots in critical paths must be tracked without behavior-changing refactors,,,none,medium,none,medium,none,true,false,true,false,false,production,,,investigate,,,,,"bucket=production-complexity-hotspot; line_text=func verifyLegacyChunkHashes(dbconn *sql.DB, containersDir string) error {"
CK-110-0338,The application was found setting directory permissions to overly permissive values.,codacy,fa832004ae5c9902cea713e1bc05f58a,internal/benchmark/corpus.go,287,Semgrep_go_file-permissions_rule-mkdir,Security,FileAccess,High,Opengrep,fc8112a95961f6f3eba8ce8d6e1dc63ca8780ed0,v1.10.6,open,S1,benchmark,Filesystem permission scanner findings must be reviewed by runtime area and threat model,,,none,none,medium,none,none,false,false,false,true,false,benchmark,,,investigate,,,,,"bucket=production-security-candidate; line_text=if err := os.MkdirAll(corpusDir, 0o755); err != nil {"
CK-110-0339,Method TestSweepUnreachableChunksDeletesWholePackedBlockWhenAllChunksDead has a cyclomatic complexity of 14 (l,codacy,3dc5051cf784ea4e7993d40e536f1f96,internal/maintenance/gc_packed_test.go,372,Lizard_ccn-medium,Complexity,,Warning,Lizard,40a1210ffc8c23dc4a717ce32627c89658e0f608,v1.10.4,open,S3,gc,Test complexity findings must be reviewed without weakening invariant coverage,,,none,none,none,none,none,false,false,false,true,false,test,,,investigate,,,,,bucket=test-complexity-hotspot; line_text=func TestSweepUnreachableChunksDeletesWholePackedBlockWhenAllChunksDead(t *testing.T) {
CK-110-0340,Method CollectBlockStats has a cyclomatic complexity of 23 (limit is 8),codacy,b75461e8b8f2b73e78b63446c3f45b82,internal/maintenance/stats.go,400,Lizard_ccn-medium,Complexity,,Warning,Lizard,40a1210ffc8c23dc4a717ce32627c89658e0f608,v1.10.4,open,S2,gc,Production complexity hotspots in critical paths must be tracked without behavior-changing refactors,,,none,medium,none,medium,none,true,false,true,false,false,production,,,investigate,,,,,"bucket=production-complexity-hotspot; line_text=func CollectBlockStats(ctx context.Context, dbconn *sql.DB) (BlockStats, error) {"
CK-110-0341,File internal/observability/service_test.go has 715 non-comment lines of code,codacy,626f4dcac0a271f9ddeee24cb25f7357,internal/observability/service_test.go,1,Lizard_file-nloc-medium,Complexity,,Warning,Lizard,40a1210ffc8c23dc4a717ce32627c89658e0f608,v1.10.2,open,S3,filesystem,Test complexity findings must be reviewed without weakening invariant coverage,,,none,none,none,none,none,false,false,false,true,false,test,,,investigate,,,,,bucket=test-complexity-hotspot; line_text=package observability
CK-110-0342,The application was found setting directory permissions to overly permissive values.,codacy,96d15710559e345df1593c54f2588917,tests/adversarial/g14_g17_snapshot_retention_adversarial_test.go,412,Semgrep_go_file-permissions_rule-mkdir,Security,FileAccess,High,Opengrep,e675ba781b33cb0a643d74df46df9e78fa50484c,backlog,open,S3,snapshot,Test-only security scanner findings must be reviewed and suppressed only with rationale,,,none,none,none,none,none,false,false,false,true,false,test,,,investigate,,,,,"bucket=test-security-noise; line_text=if err := os.MkdirAll(filepath.Join(inputDir, ""img""), 0o755); err != nil {"
CK-110-0343,Method  has a cyclomatic complexity of 14 (limit is 8),codacy,6bcd823616b45abf5208c931d185c08e,tests/adversarial/g9_batch_semantics_adversarial_test.go,405,Lizard_ccn-medium,Complexity,,Warning,Lizard,40a1210ffc8c23dc4a717ce32627c89658e0f608,v1.10.6,open,S3,codacy,Test complexity findings must be reviewed without weakening invariant coverage,,,none,none,none,none,none,false,false,false,true,false,test,,,investigate,,,,,"bucket=test-complexity-hotspot; line_text=t.Run(""ordered reporting under mixed input"", func(t *testing.T) {"
CK-110-0344,Detected file permissions that are set to more than `0600` (user/owner can read and write). Setting file permi,codacy,65e3ffddcae47ee68d1570ecaf4969cd,internal/benchmark/runner.go,181,Semgrep_go.lang.correctness.permissions.file_permission.incorrect-default-permission,Security,FileAccess,High,Opengrep,91f935752a6599df526fbed4ba82b440ab365634,v1.10.6,open,S1,benchmark,Filesystem permission scanner findings must be reviewed by runtime area and threat model,,,none,none,medium,none,none,false,false,false,true,false,benchmark,,,investigate,,,,,"bucket=production-security-candidate; line_text=if err := os.MkdirAll(repoPath, 0o755); err != nil {"
CK-110-0345,Insecure dependency golang/stdlib@v1.23.0 (CVE-2026-32288: archive/tar: golang: Go's archive/tar package: Deni,codacy,16dd44e9f852dfadfe91f3564494ecd1,go.mod,3,Trivy_vulnerability_medium,Security,InsecureModulesLibraries,Warning,Trivy,40a1210ffc8c23dc4a717ce32627c89658e0f608,v1.10.2,open,S1,dependencies,Supported Go toolchain must not carry known unplanned CVEs,,,none,none,medium,none,none,true,true,true,false,false,production,,,fix,,,,,bucket=dependency-cve; line_text=go 1.23
CK-110-0346,Detected file permissions that are set to more than `0600` (user/owner can read and write). Setting file permi,codacy,39ea569de1a6e5bcd664ac6a68021cf7,tests/adversarial/g8_system_invariants_lifecycle_adversarial_test.go,235,Semgrep_go.lang.correctness.permissions.file_permission.incorrect-default-permission,Security,FileAccess,High,Opengrep,40a1210ffc8c23dc4a717ce32627c89658e0f608,v1.10.2,open,S3,filesystem,Test-only security scanner findings must be reviewed and suppressed only with rationale,,,none,none,none,none,none,false,false,false,true,false,test,,,investigate,,,,,"bucket=test-security-noise; line_text=if err := os.MkdirAll(inputDir, 0o755); err != nil {"
CK-110-0347,Method TestRemoveByStoredPathDetectsRefCountInvariantMismatchAndRollsBack has a cyclomatic complexity of 11 (l,codacy,1a2e89cb9525d8752895508e3b31a406,internal/storage/remove_test.go,511,Lizard_ccn-medium,Complexity,,Warning,Lizard,40a1210ffc8c23dc4a717ce32627c89658e0f608,backlog,open,S3,storage,Test complexity findings must be reviewed without weakening invariant coverage,,,none,none,none,none,none,false,false,false,true,false,test,,,investigate,,,,,bucket=test-complexity-hotspot; line_text=func TestRemoveByStoredPathDetectsRefCountInvariantMismatchAndRollsBack(t *testing.T) {
CK-110-0348,File internal/gc/plan_test.go has 760 non-comment lines of code,codacy,9dc6a76a4fd9135a192fdefe5fe55877,internal/gc/plan_test.go,1,Lizard_file-nloc-medium,Complexity,,Warning,Lizard,40a1210ffc8c23dc4a717ce32627c89658e0f608,v1.10.4,open,S3,gc,Test complexity findings must be reviewed without weakening invariant coverage,,,none,none,none,none,none,false,false,false,true,false,test,,,investigate,,,,,bucket=test-complexity-hotspot; line_text=package gc
CK-110-0349,Method resolveRestoreOutputPath has a cyclomatic complexity of 11 (limit is 8),codacy,e30d533c9fb042279f63076718285376,internal/storage/restore.go,846,Lizard_ccn-medium,Complexity,,Warning,Lizard,40a1210ffc8c23dc4a717ce32627c89658e0f608,v1.10.5,open,S2,restore,Production complexity hotspots in critical paths must be tracked without behavior-changing refactors,,,none,medium,none,medium,none,true,false,true,false,false,production,,,investigate,,,,,"bucket=production-complexity-hotspot; line_text=func resolveRestoreOutputPath(descriptor RestoreDescriptor, opts RestoreOptions) (string, error) {"
CK-110-0350,Method TestStep11DryRunPackedReclaimableMatchesActualGC has 69 lines of code (limit is 50),codacy,7be225ed395f47f22574bea5d0766f17,internal/maintenance/gc_step11_parity_test.go,17,Lizard_nloc-medium,Complexity,,Warning,Lizard,40a1210ffc8c23dc4a717ce32627c89658e0f608,v1.10.4,open,S3,gc,Test complexity findings must be reviewed without weakening invariant coverage,,,none,none,none,none,none,false,false,false,true,false,test,,,investigate,,,,,bucket=test-complexity-hotspot; line_text=func TestStep11DryRunPackedReclaimableMatchesActualGC(t *testing.T) {
CK-110-0351,Method LoadSnapshotPathsByID has 53 lines of code (limit is 50),codacy,2e77056c35f4825d8cfaa37a8c397dee,internal/snapshot/path_resolver.go,79,Lizard_nloc-medium,Complexity,,Warning,Lizard,40a1210ffc8c23dc4a717ce32627c89658e0f608,backlog,open,S2,snapshot,Production complexity hotspots in critical paths must be tracked without behavior-changing refactors,,,none,none,none,none,none,true,false,true,false,false,production,,,investigate,,,,,"bucket=production-complexity-hotspot; line_text=func LoadSnapshotPathsByID(ctx context.Context, exec pathResolverDB, pathIDs []int64) (map[int64]string, error) {"
CK-110-0352,The application was found setting directory permissions to overly permissive values.,codacy,fa60da4f03d797ff0efe6a63e2dc7f05,tests/adversarial/g8_system_invariants_lifecycle_adversarial_test.go,238,Semgrep_go_file-permissions_rule-mkdir,Security,FileAccess,High,Opengrep,40a1210ffc8c23dc4a717ce32627c89658e0f608,v1.10.2,open,S3,filesystem,Test-only security scanner findings must be reviewed and suppressed only with rationale,,,none,none,none,none,none,false,false,false,true,false,test,,,investigate,,,,,"bucket=test-security-noise; line_text=if err := os.MkdirAll(restoreDir, 0o755); err != nil {"
CK-110-0353,Method runSQLiteSnapshotMigration has a cyclomatic complexity of 32 (limit is 8),codacy,9e875f985bc4eca033189aac712b1cea,internal/db/migrations.go,274,Lizard_ccn-medium,Complexity,,Warning,Lizard,1859c1b26148f0e60249b827682682d89b0183ed,backlog,open,S2,migration,Production complexity hotspots in critical paths must be tracked without behavior-changing refactors,,,none,none,none,none,none,true,false,true,false,false,production,,,investigate,,,,,"bucket=production-complexity-hotspot; line_text=func runSQLiteSnapshotMigration(dbconn sqliteContextExecutor, ctx context.Context) error {"
CK-110-0354,The application was found setting directory permissions to overly permissive values.,codacy,b665c7a7bfa98757b19a1b41aab29fb6,tests/utils/common.go,1035,Semgrep_go_file-permissions_rule-mkdir,Security,FileAccess,High,Opengrep,40a1210ffc8c23dc4a717ce32627c89658e0f608,v1.10.2,open,S3,filesystem,Test-only security scanner findings must be reviewed and suppressed only with rationale,,,none,none,none,none,none,false,false,false,true,false,test,,,investigate,,,,,"bucket=test-security-noise; line_text=if err := os.MkdirAll(outDir, 0o755); err != nil {"
CK-110-0355,Method computeSnapshotRetentionStats has 51 lines of code (limit is 50),codacy,e458c26bc0017f6919ba54984d91594e,internal/maintenance/stats.go,563,Lizard_nloc-medium,Complexity,,Warning,Lizard,40a1210ffc8c23dc4a717ce32627c89658e0f608,v1.10.4,open,S2,gc,Production complexity hotspots in critical paths must be tracked without behavior-changing refactors,,,none,medium,none,medium,none,true,false,true,false,false,production,,,investigate,,,,,"bucket=production-complexity-hotspot; line_text=func computeSnapshotRetentionStats(ctx context.Context, dbconn *sql.DB) (SnapshotRetentionStats, error) {"
CK-110-0356,File internal/observability/stats_test.go has 946 non-comment lines of code,codacy,4ba9ee218822ba69cebff42dd29ec9a9,internal/observability/stats_test.go,1,Lizard_file-nloc-medium,Complexity,,Warning,Lizard,40a1210ffc8c23dc4a717ce32627c89658e0f608,v1.10.2,open,S3,filesystem,Test complexity findings must be reviewed without weakening invariant coverage,,,none,none,none,none,none,false,false,false,true,false,test,,,investigate,,,,,bucket=test-complexity-hotspot; line_text=package observability
CK-110-0357,SQL Injection is a critical vulnerability that can lead to data or system compromise.,codacy,38cf833dd092c127fa9f331aa6d7712c,internal/db/migrations_test.go,1547,Semgrep_go_sql_rule-concat-sqli,Security,SQLInjection,Error,Opengrep,3af49a6c3bab6e69e3b3bd4eeed7eacee2c1edfb,backlog,open,S3,migration,Test-only security scanner findings must be reviewed and suppressed only with rationale,,,none,none,none,none,none,false,false,false,true,false,test,,,investigate,,,,,"bucket=test-security-noise; line_text=if _, err := dbconn.Exec(`UPDATE schema_version SET version = 11 WHERE version < 11`); err != nil {"
CK-110-0358,Method TestPrepareTargetsPreservesInputOrder has a cyclomatic complexity of 12 (limit is 8),codacy,2a248e2c2a6e5c41971eba35030af05e,internal/batch/resolver_test.go,56,Lizard_ccn-medium,Complexity,,Warning,Lizard,40a1210ffc8c23dc4a717ce32627c89658e0f608,v1.10.6,open,S3,codacy,Test complexity findings must be reviewed without weakening invariant coverage,,,none,none,none,none,none,false,false,false,true,false,test,,,investigate,,,,,bucket=test-complexity-hotspot; line_text=func TestPrepareTargetsPreservesInputOrder(t *testing.T) {
CK-110-0359,Multiple headings with the same content,codacy,c030881dc73d2d8cd1423c65fc35351f,docs/benchmarking.md,504,markdownlint_MD024,BestPractice,,Warning,markdownlint,40a1210ffc8c23dc4a717ce32627c89658e0f608,backlog,open,S4,docs,Documentation style findings must be classified without blocking correctness releases,,,none,none,none,none,none,false,false,false,false,true,docs,,,investigate,,,,,bucket=docs-style; line_text=### Guarantees for operators
CK-110-0360,Method TestRestoreFailsWhenContainerFileMissing has 59 lines of code (limit is 50),codacy,d0fe152b2cb7618d8ac455f36f5203ea,internal/storage/restore_test.go,1073,Lizard_nloc-medium,Complexity,,Warning,Lizard,cf4914f9f955062d3899c1b88ebb484f4a37543c,v1.10.5,open,S3,restore,Test complexity findings must be reviewed without weakening invariant coverage,,,none,none,none,none,none,false,false,false,true,false,test,,,investigate,,,,,bucket=test-complexity-hotspot; line_text=func TestRestoreFailsWhenContainerFileMissing(t *testing.T) {
CK-110-0361,Lists should be surrounded by blank lines,codacy,e6a519e415aecf5833c6fb9f69674321,docs/benchmarking.md,1366,markdownlint_MD032,CodeStyle,,Info,markdownlint,40a1210ffc8c23dc4a717ce32627c89658e0f608,backlog,open,S4,docs,Documentation style findings must be classified without blocking correctness releases,,,none,none,none,none,none,false,false,false,false,true,docs,,,investigate,,,,,bucket=docs-style; line_text=- Old blocks (v1.8 uncompressed) counted separately from new blocks
CK-110-0362,Detected file permissions that are set to more than `0600` (user/owner can read and write). Setting file permi,codacy,f16c50f20de5d11f87d05b962c2c98b,tests/adversarial/g1_step11_restore_determinism_test.go,49,Semgrep_go.lang.correctness.permissions.file_permission.incorrect-default-permission,Security,FileAccess,High,Opengrep,267df133bd52cd8ce905ef6c64b8c6c9306985b1,v1.10.5,open,S3,restore,Test-only security scanner findings must be reviewed and suppressed only with rationale,,,none,none,none,none,none,false,false,false,true,false,test,,,investigate,,,,,"bucket=test-security-noise; line_text=if err := os.MkdirAll(inputRoot, 0o755); err != nil {"
CK-110-0363,Method TestQuarantineContainerInDirUpdatesSizesToPhysicalFile has 64 lines of code (limit is 50),codacy,221f96c6d73bd25520b179fed51520e8,internal/container/container_test.go,277,Lizard_nloc-medium,Complexity,,Warning,Lizard,ba7fa662f9cad616344a5e00709b60dc4d0f3ea7,backlog,open,S3,storage,Test complexity findings must be reviewed without weakening invariant coverage,,,none,none,none,none,none,false,false,false,true,false,test,,,investigate,,,,,bucket=test-complexity-hotspot; line_text=func TestQuarantineContainerInDirUpdatesSizesToPhysicalFile(t *testing.T) {
CK-110-0364,The application dynamically constructs file or path information.,codacy,ffcfdaa7a164adc8069a660aa2364d3c,internal/benchmark/corpus_test.go,138,Semgrep_go_filesystem_rule-fileread,Security,FileAccess,Error,Opengrep,fc8112a95961f6f3eba8ce8d6e1dc63ca8780ed0,v1.10.6,open,S3,benchmark,Test-only security scanner findings must be reviewed and suppressed only with rationale,,,none,none,none,none,none,false,false,false,true,false,test,,,investigate,,,,,"bucket=test-security-noise; line_text=data1, err := os.ReadFile(path1)"
CK-110-0365,Insecure dependency golang/stdlib@v1.23.0 (CVE-2024-34155: go/parser: golang: Calling any of the Parse functio,codacy,f15af9d50810f0b48c1c2686990719bc,go.mod,3,Trivy_vulnerability_medium,Security,InsecureModulesLibraries,Warning,Trivy,40a1210ffc8c23dc4a717ce32627c89658e0f608,v1.10.2,open,S1,dependencies,Supported Go toolchain must not carry known unplanned CVEs,,,none,none,medium,none,none,true,true,true,false,false,production,,,fix,,,,,bucket=dependency-cve; line_text=go 1.23
CK-110-0366,Detected file permissions that are set to more than `0600` (user/owner can read and write). Setting file permi,codacy,f4a139b9a8028a5ae6b47b870e9fb05a,internal/container/container.go,471,Semgrep_go.lang.correctness.permissions.file_permission.incorrect-default-permission,Security,FileAccess,High,Opengrep,40a1210ffc8c23dc4a717ce32627c89658e0f608,backlog,open,S1,storage,Filesystem permission scanner findings must be reviewed by runtime area and threat model,,,none,medium,medium,medium,none,true,false,true,false,false,production,,,investigate,,,,,"bucket=production-security-candidate; line_text=f, err := os.OpenFile(fullPath, os.O_CREATE|os.O_WRONLY|os.O_TRUNC, 0666)"
CK-110-0367,Method assertPhysicalStageVerifyFailure has a cyclomatic complexity of 11 (limit is 8),codacy,e606fbf4e9d261c14499e19957f6f6ba,internal/verify/verify_corruption_fixtures_test.go,114,Lizard_ccn-medium,Complexity,,Warning,Lizard,40a1210ffc8c23dc4a717ce32627c89658e0f608,backlog,open,S3,verify,Test complexity findings must be reviewed without weakening invariant coverage,,,none,none,none,none,none,false,false,false,true,false,test,,,investigate,,,,,"bucket=test-complexity-hotspot; line_text=func assertPhysicalStageVerifyFailure(t *testing.T, err error, blockID int64) {"
CK-110-0368,Method CheckChunkerVersionMetadataIntegrity has a cyclomatic complexity of 12 (limit is 8),codacy,96023c473b13651b8eff18feca549501,internal/verify/verify_metadata.go,32,Lizard_ccn-medium,Complexity,,Warning,Lizard,40a1210ffc8c23dc4a717ce32627c89658e0f608,backlog,open,S2,verify,Production complexity hotspots in critical paths must be tracked without behavior-changing refactors,,,none,medium,none,medium,none,true,false,true,false,false,production,,,investigate,,,,,"bucket=production-complexity-hotspot; line_text=func CheckChunkerVersionMetadataIntegrity(dbconn *sql.DB) (ChunkerVersionMetadataSummary, error) {"
CK-110-0369,Method RunMigrations has 67 lines of code (limit is 50),codacy,f206632b09460f7baf7a1d43a82aa2fc,internal/db/migrations.go,948,Lizard_nloc-medium,Complexity,,Warning,Lizard,40a1210ffc8c23dc4a717ce32627c89658e0f608,backlog,open,S2,migration,Production complexity hotspots in critical paths must be tracked without behavior-changing refactors,,,none,none,none,none,none,true,false,true,false,false,production,,,investigate,,,,,bucket=production-complexity-hotspot; line_text=func RunMigrations(dbconn *sql.DB) error {
CK-110-0370,Detected file permissions that are set to more than `0600` (user/owner can read and write). Setting file permi,codacy,998b4c09df99d5e83933546411028667,internal/container/local_writer.go,97,Semgrep_go.lang.correctness.permissions.file_permission.incorrect-default-permission,Security,FileAccess,High,Opengrep,4c974bfac55c61b1b715b3043fed3648eeba5adf,backlog,open,S1,storage,Filesystem permission scanner findings must be reviewed by runtime area and threat model,,,none,medium,medium,medium,none,true,false,true,false,false,production,,,investigate,,,,,"bucket=production-security-candidate; line_text=_ = os.MkdirAll(dir, 0755)"
CK-110-0371,Method TestFeatureGatedCompressionDedupIgnoresCompressedAndPhysicalHashesStep74 has 75 lines of code (limit is,codacy,8df9d31096f08b35a69c0dd69953b0cd,internal/storage/store_compression_feature_gate_test.go,644,Lizard_nloc-medium,Complexity,,Warning,Lizard,ebf5f4895db8aefd5f877d53ec382f13ff3b1af1,backlog,open,S3,storage,Test complexity findings must be reviewed without weakening invariant coverage,,,none,none,none,none,none,false,false,false,true,false,test,,,investigate,,,,,bucket=test-complexity-hotspot; line_text=func TestFeatureGatedCompressionDedupIgnoresCompressedAndPhysicalHashesStep74(t *testing.T) {
CK-110-0372,Lists should be surrounded by blank lines,codacy,5ac9f1c712c06d586a244e82ff38bf1a,docs/BENCHMARK_CORPORA.md,38,markdownlint_MD032,CodeStyle,,Info,markdownlint,40a1210ffc8c23dc4a717ce32627c89658e0f608,backlog,open,S4,docs,Documentation style findings must be classified without blocking correctness releases,,,none,none,none,none,none,false,false,false,false,true,docs,,,investigate,,,,,bucket=docs-style; line_text=- `spreadsheet.xlsx` (2 MB) - Office document (XML + binary)
CK-110-0373,Method randomSnapshotQueryArgs has a cyclomatic complexity of 11 (limit is 8),codacy,fb00943b99a4ce3e119df1aed09043ea,tests/adversarial/g14_g17_snapshot_retention_adversarial_test.go,307,Lizard_ccn-medium,Complexity,,Warning,Lizard,40a1210ffc8c23dc4a717ce32627c89658e0f608,backlog,open,S3,snapshot,Test complexity findings must be reviewed without weakening invariant coverage,,,none,none,none,none,none,false,false,false,true,false,test,,,investigate,,,,,"bucket=test-complexity-hotspot; line_text=func randomSnapshotQueryArgs(r *rand.Rand, exactPaths []string, prefixes []string) []string {"
CK-110-0374,Lists should be surrounded by blank lines,codacy,fc4a5a6a5984fcdb20780fc14bd607d6,docs/benchmarking.md,1434,markdownlint_MD032,CodeStyle,,Info,markdownlint,40a1210ffc8c23dc4a717ce32627c89658e0f608,backlog,open,S4,docs,Documentation style findings must be classified without blocking correctness releases,,,none,none,none,none,none,false,false,false,false,true,docs,,,investigate,,,,,bucket=docs-style; line_text=- Storage format immutable post-write (no re-encoding required)
CK-110-0375,'math' imported but unused (F401),codacy,b1629ab34db37aa3d35192dffbf0e52d,scripts/compare_phase8_dedup_results.py,4,Prospector_pyflakes,ErrorProne,,High,Prospector,40a1210ffc8c23dc4a717ce32627c89658e0f608,v1.10.6,open,S2,tooling,Release and benchmark scripts must not mask failures or mishandle unsafe inputs,,,low,none,none,low,none,false,true,false,false,false,script,,,investigate,,,,,bucket=script-tooling-risk; line_text=import math
CK-110-0376,"Detected string concatenation with a non-literal variable in a ""database/sql"" Go SQL statement.",codacy,4959faa1ecd212b2d0092915f71db209,internal/gc/plan_test.go,43,Semgrep_go.lang.security.audit.sqli.gosql-sqli.gosql-sqli,Security,SQLInjection,Error,Opengrep,34143034d70c7c40c189a895586c62d573126d10,v1.10.4,open,S3,gc,Test-only security scanner findings must be reviewed and suppressed only with rationale,,,none,none,none,none,none,false,false,false,true,false,test,,,investigate,,,,,"bucket=test-security-noise; line_text=res, err := dbconn.Exec("
CK-110-0377,Method TestStep613StatsAccumulation has a cyclomatic complexity of 12 (limit is 8),codacy,d6655b99373260f8d6bd6ebd97ef6c36,tests/integration/v19_stats_semantics_integration_test.go,427,Lizard_ccn-medium,Complexity,,Warning,Lizard,40a1210ffc8c23dc4a717ce32627c89658e0f608,v1.10.6,open,S3,codacy,Test complexity findings must be reviewed without weakening invariant coverage,,,none,none,none,none,none,false,false,false,true,false,test,,,investigate,,,,,bucket=test-complexity-hotspot; line_text=func TestStep613StatsAccumulation(t *testing.T) {
CK-110-0378,Method Stats has 72 lines of code (limit is 50),codacy,3bfc432f9d554e60d4fde98f1cea14bf,internal/observability/stats.go,13,Lizard_nloc-medium,Complexity,,Warning,Lizard,40a1210ffc8c23dc4a717ce32627c89658e0f608,v1.10.6,open,S2,codacy,Production complexity hotspots in critical paths must be tracked without behavior-changing refactors,,,none,none,none,none,none,true,false,true,false,false,production,,,investigate,,,,,"bucket=production-complexity-hotspot; line_text=func (s *Service) Stats(ctx context.Context, opts StatsOptions) (*StatsResult, error) {"
CK-110-0379,Method TestFileContainerBuffersSmallWritesUntilSync has a cyclomatic complexity of 11 (limit is 8),codacy,73687d63b7347bc80af9bb39bf5ddb17,internal/container/container_test.go,80,Lizard_ccn-medium,Complexity,,Warning,Lizard,40a1210ffc8c23dc4a717ce32627c89658e0f608,backlog,open,S3,storage,Test complexity findings must be reviewed without weakening invariant coverage,,,none,none,none,none,none,false,false,false,true,false,test,,,investigate,,,,,bucket=test-complexity-hotspot; line_text=func TestFileContainerBuffersSmallWritesUntilSync(t *testing.T) {
CK-110-0380,All queries must target RAC_* tables.Query does not reference RAC_* table.,codacy,5ed940e4ce0eff842f0890411f53d126,db/schema_postgres.sql,350,Semgrep_codacy.generic.sql.rac-table-access,Security,SQLInjection,High,Opengrep,40a1210ffc8c23dc4a717ce32627c89658e0f608,backlog,open,S1,migration,Dynamic SQL scanner findings must be reviewed for parameterization or safe identifier constraints,,,none,none,medium,none,none,true,false,true,false,false,production,,,investigate,,,,,bucket=production-security-candidate; line_text=SELECT COUNT(*)
CK-110-0381,SQL Injection is a critical vulnerability that can lead to data or system compromise.,codacy,faa3004713f2552d1e912c4a7933450e,internal/gc/plan_test.go,89,Semgrep_go_sql_rule-concat-sqli,Security,SQLInjection,Error,Opengrep,34143034d70c7c40c189a895586c62d573126d10,v1.10.4,open,S3,gc,Test-only security scanner findings must be reviewed and suppressed only with rationale,,,none,none,none,none,none,false,false,false,true,false,test,,,investigate,,,,,"bucket=test-security-noise; line_text=if _, err := dbconn.Exec("
CK-110-0382,Detected file permissions that are set to more than `0600` (user/owner can read and write). Setting file permi,codacy,6de9021102cbbf5b5fa3d67de67467d4,tests/adversarial/g8_system_invariants_lifecycle_adversarial_test.go,238,Semgrep_go.lang.correctness.permissions.file_permission.incorrect-default-permission,Security,FileAccess,High,Opengrep,40a1210ffc8c23dc4a717ce32627c89658e0f608,v1.10.2,open,S3,filesystem,Test-only security scanner findings must be reviewed and suppressed only with rationale,,,none,none,none,none,none,false,false,false,true,false,test,,,investigate,,,,,"bucket=test-security-noise; line_text=if err := os.MkdirAll(restoreDir, 0o755); err != nil {"
CK-110-0383,All queries must target RAC_* tables.Query does not reference RAC_* table.,codacy,d34d3df0dad6d4c285ffc789728403b6,db/schema_postgres.sql,594,Semgrep_codacy.generic.sql.rac-table-access,Security,SQLInjection,High,Opengrep,ac986ce59c730f02b3c8fecc9ea00374ba27c1a0,backlog,open,S1,migration,Dynamic SQL scanner findings must be reviewed for parameterization or safe identifier constraints,,,none,none,medium,none,none,true,false,true,false,false,production,,,investigate,,,,,bucket=production-security-candidate; line_text=UPDATE schema_version SET version = 14 WHERE version < 14;
CK-110-0384,Lists should be surrounded by blank lines,codacy,83b7875c7da04387a4f715c9e5be125d,docs/BENCHMARK_METRICS.md,146,markdownlint_MD032,CodeStyle,,Info,markdownlint,40a1210ffc8c23dc4a717ce32627c89658e0f608,backlog,open,S4,docs,Documentation style findings must be classified without blocking correctness releases,,,none,none,none,none,none,false,false,false,false,true,docs,,,investigate,,,,,bucket=docs-style; line_text=- **Ratios bounded 0.0-1.0**: easy to reason about
CK-110-0385,Insecure dependency golang/stdlib@v1.23.0 (CVE-2025-4673: net/http: Sensitive headers not cleared on cross-ori,codacy,cb14143afa52a2596a8cabcfda6559c1,go.mod,3,Trivy_vulnerability_medium,Security,InsecureModulesLibraries,Warning,Trivy,40a1210ffc8c23dc4a717ce32627c89658e0f608,v1.10.2,open,S1,dependencies,Supported Go toolchain must not carry known unplanned CVEs,,,none,none,medium,none,none,true,true,true,false,false,production,,,fix,,,,,bucket=dependency-cve; line_text=go 1.23
CK-110-0386,The application dynamically constructs file or path information.,codacy,586c634fa672725b8661e963e2e5bb4e,internal/storage/store_v2chunker_test.go,405,Semgrep_go_filesystem_rule-fileread,Security,FileAccess,Error,Opengrep,18d003b830e3f574eb83ef14875c79058987e5e6,backlog,open,S3,storage,Test-only security scanner findings must be reviewed and suppressed only with rationale,,,none,none,none,none,none,false,false,false,true,false,test,,,investigate,,,,,"bucket=test-security-noise; line_text=v2Got, err := os.ReadFile(v2OutPath)"
CK-110-0387,SQL Injection is a critical vulnerability that can lead to data or system compromise.,codacy,5251cbb9eea70f96ae2e7991067c9b16,internal/db/migrations_test.go,1714,Semgrep_go_sql_rule-concat-sqli,Security,SQLInjection,Error,Opengrep,7f694cbfbd19c4d06fe733d66e595b149e59901a,backlog,open,S3,migration,Test-only security scanner findings must be reviewed and suppressed only with rationale,,,none,none,none,none,none,false,false,false,true,false,test,,,investigate,,,,,bucket=test-security-noise; line_text=if err := dbconn.QueryRow(`SELECT COUNT(DISTINCT path) FROM snapshot_file`).Scan(&preDistinctPaths); err != nil {
CK-110-0388,The application was found setting file permissions to overly permissive values.,codacy,608f0c3616a444a030f580fe9aa1c49e,tests/adversarial/g4_non_destructive_gc_adversarial_test.go,289,Semgrep_go_file-permissions_rule-fileperm,Security,FileAccess,High,Opengrep,40a1210ffc8c23dc4a717ce32627c89658e0f608,v1.10.4,open,S3,gc,Test-only security scanner findings must be reviewed and suppressed only with rationale,,,none,none,none,none,none,false,false,false,true,false,test,,,investigate,,,,,"bucket=test-security-noise; line_text=if err := os.WriteFile(victimPath, victimData, 0o644); err != nil {"
CK-110-0389,Method TestFeatureGatedCompressionDuplicateStorePreservesDedupAndCompressionStep512 has 105 lines of code (lim,codacy,2f602555c518e630acc0902db86914c0,internal/storage/store_compression_feature_gate_test.go,528,Lizard_nloc-medium,Complexity,,Warning,Lizard,d6c8f9d1150e6dc665311acfb3d505575e62134c,backlog,open,S3,storage,Test complexity findings must be reviewed without weakening invariant coverage,,,none,none,none,none,none,false,false,false,true,false,test,,,investigate,,,,,bucket=test-complexity-hotspot; line_text=func TestFeatureGatedCompressionDuplicateStorePreservesDedupAndCompressionStep512(t *testing.T) {
CK-110-0390,Detected file permissions that are set to more than `0600` (user/owner can read and write). Setting file permi,codacy,6cf698a3f8c4317af95d7080d84121b9,tests/adversarial/g14_g17_snapshot_retention_adversarial_test.go,439,Semgrep_go.lang.correctness.permissions.file_permission.incorrect-default-permission,Security,FileAccess,High,Opengrep,e675ba781b33cb0a643d74df46df9e78fa50484c,backlog,open,S3,snapshot,Test-only security scanner findings must be reviewed and suppressed only with rationale,,,none,none,none,none,none,false,false,false,true,false,test,,,investigate,,,,,"bucket=test-security-noise; line_text=if err := os.MkdirAll(restoreDir, 0o755); err != nil {"
CK-110-0391,Method TestStatsIncludesContainerRecordsOnlyWhenRequested has a cyclomatic complexity of 13 (limit is 8),codacy,3abecb167a1febe48090de78eeab4564,internal/observability/stats_test.go,552,Lizard_ccn-medium,Complexity,,Warning,Lizard,40a1210ffc8c23dc4a717ce32627c89658e0f608,v1.10.6,open,S3,codacy,Test complexity findings must be reviewed without weakening invariant coverage,,,none,none,none,none,none,false,false,false,true,false,test,,,investigate,,,,,bucket=test-complexity-hotspot; line_text=func TestStatsIncludesContainerRecordsOnlyWhenRequested(t *testing.T) {
CK-110-0392,Detected file permissions that are set to more than `0600` (user/owner can read and write). Setting file permi,codacy,2b6b0311335ccf724a51cb194519e537,tests/integration/v19_legacy_upgrade_path_integration_test.go,293,Semgrep_go.lang.correctness.permissions.file_permission.incorrect-default-permission,Security,FileAccess,High,Opengrep,40a1210ffc8c23dc4a717ce32627c89658e0f608,v1.10.2,open,S3,filesystem,Test-only security scanner findings must be reviewed and suppressed only with rationale,,,none,none,none,none,none,false,false,false,true,false,test,,,investigate,,,,,"bucket=test-security-noise; line_text=if err := os.MkdirAll(filepath.Dir(path), 0o755); err != nil {"
CK-110-0393,File internal/storage/phase1_compat_matrix_test.go has 523 non-comment lines of code,codacy,f7384f7851f3568dccaa6955eed5293c,internal/storage/phase1_compat_matrix_test.go,1,Lizard_file-nloc-medium,Complexity,,Warning,Lizard,40a1210ffc8c23dc4a717ce32627c89658e0f608,backlog,open,S3,storage,Test complexity findings must be reviewed without weakening invariant coverage,,,none,none,none,none,none,false,false,false,true,false,test,,,investigate,,,,,bucket=test-complexity-hotspot; line_text=package storage
CK-110-0394,Method TestVerifyBlockPayloadsStrictModeRequiresExactEncodedChunkTable has 51 lines of code (limit is 50),codacy,34472bf291109da6706a0fc947ba60ca,internal/verify/verify_system_test.go,1551,Lizard_nloc-medium,Complexity,,Warning,Lizard,40a1210ffc8c23dc4a717ce32627c89658e0f608,backlog,open,S3,verify,Test complexity findings must be reviewed without weakening invariant coverage,,,none,none,none,none,none,false,false,false,true,false,test,,,investigate,,,,,bucket=test-complexity-hotspot; line_text=func TestVerifyBlockPayloadsStrictModeRequiresExactEncodedChunkTable(t *testing.T) {
CK-110-0395,The application dynamically constructs file or path information.,codacy,5b4ebadb226d83371d77d74f87abbcb3,internal/benchmark/corpus.go,372,Semgrep_go_filesystem_rule-fileread,Security,FileAccess,Error,Opengrep,fc8112a95961f6f3eba8ce8d6e1dc63ca8780ed0,v1.10.6,open,S1,benchmark,Dynamic filesystem path findings must be reviewed for root containment and trust boundaries,,,none,none,medium,none,none,false,false,false,true,false,benchmark,,,investigate,,,,,"bucket=production-security-candidate; line_text=f, err := os.Open(filePath)"
CK-110-0396,Method TestQuarantineOrphanContainersAcceptsDirectQuarantineAfterSizeSync has 67 lines of code (limit is 50),codacy,29f32d4c4aed5a7340e485d508f31637,internal/recovery/system_recovery_test.go,14,Lizard_nloc-medium,Complexity,,Warning,Lizard,40a1210ffc8c23dc4a717ce32627c89658e0f608,v1.10.5,open,S3,recovery,Test complexity findings must be reviewed without weakening invariant coverage,,,none,none,none,none,medium,false,false,false,true,false,test,,,investigate,,,,,bucket=test-complexity-hotspot; line_text=func TestQuarantineOrphanContainersAcceptsDirectQuarantineAfterSizeSync(t *testing.T) {
CK-110-0397,Method TestStatsReturnsStructuredSections has a cyclomatic complexity of 13 (limit is 8),codacy,ad88441c80a1f80d646ecb06616452de,internal/observability/stats_test.go,484,Lizard_ccn-medium,Complexity,,Warning,Lizard,40a1210ffc8c23dc4a717ce32627c89658e0f608,v1.10.6,open,S3,codacy,Test complexity findings must be reviewed without weakening invariant coverage,,,none,none,none,none,none,false,false,false,true,false,test,,,investigate,,,,,bucket=test-complexity-hotspot; line_text=func TestStatsReturnsStructuredSections(t *testing.T) {
CK-110-0398,The application dynamically constructs file or path information.,codacy,8c029664e5283926111971ddc191ed77,tests/utils/common.go,1194,Semgrep_go_filesystem_rule-fileread,Security,FileAccess,Error,Opengrep,40a1210ffc8c23dc4a717ce32627c89658e0f608,v1.10.2,open,S3,filesystem,Test-only security scanner findings must be reviewed and suppressed only with rationale,,,none,none,none,none,none,false,false,false,true,false,test,,,investigate,,,,,"bucket=test-security-noise; line_text=restored, readErr := os.ReadFile(outPath)"
CK-110-0399,Method assertCompressedHashStageVerifyFailure has a cyclomatic complexity of 12 (limit is 8),codacy,5fb136c2db2335b57a2b67f72b6f2a9,internal/verify/verify_corruption_fixtures_test.go,182,Lizard_ccn-medium,Complexity,,Warning,Lizard,40a1210ffc8c23dc4a717ce32627c89658e0f608,backlog,open,S3,verify,Test complexity findings must be reviewed without weakening invariant coverage,,,none,none,none,none,none,false,false,false,true,false,test,,,investigate,,,,,"bucket=test-complexity-hotspot; line_text=func assertCompressedHashStageVerifyFailure(t *testing.T, err error, blockID int64) {"
CK-110-0400,The application was found setting directory permissions to overly permissive values.,codacy,b4230e0db115288b7427d048c3d7342f,tests/integration/read_path_regression_test.go,516,Semgrep_go_file-permissions_rule-mkdir,Security,FileAccess,High,Opengrep,7b152752f6571720718774c7c526a118209d6807,v1.10.2,open,S3,filesystem,Test-only security scanner findings must be reviewed and suppressed only with rationale,,,none,none,none,none,none,false,false,false,true,false,test,,,investigate,,,,,"bucket=test-security-noise; line_text=if err := os.MkdirAll(snapRestoreDir, 0o755); err != nil {"
CK-110-0401,Method TestSearchFilesUsesCurrentStatePhysicalPaths has a cyclomatic complexity of 14 (limit is 8),codacy,5e90daa2249767ef825b6af2d6f649e2,internal/listing/search_test.go,83,Lizard_ccn-medium,Complexity,,Warning,Lizard,40a1210ffc8c23dc4a717ce32627c89658e0f608,v1.10.6,open,S3,codacy,Test complexity findings must be reviewed without weakening invariant coverage,,,none,none,none,none,none,false,false,false,true,false,test,,,investigate,,,,,bucket=test-complexity-hotspot; line_text=func TestSearchFilesUsesCurrentStatePhysicalPaths(t *testing.T) {
CK-110-0402,Method TestRemoveByStoredPathUnlinksSingleMappingAndKeepsSharedLogicalAlive has 54 lines of code (limit is 50),codacy,78c6a7f1029b2d372e25e5bcb162368b,internal/storage/remove_test.go,359,Lizard_nloc-medium,Complexity,,Warning,Lizard,40a1210ffc8c23dc4a717ce32627c89658e0f608,backlog,open,S3,storage,Test complexity findings must be reviewed without weakening invariant coverage,,,none,none,none,none,none,false,false,false,true,false,test,,,investigate,,,,,bucket=test-complexity-hotspot; line_text=func TestRemoveByStoredPathUnlinksSingleMappingAndKeepsSharedLogicalAlive(t *testing.T) {
CK-110-0403,Method inspectRepository has 90 lines of code (limit is 50),codacy,67d3e54f625d9d63ec55da5a48788802,internal/observability/inspect.go,85,Lizard_nloc-medium,Complexity,,Warning,Lizard,40a1210ffc8c23dc4a717ce32627c89658e0f608,v1.10.6,open,S2,codacy,Production complexity hotspots in critical paths must be tracked without behavior-changing refactors,,,none,none,none,none,none,true,false,true,false,false,production,,,investigate,,,,,"bucket=production-complexity-hotspot; line_text=func (s *Service) inspectRepository(ctx context.Context, opts InspectOptions) (*InspectResult, error) {"
CK-110-0404,Method TestRunMigrationsBackfillsChunkerVersionForLegacyLogicalFileAndChunkRows has a cyclomatic complexity of,codacy,61d37a7c78470666e2124e42eb932098,internal/db/migrations_test.go,1077,Lizard_ccn-medium,Complexity,,Warning,Lizard,094e19ea495bb597b257ad0fabe220e7cb40a658,backlog,open,S3,migration,Test complexity findings must be reviewed without weakening invariant coverage,,,none,none,none,none,none,false,false,false,true,false,test,,,investigate,,,,,bucket=test-complexity-hotspot; line_text=func TestRunMigrationsBackfillsChunkerVersionForLegacyLogicalFileAndChunkRows(t *testing.T) {
CK-110-0405,Method TestAdversarialG14SnapshotRestoreFailsClearlyWhenContainerCorrupted has a cyclomatic complexity of 10 (,codacy,2fe3ec49dbfe9debcc04bcf47523ce50,tests/adversarial/g14_g17_snapshot_retention_adversarial_test.go,581,Lizard_ccn-medium,Complexity,,Warning,Lizard,40a1210ffc8c23dc4a717ce32627c89658e0f608,backlog,open,S3,snapshot,Test complexity findings must be reviewed without weakening invariant coverage,,,none,none,none,none,none,false,false,false,true,false,test,,,investigate,,,,,bucket=test-complexity-hotspot; line_text=func TestAdversarialG14SnapshotRestoreFailsClearlyWhenContainerCorrupted(t *testing.T) {
CK-110-0406,Method expandDeep has a cyclomatic complexity of 12 (limit is 8),codacy,c31ef56f2de0d59ed8b72c6beaba1259,internal/observability/inspect.go,579,Lizard_ccn-medium,Complexity,,Warning,Lizard,40a1210ffc8c23dc4a717ce32627c89658e0f608,v1.10.6,open,S2,codacy,Production complexity hotspots in critical paths must be tracked without behavior-changing refactors,,,none,none,none,none,none,true,false,true,false,false,production,,,investigate,,,,,"bucket=production-complexity-hotspot; line_text=func (s *Service) expandDeep(ctx context.Context, root graph.NodeID, opts InspectOptions) ([]Relation, error) {"
CK-110-0407,Method checkFileChunkOrdering has 88 lines of code (limit is 50),codacy,7a2057645e532cf01129894f0b827a8d,internal/verify/verify_file.go,21,Lizard_nloc-medium,Complexity,,Warning,Lizard,40a1210ffc8c23dc4a717ce32627c89658e0f608,backlog,open,S2,verify,Production complexity hotspots in critical paths must be tracked without behavior-changing refactors,,,none,medium,none,medium,none,true,false,true,false,false,production,,,investigate,,,,,bucket=production-complexity-hotspot; line_text=func checkFileChunkOrdering(dbconn *sql.DB) error {
CK-110-0408,Expected: 2; Actual: 3,codacy,79aff2a340a10d12e59dfccaa45aac74,docs/benchmarking.md,658,markdownlint_MD007,CodeStyle,,Info,markdownlint,40a1210ffc8c23dc4a717ce32627c89658e0f608,backlog,open,S4,docs,Documentation style findings must be classified without blocking correctness releases,,,none,none,none,none,none,false,false,false,false,true,docs,,,investigate,,,,,bucket=docs-style; line_text=- heap trend checks after repeated GC boundaries
CK-110-0409,Method enrichStatsWithGraph has 55 lines of code (limit is 50),codacy,b0532a8f496bb4dbfe6cc3c47cf071c8,internal/observability/stats.go,218,Lizard_nloc-medium,Complexity,,Warning,Lizard,40a1210ffc8c23dc4a717ce32627c89658e0f608,v1.10.6,open,S2,codacy,Production complexity hotspots in critical paths must be tracked without behavior-changing refactors,,,none,none,none,none,none,true,false,true,false,false,production,,,investigate,,,,,"bucket=production-complexity-hotspot; line_text=func (s *Service) enrichStatsWithGraph(ctx context.Context, result *StatsResult, _ StatsOptions) error {"
CK-110-0410,Method BuildPlan has 59 lines of code (limit is 50),codacy,2475b0e05d9d30fcf36c1619f285e0e9,internal/gc/plan.go,122,Lizard_nloc-medium,Complexity,,Warning,Lizard,40a1210ffc8c23dc4a717ce32627c89658e0f608,v1.10.4,open,S2,gc,Production complexity hotspots in critical paths must be tracked without behavior-changing refactors,,,none,medium,none,medium,none,true,false,true,false,false,production,,,investigate,,,,,"bucket=production-complexity-hotspot; line_text=func BuildPlan(ctx context.Context, dbconn *sql.DB, opts PlanOptions) (*Plan, error) {"
CK-110-0411,SQL Injection is a critical vulnerability that can lead to data or system compromise.,codacy,8075cedfbcd090c07c515c3626ed41f,tests/integration/v18_migration_compatibility_integration_test.go,193,Semgrep_go_sql_rule-concat-sqli,Security,SQLInjection,Error,Opengrep,,v1.10.2,open,S3,security,Test-only security scanner findings must be reviewed and suppressed only with rationale,,,none,none,none,none,none,false,false,false,true,false,test,,,investigate,,,,,"bucket=test-security-noise; line_text=if err := dbconn.QueryRow(`SELECT logical_file_id FROM physical_file WHERE path = $1`, filepath.ToSlash(inputSet.duplicatePathB)).Scan(&duplicateLogicalB); err != nil {"
CK-110-0412,Method Truncate has a cyclomatic complexity of 13 (limit is 8),codacy,c8459c13ecf62455896608d2d881841d,internal/container/container.go,204,Lizard_ccn-medium,Complexity,,Warning,Lizard,62b6a5175e811f96101fe94a4ba6b3ff0484ec1a,backlog,open,S2,storage,Production complexity hotspots in critical paths must be tracked without behavior-changing refactors,,,none,medium,none,medium,none,true,false,true,false,false,production,,,investigate,,,,,bucket=production-complexity-hotspot; line_text=func (c *FileContainer) Truncate(size int64) error {
CK-110-0413,Method TestRestoreFileByStoredPathUsesPhysicalPathIdentity has a cyclomatic complexity of 19 (limit is 8),codacy,351736e59036ad6d9ce436e292d19688,internal/storage/restore_test.go,530,Lizard_ccn-medium,Complexity,,Warning,Lizard,0ba9506695566f78d25ded7b3d89078f129e25e3,v1.10.5,open,S3,restore,Test complexity findings must be reviewed without weakening invariant coverage,,,none,none,none,none,none,false,false,false,true,false,test,,,investigate,,,,,bucket=test-complexity-hotspot; line_text=func TestRestoreFileByStoredPathUsesPhysicalPathIdentity(t *testing.T) {
CK-110-0414,The application was found setting file permissions to overly permissive values.,codacy,23814f07fa9cb7540fb12cbf3cedfd5e,internal/storage/restore_test.go,1910,Semgrep_go_file-permissions_rule-fileperm,Security,FileAccess,High,Opengrep,6a6fd82a9f402e3f046ffa50b841e240daeb3c3a,v1.10.5,open,S3,restore,Test-only security scanner findings must be reviewed and suppressed only with rationale,,,none,none,none,none,none,false,false,false,true,false,test,,,investigate,,,,,"bucket=test-security-noise; line_text=t.Cleanup(func() { _ = os.Chmod(outputParentDir, 0o755) })"
CK-110-0415,Method FormatSnapshotDeleteDryRunOutput has 54 lines of code (limit is 50),codacy,233d9fe46a696f4ef2ceaa101a159daa,internal/cli/render/snapshot_delete.go,26,Lizard_nloc-medium,Complexity,,Warning,Lizard,40a1210ffc8c23dc4a717ce32627c89658e0f608,backlog,open,S2,snapshot,Production complexity hotspots in critical paths must be tracked without behavior-changing refactors,,,none,none,none,none,none,true,false,true,false,false,production,,,investigate,,,,,"bucket=production-complexity-hotspot; line_text=func FormatSnapshotDeleteDryRunOutput(snapshotID string, preview *snapshot.DeleteLineagePreview) string {"
CK-110-0416,Lists should be surrounded by blank lines,codacy,d7a2471ab354444fc0043ef204ecff84,docs/benchmarking.md,1542,markdownlint_MD032,CodeStyle,,Info,markdownlint,40a1210ffc8c23dc4a717ce32627c89658e0f608,backlog,open,S4,docs,Documentation style findings must be classified without blocking correctness releases,,,none,none,none,none,none,false,false,false,false,true,docs,,,investigate,,,,,bucket=docs-style; line_text=- New block format version or encoding stage requires format migration
CK-110-0417,Method runStatsResultWithDB has a cyclomatic complexity of 35 (limit is 8),codacy,3a0d973391d9802d6ac089ead5a57e9f,internal/maintenance/stats.go,138,Lizard_ccn-medium,Complexity,,Warning,Lizard,40a1210ffc8c23dc4a717ce32627c89658e0f608,v1.10.4,open,S2,gc,Production complexity hotspots in critical paths must be tracked without behavior-changing refactors,,,none,medium,none,medium,none,true,false,true,false,false,production,,,investigate,,,,,"bucket=production-complexity-hotspot; line_text=func runStatsResultWithDB(ctx context.Context, dbconn *sql.DB) (*StatsResult, error) {"
CK-110-0418,Method setupStoredBlockFixtureForReaderCorruption has a cyclomatic complexity of 9 (limit is 8),codacy,94186ab58ec99f9cf3f0753a8549054c,internal/storage/storage_block_reader_test.go,333,Lizard_ccn-medium,Complexity,,Warning,Lizard,40a1210ffc8c23dc4a717ce32627c89658e0f608,v1.10.3,open,S3,packed-storage,Test complexity findings must be reviewed without weakening invariant coverage,,,none,none,none,none,none,false,false,false,true,false,test,,,investigate,,,,,"bucket=test-complexity-hotspot; line_text=func setupStoredBlockFixtureForReaderCorruption(t *testing.T, codec blocks.Codec, compressionCodec string) (int64, *sql.DB, string, int64, string, int64, int64) {"
CK-110-0419,Method TestGCReachabilityMatchesLegacy has a cyclomatic complexity of 18 (limit is 8),codacy,f16f8cb525e54eb65ddc94273193cdfd,internal/maintenance/gc_test.go,610,Lizard_ccn-medium,Complexity,,Warning,Lizard,ec471b81bb0be6dab4a57c1ee8203e73905e2b0f,v1.10.4,open,S3,gc,Test complexity findings must be reviewed without weakening invariant coverage,,,none,none,none,none,none,false,false,false,true,false,test,,,investigate,,,,,bucket=test-complexity-hotspot; line_text=func TestGCReachabilityMatchesLegacy(t *testing.T) {
CK-110-0420,Lists should be surrounded by blank lines,codacy,775b9894294c854c0df6457ae79f8b52,docs/benchmarking.md,1358,markdownlint_MD032,CodeStyle,,Info,markdownlint,40a1210ffc8c23dc4a717ce32627c89658e0f608,backlog,open,S4,docs,Documentation style findings must be classified without blocking correctness releases,,,none,none,none,none,none,false,false,false,false,true,docs,,,investigate,,,,,bucket=docs-style; line_text=- CompressionFactor = LogicalBytes / CompressedBytes (always ≥ 1.0)
CK-110-0421,The application was found setting file permissions to overly permissive values.,codacy,b68e6462210d0668c02a9ebfc29d0bfc,tests/adversarial/g9_batch_semantics_adversarial_test.go,373,Semgrep_go_file-permissions_rule-fileperm,Security,FileAccess,High,Opengrep,40a1210ffc8c23dc4a717ce32627c89658e0f608,v1.10.2,open,S3,filesystem,Test-only security scanner findings must be reviewed and suppressed only with rationale,,,none,none,none,none,none,false,false,false,true,false,test,,,investigate,,,,,"bucket=test-security-noise; line_text=if err := os.WriteFile(idsPath, []byte(content), 0o644); err != nil {"
CK-110-0422,Method TestVerifyFileStandardAcceptsUnknownWellFormedVersions has 63 lines of code (limit is 50),codacy,2db49a4de8ed777d3fb862dc5be69caf,internal/verify/verify_file_test.go,183,Lizard_nloc-medium,Complexity,,Warning,Lizard,40a1210ffc8c23dc4a717ce32627c89658e0f608,backlog,open,S3,verify,Test complexity findings must be reviewed without weakening invariant coverage,,,none,none,none,none,none,false,false,false,true,false,test,,,investigate,,,,,bucket=test-complexity-hotspot; line_text=func TestVerifyFileStandardAcceptsUnknownWellFormedVersions(t *testing.T) {
CK-110-0423,Method Error has a cyclomatic complexity of 10 (limit is 8),codacy,165e2d645e788237bb7e9b4e00086945,internal/verify/verify_failure.go,20,Lizard_ccn-medium,Complexity,,Warning,Lizard,40a1210ffc8c23dc4a717ce32627c89658e0f608,backlog,open,S2,verify,Production complexity hotspots in critical paths must be tracked without behavior-changing refactors,,,none,medium,none,medium,none,true,false,true,false,false,production,,,investigate,,,,,bucket=production-complexity-hotspot; line_text=func (v *VerifyFailure) Error() string {
CK-110-0424,Method quarantineCorruptActiveContainerTails has a cyclomatic complexity of 18 (limit is 8),codacy,d9b2ec437e91fe9420731a8626fff745,internal/recovery/system_recovery.go,321,Lizard_ccn-medium,Complexity,,Warning,Lizard,40a1210ffc8c23dc4a717ce32627c89658e0f608,v1.10.5,open,S2,recovery,Production complexity hotspots in critical paths must be tracked without behavior-changing refactors,,,none,medium,none,medium,medium,true,false,true,false,false,production,,,investigate,,,,,"bucket=production-complexity-hotspot; line_text=func quarantineCorruptActiveContainerTails(dbconn *sql.DB, containersDir string, stats *recoveryStats) error {"
CK-110-0425,Method TestRenderStatsHumanAndJSONUseSameEfficiencyFields has a cyclomatic complexity of 11 (limit is 8),codacy,d65d9fe3b176a3724fa2b9ee18b4e1e5,internal/cli/render/stats_test.go,336,Lizard_ccn-medium,Complexity,,Warning,Lizard,40a1210ffc8c23dc4a717ce32627c89658e0f608,v1.10.6,open,S3,codacy,Test complexity findings must be reviewed without weakening invariant coverage,,,none,none,none,none,none,false,false,false,true,false,test,,,investigate,,,,,bucket=test-complexity-hotspot; line_text=func TestRenderStatsHumanAndJSONUseSameEfficiencyFields(t *testing.T) {
CK-110-0426,Method TestEnsurePhysicalFileForPathDefaultPolicyWithTx has a cyclomatic complexity of 18 (limit is 8),codacy,6ce3dfea5a7ab4eff1cc7f343654d11,internal/storage/physical_file_repository_test.go,38,Lizard_ccn-medium,Complexity,,Warning,Lizard,40a1210ffc8c23dc4a717ce32627c89658e0f608,backlog,open,S3,storage,Test complexity findings must be reviewed without weakening invariant coverage,,,none,none,none,none,none,false,false,false,true,false,test,,,investigate,,,,,bucket=test-complexity-hotspot; line_text=func TestEnsurePhysicalFileForPathDefaultPolicyWithTx(t *testing.T) {
CK-110-0427,"Detected string concatenation with a non-literal variable in a ""database/sql"" Go SQL statement.",codacy,387fc6d0f6abcaf395b7f79755ecd094,internal/recovery/system_recovery_test.go,47,Semgrep_go.lang.security.audit.sqli.gosql-sqli.gosql-sqli,Security,SQLInjection,Error,Opengrep,542c387ac15873fa224bb1401b6ee466eb39defc,v1.10.5,open,S3,recovery,Test-only security scanner findings must be reviewed and suppressed only with rationale,,,none,none,none,none,medium,false,false,false,true,false,test,,,investigate,,,,,"bucket=test-security-noise; line_text=res, err := dbconn.Exec(`"
CK-110-0428,Method executeSnapshotRestorePlan has a cyclomatic complexity of 9 (limit is 8),codacy,f5477f247fc80e09faa94b6e061afe91,internal/snapshot/snapshot.go,1238,Lizard_ccn-medium,Complexity,,Warning,Lizard,722b5e53426e4a6c96c1a69a8fdfbbdb403863fb,backlog,open,S2,snapshot,Production complexity hotspots in critical paths must be tracked without behavior-changing refactors,,,none,none,none,none,none,true,false,true,false,false,production,,,investigate,,,,,"bucket=production-complexity-hotspot; line_text=func executeSnapshotRestorePlan(ctx context.Context, plans []snapshotRestorePlanItem, opts RestoreSnapshotOptions) (*RestoreSnapshotResult, error) {"
CK-110-0429,Method TestSweepUnreachableChunksMixedPackedBlockKeepsAllRefsAndChunks has 77 lines of code (limit is 50),codacy,8fe03c8344e1eb5876136cd69a56de98,internal/maintenance/gc_packed_test.go,283,Lizard_nloc-medium,Complexity,,Warning,Lizard,40a1210ffc8c23dc4a717ce32627c89658e0f608,v1.10.4,open,S3,gc,Test complexity findings must be reviewed without weakening invariant coverage,,,none,none,none,none,none,false,false,false,true,false,test,,,investigate,,,,,bucket=test-complexity-hotspot; line_text=func TestSweepUnreachableChunksMixedPackedBlockKeepsAllRefsAndChunks(t *testing.T) {
CK-110-0430,Method TestStatsDelegatesAndMapsMaintenanceStats has a cyclomatic complexity of 21 (limit is 8),codacy,ce818394450c152fbdd18bdf6007cb85,internal/observability/stats_test.go,237,Lizard_ccn-medium,Complexity,,Warning,Lizard,40a1210ffc8c23dc4a717ce32627c89658e0f608,v1.10.6,open,S3,codacy,Test complexity findings must be reviewed without weakening invariant coverage,,,none,none,none,none,none,false,false,false,true,false,test,,,investigate,,,,,bucket=test-complexity-hotspot; line_text=func TestStatsDelegatesAndMapsMaintenanceStats(t *testing.T) {
CK-110-0431,All queries must target RAC_* tables.Query does not reference RAC_* table.,codacy,27789535fa6f8e3a41db406b313858ed,db/schema_postgres.sql,407,Semgrep_codacy.generic.sql.rac-table-access,Security,SQLInjection,High,Opengrep,40a1210ffc8c23dc4a717ce32627c89658e0f608,backlog,open,S1,migration,Dynamic SQL scanner findings must be reviewed for parameterization or safe identifier constraints,,,none,none,medium,none,none,true,false,true,false,false,production,,,investigate,,,,,bucket=production-security-candidate; line_text=UPDATE schema_version SET version = 8 WHERE version < 8;
CK-110-0432,A gitleaks generic-api-key was detected which attempts to identify hard-coded credentials.,codacy,75ec59c13a73151014b8d9528c93c2eb,.github/workflows/ci.yml,87,Semgrep_generic.secrets.gitleaks.generic-api-key.generic-api-key,Security,InsecureStorage,High,Opengrep,adaa71871887453e11ef44cab512ef5f468bd4ab,v1.10.6,open,S1,ci,Codacy finding must be classified before enforcement,,,none,none,medium,none,none,false,false,false,false,false,ci,,,investigate,,,,,bucket=production-security-candidate; line_text=COLDKEEP_KEY: 0123456789abcdef0123456789abcdef0123456789abcdef0123456789abcdef
CK-110-0433,Method  has 169 lines of code (limit is 50),codacy,d294b0e7dfb88d631f79c3e7921f73fb,internal/storage/store.go,240,Lizard_nloc-medium,Complexity,,Warning,Lizard,3dccceb24c62541646b0a0fec06fb8fd9177b45e,backlog,open,S2,storage,Production complexity hotspots in critical paths must be tracked without behavior-changing refactors,,,none,medium,none,medium,none,true,false,true,false,false,production,,,investigate,,,,,bucket=production-complexity-hotspot; line_text=flushPackedPending := func() error {
CK-110-0434,Method TestInspectSnapshotDeepTraversalExpandsRecursively has 71 lines of code (limit is 50),codacy,81992e45ca8cd126b0ff99908feb1275,internal/observability/inspect_test.go,548,Lizard_nloc-medium,Complexity,,Warning,Lizard,40a1210ffc8c23dc4a717ce32627c89658e0f608,v1.10.6,open,S3,codacy,Test complexity findings must be reviewed without weakening invariant coverage,,,none,none,none,none,none,false,false,false,true,false,test,,,investigate,,,,,bucket=test-complexity-hotspot; line_text=func TestInspectSnapshotDeepTraversalExpandsRecursively(t *testing.T) {
CK-110-0435,The application dynamically constructs file or path information.,codacy,eeeb54f1156caa5a7219b75e47c530fb,internal/storage/restore_step8_test.go,211,Semgrep_go_filesystem_rule-fileread,Security,FileAccess,Error,Opengrep,8d0bc66ad784f2f7569202959467afef9bb0a839,v1.10.5,open,S3,restore,Test-only security scanner findings must be reviewed and suppressed only with rationale,,,none,none,none,none,none,false,false,false,true,false,test,,,investigate,,,,,"bucket=test-security-noise; line_text=got, err := os.ReadFile(outPath)"
CK-110-0436,Method CreateSampleDataset has a cyclomatic complexity of 14 (limit is 8),codacy,80f80fda7215f219c13d393d43afaab1,tests/utils/common.go,717,Lizard_ccn-medium,Complexity,,Warning,Lizard,40a1210ffc8c23dc4a717ce32627c89658e0f608,v1.10.6,open,S3,codacy,Test complexity findings must be reviewed without weakening invariant coverage,,,none,none,none,none,none,false,false,false,true,false,test,,,investigate,,,,,"bucket=test-complexity-hotspot; line_text=func CreateSampleDataset(t *testing.T, dir string) map[string]string {"
CK-110-0437,Method runSQLitePhysicalFileMigration has a cyclomatic complexity of 12 (limit is 8),codacy,3fad71a63be974bd56cd15401d5f4fe2,internal/db/migrations.go,194,Lizard_ccn-medium,Complexity,,Warning,Lizard,1859c1b26148f0e60249b827682682d89b0183ed,backlog,open,S2,migration,Production complexity hotspots in critical paths must be tracked without behavior-changing refactors,,,none,none,none,none,none,true,false,true,false,false,production,,,investigate,,,,,"bucket=production-complexity-hotspot; line_text=func runSQLitePhysicalFileMigration(dbconn sqliteContextExecutor, ctx context.Context) error {"
CK-110-0438,Method TestPhase2HashLayerParity has a cyclomatic complexity of 9 (limit is 8),codacy,da0b794b62826dd0766576b1a417363e,internal/storage/phase1_compat_matrix_test.go,714,Lizard_ccn-medium,Complexity,,Warning,Lizard,40a1210ffc8c23dc4a717ce32627c89658e0f608,backlog,open,S3,storage,Test complexity findings must be reviewed without weakening invariant coverage,,,none,none,none,none,none,false,false,false,true,false,test,,,investigate,,,,,bucket=test-complexity-hotspot; line_text=func TestPhase2HashLayerParity(t *testing.T) {
CK-110-0439,Method planActiveContainerImpact has 150 lines of code (limit is 50),codacy,f22b8bd92bb1265f5a8f9c7cf3780082,internal/gc/plan.go,557,Lizard_nloc-medium,Complexity,,Warning,Lizard,40a1210ffc8c23dc4a717ce32627c89658e0f608,v1.10.4,open,S2,gc,Production complexity hotspots in critical paths must be tracked without behavior-changing refactors,,,none,medium,none,medium,none,true,false,true,false,false,production,,,investigate,,,,,"bucket=production-complexity-hotspot; line_text=func planActiveContainerImpact(ctx context.Context, dbconn *sql.DB, reachableChunkIDs, unreachableChunkIDs map[int64]struct{}, livePackedBlockIDs, reachablePackedBlockIDs map[int64"
CK-110-0440,Method CorruptFirstCompletedChunkByte has 52 lines of code (limit is 50),codacy,7ad924f153cba6d95370cd21b20c2e3a,tests/utils/common.go,488,Lizard_nloc-medium,Complexity,,Warning,Lizard,40a1210ffc8c23dc4a717ce32627c89658e0f608,v1.10.6,open,S3,codacy,Test complexity findings must be reviewed without weakening invariant coverage,,,none,none,none,none,none,false,false,false,true,false,test,,,investigate,,,,,"bucket=test-complexity-hotspot; line_text=func CorruptFirstCompletedChunkByte(t *testing.T, dbconn *sql.DB, containersDir string) {"
CK-110-0441,Method TestBuildPlanAssumeDeletedSnapshotsMakesChunkReclaimable has a cyclomatic complexity of 10 (limit is 8),codacy,aaa74a5e5b53bcb8f297cf6d450c43f1,internal/gc/plan_test.go,366,Lizard_ccn-medium,Complexity,,Warning,Lizard,34143034d70c7c40c189a895586c62d573126d10,v1.10.4,open,S3,gc,Test complexity findings must be reviewed without weakening invariant coverage,,,none,none,none,none,none,false,false,false,true,false,test,,,investigate,,,,,bucket=test-complexity-hotspot; line_text=func TestBuildPlanAssumeDeletedSnapshotsMakesChunkReclaimable(t *testing.T) {
CK-110-0442,Detected file permissions that are set to more than `0600` (user/owner can read and write). Setting file permi,codacy,741addda2e2b8ebeb9f67505abdd031f,tests/integration/read_path_regression_test.go,479,Semgrep_go.lang.correctness.permissions.file_permission.incorrect-default-permission,Security,FileAccess,High,Opengrep,7b152752f6571720718774c7c526a118209d6807,v1.10.2,open,S3,filesystem,Test-only security scanner findings must be reviewed and suppressed only with rationale,,,none,none,none,none,none,false,false,false,true,false,test,,,investigate,,,,,"bucket=test-security-noise; line_text=if err := os.MkdirAll(restoreDir, 0o755); err != nil {"
CK-110-0443,String-formatted SQL query detected.,codacy,78a4cb5958970615acc7938d355a5bdf,tests/integration/v18_migration_compatibility_integration_test.go,201,Semgrep_go.lang.security.audit.database.string-formatted-query.string-formatted-query,Security,SQLInjection,Error,Opengrep,,v1.10.2,open,S3,security,Test-only security scanner findings must be reviewed and suppressed only with rationale,,,none,none,none,none,none,false,false,false,true,false,test,,,investigate,,,,,"bucket=test-security-noise; line_text=if err := dbconn.QueryRow(`SELECT COUNT(*) FROM physical_file WHERE path LIKE $1`, filepath.ToSlash(filepath.Join(inputsRoot, ""many-small""))+""/%"").Scan(&manySmallCount); err != nil"
CK-110-0444,Method TestBuildVersionStatsSortedAndComplete has a cyclomatic complexity of 11 (limit is 8),codacy,2680bc0ecfc18e9dab60752342b0dbbf,internal/observability/stats_test.go,196,Lizard_ccn-medium,Complexity,,Warning,Lizard,40a1210ffc8c23dc4a717ce32627c89658e0f608,v1.10.6,open,S3,codacy,Test complexity findings must be reviewed without weakening invariant coverage,,,none,none,none,none,none,false,false,false,true,false,test,,,investigate,,,,,bucket=test-complexity-hotspot; line_text=func TestBuildVersionStatsSortedAndComplete(t *testing.T) {
CK-110-0445,Detected file permissions that are set to more than `0600` (user/owner can read and write). Setting file permi,codacy,f60c550f5385137d51a2da7c9e074cb0,tests/integration/v18_migration_compatibility_integration_test.go,1343,Semgrep_go.lang.correctness.permissions.file_permission.incorrect-default-permission,Security,FileAccess,High,Opengrep,,v1.10.2,open,S3,filesystem,Test-only security scanner findings must be reviewed and suppressed only with rationale,,,none,none,none,none,none,false,false,false,true,false,test,,,investigate,,,,,"bucket=test-security-noise; line_text=if err := os.MkdirAll(packedSnapshotRestoreDir, 0o755); err != nil {"
CK-110-0446,Method assertInvariants has a cyclomatic complexity of 11 (limit is 8),codacy,bf54f5c1dad2822b0479eae8973764f0,internal/chunk/fastcdc/chunker_test.go,42,Lizard_ccn-medium,Complexity,,Warning,Lizard,40a1210ffc8c23dc4a717ce32627c89658e0f608,backlog,open,S3,storage,Test complexity findings must be reviewed without weakening invariant coverage,,,none,none,none,none,none,false,false,false,true,false,test,,,investigate,,,,,"bucket=test-complexity-hotspot; line_text=func assertInvariants(t *testing.T, src []byte, results []shared.Result) {"
CK-110-0447,Method TestApplyPackedBlockTransformsWriteOrderCompressionThenEncryptionThenPhysicalHash has a cyclomatic comp,codacy,e7a2c7eef3d2f39a5cf95b74a48ad0a8,internal/storage/store_transform_ordering_contract_test.go,54,Lizard_ccn-medium,Complexity,,Warning,Lizard,40a1210ffc8c23dc4a717ce32627c89658e0f608,backlog,open,S3,storage,Test complexity findings must be reviewed without weakening invariant coverage,,,none,none,none,none,none,false,false,false,true,false,test,,,investigate,,,,,bucket=test-complexity-hotspot; line_text=func TestApplyPackedBlockTransformsWriteOrderCompressionThenEncryptionThenPhysicalHash(t *testing.T) {
CK-110-0448,Detected file permissions that are set to more than `0600` (user/owner can read and write). Setting file permi,codacy,e22c73c3c1b67bab255f29ccfd087e95,internal/benchmark/scenarios.go,349,Semgrep_go.lang.correctness.permissions.file_permission.incorrect-default-permission,Security,FileAccess,High,Opengrep,36a734258f88b2bad6595ae8611fe52e13b2a519,v1.10.6,open,S1,benchmark,Filesystem permission scanner findings must be reviewed by runtime area and threat model,,,none,none,medium,none,none,false,false,false,true,false,benchmark,,,investigate,,,,,"bucket=production-security-candidate; line_text=if err := os.MkdirAll(dir, 0o755); err != nil {"
CK-110-0449,Method TestFeatureGatedCompressionDedupIgnoresCompressedAndPhysicalHashesStep74 has a cyclomatic complexity of,codacy,3c5c1de0c75885984feee4134ea5574,internal/storage/store_compression_feature_gate_test.go,644,Lizard_ccn-medium,Complexity,,Warning,Lizard,ebf5f4895db8aefd5f877d53ec382f13ff3b1af1,backlog,open,S3,storage,Test complexity findings must be reviewed without weakening invariant coverage,,,none,none,none,none,none,false,false,false,true,false,test,,,investigate,,,,,bucket=test-complexity-hotspot; line_text=func TestFeatureGatedCompressionDedupIgnoresCompressedAndPhysicalHashesStep74(t *testing.T) {
CK-110-0450,Method TestStatsDelegatesAndMapsMaintenanceStats has 83 lines of code (limit is 50),codacy,28d9391350b5bb2895435044ca8a06f4,internal/observability/stats_test.go,237,Lizard_nloc-medium,Complexity,,Warning,Lizard,40a1210ffc8c23dc4a717ce32627c89658e0f608,v1.10.6,open,S3,codacy,Test complexity findings must be reviewed without weakening invariant coverage,,,none,none,none,none,none,false,false,false,true,false,test,,,investigate,,,,,bucket=test-complexity-hotspot; line_text=func TestStatsDelegatesAndMapsMaintenanceStats(t *testing.T) {
CK-110-0451,Method planContainerImpact has 132 lines of code (limit is 50),codacy,aeab5e089c17b9ae9ab7d8368391866c,internal/gc/plan.go,413,Lizard_nloc-medium,Complexity,,Warning,Lizard,40a1210ffc8c23dc4a717ce32627c89658e0f608,v1.10.4,open,S2,gc,Production complexity hotspots in critical paths must be tracked without behavior-changing refactors,,,none,medium,none,medium,none,true,false,true,false,false,production,,,investigate,,,,,"bucket=production-complexity-hotspot; line_text=func planContainerImpact(ctx context.Context, dbconn *sql.DB, unreachableChunkIDs map[int64]struct{}, livePackedBlockIDs map[int64]struct{}) ([]ContainerImpact, int64, int64, int64"
CK-110-0452,Method verifyFileContainersAndOffsets has 96 lines of code (limit is 50),codacy,f9a3d8c8432ba9d48cbd82e0d5d7ce5e,internal/verify/verify_file.go,246,Lizard_nloc-medium,Complexity,,Warning,Lizard,40a1210ffc8c23dc4a717ce32627c89658e0f608,backlog,open,S2,verify,Production complexity hotspots in critical paths must be tracked without behavior-changing refactors,,,none,medium,none,medium,none,true,false,true,false,false,production,,,investigate,,,,,"bucket=production-complexity-hotspot; line_text=func verifyFileContainersAndOffsets(dbconn *sql.DB, fileID int, containersDir string) error {"
CK-110-0453,Emphasis used instead of a heading,codacy,958d2f5c3e5bfe2731ecbbcae3f14d0d,docs/benchmarking.md,301,markdownlint_MD036,BestPractice,,Info,markdownlint,40a1210ffc8c23dc4a717ce32627c89658e0f608,backlog,open,S4,docs,Documentation style findings must be classified without blocking correctness releases,,,none,none,none,none,none,false,false,false,false,true,docs,,,investigate,,,,,bucket=docs-style; line_text=**Stage 1 (v1.9–v1.10): Warning thresholds only**
CK-110-0454,Method RunFixtureFolderRestoreAll has a cyclomatic complexity of 19 (limit is 8),codacy,cacbea79289a9f384715da2d77116fed,tests/utils/common.go,1091,Lizard_ccn-medium,Complexity,,Warning,Lizard,40a1210ffc8c23dc4a717ce32627c89658e0f608,v1.10.6,open,S3,codacy,Test complexity findings must be reviewed without weakening invariant coverage,,,none,none,none,none,none,false,false,false,true,false,test,,,investigate,,,,,"bucket=test-complexity-hotspot; line_text=func RunFixtureFolderRestoreAll(t *testing.T, fixtureDir string) {"
CK-110-0455,SQL Injection is a critical vulnerability that can lead to data or system compromise.,codacy,ae12b8229445cd608cd8a7ed634e5f66,internal/storage/store.go,2166,Semgrep_go_sql_rule-concat-sqli,Security,SQLInjection,Error,Opengrep,00eaa50528df50804d272baa0dfbf8c6704abd50,backlog,open,S1,storage,Dynamic SQL scanner findings must be reviewed for parameterization or safe identifier constraints,,,none,medium,medium,medium,none,true,false,true,false,false,production,,,investigate,,,,,"bucket=production-security-candidate; line_text=result, err := tx.ExecContext("
CK-110-0456,Method TestLoadDeleteLineagePreviewComputesLineageAndSharing has 57 lines of code (limit is 50),codacy,8f893e4213e76f86b1875a53f38c0bd9,internal/snapshot/delete_lineage_preview_test.go,9,Lizard_nloc-medium,Complexity,,Warning,Lizard,40a1210ffc8c23dc4a717ce32627c89658e0f608,backlog,open,S3,snapshot,Test complexity findings must be reviewed without weakening invariant coverage,,,none,none,none,none,none,false,false,false,true,false,test,,,investigate,,,,,bucket=test-complexity-hotspot; line_text=func TestLoadDeleteLineagePreviewComputesLineageAndSharing(t *testing.T) {
CK-110-0457,The application was found setting directory permissions to overly permissive values.,codacy,9be73b389c23d6eaa743147b9cf0da28,tests/utils/common.go,432,Semgrep_go_file-permissions_rule-mkdir,Security,FileAccess,High,Opengrep,40a1210ffc8c23dc4a717ce32627c89658e0f608,v1.10.2,open,S3,filesystem,Test-only security scanner findings must be reviewed and suppressed only with rationale,,,none,none,none,none,none,false,false,false,true,false,test,,,investigate,,,,,"bucket=test-security-noise; line_text=if err := os.MkdirAll(inputDir, 0o755); err != nil {"
CK-110-0458,All queries must target RAC_* tables.Query does not reference RAC_* table.,codacy,e472ccf15e46784c2cf61a70bcab28e1,db/schema_sqlite.sql,7,Semgrep_codacy.generic.sql.rac-table-access,Security,SQLInjection,High,Opengrep,40a1210ffc8c23dc4a717ce32627c89658e0f608,backlog,open,S1,migration,Dynamic SQL scanner findings must be reviewed for parameterization or safe identifier constraints,,,none,none,medium,none,none,true,false,true,false,false,production,,,investigate,,,,,bucket=production-security-candidate; line_text=DELETE FROM schema_version WHERE version < 15;
CK-110-0459,Overly complex sentence (41 words). Break into shorter instructions.,codacy,bf7a66cc6f08c8930ef4513d6b3a4146,SECURITY.md,128,Agentlinter_clarity_sentence-complexity,Comprehensibility,,Info,Agentlinter,40a1210ffc8c23dc4a717ce32627c89658e0f608,v1.10.6,open,S4,codacy,Documentation style findings must be classified without blocking correctness releases,,,none,none,none,none,none,false,false,false,false,true,docs,,,investigate,,,,,"bucket=docs-style; line_text=- support for both legacy single-chunk blocks and packed multi-chunk blocks (v1.8+): when `COLDKEEP_CODEC=aes-gcm`, the full encoded block is AES-GCM encrypted and persisted as a n"
CK-110-0460,Method TestStep613StatsRatioBoundaries has a cyclomatic complexity of 9 (limit is 8),codacy,ebc7160d0b8a8b4fb892fae3d53d5882,tests/integration/v19_stats_semantics_integration_test.go,326,Lizard_ccn-medium,Complexity,,Warning,Lizard,40a1210ffc8c23dc4a717ce32627c89658e0f608,v1.10.6,open,S3,codacy,Test complexity findings must be reviewed without weakening invariant coverage,,,none,none,none,none,none,false,false,false,true,false,test,,,investigate,,,,,bucket=test-complexity-hotspot; line_text=func TestStep613StatsRatioBoundaries(t *testing.T) {
CK-110-0461,"Detected string concatenation with a non-literal variable in a ""database/sql"" Go SQL statement.",codacy,608c4fdce375c13b2d02484af6a4b472,internal/db/db.go,124,Semgrep_go.lang.security.audit.sqli.gosql-sqli.gosql-sqli,Security,SQLInjection,Error,Opengrep,a861c7a9bc02b25def55d6be74fa24990f69ef5f,backlog,open,S1,migration,Dynamic SQL scanner findings must be reviewed for parameterization or safe identifier constraints,,,none,none,medium,none,none,true,false,true,false,false,production,,,investigate,,,,,"bucket=production-security-candidate; line_text=_, err := db.Exec(fmt.Sprintf(""PRAGMA busy_timeout = %d"", busyTimeoutMillis))"
CK-110-0462,SQL Injection is a critical vulnerability that can lead to data or system compromise.,codacy,6d1684a96e4745958c48155aacbf4f43,tests/integration/v18_migration_compatibility_integration_test.go,190,Semgrep_go_sql_rule-concat-sqli,Security,SQLInjection,Error,Opengrep,,v1.10.2,open,S3,security,Test-only security scanner findings must be reviewed and suppressed only with rationale,,,none,none,none,none,none,false,false,false,true,false,test,,,investigate,,,,,"bucket=test-security-noise; line_text=if err := dbconn.QueryRow(`SELECT logical_file_id FROM physical_file WHERE path = $1`, filepath.ToSlash(inputSet.duplicatePathA)).Scan(&duplicateLogicalA); err != nil {"
CK-110-0463,Unused import math,codacy,f887b56ad5a36f62a23433bcdb99f7bf,scripts/compare_phase8_dedup_results.py,4,PyLintPython3_W0611,UnusedCode,,Warning,Pylint,40a1210ffc8c23dc4a717ce32627c89658e0f608,v1.10.6,open,S2,tooling,Release and benchmark scripts must not mask failures or mishandle unsafe inputs,,,low,none,none,low,none,false,true,false,false,false,script,,,investigate,,,,,bucket=script-tooling-risk; line_text=import math
CK-110-0464,Detected file permissions that are set to more than `0600` (user/owner can read and write). Setting file permi,codacy,3493349667c70a234c6441eed5ac0527,tests/adversarial/g4_non_destructive_gc_adversarial_test.go,203,Semgrep_go.lang.correctness.permissions.file_permission.incorrect-default-permission,Security,FileAccess,High,Opengrep,40a1210ffc8c23dc4a717ce32627c89658e0f608,v1.10.4,open,S3,gc,Test-only security scanner findings must be reviewed and suppressed only with rationale,,,none,none,none,none,none,false,false,false,true,false,test,,,investigate,,,,,"bucket=test-security-noise; line_text=if err := os.MkdirAll(inputDir, 0o755); err != nil {"
CK-110-0465,SQL Injection is a critical vulnerability that can lead to data or system compromise.,codacy,145a49176d7beb7c96dd4a66c5e5c6c6,internal/observability/service_test.go,133,Semgrep_go_sql_rule-concat-sqli,Security,SQLInjection,Error,Opengrep,5203403c366c34daedb23d0c4ef345f787d6188b,v1.10.2,open,S3,security,Test-only security scanner findings must be reviewed and suppressed only with rationale,,,none,none,none,none,none,false,false,false,true,false,test,,,investigate,,,,,bucket=test-security-noise; line_text=if err := dbconn.QueryRow(`SELECT COUNT(*) FROM ` + table).Scan(&count); err != nil {
CK-110-0466,The application was found setting file permissions to overly permissive values.,codacy,ea15233b658ec38ece8f79f84f42b324,tests/utils/common.go,772,Semgrep_go_file-permissions_rule-fileperm,Security,FileAccess,High,Opengrep,40a1210ffc8c23dc4a717ce32627c89658e0f608,v1.10.2,open,S3,filesystem,Test-only security scanner findings must be reviewed and suppressed only with rationale,,,none,none,none,none,none,false,false,false,true,false,test,,,investigate,,,,,"bucket=test-security-noise; line_text=if err := os.WriteFile(p1, dup, 0o644); err != nil {"
CK-110-0467,Do not use `math/rand`. Use `crypto/rand` instead.,codacy,4511b1631bf9d9c90ce8a9229160dc89,internal/graph/reachability_test.go,7,Semgrep_go.lang.security.audit.crypto.math_random.math-random-used,Security,Cryptography,Error,Opengrep,662965066392590c71376f6860b0ada0bf23cd4e,v1.10.6,open,S3,codacy,Test-only security scanner findings must be reviewed and suppressed only with rationale,,,none,none,none,none,none,false,false,false,true,false,test,,,investigate,,,,,"bucket=test-security-noise; line_text=""math/rand"""
CK-110-0468,Lists should be surrounded by blank lines,codacy,407e28f6e7fd5d82fa409f5da3758fba,docs/STEP64_METRICS_VALIDATION.md,157,markdownlint_MD032,CodeStyle,,Info,markdownlint,40a1210ffc8c23dc4a717ce32627c89658e0f608,backlog,open,S4,docs,Documentation style findings must be classified without blocking correctness releases,,,none,none,none,none,none,false,false,false,false,true,docs,,,investigate,,,,,bucket=docs-style; line_text=- [docs/BENCHMARK_METRICS.md](../docs/BENCHMARK_METRICS.md)
CK-110-0469,String-formatted SQL query detected.,codacy,d8aaacd750f15a68a676e3601c54c875,internal/verify/verify_corruption_fixtures_test.go,65,Semgrep_go.lang.security.audit.database.string-formatted-query.string-formatted-query,Security,SQLInjection,Error,Opengrep,4063279927e416c661b23b985ef8102a362051e0,backlog,open,S3,verify,Test-only security scanner findings must be reviewed and suppressed only with rationale,,,none,none,none,none,none,false,false,false,true,false,test,,,investigate,,,,,"bucket=test-security-noise; line_text=query := fmt.Sprintf(""UPDATE storage_blocks SET %s = $1 WHERE id = $2"", field)"
CK-110-0470,Method validateReusableLogicalFileGraphWithContext has 118 lines of code (limit is 50),codacy,72c1382c047bc031b2b4839f0e3a68ab,internal/storage/store.go,1245,Lizard_nloc-medium,Complexity,,Warning,Lizard,ef2ddad01f6d10d6c075d3ae2df7682a5d8a237d,backlog,open,S2,storage,Production complexity hotspots in critical paths must be tracked without behavior-changing refactors,,,none,medium,none,medium,none,true,false,true,false,false,production,,,investigate,,,,,"bucket=production-complexity-hotspot; line_text=func validateReusableLogicalFileGraphWithContext(ctx context.Context, dbconn *sql.DB, fileID int64, containersDir string) error {"
CK-110-0471,Expected: 1; Actual: 0; Below,codacy,fcfb55f27a2a80cb393fc2d35e25e14b,docs/STEP64_METRICS_VALIDATION.md,143,markdownlint_MD022,CodeStyle,,Info,markdownlint,40a1210ffc8c23dc4a717ce32627c89658e0f608,backlog,open,S4,docs,Documentation style findings must be classified without blocking correctness releases,,,none,none,none,none,none,false,false,false,false,true,docs,,,investigate,,,,,bucket=docs-style; line_text=### Core Implementation
CK-110-0472,Insecure dependency golang/stdlib@v1.23.0 (CVE-2025-47912: net/url: Insufficient validation of bracketed IPv6 ,codacy,b7d0567f9af2d75b309f3158734bef88,go.mod,3,Trivy_vulnerability_medium,Security,InsecureModulesLibraries,Warning,Trivy,40a1210ffc8c23dc4a717ce32627c89658e0f608,v1.10.2,open,S1,dependencies,Supported Go toolchain must not carry known unplanned CVEs,,,none,none,medium,none,none,true,true,true,false,false,production,,,fix,,,,,bucket=dependency-cve; line_text=go 1.23
CK-110-0473,Method restoreFromDescriptorWithStorageContextResultOptions has a cyclomatic complexity of 10 (limit is 8),codacy,e708da2e7ce7c369c67ed5dee4b6e4a5,internal/storage/restore.go,799,Lizard_ccn-medium,Complexity,,Warning,Lizard,40a1210ffc8c23dc4a717ce32627c89658e0f608,v1.10.5,open,S2,restore,Production complexity hotspots in critical paths must be tracked without behavior-changing refactors,,,none,medium,none,medium,none,true,false,true,false,false,production,,,investigate,,,,,"bucket=production-complexity-hotspot; line_text=func restoreFromDescriptorWithStorageContextResultOptions(sgctx StorageContext, descriptor RestoreDescriptor, opts RestoreOptions) (RestoreFileResult, error) {"
CK-110-0474,The application was found setting file permissions to overly permissive values.,codacy,99002ea2a76d2169e20cdb74cd71e433,internal/storage/restore_test.go,1813,Semgrep_go_file-permissions_rule-fileperm,Security,FileAccess,High,Opengrep,d104619b2cea63d2c885d95db0406bab662862ce,v1.10.5,open,S3,restore,Test-only security scanner findings must be reviewed and suppressed only with rationale,,,none,none,none,none,none,false,false,false,true,false,test,,,investigate,,,,,"bucket=test-security-noise; line_text=if err := os.WriteFile(blockerFile, []byte(""not-a-directory""), 0o644); err != nil {"
CK-110-0475,Lists should be surrounded by blank lines,codacy,74dcf63b94fd1bb829f477f3ac8a1672,docs/benchmarking.md,1494,markdownlint_MD032,CodeStyle,,Info,markdownlint,40a1210ffc8c23dc4a717ce32627c89658e0f608,backlog,open,S4,docs,Documentation style findings must be classified without blocking correctness releases,,,none,none,none,none,none,false,false,false,false,true,docs,,,investigate,,,,,bucket=docs-style; line_text=- 10 sections covering all areas
CK-110-0476,The application was found setting directory permissions to overly permissive values.,codacy,577d614712e51810c7c500539d65a8c5,tests/adversarial/g9_batch_semantics_adversarial_test.go,86,Semgrep_go_file-permissions_rule-mkdir,Security,FileAccess,High,Opengrep,40a1210ffc8c23dc4a717ce32627c89658e0f608,v1.10.2,open,S3,filesystem,Test-only security scanner findings must be reviewed and suppressed only with rationale,,,none,none,none,none,none,false,false,false,true,false,test,,,investigate,,,,,"bucket=test-security-noise; line_text=if err := os.MkdirAll(inputDir, 0o755); err != nil {"
CK-110-0477,Lists should be surrounded by blank lines,codacy,adba9dca742550025daf78d51d36e4b6,docs/STEP64_METRICS_VALIDATION.md,30,markdownlint_MD032,CodeStyle,,Info,markdownlint,40a1210ffc8c23dc4a717ce32627c89658e0f608,backlog,open,S4,docs,Documentation style findings must be classified without blocking correctness releases,,,none,none,none,none,none,false,false,false,false,true,docs,,,investigate,,,,,bucket=docs-style; line_text=- `CompressionCPUTime` — CPU time for compression phase
CK-110-0478,Method verifyFileChunkHashes has 137 lines of code (limit is 50),codacy,3843dec97a47d2a89c7b3e793c81a2a5,internal/verify/verify_file.go,374,Lizard_nloc-medium,Complexity,,Warning,Lizard,40a1210ffc8c23dc4a717ce32627c89658e0f608,backlog,open,S2,verify,Production complexity hotspots in critical paths must be tracked without behavior-changing refactors,,,none,medium,none,medium,none,true,false,true,false,false,production,,,investigate,,,,,"bucket=production-complexity-hotspot; line_text=func verifyFileChunkHashes(dbconn *sql.DB, fileID int, containersDir string) error {"
CK-110-0479,Detected file permissions that are set to more than `0600` (user/owner can read and write). Setting file permi,codacy,a4ccc97de9de7fb92c3161d6c7634882,internal/benchmark/scenarios.go,383,Semgrep_go.lang.correctness.permissions.file_permission.incorrect-default-permission,Security,FileAccess,High,Opengrep,36a734258f88b2bad6595ae8611fe52e13b2a519,v1.10.6,open,S1,benchmark,Filesystem permission scanner findings must be reviewed by runtime area and threat model,,,none,none,medium,none,none,false,false,false,true,false,benchmark,,,investigate,,,,,"bucket=production-security-candidate; line_text=if err := os.MkdirAll(filepath.Dir(path), 0o755); err != nil {"
CK-110-0480,Lists should be surrounded by blank lines,codacy,5be71ccc572e171f0a00e43d7414b823,docs/STORAGE_SEMANTICS_v1.9_ENGINE_QUICK_REFERENCE.md,176,markdownlint_MD032,CodeStyle,,Info,markdownlint,40a1210ffc8c23dc4a717ce32627c89658e0f608,backlog,open,S4,docs,Documentation style findings must be classified without blocking correctness releases,,,none,none,none,none,none,false,false,false,false,true,docs,,,investigate,,,,,bucket=docs-style; line_text=- Unencrypted (`codec=none`) + AES-GCM (`codec=aes-gcm`) blocks simultaneously
CK-110-0481,All queries must target RAC_* tables.Query does not reference RAC_* table.,codacy,d601b2d489b82cf8605e07bb69ddf4b6,db/schema_postgres.sql,198,Semgrep_codacy.generic.sql.rac-table-access,Security,SQLInjection,High,Opengrep,318edbc4cd388aa707725fec4bc1a011e60724c8,backlog,open,S1,migration,Dynamic SQL scanner findings must be reviewed for parameterization or safe identifier constraints,,,none,none,medium,none,none,true,false,true,false,false,production,,,investigate,,,,,bucket=production-security-candidate; line_text=SELECT con.conname INTO unique_con_name
CK-110-0482,Expected: 2; Actual: 3,codacy,eb74291ee1e333279d5a4f565e60122c,docs/benchmarking.md,1487,markdownlint_MD007,CodeStyle,,Info,markdownlint,40a1210ffc8c23dc4a717ce32627c89658e0f608,backlog,open,S4,docs,Documentation style findings must be classified without blocking correctness releases,,,none,none,none,none,none,false,false,false,false,true,docs,,,investigate,,,,,bucket=docs-style; line_text=- storage codec: `none` | `aes-gcm`
CK-110-0483,Method TestSimulateGCDeterministicAcrossCalls has a cyclomatic complexity of 12 (limit is 8),codacy,942c45eb88105e99f2a41bf01aab99a5,internal/observability/service_test.go,427,Lizard_ccn-medium,Complexity,,Warning,Lizard,40a1210ffc8c23dc4a717ce32627c89658e0f608,v1.10.6,open,S3,codacy,Test complexity findings must be reviewed without weakening invariant coverage,,,none,none,none,none,none,false,false,false,true,false,test,,,investigate,,,,,bucket=test-complexity-hotspot; line_text=func TestSimulateGCDeterministicAcrossCalls(t *testing.T) {
CK-110-0484,SQL Injection is a critical vulnerability that can lead to data or system compromise.,codacy,6a2e72015b589518d143f25d0d7b3014,internal/storage/store.go,2205,Semgrep_go_sql_rule-concat-sqli,Security,SQLInjection,Error,Opengrep,8f8187261feb49b998a4a0c0031d3a1f60281490,backlog,open,S1,storage,Dynamic SQL scanner findings must be reviewed for parameterization or safe identifier constraints,,,none,medium,medium,medium,none,true,false,true,false,false,production,,,investigate,,,,,"bucket=production-security-candidate; line_text=if _, err := tx.ExecContext(ctx, `UPDATE chunk SET live_ref_count = live_ref_count + 1 WHERE id = $1`, chunkID); err != nil {"
CK-110-0485,Method TestSimulateGCJSONRoundTrip has a cyclomatic complexity of 9 (limit is 8),codacy,2cfae0b71bf00d037dc66bb059f1a42,internal/observability/service_test.go,395,Lizard_ccn-medium,Complexity,,Warning,Lizard,40a1210ffc8c23dc4a717ce32627c89658e0f608,v1.10.6,open,S3,codacy,Test complexity findings must be reviewed without weakening invariant coverage,,,none,none,none,none,none,false,false,false,true,false,test,,,investigate,,,,,bucket=test-complexity-hotspot; line_text=func TestSimulateGCJSONRoundTrip(t *testing.T) {
CK-110-0486,Method TestRestoreFailsOnChunkHashMismatch has a cyclomatic complexity of 11 (limit is 8),codacy,fd6443551a78673d664914cf94e5582f,internal/storage/restore_test.go,1140,Lizard_ccn-medium,Complexity,,Warning,Lizard,cf4914f9f955062d3899c1b88ebb484f4a37543c,v1.10.5,open,S3,restore,Test complexity findings must be reviewed without weakening invariant coverage,,,none,none,none,none,none,false,false,false,true,false,test,,,investigate,,,,,bucket=test-complexity-hotspot; line_text=func TestRestoreFailsOnChunkHashMismatch(t *testing.T) {
CK-110-0487,Insecure dependency golang/stdlib@v1.23.0 (CVE-2026-39826: If a trusted template author were to write a <scrip,codacy,e5f5b325cadefb061098928a02592c82,go.mod,3,Trivy_vulnerability_medium,Security,InsecureModulesLibraries,Warning,Trivy,40a1210ffc8c23dc4a717ce32627c89658e0f608,v1.10.2,open,S1,dependencies,Supported Go toolchain must not carry known unplanned CVEs,,,none,none,medium,none,none,true,true,true,false,false,production,,,fix,,,,,bucket=dependency-cve; line_text=go 1.23
CK-110-0488,SQL Injection is a critical vulnerability that can lead to data or system compromise.,codacy,e1b62933befe0343ee3902811f9e91a1,internal/gc/plan_test.go,383,Semgrep_go_sql_rule-concat-sqli,Security,SQLInjection,Error,Opengrep,34143034d70c7c40c189a895586c62d573126d10,v1.10.4,open,S3,gc,Test-only security scanner findings must be reviewed and suppressed only with rationale,,,none,none,none,none,none,false,false,false,true,false,test,,,investigate,,,,,"bucket=test-security-noise; line_text=if _, err := dbconn.Exec(`INSERT INTO snapshot_file (snapshot_id, path_id, logical_file_id) VALUES ('snap-001', ?, ?)`, pathID, fileID); err != nil {"
CK-110-0489,Method ListSnapshotFiles has a cyclomatic complexity of 12 (limit is 8),codacy,8078dd45aff67cfe91a67625fe0fb0b6,internal/snapshot/snapshot.go,547,Lizard_ccn-medium,Complexity,,Warning,Lizard,42ec1a20d02fe9c7047e859cfc207e75dd2fd01e,backlog,open,S2,snapshot,Production complexity hotspots in critical paths must be tracked without behavior-changing refactors,,,none,none,none,none,none,true,false,true,false,false,production,,,investigate,,,,,"bucket=production-complexity-hotspot; line_text=func ListSnapshotFiles(ctx context.Context, db *sql.DB, snapshotID string, limit int, query *SnapshotQuery) ([]SnapshotFileEntry, error) {"
CK-110-0490,File internal/verify/verify_corruption_fixtures_test.go has 734 non-comment lines of code,codacy,ce9916ae32fb9751d9a48f59812a848e,internal/verify/verify_corruption_fixtures_test.go,1,Lizard_file-nloc-medium,Complexity,,Warning,Lizard,40a1210ffc8c23dc4a717ce32627c89658e0f608,backlog,open,S3,verify,Test complexity findings must be reviewed without weakening invariant coverage,,,none,none,none,none,none,false,false,false,true,false,test,,,investigate,,,,,bucket=test-complexity-hotspot; line_text=package verify
CK-110-0491,The application was found setting directory permissions to overly permissive values.,codacy,c423da44cb4eb1a76e435058f20671c9,internal/storage/phase1_compat_matrix_test.go,56,Semgrep_go_file-permissions_rule-mkdir,Security,FileAccess,High,Opengrep,685c72e624fd873ed17ce60c7884b8e1cb949855,backlog,open,S3,storage,Test-only security scanner findings must be reviewed and suppressed only with rationale,,,none,none,none,none,none,false,false,false,true,false,test,,,investigate,,,,,"bucket=test-security-noise; line_text=if err := os.MkdirAll(containersDir, 0o755); err != nil {"
CK-110-0492,Method verifyFileChunkHashes has a cyclomatic complexity of 19 (limit is 8),codacy,db9ab5e2e0635c5f5671ef1a1be8acef,internal/verify/verify_file.go,374,Lizard_ccn-medium,Complexity,,Warning,Lizard,40a1210ffc8c23dc4a717ce32627c89658e0f608,backlog,open,S2,verify,Production complexity hotspots in critical paths must be tracked without behavior-changing refactors,,,none,medium,none,medium,none,true,false,true,false,false,production,,,investigate,,,,,"bucket=production-complexity-hotspot; line_text=func verifyFileChunkHashes(dbconn *sql.DB, fileID int, containersDir string) error {"
CK-110-0493,SQL Injection is a critical vulnerability that can lead to data or system compromise.,codacy,9750d5eaadd8d69d4d74fd80ccaaabb3,internal/verify/verify_corruption_fixtures_test.go,66,Semgrep_go_sql_rule-concat-sqli,Security,SQLInjection,Error,Opengrep,4063279927e416c661b23b985ef8102a362051e0,backlog,open,S3,verify,Test-only security scanner findings must be reviewed and suppressed only with rationale,,,none,none,none,none,none,false,false,false,true,false,test,,,investigate,,,,,"bucket=test-security-noise; line_text=res, err := repo.dbconn.Exec(query, value, blockID)"
CK-110-0494,Insecure dependency golang/stdlib@v1.23.0 (CVE-2025-61723: encoding/pem: Quadratic complexity when parsing som,codacy,7b706fdc43ce595c2452f1ca15e91cc4,go.mod,3,Trivy_vulnerability_medium,Security,InsecureModulesLibraries,Warning,Trivy,40a1210ffc8c23dc4a717ce32627c89658e0f608,v1.10.2,open,S1,dependencies,Supported Go toolchain must not carry known unplanned CVEs,,,none,none,medium,none,none,true,true,true,false,false,production,,,fix,,,,,bucket=dependency-cve; line_text=go 1.23
CK-110-0495,Method TestGetReachableChunksMatchesLegacyAcrossRandomizedFixtures has a cyclomatic complexity of 26 (limit is,codacy,793954f7b7cb1b426c7c5c70131637c8,internal/graph/reachability_test.go,350,Lizard_ccn-medium,Complexity,,Warning,Lizard,662965066392590c71376f6860b0ada0bf23cd4e,v1.10.6,open,S3,codacy,Test complexity findings must be reviewed without weakening invariant coverage,,,none,none,none,none,none,false,false,false,true,false,test,,,investigate,,,,,bucket=test-complexity-hotspot; line_text=func TestGetReachableChunksMatchesLegacyAcrossRandomizedFixtures(t *testing.T) {
CK-110-0496,Method Inspect has 64 lines of code (limit is 50),codacy,afb420351b5f5df0159e791281ba7e02,internal/observability/inspect.go,17,Lizard_nloc-medium,Complexity,,Warning,Lizard,40a1210ffc8c23dc4a717ce32627c89658e0f608,v1.10.6,open,S2,codacy,Production complexity hotspots in critical paths must be tracked without behavior-changing refactors,,,none,none,none,none,none,true,false,true,false,false,production,,,investigate,,,,,"bucket=production-complexity-hotspot; line_text=func (s *Service) Inspect(ctx context.Context, entity EntityType, id string, opts InspectOptions) (*InspectResult, error) {"
CK-110-0497,SQL Injection is a critical vulnerability that can lead to data or system compromise.,codacy,78ad0c72d7bb78e8319fb7371132225a,internal/snapshot/path_resolver.go,241,Semgrep_go_sql_rule-concat-sqli,Security,SQLInjection,Error,Opengrep,56858fba01e912aa5c716bb1d723a384c8b030e8,backlog,open,S1,snapshot,Dynamic SQL scanner findings must be reviewed for parameterization or safe identifier constraints,,,none,none,medium,none,none,true,false,true,false,false,production,,,investigate,,,,,"bucket=production-security-candidate; line_text=rows2, err := exec.QueryContext(ctx,"
CK-110-0498,Do not use `math/rand`. Use `crypto/rand` instead.,codacy,d7c0c9f3e15f51ad6a5819109945c422,tests/adversarial/v110_s0_chunk_reuse_bounds_stabilization_test.go,8,Semgrep_go.lang.security.audit.crypto.math_random.math-random-used,Security,Cryptography,Error,Opengrep,40a1210ffc8c23dc4a717ce32627c89658e0f608,backlog,open,S3,storage,Test-only security scanner findings must be reviewed and suppressed only with rationale,,,none,none,none,none,none,false,false,false,true,false,test,,,investigate,,,,,"bucket=test-security-noise; line_text=""math/rand"""
CK-110-0499,Method TestSweepUnreachableChunksMetadataOrderTransactionSafety has 69 lines of code (limit is 50),codacy,d4c902677e12571b56c00db762f65349,internal/maintenance/gc_packed_test.go,435,Lizard_nloc-medium,Complexity,,Warning,Lizard,40a1210ffc8c23dc4a717ce32627c89658e0f608,v1.10.4,open,S3,gc,Test complexity findings must be reviewed without weakening invariant coverage,,,none,none,none,none,none,false,false,false,true,false,test,,,investigate,,,,,bucket=test-complexity-hotspot; line_text=func TestSweepUnreachableChunksMetadataOrderTransactionSafety(t *testing.T) {
CK-110-0500,Method TestStoreFileCaseSensitivity has a cyclomatic complexity of 14 (limit is 8),codacy,232f334ca97382b655f73c7668dcd4f1,internal/storage/physical_file_repository_test.go,479,Lizard_ccn-medium,Complexity,,Warning,Lizard,40a1210ffc8c23dc4a717ce32627c89658e0f608,backlog,open,S3,storage,Test complexity findings must be reviewed without weakening invariant coverage,,,none,none,none,none,none,false,false,false,true,false,test,,,investigate,,,,,bucket=test-complexity-hotspot; line_text=func TestStoreFileCaseSensitivity(t *testing.T) {
CK-110-0501,Method TestPhase7BuildFixtureWithActualV17BinaryIntegration has a cyclomatic complexity of 14 (limit is 8),codacy,868ee23a925e0db9a7b7feac60d70b57,tests/integration/v18_migration_compatibility_integration_test.go,1080,Lizard_ccn-medium,Complexity,,Warning,Lizard,40a1210ffc8c23dc4a717ce32627c89658e0f608,v1.10.6,open,S3,codacy,Test complexity findings must be reviewed without weakening invariant coverage,,,none,none,none,none,none,false,false,false,true,false,test,,,investigate,,,,,bucket=test-complexity-hotspot; line_text=func TestPhase7BuildFixtureWithActualV17BinaryIntegration(t *testing.T) {
CK-110-0502,SQL Injection is a critical vulnerability that can lead to data or system compromise.,codacy,cdb7add03c97fef4a14b233d9bcba848,internal/gc/plan_test.go,834,Semgrep_go_sql_rule-concat-sqli,Security,SQLInjection,Error,Opengrep,d6c7f4ff856392623df486700284386013fcd003,v1.10.4,open,S3,gc,Test-only security scanner findings must be reviewed and suppressed only with rationale,,,none,none,none,none,none,false,false,false,true,false,test,,,investigate,,,,,"bucket=test-security-noise; line_text=if _, err := dbconn.Exec(`INSERT INTO snapshot_file (snapshot_id, path_id, logical_file_id) VALUES ('snap-002', ?, ?)`, pathID2, snapFile2); err != nil {"
CK-110-0503,Method TestBuildPlanPartiallyDeadContainerDistinguishesLogicalVsPhysical has a cyclomatic complexity of 13 (li,codacy,896772538101e8dd7d3e0e24e3841d7d,internal/gc/plan_test.go,513,Lizard_ccn-medium,Complexity,,Warning,Lizard,a15c4b94a66e9a748c113681b1f46587618566ce,v1.10.4,open,S3,gc,Test complexity findings must be reviewed without weakening invariant coverage,,,none,none,none,none,none,false,false,false,true,false,test,,,investigate,,,,,bucket=test-complexity-hotspot; line_text=func TestBuildPlanPartiallyDeadContainerDistinguishesLogicalVsPhysical(t *testing.T) {
CK-110-0504,Method seedBenchmarkPhysicalFiles has a cyclomatic complexity of 9 (limit is 8),codacy,cae7b5d88ce41601db1a7e72fd83c97e,internal/snapshot/snapshot_bench_test.go,30,Lizard_ccn-medium,Complexity,,Warning,Lizard,40a1210ffc8c23dc4a717ce32627c89658e0f608,backlog,open,S3,snapshot,Test complexity findings must be reviewed without weakening invariant coverage,,,none,none,none,none,none,false,false,false,true,false,test,,,investigate,,,,,"bucket=test-complexity-hotspot; line_text=func seedBenchmarkPhysicalFiles(b *testing.B, dbconn *sql.DB, fileCount int) {"
CK-110-0505,Method  has a cyclomatic complexity of 12 (limit is 8),codacy,87d3134d4c791314abe45ba8d6c4c896,tests/adversarial/g9_batch_semantics_adversarial_test.go,367,Lizard_ccn-medium,Complexity,,Warning,Lizard,40a1210ffc8c23dc4a717ce32627c89658e0f608,v1.10.6,open,S3,codacy,Test complexity findings must be reviewed without weakening invariant coverage,,,none,none,none,none,none,false,false,false,true,false,test,,,investigate,,,,,"bucket=test-complexity-hotspot; line_text=t.Run(""input file mixed chaos"", func(t *testing.T) {"
CK-110-0506,Method checkReferenceCounts has 55 lines of code (limit is 50),codacy,1f00a05cae052a904dce48606e6d5ef0,internal/verify/verify_chunk.go,15,Lizard_nloc-medium,Complexity,,Warning,Lizard,40a1210ffc8c23dc4a717ce32627c89658e0f608,backlog,open,S2,verify,Production complexity hotspots in critical paths must be tracked without behavior-changing refactors,,,none,medium,none,medium,none,true,false,true,false,false,production,,,investigate,,,,,bucket=production-complexity-hotspot; line_text=func checkReferenceCounts(dbconn *sql.DB) error {
CK-110-0507,Method TestRemoveFailsWhenLogicalFileIsRetainedBySnapshot has 58 lines of code (limit is 50),codacy,a55194b1eb2ac205f2496e8daa2db252,internal/storage/remove_test.go,59,Lizard_nloc-medium,Complexity,,Warning,Lizard,40a1210ffc8c23dc4a717ce32627c89658e0f608,backlog,open,S3,storage,Test complexity findings must be reviewed without weakening invariant coverage,,,none,none,none,none,none,false,false,false,true,false,test,,,investigate,,,,,bucket=test-complexity-hotspot; line_text=func TestRemoveFailsWhenLogicalFileIsRetainedBySnapshot(t *testing.T) {
CK-110-0508,Method assertDecompressStageVerifyFailure has a cyclomatic complexity of 13 (limit is 8),codacy,d868ef083aadbd5d4ab2d1873323b5f,internal/verify/verify_corruption_fixtures_test.go,216,Lizard_ccn-medium,Complexity,,Warning,Lizard,40a1210ffc8c23dc4a717ce32627c89658e0f608,backlog,open,S3,verify,Test complexity findings must be reviewed without weakening invariant coverage,,,none,none,none,none,none,false,false,false,true,false,test,,,investigate,,,,,"bucket=test-complexity-hotspot; line_text=func assertDecompressStageVerifyFailure(t *testing.T, err error, blockID int64, detailSubstring string) {"
CK-110-0509,Method TestRetentionByLogicalIDNotPath has a cyclomatic complexity of 9 (limit is 8),codacy,5dbdf9227096bf4605f3ae52068fe52d,internal/retention/reachability_test.go,445,Lizard_ccn-medium,Complexity,,Warning,Lizard,40a1210ffc8c23dc4a717ce32627c89658e0f608,v1.10.6,open,S3,codacy,Test complexity findings must be reviewed without weakening invariant coverage,,,none,none,none,none,none,false,false,false,true,false,test,,,investigate,,,,,bucket=test-complexity-hotspot; line_text=func TestRetentionByLogicalIDNotPath(t *testing.T) {
CK-110-0510,SQL Injection is a critical vulnerability that can lead to data or system compromise.,codacy,637cf5fb511e3eeab7e86353c3554df7,internal/storage/store.go,2229,Semgrep_go_sql_rule-concat-sqli,Security,SQLInjection,Error,Opengrep,8a10ffd445e252a9a5163c5020ec328e976975f9,backlog,open,S1,storage,Dynamic SQL scanner findings must be reviewed for parameterization or safe identifier constraints,,,none,medium,medium,medium,none,true,false,true,false,false,production,,,investigate,,,,,bucket=production-security-candidate; line_text=if err := tx.QueryRowContext(
CK-110-0511,Method readRepositoryDefaults has a cyclomatic complexity of 12 (limit is 8),codacy,69d8cba3678d118a50df9fbf4cebdeb5,internal/repository/capabilities/derive.go,120,Lizard_ccn-medium,Complexity,,Warning,Lizard,40a1210ffc8c23dc4a717ce32627c89658e0f608,v1.10.6,open,S2,codacy,Production complexity hotspots in critical paths must be tracked without behavior-changing refactors,,,none,none,none,none,none,true,false,true,false,false,production,,,investigate,,,,,"bucket=production-complexity-hotspot; line_text=func readRepositoryDefaults(ctx context.Context, dbconn *sql.DB) (string, int, error) {"
CK-110-0512,Method lockContainerRowNowaitWithRetry has 52 lines of code (limit is 50),codacy,d646656395a632ed6ba06a4c7b6bcd2,internal/container/local_writer.go,227,Lizard_nloc-medium,Complexity,,Warning,Lizard,55fd5483af6b4915ab73ab0c5e16ccb22c9a6592,backlog,open,S2,storage,Production complexity hotspots in critical paths must be tracked without behavior-changing refactors,,,none,medium,none,medium,none,true,false,true,false,false,production,,,investigate,,,,,"bucket=production-complexity-hotspot; line_text=func lockContainerRowNowaitWithRetry(tx db.DBTX, dbconn *sql.DB, containerID int64, attempts int, baseWait time.Duration) error {"
CK-110-0513,Detected file permissions that are set to more than `0600` (user/owner can read and write). Setting file permi,codacy,b68d39b18225addd4de440ba95640b09,tests/adversarial/g14_g17_snapshot_retention_adversarial_test.go,412,Semgrep_go.lang.correctness.permissions.file_permission.incorrect-default-permission,Security,FileAccess,High,Opengrep,e675ba781b33cb0a643d74df46df9e78fa50484c,backlog,open,S3,snapshot,Test-only security scanner findings must be reviewed and suppressed only with rationale,,,none,none,none,none,none,false,false,false,true,false,test,,,investigate,,,,,"bucket=test-security-noise; line_text=if err := os.MkdirAll(filepath.Join(inputDir, ""img""), 0o755); err != nil {"
CK-110-0514,Detected file permissions that are set to more than `0600` (user/owner can read and write). Setting file permi,codacy,25029cd6794561fe0221697f7ce426a0,tests/integration/v18_migration_compatibility_integration_test.go,1790,Semgrep_go.lang.correctness.permissions.file_permission.incorrect-default-permission,Security,FileAccess,High,Opengrep,,v1.10.2,open,S3,filesystem,Test-only security scanner findings must be reviewed and suppressed only with rationale,,,none,none,none,none,none,false,false,false,true,false,test,,,investigate,,,,,"bucket=test-security-noise; line_text=if err := os.MkdirAll(packedInputRoot, 0o755); err != nil {"
CK-110-0515,The application was found setting file permissions to overly permissive values.,codacy,588388619ea87584e6dbcb478ee82e25,tests/adversarial/g7_deep_corruption_adversarial_test.go,333,Semgrep_go_file-permissions_rule-fileperm,Security,FileAccess,High,Opengrep,40a1210ffc8c23dc4a717ce32627c89658e0f608,v1.10.2,open,S3,filesystem,Test-only security scanner findings must be reviewed and suppressed only with rationale,,,none,none,none,none,none,false,false,false,true,false,test,,,investigate,,,,,"bucket=test-security-noise; line_text=if err := os.WriteFile(secondPath, secondData, 0o644); err != nil {"
CK-110-0516,Insecure dependency golang/stdlib@v1.23.0 (CVE-2025-58183: golang: archive/tar: Unbounded allocation when pars,codacy,7e40f57164f84fd68eb6db65b85fb4e3,go.mod,3,Trivy_vulnerability_high,Security,InsecureModulesLibraries,High,Trivy,40a1210ffc8c23dc4a717ce32627c89658e0f608,v1.10.2,open,S1,dependencies,Supported Go toolchain must not carry known unplanned CVEs,,,none,none,medium,none,none,true,true,true,false,false,production,,,fix,,,,,bucket=dependency-cve; line_text=go 1.23
CK-110-0517,Method TestGetReverseReferencesChunkToLogicalFiles has a cyclomatic complexity of 11 (limit is 8),codacy,1ea4c147b88eb88da0a2424489c6f508,internal/graph/references_test.go,8,Lizard_ccn-medium,Complexity,,Warning,Lizard,40a1210ffc8c23dc4a717ce32627c89658e0f608,v1.10.6,open,S3,codacy,Test complexity findings must be reviewed without weakening invariant coverage,,,none,none,none,none,none,false,false,false,true,false,test,,,investigate,,,,,bucket=test-complexity-hotspot; line_text=func TestGetReverseReferencesChunkToLogicalFiles(t *testing.T) {
CK-110-0518,String-formatted SQL query detected.,codacy,cf8c09c97f7858597cb73431e26f85a9,internal/observability/stats_test.go,786,Semgrep_go.lang.security.audit.database.string-formatted-query.string-formatted-query,Security,SQLInjection,Error,Opengrep,54005e02f423060a2b97bf54ebadec31a48e20fa,v1.10.2,open,S3,security,Test-only security scanner findings must be reviewed and suppressed only with rationale,,,none,none,none,none,none,false,false,false,true,false,test,,,investigate,,,,,bucket=test-security-noise; line_text=if err := dbconn.QueryRow(`SELECT COUNT(*) FROM ` + table).Scan(&c); err != nil {
CK-110-0519,"Detected string concatenation with a non-literal variable in a ""database/sql"" Go SQL statement.",codacy,ad47d42c6f702fdbad63531d70b08769,internal/graph/reachability_test.go,490,Semgrep_go.lang.security.audit.sqli.gosql-sqli.gosql-sqli,Security,SQLInjection,Error,Opengrep,662965066392590c71376f6860b0ada0bf23cd4e,v1.10.2,open,S3,security,Test-only security scanner findings must be reviewed and suppressed only with rationale,,,none,none,none,none,none,false,false,false,true,false,test,,,investigate,,,,,"bucket=test-security-noise; line_text=rows, err := dbconn.QueryContext(ctx, query, args...)"
CK-110-0520,File internal/maintenance/gc_test.go has 990 non-comment lines of code,codacy,e4074d49d8dff3e2a0ab85463f4d4190,internal/maintenance/gc_test.go,1,Lizard_file-nloc-medium,Complexity,,Warning,Lizard,40a1210ffc8c23dc4a717ce32627c89658e0f608,v1.10.4,open,S3,gc,Test complexity findings must be reviewed without weakening invariant coverage,,,none,none,none,none,none,false,false,false,true,false,test,,,investigate,,,,,bucket=test-complexity-hotspot; line_text=package maintenance
CK-110-0521,Method TestCollectBlockStatsAndRunStatsExposure has 105 lines of code (limit is 50),codacy,a8d6a61fc2a917abff39bcfa6714f592,internal/maintenance/stats_test.go,428,Lizard_nloc-medium,Complexity,,Warning,Lizard,40a1210ffc8c23dc4a717ce32627c89658e0f608,v1.10.4,open,S3,gc,Test complexity findings must be reviewed without weakening invariant coverage,,,none,none,none,none,none,false,false,false,true,false,test,,,investigate,,,,,bucket=test-complexity-hotspot; line_text=func TestCollectBlockStatsAndRunStatsExposure(t *testing.T) {
CK-110-0522,String-formatted SQL query detected.,codacy,15560f5b5a2016d6da145296bc3d8b2e,internal/observability/service_test.go,133,Semgrep_go.lang.security.audit.database.string-formatted-query.string-formatted-query,Security,SQLInjection,Error,Opengrep,5203403c366c34daedb23d0c4ef345f787d6188b,v1.10.2,open,S3,security,Test-only security scanner findings must be reviewed and suppressed only with rationale,,,none,none,none,none,none,false,false,false,true,false,test,,,investigate,,,,,bucket=test-security-noise; line_text=if err := dbconn.QueryRow(`SELECT COUNT(*) FROM ` + table).Scan(&count); err != nil {
CK-110-0523,Method planActiveContainerImpact has a cyclomatic complexity of 24 (limit is 8),codacy,d53661a636d8cd4dc743a6f1aa8fbbe8,internal/gc/plan.go,557,Lizard_ccn-medium,Complexity,,Warning,Lizard,40a1210ffc8c23dc4a717ce32627c89658e0f608,v1.10.4,open,S2,gc,Production complexity hotspots in critical paths must be tracked without behavior-changing refactors,,,none,medium,none,medium,none,true,false,true,false,false,production,,,investigate,,,,,"bucket=production-complexity-hotspot; line_text=func planActiveContainerImpact(ctx context.Context, dbconn *sql.DB, reachableChunkIDs, unreachableChunkIDs map[int64]struct{}, livePackedBlockIDs, reachablePackedBlockIDs map[int64"
CK-110-0524,Method TestRunMigrationsCreatesSnapshotSchemaVersionEight has a cyclomatic complexity of 28 (limit is 8),codacy,1e288364a649d2f8cb29b0a7566ae7f2,internal/db/migrations_test.go,178,Lizard_ccn-medium,Complexity,,Warning,Lizard,6815bfbea832ea480eaccfc455139a01b2977726,backlog,open,S3,migration,Test complexity findings must be reviewed without weakening invariant coverage,,,none,none,none,none,none,false,false,false,true,false,test,,,investigate,,,,,bucket=test-complexity-hotspot; line_text=func TestRunMigrationsCreatesSnapshotSchemaVersionEight(t *testing.T) {
CK-110-0525,Method Close has a cyclomatic complexity of 9 (limit is 8),codacy,d40c57597f2d5873a025a1c71acf7330,internal/storage/context.go,54,Lizard_ccn-medium,Complexity,,Warning,Lizard,40a1210ffc8c23dc4a717ce32627c89658e0f608,backlog,open,S2,storage,Production complexity hotspots in critical paths must be tracked without behavior-changing refactors,,,none,medium,none,medium,none,true,false,true,false,false,production,,,investigate,,,,,bucket=production-complexity-hotspot; line_text=func (s *StorageContext) Close() error {
CK-110-0526,Lists should be surrounded by blank lines,codacy,78659837cf44e8977fa8d7230433e0d2,docs/BENCHMARK_CORPORA.md,268,markdownlint_MD032,CodeStyle,,Info,markdownlint,40a1210ffc8c23dc4a717ce32627c89658e0f608,backlog,open,S4,docs,Documentation style findings must be classified without blocking correctness releases,,,none,none,none,none,none,false,false,false,false,true,docs,,,investigate,,,,,bucket=docs-style; line_text=- CLI command: `coldkeep benchmark corpus <subcommand>`
CK-110-0527,Method  has a cyclomatic complexity of 43 (limit is 8),codacy,a9bbf75f8d7f76062e8c0dafeb8063ba,internal/storage/store.go,240,Lizard_ccn-medium,Complexity,,Warning,Lizard,3dccceb24c62541646b0a0fec06fb8fd9177b45e,backlog,open,S2,storage,Production complexity hotspots in critical paths must be tracked without behavior-changing refactors,,,none,medium,none,medium,none,true,false,true,false,false,production,,,investigate,,,,,bucket=production-complexity-hotspot; line_text=flushPackedPending := func() error {
CK-110-0528,Method TestRecordOutsideMeasureIgnoresAllMetrics has a cyclomatic complexity of 9 (limit is 8),codacy,712b4f339c2cc5eba5d4aaebab784700,internal/benchmark/metrics_test.go,424,Lizard_ccn-medium,Complexity,,Warning,Lizard,40a1210ffc8c23dc4a717ce32627c89658e0f608,v1.10.6,open,S3,benchmark,Test complexity findings must be reviewed without weakening invariant coverage,,,none,none,none,none,none,false,false,false,true,false,test,,,investigate,,,,,bucket=test-complexity-hotspot; line_text=func TestRecordOutsideMeasureIgnoresAllMetrics(t *testing.T) {
CK-110-0529,Method TestStoreResolvesChunkerOncePerOperation has a cyclomatic complexity of 19 (limit is 8),codacy,e9392101cb4f94f21fcd2a682c631167,internal/storage/store_v2chunker_test.go,298,Lizard_ccn-medium,Complexity,,Warning,Lizard,b1becd4e99a7cbb38537a612011a9898508f03cc,backlog,open,S3,storage,Test complexity findings must be reviewed without weakening invariant coverage,,,none,none,none,none,none,false,false,false,true,false,test,,,investigate,,,,,bucket=test-complexity-hotspot; line_text=func TestStoreResolvesChunkerOncePerOperation(t *testing.T) {
CK-110-0530,Method VerifyStoredBlock has a cyclomatic complexity of 23 (limit is 8),codacy,fcfc5e131476f01fafe2d640fa1dcf2a,internal/verify/verify_block_pipeline.go,74,Lizard_ccn-medium,Complexity,,Warning,Lizard,40a1210ffc8c23dc4a717ce32627c89658e0f608,backlog,open,S2,verify,Production complexity hotspots in critical paths must be tracked without behavior-changing refactors,,,none,medium,none,medium,none,true,false,true,false,false,production,,,investigate,,,,,"bucket=production-complexity-hotspot; line_text=func VerifyStoredBlock(ctx context.Context, meta BlockStorageMetadata, reader ContainerReader) (*VerifiedBlock, error) {"
CK-110-0531,Lists should be surrounded by blank lines,codacy,a5b839c4c0dbbea96e4fff143f77ed2a,docs/STEP64_METRICS_VALIDATION.md,73,markdownlint_MD032,CodeStyle,,Info,markdownlint,40a1210ffc8c23dc4a717ce32627c89658e0f608,backlog,open,S4,docs,Documentation style findings must be classified without blocking correctness releases,,,none,none,none,none,none,false,false,false,false,true,docs,,,investigate,,,,,bucket=docs-style; line_text=- Benchmark package: 53 tests (all passing)
CK-110-0532,Method CreateSampleDataset has 67 lines of code (limit is 50),codacy,1288c8d6384bf00cff82f296a0dd91d8,tests/utils/common.go,717,Lizard_nloc-medium,Complexity,,Warning,Lizard,40a1210ffc8c23dc4a717ce32627c89658e0f608,v1.10.6,open,S3,codacy,Test complexity findings must be reviewed without weakening invariant coverage,,,none,none,none,none,none,false,false,false,true,false,test,,,investigate,,,,,"bucket=test-complexity-hotspot; line_text=func CreateSampleDataset(t *testing.T, dir string) map[string]string {"
CK-110-0533,The application dynamically constructs file or path information.,codacy,81dbb611235f9baa64346eb40bae270,internal/benchmark/corpus_registry.go,92,Semgrep_go_filesystem_rule-fileread,Security,FileAccess,Error,Opengrep,fc8112a95961f6f3eba8ce8d6e1dc63ca8780ed0,v1.10.6,open,S1,benchmark,Dynamic filesystem path findings must be reviewed for root containment and trust boundaries,,,none,none,medium,none,none,false,false,false,true,false,benchmark,,,investigate,,,,,"bucket=production-security-candidate; line_text=data, err := os.ReadFile(manifestPath)"
CK-110-0534,Method TestFeatureGatedCompressionDuplicateStorePreservesDedupAndCompressionStep512 has a cyclomatic complexit,codacy,543d66b3bea9a982e140f9f4625abca,internal/storage/store_compression_feature_gate_test.go,528,Lizard_ccn-medium,Complexity,,Warning,Lizard,d6c8f9d1150e6dc665311acfb3d505575e62134c,backlog,open,S3,storage,Test complexity findings must be reviewed without weakening invariant coverage,,,none,none,none,none,none,false,false,false,true,false,test,,,investigate,,,,,bucket=test-complexity-hotspot; line_text=func TestFeatureGatedCompressionDuplicateStorePreservesDedupAndCompressionStep512(t *testing.T) {
CK-110-0535,The application dynamically constructs file or path information.,codacy,b605f4e1b2bd3fc1205d6d5e024777a7,internal/storage/restore_test.go,985,Semgrep_go_filesystem_rule-fileread,Security,FileAccess,Error,Opengrep,283637309fd6a847cbd8691173e71984d7269ae2,v1.10.5,open,S3,restore,Test-only security scanner findings must be reviewed and suppressed only with rationale,,,none,none,none,none,none,false,false,false,true,false,test,,,investigate,,,,,"bucket=test-security-noise; line_text=restored, err := os.ReadFile(overridePath)"
CK-110-0536,The application was found setting file permissions to overly permissive values.,codacy,4f6f26a8b94519c10b6790411abe6524,tests/integration/v19_legacy_upgrade_path_integration_test.go,301,Semgrep_go_file-permissions_rule-fileperm,Security,FileAccess,High,Opengrep,40a1210ffc8c23dc4a717ce32627c89658e0f608,v1.10.2,open,S3,filesystem,Test-only security scanner findings must be reviewed and suppressed only with rationale,,,none,none,none,none,none,false,false,false,true,false,test,,,investigate,,,,,"bucket=test-security-noise; line_text=if err := os.WriteFile(path, p, 0o644); err != nil {"
CK-110-0537,Method TestGetReverseReferencesLogicalFileToSnapshots has a cyclomatic complexity of 9 (limit is 8),codacy,9ba7838b4402026b2554020066417817,internal/graph/references_test.go,80,Lizard_ccn-medium,Complexity,,Warning,Lizard,40a1210ffc8c23dc4a717ce32627c89658e0f608,v1.10.6,open,S3,codacy,Test complexity findings must be reviewed without weakening invariant coverage,,,none,none,none,none,none,false,false,false,true,false,test,,,investigate,,,,,bucket=test-complexity-hotspot; line_text=func TestGetReverseReferencesLogicalFileToSnapshots(t *testing.T) {
CK-110-0538,SQL Injection is a critical vulnerability that can lead to data or system compromise.,codacy,b2b48e00f8787127320da63e00ad0ba8,internal/observability/equivalence_phase7_test.go,346,Semgrep_go_sql_rule-concat-sqli,Security,SQLInjection,Error,Opengrep,c16a28358b0516d4cf57102650185ea73c21735a,v1.10.2,open,S3,security,Test-only security scanner findings must be reviewed and suppressed only with rationale,,,none,none,none,none,none,false,false,false,true,false,test,,,investigate,,,,,"bucket=test-security-noise; line_text=if _, err := dbconn.Exec(`INSERT INTO snapshot_file (snapshot_id, path_id, logical_file_id, size) VALUES (?, ?, ?, ?)`, snapshotID, pathID, logicalFileID, size); err != nil {"
CK-110-0539,Method checkChunkOffsets has 97 lines of code (limit is 50),codacy,649b2d3d9da691c11d94f9b94dcfbb28,internal/verify/verify_chunk.go,286,Lizard_nloc-medium,Complexity,,Warning,Lizard,40a1210ffc8c23dc4a717ce32627c89658e0f608,backlog,open,S2,verify,Production complexity hotspots in critical paths must be tracked without behavior-changing refactors,,,none,medium,none,medium,none,true,false,true,false,false,production,,,investigate,,,,,bucket=production-complexity-hotspot; line_text=func checkChunkOffsets(dbconn *sql.DB) error {
CK-110-0540,Lists should be surrounded by blank lines,codacy,3bb1b78b3f406e243ed8e9dac05c6a0f,docs/STEP64_METRICS_VALIDATION.md,35,markdownlint_MD032,CodeStyle,,Info,markdownlint,40a1210ffc8c23dc4a717ce32627c89658e0f608,backlog,open,S4,docs,Documentation style findings must be classified without blocking correctness releases,,,none,none,none,none,none,false,false,false,false,true,docs,,,investigate,,,,,bucket=docs-style; line_text=- `PeakMemoryBytes` — maximum heap usage during operation
CK-110-0541,The application was found setting file permissions to overly permissive values.,codacy,6c6eef352e867d2387bf3f0d0e7c8343,internal/batch/loader_test.go,14,Semgrep_go_file-permissions_rule-fileperm,Security,FileAccess,High,Opengrep,0a1cc8bea8b74485e66ccb68b21bd047bfad22c8,v1.10.2,open,S3,filesystem,Test-only security scanner findings must be reviewed and suppressed only with rationale,,,none,none,none,none,none,false,false,false,true,false,test,,,investigate,,,,,"bucket=test-security-noise; line_text=if err := os.WriteFile(inputFile, []byte(content), 0o644); err != nil {"
CK-110-0542,Method TestStep68CrossCompressionDedupConsistency has a cyclomatic complexity of 10 (limit is 8),codacy,40006c874fa4bfe0db126e153dafad9d,tests/adversarial/g68_dedup_semantics_matrix_test.go,285,Lizard_ccn-medium,Complexity,,Warning,Lizard,40a1210ffc8c23dc4a717ce32627c89658e0f608,v1.10.6,open,S3,codacy,Test complexity findings must be reviewed without weakening invariant coverage,,,none,none,none,none,none,false,false,false,true,false,test,,,investigate,,,,,bucket=test-complexity-hotspot; line_text=func TestStep68CrossCompressionDedupConsistency(t *testing.T) {
CK-110-0543,Method TestInspectSnapshotDeepTraversalExpandsRecursively has a cyclomatic complexity of 19 (limit is 8),codacy,ddcdadc9ba826d689bdd19c16cbfc117,internal/observability/inspect_test.go,548,Lizard_ccn-medium,Complexity,,Warning,Lizard,40a1210ffc8c23dc4a717ce32627c89658e0f608,v1.10.6,open,S3,codacy,Test complexity findings must be reviewed without weakening invariant coverage,,,none,none,none,none,none,false,false,false,true,false,test,,,investigate,,,,,bucket=test-complexity-hotspot; line_text=func TestInspectSnapshotDeepTraversalExpandsRecursively(t *testing.T) {
CK-110-0544,"By not specifying a USER, a program in the container may run as 'root'. This is a security hazard.",codacy,cc64b09c8ab7488d9f11a09bb7654067,Dockerfile,37,Semgrep_dockerfile.security.missing-user-entrypoint.missing-user-entrypoint,Security,InsecureModulesLibraries,High,Opengrep,,v1.10.2,open,S3,security,Container packaging should avoid unnecessary root execution where applicable,,,none,none,low,none,none,false,false,false,false,false,docker,,,investigate,,,,,"bucket=docker-hardening; line_text=ENTRYPOINT [""coldkeep""]"
CK-110-0545,Method TestReadPathRestoreNewlyStoredFileAfterPhase3Integration has 57 lines of code (limit is 50),codacy,1cb401d982dd70371a0ede426aabffd1,tests/integration/read_path_regression_test.go,128,Lizard_nloc-medium,Complexity,,Warning,Lizard,40a1210ffc8c23dc4a717ce32627c89658e0f608,v1.10.2,open,S3,filesystem,Test complexity findings must be reviewed without weakening invariant coverage,,,none,none,none,none,none,false,false,false,true,false,test,,,investigate,,,,,bucket=test-complexity-hotspot; line_text=func TestReadPathRestoreNewlyStoredFileAfterPhase3Integration(t *testing.T) {
CK-110-0546,File internal/gc/plan.go has 735 non-comment lines of code,codacy,9f5a8cc5ce054597b6c8fe539904fa88,internal/gc/plan.go,1,Lizard_file-nloc-medium,Complexity,,Warning,Lizard,40a1210ffc8c23dc4a717ce32627c89658e0f608,v1.10.4,open,S2,gc,Production complexity hotspots in critical paths must be tracked without behavior-changing refactors,,,none,medium,none,medium,none,true,false,true,false,false,production,,,investigate,,,,,bucket=production-complexity-hotspot; line_text=// Package gc provides GC planning logic shared between real GC execution and
CK-110-0547,The application was found setting directory permissions to overly permissive values.,codacy,7d696bb6c8595cfa1159ea5997c17c77,tests/integration/v18_migration_compatibility_integration_test.go,1708,Semgrep_go_file-permissions_rule-mkdir,Security,FileAccess,High,Opengrep,,v1.10.2,open,S3,filesystem,Test-only security scanner findings must be reviewed and suppressed only with rationale,,,none,none,none,none,none,false,false,false,true,false,test,,,investigate,,,,,"bucket=test-security-noise; line_text=if err := os.MkdirAll(cliRoot, 0o755); err != nil {"
CK-110-0548,The application dynamically constructs file or path information.,codacy,1f3b3267abaee4f3e5ee1bbb5d462d10,tests/adversarial/g7_deep_corruption_adversarial_test.go,259,Semgrep_go_filesystem_rule-fileread,Security,FileAccess,Error,Opengrep,2f76cac770a2646da3e6b1c52767d88c35461c50,v1.10.2,open,S3,filesystem,Test-only security scanner findings must be reviewed and suppressed only with rationale,,,none,none,none,none,none,false,false,false,true,false,test,,,investigate,,,,,"bucket=test-security-noise; line_text=f, err := os.OpenFile(containerPath, os.O_RDWR, 0o644)"
CK-110-0549,"Detected string concatenation with a non-literal variable in a ""database/sql"" Go SQL statement.",codacy,907379cce62e6dc8375944fe80ca4087,internal/container/local_writer_test.go,274,Semgrep_go.lang.security.audit.sqli.gosql-sqli.gosql-sqli,Security,SQLInjection,Error,Opengrep,f071425096b84798cc3d4067a3d468933fb22c44,backlog,open,S3,storage,Test-only security scanner findings must be reviewed and suppressed only with rationale,,,none,none,none,none,none,false,false,false,true,false,test,,,investigate,,,,,"bucket=test-security-noise; line_text=if _, err := dbconn.Exec(`"
CK-110-0550,File internal/maintenance/gc.go has 693 non-comment lines of code,codacy,a2acb73097e7b6400e474e4afdd1624f,internal/maintenance/gc.go,1,Lizard_file-nloc-medium,Complexity,,Warning,Lizard,40a1210ffc8c23dc4a717ce32627c89658e0f608,v1.10.4,open,S2,gc,Production complexity hotspots in critical paths must be tracked without behavior-changing refactors,,,none,medium,none,medium,none,true,false,true,false,false,production,,,investigate,,,,,bucket=production-complexity-hotspot; line_text=package maintenance
CK-110-0551,Detected file permissions that are set to more than `0600` (user/owner can read and write). Setting file permi,codacy,cfeff2d2dcd4d3f29dcef9074c2c6495,internal/benchmark/dataset.go,34,Semgrep_go.lang.correctness.permissions.file_permission.incorrect-default-permission,Security,FileAccess,High,Opengrep,c220796f5549e790104ba79acfac4fd99f9f241a,v1.10.6,open,S1,benchmark,Filesystem permission scanner findings must be reviewed by runtime area and threat model,,,none,none,medium,none,none,false,false,false,true,false,benchmark,,,investigate,,,,,"bucket=production-security-candidate; line_text=if err := os.MkdirAll(baseDir, 0o755); err != nil {"
CK-110-0552,Method DiffSnapshots has a cyclomatic complexity of 27 (limit is 8),codacy,a2bcd947cd4bdfae5218fac2087641a5,internal/snapshot/snapshot.go,883,Lizard_ccn-medium,Complexity,,Warning,Lizard,42ec1a20d02fe9c7047e859cfc207e75dd2fd01e,backlog,open,S2,snapshot,Production complexity hotspots in critical paths must be tracked without behavior-changing refactors,,,none,none,none,none,none,true,false,true,false,false,production,,,investigate,,,,,"bucket=production-complexity-hotspot; line_text=func DiffSnapshots(ctx context.Context, db *sql.DB, baseID, targetID string, query *SnapshotQuery) (*SnapshotDiffResult, error) {"
CK-110-0553,The application was found setting directory permissions to overly permissive values.,codacy,4048e9dd365c7fd1297fab762831b4f3,tests/adversarial/g10_g13_physical_graph_adversarial_test.go,57,Semgrep_go_file-permissions_rule-mkdir,Security,FileAccess,High,Opengrep,40a1210ffc8c23dc4a717ce32627c89658e0f608,v1.10.2,open,S3,filesystem,Test-only security scanner findings must be reviewed and suppressed only with rationale,,,none,none,none,none,none,false,false,false,true,false,test,,,investigate,,,,,"bucket=test-security-noise; line_text=if err := os.MkdirAll(inputDir, 0o755); err != nil {"
CK-110-0554,Method verifyDecodedBlockSegmentsAgainstRefs has a cyclomatic complexity of 27 (limit is 8),codacy,293ee827bf7a03f109f61d971efe7500,internal/verify/verify_repository.go,666,Lizard_ccn-medium,Complexity,,Warning,Lizard,40a1210ffc8c23dc4a717ce32627c89658e0f608,backlog,open,S2,verify,Production complexity hotspots in critical paths must be tracked without behavior-changing refactors,,,none,medium,none,medium,none,true,false,true,false,false,production,,,investigate,,,,,"bucket=production-complexity-hotspot; line_text=func verifyDecodedBlockSegmentsAgainstRefs(ctx context.Context, dbconn *sql.DB, blockID int64, containerID int64, containerOffset int64, decoded *blocks.EncodedBlock, strictMode bo"
CK-110-0555,The application was found setting file permissions to overly permissive values.,codacy,b920f5244ccf835dd855215cedacaa29,tests/utils/common.go,341,Semgrep_go_file-permissions_rule-fileperm,Security,FileAccess,High,Opengrep,40a1210ffc8c23dc4a717ce32627c89658e0f608,v1.10.2,open,S3,filesystem,Test-only security scanner findings must be reviewed and suppressed only with rationale,,,none,none,none,none,none,false,false,false,true,false,test,,,investigate,,,,,"bucket=test-security-noise; line_text=if err := os.WriteFile(p, data, 0o644); err != nil {"
CK-110-0556,SQL Injection is a critical vulnerability that can lead to data or system compromise.,codacy,8f20a828491be26616b8361594fa4da7,internal/observability/equivalence_phase7_test.go,339,Semgrep_go_sql_rule-concat-sqli,Security,SQLInjection,Error,Opengrep,c16a28358b0516d4cf57102650185ea73c21735a,v1.10.2,open,S3,security,Test-only security scanner findings must be reviewed and suppressed only with rationale,,,none,none,none,none,none,false,false,false,true,false,test,,,investigate,,,,,"bucket=test-security-noise; line_text=if _, err := dbconn.Exec(`INSERT OR IGNORE INTO snapshot_path (path) VALUES (?)`, path); err != nil {"
CK-110-0557,Method TestRemoveByStoredPathLastReferenceSetsRefCountToZero has a cyclomatic complexity of 9 (limit is 8),codacy,e37e87b1f346210d1cb2e2657719a34c,internal/storage/remove_test.go,420,Lizard_ccn-medium,Complexity,,Warning,Lizard,40a1210ffc8c23dc4a717ce32627c89658e0f608,backlog,open,S3,storage,Test complexity findings must be reviewed without weakening invariant coverage,,,none,none,none,none,none,false,false,false,true,false,test,,,investigate,,,,,bucket=test-complexity-hotspot; line_text=func TestRemoveByStoredPathLastReferenceSetsRefCountToZero(t *testing.T) {
CK-110-0558,SQL Injection is a critical vulnerability that can lead to data or system compromise.,codacy,769270b56e6e3f8a8994f889599c2bf,internal/db/migrations_test.go,1903,Semgrep_go_sql_rule-concat-sqli,Security,SQLInjection,Error,Opengrep,7f694cbfbd19c4d06fe733d66e595b149e59901a,backlog,open,S3,migration,Test-only security scanner findings must be reviewed and suppressed only with rationale,,,none,none,none,none,none,false,false,false,true,false,test,,,investigate,,,,,bucket=test-security-noise; line_text=if err := dbconn.QueryRow(`SELECT COUNT(*) FROM snapshot_file`).Scan(&postRerunRowCount); err != nil {
CK-110-0559,All queries must target RAC_* tables.Query does not reference RAC_* table.,codacy,804b306d64ad0d805fbe2318e0c08af0,db/schema_postgres.sql,238,Semgrep_codacy.generic.sql.rac-table-access,Security,SQLInjection,High,Opengrep,318edbc4cd388aa707725fec4bc1a011e60724c8,backlog,open,S1,migration,Dynamic SQL scanner findings must be reviewed for parameterization or safe identifier constraints,,,none,none,medium,none,none,true,false,true,false,false,production,,,investigate,,,,,bucket=production-security-candidate; line_text=SELECT
CK-110-0560,Method DiffSnapshotsSummarySQL has a cyclomatic complexity of 12 (limit is 8),codacy,f078a18c7113f0226bf96ec5c9ea2d5,internal/snapshot/snapshot.go,794,Lizard_ccn-medium,Complexity,,Warning,Lizard,e3651514c3df07611f18b090cd33986caaaee0eb,backlog,open,S2,snapshot,Production complexity hotspots in critical paths must be tracked without behavior-changing refactors,,,none,none,none,none,none,true,false,true,false,false,production,,,investigate,,,,,"bucket=production-complexity-hotspot; line_text=func DiffSnapshotsSummarySQL(ctx context.Context, db *sql.DB, baseID, targetID string) (*SnapshotDiffSummary, error) {"
CK-110-0561,Method validateReusableCompletedChunkWithContext has 93 lines of code (limit is 50),codacy,2ab7ee4f6a198b0ed6e39d515d678fc6,internal/storage/store.go,1122,Lizard_nloc-medium,Complexity,,Warning,Lizard,3d47f254662a773da3f00acbae7ae7513ce0b263,backlog,open,S2,storage,Production complexity hotspots in critical paths must be tracked without behavior-changing refactors,,,none,medium,none,medium,none,true,false,true,false,false,production,,,investigate,,,,,"bucket=production-complexity-hotspot; line_text=func validateReusableCompletedChunkWithContext(ctx context.Context, dbconn *sql.DB, chunkID int64, containersDir string) error {"
CK-110-0562,Detected file permissions that are set to more than `0600` (user/owner can read and write). Setting file permi,codacy,7d0967c79373628793166cd7ca9b1309,tests/adversarial/g7_deep_corruption_adversarial_test.go,113,Semgrep_go.lang.correctness.permissions.file_permission.incorrect-default-permission,Security,FileAccess,High,Opengrep,40a1210ffc8c23dc4a717ce32627c89658e0f608,v1.10.2,open,S3,filesystem,Test-only security scanner findings must be reviewed and suppressed only with rationale,,,none,none,none,none,none,false,false,false,true,false,test,,,investigate,,,,,"bucket=test-security-noise; line_text=if err := os.MkdirAll(inputDir, 0o755); err != nil {"
CK-110-0563,Expected: 1; Actual: 0; Below,codacy,5c9254bb7c10be41afea0de9403d6680,docs/BENCHMARK_CORPORA.md,32,markdownlint_MD022,CodeStyle,,Info,markdownlint,40a1210ffc8c23dc4a717ce32627c89658e0f608,backlog,open,S4,docs,Documentation style findings must be classified without blocking correctness releases,,,none,none,none,none,none,false,false,false,false,true,docs,,,investigate,,,,,bucket=docs-style; line_text=### Corpus B: Mixed Realistic
CK-110-0564,Method verifyStorageBlocks has a cyclomatic complexity of 12 (limit is 8),codacy,e4d48974acb143821a8c99b47b16c361,internal/verify/verify_repository.go,121,Lizard_ccn-medium,Complexity,,Warning,Lizard,40a1210ffc8c23dc4a717ce32627c89658e0f608,backlog,open,S2,verify,Production complexity hotspots in critical paths must be tracked without behavior-changing refactors,,,none,medium,none,medium,none,true,false,true,false,false,production,,,investigate,,,,,bucket=production-complexity-hotspot; line_text=func verifyStorageBlocks(dbconn *sql.DB) error {
CK-110-0565,Method  has a cyclomatic complexity of 14 (limit is 8),codacy,8ed24cc08e3cbccbe0c4d1b2ce36524c,tests/adversarial/g9_batch_semantics_adversarial_test.go,565,Lizard_ccn-medium,Complexity,,Warning,Lizard,40a1210ffc8c23dc4a717ce32627c89658e0f608,v1.10.6,open,S3,codacy,Test complexity findings must be reviewed without weakening invariant coverage,,,none,none,none,none,none,false,false,false,true,false,test,,,investigate,,,,,"bucket=test-complexity-hotspot; line_text=t.Run(""fail-fast correctness restore"", func(t *testing.T) {"
CK-110-0566,Method seedVerifyPackedBlockFixture has a cyclomatic complexity of 13 (limit is 8),codacy,6fd8e7348dbea94be3aa7166ed132b25,internal/verify/verify_system_test.go,710,Lizard_ccn-medium,Complexity,,Warning,Lizard,40a1210ffc8c23dc4a717ce32627c89658e0f608,backlog,open,S3,verify,Test complexity findings must be reviewed without weakening invariant coverage,,,none,none,none,none,none,false,false,false,true,false,test,,,investigate,,,,,"bucket=test-complexity-hotspot; line_text=func seedVerifyPackedBlockFixture(t testing.TB, dbconn *sql.DB, containersDir string, chunkPayloads [][]byte, refs []verifyPackedRefSeed) (int64, []int64) {"
CK-110-0567,Expected: 1; Actual: 0; Below,codacy,f694deb51711fd6cb1d22b28389cb707,docs/STEP64_METRICS_VALIDATION.md,24,markdownlint_MD022,CodeStyle,,Info,markdownlint,40a1210ffc8c23dc4a717ce32627c89658e0f608,backlog,open,S4,docs,Documentation style findings must be classified without blocking correctness releases,,,none,none,none,none,none,false,false,false,false,true,docs,,,investigate,,,,,bucket=docs-style; line_text=#### 2. Throughput Metrics (3 metrics)
CK-110-0568,Detected non-static command inside Command.,codacy,aed5876a8f2a87cc315376b12d0eb6d3,tests/utils/common.go,121,Semgrep_go.lang.security.audit.dangerous-exec-command.dangerous-exec-command,Security,CommandInjection,Error,Opengrep,40a1210ffc8c23dc4a717ce32627c89658e0f608,v1.10.6,open,S1,codacy,Command execution findings must be reviewed for trusted executable and argument boundaries,,,none,none,medium,none,none,false,false,false,true,false,test,,,investigate,,,,,"bucket=production-security-candidate; line_text=cmd := exec.Command(binPath, args...)"
CK-110-0569,Expected: 2; Actual: 3,codacy,440cabab49fc7a68f1661d4e2029cf02,docs/benchmarking.md,655,markdownlint_MD007,CodeStyle,,Info,markdownlint,40a1210ffc8c23dc4a717ce32627c89658e0f608,backlog,open,S4,docs,Documentation style findings must be classified without blocking correctness releases,,,none,none,none,none,none,false,false,false,false,true,docs,,,investigate,,,,,bucket=docs-style; line_text=- no panic contract enforced around verify/restore entrypoints
CK-110-0570,The application was found setting directory permissions to overly permissive values.,codacy,56cb4230f9d1bb787de2252f32f34f0a,tests/adversarial/g5_atomic_restore_adversarial_test.go,111,Semgrep_go_file-permissions_rule-mkdir,Security,FileAccess,High,Opengrep,40a1210ffc8c23dc4a717ce32627c89658e0f608,v1.10.5,open,S3,restore,Test-only security scanner findings must be reviewed and suppressed only with rationale,,,none,none,none,none,none,false,false,false,true,false,test,,,investigate,,,,,"bucket=test-security-noise; line_text=if err := os.MkdirAll(outRoot, 0o755); err != nil {"
CK-110-0571,Method sumLogicalFileSizesByReferenceIDs has a cyclomatic complexity of 15 (limit is 8),codacy,eae1c07b5641a0c6038f332a15638320,internal/observability/inspect.go,1112,Lizard_ccn-medium,Complexity,,Warning,Lizard,40a1210ffc8c23dc4a717ce32627c89658e0f608,v1.10.6,open,S2,codacy,Production complexity hotspots in critical paths must be tracked without behavior-changing refactors,,,none,none,none,none,none,true,false,true,false,false,production,,,investigate,,,,,"bucket=production-complexity-hotspot; line_text=func (s *Service) sumLogicalFileSizesByReferenceIDs(ctx context.Context, referenceIDs []int64) (int64, error) {"
CK-110-0572,Method setupStoredPathRestoreFixture has a cyclomatic complexity of 14 (limit is 8),codacy,6e99cf0834a5ea030f6f8f26fbee6b86,internal/storage/restore_test.go,2338,Lizard_ccn-medium,Complexity,,Warning,Lizard,00fa3577ee6f51f8c1b82f07dc2f4782cf07fdb7,v1.10.5,open,S3,restore,Test complexity findings must be reviewed without weakening invariant coverage,,,none,none,none,none,none,false,false,false,true,false,test,,,investigate,,,,,bucket=test-complexity-hotspot; line_text=func setupStoredPathRestoreFixture(
CK-110-0573,Expected: 1; Actual: 0; Below,codacy,206af3b2bfbbc154c3a07c6e786e6831,docs/STEP64_METRICS_VALIDATION.md,223,markdownlint_MD022,CodeStyle,,Info,markdownlint,40a1210ffc8c23dc4a717ce32627c89658e0f608,backlog,open,S4,docs,Documentation style findings must be classified without blocking correctness releases,,,none,none,none,none,none,false,false,false,false,true,docs,,,investigate,,,,,bucket=docs-style; line_text=### Ready for Integration
CK-110-0574,Method checkChunkOffsetValidity has a cyclomatic complexity of 15 (limit is 8),codacy,e936aa3a9dd16e8bef30721bd760ffdb,internal/verify/verify_chunk.go,409,Lizard_ccn-medium,Complexity,,Warning,Lizard,40a1210ffc8c23dc4a717ce32627c89658e0f608,backlog,open,S2,verify,Production complexity hotspots in critical paths must be tracked without behavior-changing refactors,,,none,medium,none,medium,none,true,false,true,false,false,production,,,investigate,,,,,bucket=production-complexity-hotspot; line_text=func checkChunkOffsetValidity(dbconn *sql.DB) error {
CK-110-0575,SQL Injection is a critical vulnerability that can lead to data or system compromise.,codacy,81fd9a30afc84b8fffd4fd68e56f7620,internal/observability/service_test.go,125,Semgrep_go_sql_rule-concat-sqli,Security,SQLInjection,Error,Opengrep,5203403c366c34daedb23d0c4ef345f787d6188b,v1.10.2,open,S3,security,Test-only security scanner findings must be reviewed and suppressed only with rationale,,,none,none,none,none,none,false,false,false,true,false,test,,,investigate,,,,,"bucket=test-security-noise; line_text=if _, err := dbconn.Exec(`INSERT INTO snapshot_file (snapshot_id, path_id, logical_file_id) VALUES (?, ?, ?)`, snapshotID, pathID, fileID); err != nil {"
CK-110-0576,SQL Injection is a critical vulnerability that can lead to data or system compromise.,codacy,b4df60175498cf642f5aeb8de9df333f,internal/observability/stats_test.go,786,Semgrep_go_sql_rule-concat-sqli,Security,SQLInjection,Error,Opengrep,54005e02f423060a2b97bf54ebadec31a48e20fa,v1.10.2,open,S3,security,Test-only security scanner findings must be reviewed and suppressed only with rationale,,,none,none,none,none,none,false,false,false,true,false,test,,,investigate,,,,,bucket=test-security-noise; line_text=if err := dbconn.QueryRow(`SELECT COUNT(*) FROM ` + table).Scan(&c); err != nil {
CK-110-0577,Method TestVerifyRepositorySupportsMixedBlockTypeMatrixInSingleRun has a cyclomatic complexity of 10 (limit is,codacy,d795c7b425028e9aa56ddbfb9e69f385,internal/verify/verify_system_test.go,904,Lizard_ccn-medium,Complexity,,Warning,Lizard,40a1210ffc8c23dc4a717ce32627c89658e0f608,backlog,open,S3,verify,Test complexity findings must be reviewed without weakening invariant coverage,,,none,none,none,none,none,false,false,false,true,false,test,,,investigate,,,,,bucket=test-complexity-hotspot; line_text=func TestVerifyRepositorySupportsMixedBlockTypeMatrixInSingleRun(t *testing.T) {
CK-110-0578,Method EnsurePostgresSchema has a cyclomatic complexity of 13 (limit is 8),codacy,e3eeb0bbabe811279f7f92736cae26a0,internal/db/migrations.go,873,Lizard_ccn-medium,Complexity,,Warning,Lizard,40a1210ffc8c23dc4a717ce32627c89658e0f608,backlog,open,S2,migration,Production complexity hotspots in critical paths must be tracked without behavior-changing refactors,,,none,none,none,none,none,true,false,true,false,false,production,,,investigate,,,,,bucket=production-complexity-hotspot; line_text=func EnsurePostgresSchema(dbconn *sql.DB) error {
CK-110-0579,Method runSQLiteBlockAbstractionFoundationMigration has 58 lines of code (limit is 50),codacy,371e75f27fe94d5cb3874409c42bbc2c,internal/db/migrations.go,584,Lizard_nloc-medium,Complexity,,Warning,Lizard,40a1210ffc8c23dc4a717ce32627c89658e0f608,backlog,open,S2,migration,Production complexity hotspots in critical paths must be tracked without behavior-changing refactors,,,none,none,none,none,none,true,false,true,false,false,production,,,investigate,,,,,"bucket=production-complexity-hotspot; line_text=func runSQLiteBlockAbstractionFoundationMigration(dbconn sqliteContextExecutor, ctx context.Context) error {"
CK-110-0580,The application dynamically constructs file or path information.,codacy,10c476f227474d605bd0dd727db8695f,internal/benchmark/dataset_test.go,35,Semgrep_go_filesystem_rule-fileread,Security,FileAccess,Error,Opengrep,c220796f5549e790104ba79acfac4fd99f9f241a,v1.10.6,open,S3,benchmark,Test-only security scanner findings must be reviewed and suppressed only with rationale,,,none,none,none,none,none,false,false,false,true,false,test,,,investigate,,,,,"bucket=test-security-noise; line_text=second, err := os.ReadFile(filepath.Join(dirB, name))"
CK-110-0581,Method seedVerifyPackedBlockFixture has 78 lines of code (limit is 50),codacy,b50b64e0c00209db78af42484e6be11a,internal/verify/verify_system_test.go,710,Lizard_nloc-medium,Complexity,,Warning,Lizard,40a1210ffc8c23dc4a717ce32627c89658e0f608,backlog,open,S3,verify,Test complexity findings must be reviewed without weakening invariant coverage,,,none,none,none,none,none,false,false,false,true,false,test,,,investigate,,,,,"bucket=test-complexity-hotspot; line_text=func seedVerifyPackedBlockFixture(t testing.TB, dbconn *sql.DB, containersDir string, chunkPayloads [][]byte, refs []verifyPackedRefSeed) (int64, []int64) {"
CK-110-0582,The application was found setting file permissions to overly permissive values.,codacy,3523b19aabdea4300a9831f41b8e0e9e,internal/utils_hash/hash_test.go,12,Semgrep_go_file-permissions_rule-fileperm,Security,FileAccess,High,Opengrep,6ef1342a74bb186bf6638326bf3cf4de94a96086,v1.10.2,open,S3,filesystem,Test-only security scanner findings must be reviewed and suppressed only with rationale,,,none,none,none,none,none,false,false,false,true,false,test,,,investigate,,,,,"bucket=test-security-noise; line_text=if err := os.WriteFile(path, []byte(""hello\n""), 0o644); err != nil {"
CK-110-0583,Method TestStep613StatsByteAccountingConsistency has a cyclomatic complexity of 9 (limit is 8),codacy,492ce4d9ca388e3e0aacd7cd1029f5fe,tests/integration/v19_stats_semantics_integration_test.go,361,Lizard_ccn-medium,Complexity,,Warning,Lizard,40a1210ffc8c23dc4a717ce32627c89658e0f608,v1.10.6,open,S3,codacy,Test complexity findings must be reviewed without weakening invariant coverage,,,none,none,none,none,none,false,false,false,true,false,test,,,investigate,,,,,bucket=test-complexity-hotspot; line_text=func TestStep613StatsByteAccountingConsistency(t *testing.T) {
CK-110-0584,The application was found setting directory permissions to overly permissive values.,codacy,99281b503b6c5c991194c91651992839,tests/integration/v18_migration_compatibility_integration_test.go,1343,Semgrep_go_file-permissions_rule-mkdir,Security,FileAccess,High,Opengrep,,v1.10.2,open,S3,filesystem,Test-only security scanner findings must be reviewed and suppressed only with rationale,,,none,none,none,none,none,false,false,false,true,false,test,,,investigate,,,,,"bucket=test-security-noise; line_text=if err := os.MkdirAll(packedSnapshotRestoreDir, 0o755); err != nil {"
CK-110-0585,Method TestSweepUnreachableChunksKeepsPackedBlockWhenAnyChunkIsLive has a cyclomatic complexity of 16 (limit i,codacy,380a894ae7b9a6100756799485727d4c,internal/maintenance/gc_packed_test.go,212,Lizard_ccn-medium,Complexity,,Warning,Lizard,40a1210ffc8c23dc4a717ce32627c89658e0f608,v1.10.4,open,S3,gc,Test complexity findings must be reviewed without weakening invariant coverage,,,none,none,none,none,none,false,false,false,true,false,test,,,investigate,,,,,bucket=test-complexity-hotspot; line_text=func TestSweepUnreachableChunksKeepsPackedBlockWhenAnyChunkIsLive(t *testing.T) {
CK-110-0586,Method legacyGetSnapshotStats has 68 lines of code (limit is 50),codacy,d907f951b8bd0c050ac4c35c38dcd250,internal/observability/equivalence_phase7_test.go,503,Lizard_nloc-medium,Complexity,,Warning,Lizard,40a1210ffc8c23dc4a717ce32627c89658e0f608,v1.10.6,open,S3,codacy,Test complexity findings must be reviewed without weakening invariant coverage,,,none,none,none,none,none,false,false,false,true,false,test,,,investigate,,,,,"bucket=test-complexity-hotspot; line_text=func legacyGetSnapshotStats(ctx context.Context, dbconn *sql.DB, snapshotID string) (*snapshot.SnapshotStats, error) {"
CK-110-0587,Do not use `math/rand`. Use `crypto/rand` instead.,codacy,2518dc0dfd86647aa28f4f4087516072,tests/adversarial/g3_no_data_loss_valid_sequences_adversarial_test.go,6,Semgrep_go.lang.security.audit.crypto.math_random.math-random-used,Security,Cryptography,Error,Opengrep,40a1210ffc8c23dc4a717ce32627c89658e0f608,v1.10.6,open,S3,codacy,Test-only security scanner findings must be reviewed and suppressed only with rationale,,,none,none,none,none,none,false,false,false,true,false,test,,,investigate,,,,,"bucket=test-security-noise; line_text=""math/rand"""
CK-110-0588,Detected file permissions that are set to more than `0600` (user/owner can read and write). Setting file permi,codacy,fadabbeb169e26f9f5531bb7c12de7d,tests/integration/read_path_regression_test.go,116,Semgrep_go.lang.correctness.permissions.file_permission.incorrect-default-permission,Security,FileAccess,High,Opengrep,1d85d20bc67c2b2e35f6c1329d4c42803b898e7c,v1.10.2,open,S3,filesystem,Test-only security scanner findings must be reviewed and suppressed only with rationale,,,none,none,none,none,none,false,false,false,true,false,test,,,investigate,,,,,"bucket=test-security-noise; line_text=if err := os.MkdirAll(filepath.Dir(outPath), 0o755); err != nil {"
CK-110-0589,Method TestStoreFilePrepareFailureDoesNotPartiallyCommit has a cyclomatic complexity of 10 (limit is 8),codacy,e635361ae382aa635e791a32c7ea0831,internal/storage/store_cancellation_test.go,122,Lizard_ccn-medium,Complexity,,Warning,Lizard,40a1210ffc8c23dc4a717ce32627c89658e0f608,backlog,open,S3,storage,Test complexity findings must be reviewed without weakening invariant coverage,,,none,none,none,none,none,false,false,false,true,false,test,,,investigate,,,,,bucket=test-complexity-hotspot; line_text=func TestStoreFilePrepareFailureDoesNotPartiallyCommit(t *testing.T) {
CK-110-0590,Method TestBuildPlanIgnoresTransformLayerHashesForIdentityStep74 has a cyclomatic complexity of 9 (limit is 8),codacy,c034e1209b0a14e86f19740b806c4066,internal/gc/plan_test.go,249,Lizard_ccn-medium,Complexity,,Warning,Lizard,ebf5f4895db8aefd5f877d53ec382f13ff3b1af1,v1.10.4,open,S3,gc,Test complexity findings must be reviewed without weakening invariant coverage,,,none,none,none,none,none,false,false,false,true,false,test,,,investigate,,,,,bucket=test-complexity-hotspot; line_text=func TestBuildPlanIgnoresTransformLayerHashesForIdentityStep74(t *testing.T) {
CK-110-0591,SQL Injection is a critical vulnerability that can lead to data or system compromise.,codacy,e78af3ec67b53a6f977e037a880876c2,tests/integration/v18_migration_compatibility_integration_test.go,1732,Semgrep_go_sql_rule-concat-sqli,Security,SQLInjection,Error,Opengrep,5e3e3e451d372a2171ed9fbd7fce909591dddadb,v1.10.2,open,S3,security,Test-only security scanner findings must be reviewed and suppressed only with rationale,,,none,none,none,none,none,false,false,false,true,false,test,,,investigate,,,,,bucket=test-security-noise; line_text=if err := dbconn.QueryRow(`
CK-110-0592,The application was found setting directory permissions to overly permissive values.,codacy,f4e3ed4b571e2f093659fd46505b7c5d,tests/adversarial/g2_inconsistent_state_adversarial_test.go,113,Semgrep_go_file-permissions_rule-mkdir,Security,FileAccess,High,Opengrep,40a1210ffc8c23dc4a717ce32627c89658e0f608,v1.10.2,open,S3,filesystem,Test-only security scanner findings must be reviewed and suppressed only with rationale,,,none,none,none,none,none,false,false,false,true,false,test,,,investigate,,,,,"bucket=test-security-noise; line_text=if err := os.MkdirAll(restoreDir, 0o755); err != nil {"
CK-110-0593,Method check_regression has a cyclomatic complexity of 14 (limit is 8),codacy,74cd2aa59cb8e7431a2e14bcf604936c,scripts/validate_regression_thresholds.py,186,Lizard_ccn-medium,Complexity,,Warning,Lizard,c8a0ecd16ba5c9f84d1cccb32fc75f2c281139e1,v1.10.6,open,S2,tooling,Release and benchmark scripts must not mask failures or mishandle unsafe inputs,,,low,none,none,low,none,false,true,false,false,false,script,,,investigate,,,,,bucket=script-tooling-risk; line_text=def check_regression(
CK-110-0594,The application was found setting file permissions to overly permissive values.,codacy,29f52e1494a69df1ddaf6bda0c3facbe,tests/adversarial/g4_non_destructive_gc_adversarial_test.go,119,Semgrep_go_file-permissions_rule-fileperm,Security,FileAccess,High,Opengrep,40a1210ffc8c23dc4a717ce32627c89658e0f608,v1.10.4,open,S3,gc,Test-only security scanner findings must be reviewed and suppressed only with rationale,,,none,none,none,none,none,false,false,false,true,false,test,,,investigate,,,,,"bucket=test-security-noise; line_text=if err := os.WriteFile(containerPath, []byte(""g4-pinned-zero-live-payload""), 0o644); err != nil {"
CK-110-0595,Method TestRepositoryCapabilitiesSupportHelpers has a cyclomatic complexity of 12 (limit is 8),codacy,51d4ea25307c8dc6c8e43ff1b7cdf3ac,internal/repository/capabilities/model_test.go,5,Lizard_ccn-medium,Complexity,,Warning,Lizard,40a1210ffc8c23dc4a717ce32627c89658e0f608,v1.10.6,open,S3,codacy,Test complexity findings must be reviewed without weakening invariant coverage,,,none,none,none,none,none,false,false,false,true,false,test,,,investigate,,,,,bucket=test-complexity-hotspot; line_text=func TestRepositoryCapabilitiesSupportHelpers(t *testing.T) {
CK-110-0596,Method VerifySystemDeepWithContainersDir has 81 lines of code (limit is 50),codacy,f8118ee3fbe3859ab9846e50fafcb53,internal/verify/verify_system.go,208,Lizard_nloc-medium,Complexity,,Warning,Lizard,40a1210ffc8c23dc4a717ce32627c89658e0f608,backlog,open,S2,verify,Production complexity hotspots in critical paths must be tracked without behavior-changing refactors,,,none,medium,none,medium,none,true,false,true,false,false,production,,,investigate,,,,,"bucket=production-complexity-hotspot; line_text=func VerifySystemDeepWithContainersDir(dbconn *sql.DB, containersDir string) error {"
CK-110-0597,Method TestSnapshotRootsExcludeSnapshotIDs has a cyclomatic complexity of 10 (limit is 8),codacy,5b46c8dbca31df35a11d9f471286eec6,internal/graph/reachability_test.go,123,Lizard_ccn-medium,Complexity,,Warning,Lizard,d10e67e78649eea0d315bcfb65728d537b27b375,v1.10.6,open,S3,codacy,Test complexity findings must be reviewed without weakening invariant coverage,,,none,none,none,none,none,false,false,false,true,false,test,,,investigate,,,,,bucket=test-complexity-hotspot; line_text=func TestSnapshotRootsExcludeSnapshotIDs(t *testing.T) {
CK-110-0598,The application was found setting directory permissions to overly permissive values.,codacy,c744c796102ef8cc93a50017120a387f,tests/adversarial/v110_s0_chunk_reuse_bounds_stabilization_test.go,54,Semgrep_go_file-permissions_rule-mkdir,Security,FileAccess,High,Opengrep,40a1210ffc8c23dc4a717ce32627c89658e0f608,backlog,open,S3,storage,Test-only security scanner findings must be reviewed and suppressed only with rationale,,,none,none,none,none,none,false,false,false,true,false,test,,,investigate,,,,,"bucket=test-security-noise; line_text=if err := os.MkdirAll(pathsDir, 0o755); err != nil {"
CK-110-0599,Method TestRunMigrationsCompressionConfigIsIdempotent has a cyclomatic complexity of 9 (limit is 8),codacy,a5ee8a50af8ea176b0a0a6babfedd9,internal/db/migrations_test.go,2210,Lizard_ccn-medium,Complexity,,Warning,Lizard,40a1210ffc8c23dc4a717ce32627c89658e0f608,backlog,open,S3,migration,Test complexity findings must be reviewed without weakening invariant coverage,,,none,none,none,none,none,false,false,false,true,false,test,,,investigate,,,,,bucket=test-complexity-hotspot; line_text=func TestRunMigrationsCompressionConfigIsIdempotent(t *testing.T) {
CK-110-0600,The application was found setting file permissions to overly permissive values.,codacy,2567d0d85739277f280193288657c945,internal/verify/verify_system_test.go,559,Semgrep_go_file-permissions_rule-fileperm,Security,FileAccess,High,Opengrep,40a1210ffc8c23dc4a717ce32627c89658e0f608,backlog,open,S3,verify,Test-only security scanner findings must be reviewed and suppressed only with rationale,,,none,none,none,none,none,false,false,false,true,false,test,,,investigate,,,,,"bucket=test-security-noise; line_text=f, err := os.OpenFile(path, os.O_RDWR, 0644)"
CK-110-0601,Method getOrCreateOpenContainerInDirExcluding has 95 lines of code (limit is 50),codacy,71cdacdc43690b8662d78e94aeb15c34,internal/container/container.go,374,Lizard_nloc-medium,Complexity,,Warning,Lizard,55fd5483af6b4915ab73ab0c5e16ccb22c9a6592,backlog,open,S2,storage,Production complexity hotspots in critical paths must be tracked without behavior-changing refactors,,,none,medium,none,medium,none,true,false,true,false,false,production,,,investigate,,,,,"bucket=production-complexity-hotspot; line_text=func getOrCreateOpenContainerInDirExcluding(tx db.DBTX, dbconn *sql.DB, containersDir string, excludeID int64) (ActiveContainer, error) {"
CK-110-0602,The application was found setting file permissions to overly permissive values.,codacy,b7589d36084fc1c27ad8d4f3e4427b83,tests/utils/common.go,747,Semgrep_go_file-permissions_rule-fileperm,Security,FileAccess,High,Opengrep,40a1210ffc8c23dc4a717ce32627c89658e0f608,v1.10.2,open,S3,filesystem,Test-only security scanner findings must be reviewed and suppressed only with rationale,,,none,none,none,none,none,false,false,false,true,false,test,,,investigate,,,,,"bucket=test-security-noise; line_text=if err := os.WriteFile(p, lorem, 0o644); err != nil {"
CK-110-0603,Lists should be surrounded by blank lines,codacy,9fba889c06f272a73ff5b12fbbf0f28e,docs/BENCHMARK_CORPORA.md,70,markdownlint_MD032,CodeStyle,,Info,markdownlint,40a1210ffc8c23dc4a717ce32627c89658e0f608,backlog,open,S4,docs,Documentation style findings must be classified without blocking correctness releases,,,none,none,none,none,none,false,false,false,false,true,docs,,,investigate,,,,,bucket=docs-style; line_text=- `random_bytes_1.bin` (4 MB) - Cryptographically random bytes
CK-110-0604,Method TestRunMigrationsAllowsMultiplePhysicalFilesPerLogicalFile has a cyclomatic complexity of 9 (limit is 8,codacy,15247058006d65074abc2e67bd746bd9,internal/db/migrations_test.go,2072,Lizard_ccn-medium,Complexity,,Warning,Lizard,40a1210ffc8c23dc4a717ce32627c89658e0f608,backlog,open,S3,migration,Test complexity findings must be reviewed without weakening invariant coverage,,,none,none,none,none,none,false,false,false,true,false,test,,,investigate,,,,,bucket=test-complexity-hotspot; line_text=func TestRunMigrationsAllowsMultiplePhysicalFilesPerLogicalFile(t *testing.T) {
CK-110-0605,Method TestRestoreOptionsOverwriteTrueReplacesExistingDestination has a cyclomatic complexity of 14 (limit is ,codacy,13f2d09125d63890abe35ceaef5954a1,internal/storage/restore_test.go,2234,Lizard_ccn-medium,Complexity,,Warning,Lizard,72e7d820bee113801805bf52d821193704364cb2,v1.10.5,open,S3,restore,Test complexity findings must be reviewed without weakening invariant coverage,,,none,none,none,none,none,false,false,false,true,false,test,,,investigate,,,,,bucket=test-complexity-hotspot; line_text=func TestRestoreOptionsOverwriteTrueReplacesExistingDestination(t *testing.T) {
CK-110-0606,The application was found setting directory permissions to overly permissive values.,codacy,249932ca0d28b347b2c9ab744635f0d,tests/integration/v18_migration_compatibility_integration_test.go,1790,Semgrep_go_file-permissions_rule-mkdir,Security,FileAccess,High,Opengrep,,v1.10.2,open,S3,filesystem,Test-only security scanner findings must be reviewed and suppressed only with rationale,,,none,none,none,none,none,false,false,false,true,false,test,,,investigate,,,,,"bucket=test-security-noise; line_text=if err := os.MkdirAll(packedInputRoot, 0o755); err != nil {"
CK-110-0607,Method TestStep11SnapshotRetainsPackedBlockAndRestoreSucceeds has 77 lines of code (limit is 50),codacy,9e8c03ab956074bb470bef0675a704d2,internal/maintenance/gc_step11_test.go,319,Lizard_nloc-medium,Complexity,,Warning,Lizard,2abed90b7cfb17095e1a457c41e1682e0997e45c,v1.10.4,open,S3,gc,Test complexity findings must be reviewed without weakening invariant coverage,,,none,none,none,none,none,false,false,false,true,false,test,,,investigate,,,,,bucket=test-complexity-hotspot; line_text=func TestStep11SnapshotRetainsPackedBlockAndRestoreSucceeds(t *testing.T) {
CK-110-0608,Method initCommand has a cyclomatic complexity of 23 (limit is 8),codacy,3f79c1bf11d12d60cb71f8d5de20d134,cmd/coldkeep/init.go,14,Lizard_ccn-medium,Complexity,,Warning,Lizard,40a1210ffc8c23dc4a717ce32627c89658e0f608,v1.10.6,open,S2,codacy,Production complexity hotspots in critical paths must be tracked without behavior-changing refactors,,,none,none,none,none,none,true,false,true,false,false,production,,,investigate,,,,,"bucket=production-complexity-hotspot; line_text=func initCommand(parsed parsedCommandLine, outputMode cliOutputMode) error {"
CK-110-0609,All queries must target RAC_* tables.Query does not reference RAC_* table.,codacy,19e582016fea62272e1f75de1c0e6da2,db/schema_postgres.sql,181,Semgrep_codacy.generic.sql.rac-table-access,Security,SQLInjection,High,Opengrep,40a1210ffc8c23dc4a717ce32627c89658e0f608,backlog,open,S1,migration,Dynamic SQL scanner findings must be reviewed for parameterization or safe identifier constraints,,,none,none,medium,none,none,true,false,true,false,false,production,,,investigate,,,,,bucket=production-security-candidate; line_text=SELECT 1 FROM information_schema.columns
CK-110-0610,Method TestContainerHasLivePhysicalUnitsSupportsLegacyPackedAndMixed has a cyclomatic complexity of 22 (limit ,codacy,14318c758b4c4f998d112347334258bb,internal/maintenance/gc_packed_test.go,516,Lizard_ccn-medium,Complexity,,Warning,Lizard,40a1210ffc8c23dc4a717ce32627c89658e0f608,v1.10.4,open,S3,gc,Test complexity findings must be reviewed without weakening invariant coverage,,,none,none,none,none,none,false,false,false,true,false,test,,,investigate,,,,,bucket=test-complexity-hotspot; line_text=func TestContainerHasLivePhysicalUnitsSupportsLegacyPackedAndMixed(t *testing.T) {
CK-110-0611,f-string is missing placeholders (F541),codacy,b7ce1b68ffba32606976b1bd3b6aeb16,scripts/compare_phase8_gc_results.py,140,Prospector_pyflakes,ErrorProne,,High,Prospector,40a1210ffc8c23dc4a717ce32627c89658e0f608,v1.10.6,open,S2,tooling,Release and benchmark scripts must not mask failures or mishandle unsafe inputs,,,low,none,none,low,none,false,true,false,false,false,script,,,investigate,,,,,"bucket=script-tooling-risk; line_text=print(f""GC Phase 8 Comparison — 1 MiB vs 2 MiB"")"
CK-110-0612,Method checkPinnedChunkStatus has 84 lines of code (limit is 50),codacy,d1bcc11b3e3cddfbd8a2a64ebce4cb77,internal/verify/verify_chunk.go,127,Lizard_nloc-medium,Complexity,,Warning,Lizard,40a1210ffc8c23dc4a717ce32627c89658e0f608,backlog,open,S2,verify,Production complexity hotspots in critical paths must be tracked without behavior-changing refactors,,,none,medium,none,medium,none,true,false,true,false,false,production,,,investigate,,,,,bucket=production-complexity-hotspot; line_text=func checkPinnedChunkStatus(dbconn *sql.DB) error {
CK-110-0613,The application dynamically constructs file or path information.,codacy,d52fe194ec82f596432bd92bdbea02fc,internal/maintenance/gc_step11_test.go,512,Semgrep_go_filesystem_rule-fileread,Security,FileAccess,Error,Opengrep,2abed90b7cfb17095e1a457c41e1682e0997e45c,v1.10.4,open,S3,gc,Test-only security scanner findings must be reviewed and suppressed only with rationale,,,none,none,none,none,none,false,false,false,true,false,test,,,investigate,,,,,"bucket=test-security-noise; line_text=packedRestored, err := os.ReadFile(packedOut)"
CK-110-0614,Method TestQuarantineContainerInDirUpdatesSizesToPhysicalFile has a cyclomatic complexity of 15 (limit is 8),codacy,caa2d5b46bf6f33e168792d7379c3b45,internal/container/container_test.go,277,Lizard_ccn-medium,Complexity,,Warning,Lizard,ba7fa662f9cad616344a5e00709b60dc4d0f3ea7,backlog,open,S3,storage,Test complexity findings must be reviewed without weakening invariant coverage,,,none,none,none,none,none,false,false,false,true,false,test,,,investigate,,,,,bucket=test-complexity-hotspot; line_text=func TestQuarantineContainerInDirUpdatesSizesToPhysicalFile(t *testing.T) {
CK-110-0615,Method TestEnsurePostgresSchemaAutoMigratesVersionElevenToTwelve has 79 lines of code (limit is 50),codacy,996b0d51f48016ea4efd9a2b45c6684b,internal/db/migrations_test.go,1476,Lizard_nloc-medium,Complexity,,Warning,Lizard,3af49a6c3bab6e69e3b3bd4eeed7eacee2c1edfb,backlog,open,S3,migration,Test complexity findings must be reviewed without weakening invariant coverage,,,none,none,none,none,none,false,false,false,true,false,test,,,investigate,,,,,bucket=test-complexity-hotspot; line_text=func TestEnsurePostgresSchemaAutoMigratesVersionElevenToTwelve(t *testing.T) {
CK-110-0616,Only 1 file found with 100+ lines. Consider splitting into modular files for better organization.,codacy,ff71b7f1f70d5823ef247c9b8d19c003,SECURITY.md,1,Agentlinter_structure_modular-files,BestPractice,,Warning,Agentlinter,40a1210ffc8c23dc4a717ce32627c89658e0f608,v1.10.2,open,S4,filesystem,Documentation style findings must be classified without blocking correctness releases,,,none,none,none,none,none,false,false,false,false,true,docs,,,investigate,,,,,bucket=docs-style; line_text=# Security Policy
CK-110-0617,The application was found setting directory permissions to overly permissive values.,codacy,648ebbfe27699fc070c964475c1f83cb,tests/adversarial/g3_no_data_loss_valid_sequences_adversarial_test.go,120,Semgrep_go_file-permissions_rule-mkdir,Security,FileAccess,High,Opengrep,40a1210ffc8c23dc4a717ce32627c89658e0f608,v1.10.2,open,S3,filesystem,Test-only security scanner findings must be reviewed and suppressed only with rationale,,,none,none,none,none,none,false,false,false,true,false,test,,,investigate,,,,,"bucket=test-security-noise; line_text=if err := os.MkdirAll(inputDir, 0o755); err != nil {"
CK-110-0618,Method TestRestoreFailsOnChunkOrderDiscontinuity has a cyclomatic complexity of 19 (limit is 8),codacy,ce3638d9c6ab98e851ebf3300fabbc8,internal/storage/restore_test.go,1532,Lizard_ccn-medium,Complexity,,Warning,Lizard,56160b6b2cef0802da26d40ba905792ff173207c,v1.10.5,open,S3,restore,Test complexity findings must be reviewed without weakening invariant coverage,,,none,none,none,none,none,false,false,false,true,false,test,,,investigate,,,,,bucket=test-complexity-hotspot; line_text=func TestRestoreFailsOnChunkOrderDiscontinuity(t *testing.T) {
CK-110-0619,The application dynamically constructs file or path information.,codacy,919c58c6354602cdbb9ec16a87169216,tests/adversarial/g7_deep_corruption_adversarial_test.go,404,Semgrep_go_filesystem_rule-fileread,Security,FileAccess,Error,Opengrep,40a1210ffc8c23dc4a717ce32627c89658e0f608,v1.10.2,open,S3,filesystem,Test-only security scanner findings must be reviewed and suppressed only with rationale,,,none,none,none,none,none,false,false,false,true,false,test,,,investigate,,,,,"bucket=test-security-noise; line_text=f, err := os.OpenFile(containerPath, os.O_RDWR, 0)"
CK-110-0620,Method checkPinnedChunkStatus has a cyclomatic complexity of 12 (limit is 8),codacy,8f134cc4cf70f51c122f501098bf9321,internal/verify/verify_chunk.go,127,Lizard_ccn-medium,Complexity,,Warning,Lizard,40a1210ffc8c23dc4a717ce32627c89658e0f608,backlog,open,S2,verify,Production complexity hotspots in critical paths must be tracked without behavior-changing refactors,,,none,medium,none,medium,none,true,false,true,false,false,production,,,investigate,,,,,bucket=production-complexity-hotspot; line_text=func checkPinnedChunkStatus(dbconn *sql.DB) error {
CK-110-0621,Method  has 102 lines of code (limit is 50),codacy,d9ee567dee614bfdde6f15fb66003a6f,internal/observability/equivalence_phase7_test.go,58,Lizard_nloc-medium,Complexity,,Warning,Lizard,40a1210ffc8c23dc4a717ce32627c89658e0f608,v1.10.6,open,S3,codacy,Test complexity findings must be reviewed without weakening invariant coverage,,,none,none,none,none,none,false,false,false,true,false,test,,,investigate,,,,,"bucket=test-complexity-hotspot; line_text=t.Run(tc.name, func(t *testing.T) {"
CK-110-0622,Method TestMapStatsResultMapsMaintenanceResultToStableModel has 136 lines of code (limit is 50),codacy,f36a0ba49965c33b72819e393ad25d5,internal/observability/stats_test.go,27,Lizard_nloc-medium,Complexity,,Warning,Lizard,40a1210ffc8c23dc4a717ce32627c89658e0f608,v1.10.6,open,S3,codacy,Test complexity findings must be reviewed without weakening invariant coverage,,,none,none,none,none,none,false,false,false,true,false,test,,,investigate,,,,,bucket=test-complexity-hotspot; line_text=func TestMapStatsResultMapsMaintenanceResultToStableModel(t *testing.T) {
CK-110-0623,Detected file permissions that are set to more than `0600` (user/owner can read and write). Setting file permi,codacy,3bd9f6faf85d2475ff31fed4fd4d3345,tests/adversarial/g7_deep_corruption_adversarial_test.go,259,Semgrep_go.lang.correctness.permissions.file_permission.incorrect-default-permission,Security,FileAccess,High,Opengrep,2f76cac770a2646da3e6b1c52767d88c35461c50,v1.10.2,open,S3,filesystem,Test-only security scanner findings must be reviewed and suppressed only with rationale,,,none,none,none,none,none,false,false,false,true,false,test,,,investigate,,,,,"bucket=test-security-noise; line_text=f, err := os.OpenFile(containerPath, os.O_RDWR, 0o644)"
CK-110-0624,Method TestEnsurePhysicalFileForPathDefaultPolicyWithTx has 74 lines of code (limit is 50),codacy,1148fbaa0c9a6ce00637ca8c783d8942,internal/storage/physical_file_repository_test.go,38,Lizard_nloc-medium,Complexity,,Warning,Lizard,40a1210ffc8c23dc4a717ce32627c89658e0f608,backlog,open,S3,storage,Test complexity findings must be reviewed without weakening invariant coverage,,,none,none,none,none,none,false,false,false,true,false,test,,,investigate,,,,,bucket=test-complexity-hotspot; line_text=func TestEnsurePhysicalFileForPathDefaultPolicyWithTx(t *testing.T) {
CK-110-0625,The application was found setting directory permissions to overly permissive values.,codacy,de371e9e2c4d94f203ef946ecfdd412a,tests/adversarial/g68_dedup_semantics_matrix_test.go,130,Semgrep_go_file-permissions_rule-mkdir,Security,FileAccess,High,Opengrep,40a1210ffc8c23dc4a717ce32627c89658e0f608,v1.10.2,open,S3,filesystem,Test-only security scanner findings must be reviewed and suppressed only with rationale,,,none,none,none,none,none,false,false,false,true,false,test,,,investigate,,,,,"bucket=test-security-noise; line_text=os.MkdirAll(container.ContainersDir, 0o755)"
CK-110-0626,Method TestAdversarialG4PinnedChunkWithZeroLiveRefsSurvivesGC has a cyclomatic complexity of 12 (limit is 8),codacy,f7b83b9d9c5bfec4bf3f409344e4be45,tests/adversarial/g4_non_destructive_gc_adversarial_test.go,111,Lizard_ccn-medium,Complexity,,Warning,Lizard,40a1210ffc8c23dc4a717ce32627c89658e0f608,v1.10.4,open,S3,gc,Test complexity findings must be reviewed without weakening invariant coverage,,,none,none,none,none,none,false,false,false,true,false,test,,,investigate,,,,,bucket=test-complexity-hotspot; line_text=func TestAdversarialG4PinnedChunkWithZeroLiveRefsSurvivesGC(t *testing.T) {
CK-110-0627,Redefining name 'is_hard_fail' from outer scope (line 120),codacy,93807f5c12ac4674fdd82254669ced10,scripts/validate_regression_thresholds.py,232,PyLintPython3_W0621,ErrorProne,,Warning,Pylint,40a1210ffc8c23dc4a717ce32627c89658e0f608,v1.10.6,open,S2,tooling,Release and benchmark scripts must not mask failures or mishandle unsafe inputs,,,low,none,none,low,none,false,true,false,false,false,script,,,investigate,,,,,bucket=script-tooling-risk; line_text=is_hard_fail = is_hard_fail_check(
CK-110-0628,Detected file permissions that are set to more than `0600` (user/owner can read and write). Setting file permi,codacy,92c55a996bb254df68be50152cc280ba,tests/adversarial/g6_concurrent_operations_adversarial_test.go,169,Semgrep_go.lang.correctness.permissions.file_permission.incorrect-default-permission,Security,FileAccess,High,Opengrep,40a1210ffc8c23dc4a717ce32627c89658e0f608,v1.10.2,open,S3,filesystem,Test-only security scanner findings must be reviewed and suppressed only with rationale,,,none,none,none,none,none,false,false,false,true,false,test,,,investigate,,,,,"bucket=test-security-noise; line_text=if err := os.MkdirAll(inputDir, 0o755); err != nil {"
CK-110-0629,The application was found setting directory permissions to overly permissive values.,codacy,5afccb66715eb86490a264bc46639962,tests/adversarial/g5_atomic_restore_adversarial_test.go,108,Semgrep_go_file-permissions_rule-mkdir,Security,FileAccess,High,Opengrep,40a1210ffc8c23dc4a717ce32627c89658e0f608,v1.10.5,open,S3,restore,Test-only security scanner findings must be reviewed and suppressed only with rationale,,,none,none,none,none,none,false,false,false,true,false,test,,,investigate,,,,,"bucket=test-security-noise; line_text=if err := os.MkdirAll(inputDir, 0o755); err != nil {"
CK-110-0630,The application was found setting directory permissions to overly permissive values.,codacy,caf3b4f8ae884fbbcf4706c9499b136,tests/adversarial/g14_g17_snapshot_retention_adversarial_test.go,439,Semgrep_go_file-permissions_rule-mkdir,Security,FileAccess,High,Opengrep,e675ba781b33cb0a643d74df46df9e78fa50484c,backlog,open,S3,snapshot,Test-only security scanner findings must be reviewed and suppressed only with rationale,,,none,none,none,none,none,false,false,false,true,false,test,,,investigate,,,,,"bucket=test-security-noise; line_text=if err := os.MkdirAll(restoreDir, 0o755); err != nil {"
CK-110-0631,The application was found setting file permissions to overly permissive values.,codacy,226fb30f555baf45136496228d00a761,tests/integration/v19_stats_semantics_integration_test.go,36,Semgrep_go_file-permissions_rule-fileperm,Security,FileAccess,High,Opengrep,40a1210ffc8c23dc4a717ce32627c89658e0f608,v1.10.2,open,S3,filesystem,Test-only security scanner findings must be reviewed and suppressed only with rationale,,,none,none,none,none,none,false,false,false,true,false,test,,,investigate,,,,,"bucket=test-security-noise; line_text=if err := os.WriteFile(filepath, payload, 0644); err != nil {"
CK-110-0632,The application was found setting file permissions to overly permissive values.,codacy,ac7a773260c8741b64da72a3e4bdeeb4,internal/container/container.go,471,Semgrep_go_file-permissions_rule-fileperm,Security,FileAccess,High,Opengrep,40a1210ffc8c23dc4a717ce32627c89658e0f608,backlog,open,S1,storage,Filesystem permission scanner findings must be reviewed by runtime area and threat model,,,none,medium,medium,medium,none,true,false,true,false,false,production,,,investigate,,,,,"bucket=production-security-candidate; line_text=f, err := os.OpenFile(fullPath, os.O_CREATE|os.O_WRONLY|os.O_TRUNC, 0666)"
CK-110-0633,The application was found setting directory permissions to overly permissive values.,codacy,4206465f836231aa29e77a5dafb42d90,tests/utils/common.go,316,Semgrep_go_file-permissions_rule-mkdir,Security,FileAccess,High,Opengrep,40a1210ffc8c23dc4a717ce32627c89658e0f608,v1.10.2,open,S3,filesystem,Test-only security scanner findings must be reviewed and suppressed only with rationale,,,none,none,none,none,none,false,false,false,true,false,test,,,investigate,,,,,"bucket=test-security-noise; line_text=if err := os.MkdirAll(container.ContainersDir, 0o755); err != nil {"
CK-110-0634,The application was found setting file permissions to overly permissive values.,codacy,847fe11f597ddcfbc112d04a8204c4ee,internal/storage/phase1_compat_matrix_test.go,379,Semgrep_go_file-permissions_rule-fileperm,Security,FileAccess,High,Opengrep,685c72e624fd873ed17ce60c7884b8e1cb949855,backlog,open,S3,storage,Test-only security scanner findings must be reviewed and suppressed only with rationale,,,none,none,none,none,none,false,false,false,true,false,test,,,investigate,,,,,"bucket=test-security-noise; line_text=if err := os.WriteFile(inputPath, original, 0o644); err != nil {"
CK-110-0635,Method build_summary has 76 lines of code (limit is 50),codacy,9f21305166846cb415f151ec699d54a1,scripts/summarize_phase8_blocksize.py,60,Lizard_nloc-medium,Complexity,,Warning,Lizard,fd7666eca1064c3cbe034bcde5234b2b0ec54e18,v1.10.6,open,S2,tooling,Release and benchmark scripts must not mask failures or mishandle unsafe inputs,,,low,none,none,low,none,false,true,false,false,false,script,,,investigate,,,,,bucket=script-tooling-risk; line_text=def build_summary(runs):
CK-110-0636,The application dynamically constructs file or path information.,codacy,627bda72e64320d5b8846deade4d105c,tests/utils/common.go,323,Semgrep_go_filesystem_rule-fileread,Security,FileAccess,Error,Opengrep,40a1210ffc8c23dc4a717ce32627c89658e0f608,v1.10.2,open,S3,filesystem,Test-only security scanner findings must be reviewed and suppressed only with rationale,,,none,none,none,none,none,false,false,false,true,false,test,,,investigate,,,,,"bucket=test-security-noise; line_text=b, err := os.ReadFile(path)"
CK-110-0637,"Undefined acronym ""SHA"" — define on first use or add to glossary.",codacy,2e8d71b90bff398440373b68f4171e79,SECURITY.md,64,Agentlinter_clarity_undefined-term,Comprehensibility,,Info,Agentlinter,40a1210ffc8c23dc4a717ce32627c89658e0f608,v1.10.6,open,S4,codacy,Documentation style findings must be classified without blocking correctness releases,,,none,none,none,none,none,false,false,false,false,true,docs,,,investigate,,,,,bucket=docs-style; line_text=Each chunk is stored with a SHA-256 hash.
CK-110-0638,Method TestSweepUnreachableChunksDeletesWholePackedBlockWhenAllChunksDead has 53 lines of code (limit is 50),codacy,e026598b3e8141810378ee9c0a94b315,internal/maintenance/gc_packed_test.go,372,Lizard_nloc-medium,Complexity,,Warning,Lizard,40a1210ffc8c23dc4a717ce32627c89658e0f608,v1.10.4,open,S3,gc,Test complexity findings must be reviewed without weakening invariant coverage,,,none,none,none,none,none,false,false,false,true,false,test,,,investigate,,,,,bucket=test-complexity-hotspot; line_text=func TestSweepUnreachableChunksDeletesWholePackedBlockWhenAllChunksDead(t *testing.T) {
CK-110-0639,The application dynamically constructs file or path information.,codacy,b816ded5b36d69629f6e306e1ebe2759,internal/benchmark/corpus.go,334,Semgrep_go_filesystem_rule-fileread,Security,FileAccess,Error,Opengrep,fc8112a95961f6f3eba8ce8d6e1dc63ca8780ed0,v1.10.6,open,S1,benchmark,Dynamic filesystem path findings must be reviewed for root containment and trust boundaries,,,none,none,medium,none,none,false,false,false,true,false,benchmark,,,investigate,,,,,"bucket=production-security-candidate; line_text=data, _ := os.ReadFile(filePath) // Error already validated during generation"
CK-110-0640,Expected: 2; Actual: 3,codacy,5f863bbf8699140f94f1dbe0de1bbb0e,docs/benchmarking.md,659,markdownlint_MD007,CodeStyle,,Info,markdownlint,40a1210ffc8c23dc4a717ce32627c89658e0f608,backlog,open,S4,docs,Documentation style findings must be classified without blocking correctness releases,,,none,none,none,none,none,false,false,false,false,true,docs,,,investigate,,,,,bucket=docs-style; line_text=- bounded peak/final heap assertions to detect unbounded memory growth
CK-110-0641,Lists should be surrounded by blank lines,codacy,f899fceedf3ac4ae4105b1df690c6f3e,docs/benchmarking.md,1477,markdownlint_MD032,CodeStyle,,Info,markdownlint,40a1210ffc8c23dc4a717ce32627c89658e0f608,backlog,open,S4,docs,Documentation style findings must be classified without blocking correctness releases,,,none,none,none,none,none,false,false,false,false,true,docs,,,investigate,,,,,bucket=docs-style; line_text=- Restore deterministic: same file → identical output always
CK-110-0642,Method main has 77 lines of code (limit is 50),codacy,62038421399c2918326e004497adcb9e,scripts/compare_phase8_dedup_results.py,43,Lizard_nloc-medium,Complexity,,Warning,Lizard,2ab9fd3bd69f2a1e6c9741871aa10c229f126899,v1.10.6,open,S2,tooling,Release and benchmark scripts must not mask failures or mishandle unsafe inputs,,,low,none,none,low,none,false,true,false,false,false,script,,,investigate,,,,,bucket=script-tooling-risk; line_text=def main() -> int:
CK-110-0643,Method DiffSnapshotsSummarySQL has 66 lines of code (limit is 50),codacy,318b1b784a9ba85e6c920b47a7e0240,internal/snapshot/snapshot.go,794,Lizard_nloc-medium,Complexity,,Warning,Lizard,e3651514c3df07611f18b090cd33986caaaee0eb,backlog,open,S2,snapshot,Production complexity hotspots in critical paths must be tracked without behavior-changing refactors,,,none,none,none,none,none,true,false,true,false,false,production,,,investigate,,,,,"bucket=production-complexity-hotspot; line_text=func DiffSnapshotsSummarySQL(ctx context.Context, db *sql.DB, baseID, targetID string) (*SnapshotDiffSummary, error) {"
CK-110-0644,Method isValidMigrationCompanionMapping has 78 lines of code (limit is 50),codacy,88b5d35a3b0fdd57d269f0a91dc5b5ef,internal/verify/verify_repository.go,350,Lizard_nloc-medium,Complexity,,Warning,Lizard,40a1210ffc8c23dc4a717ce32627c89658e0f608,backlog,open,S2,verify,Production complexity hotspots in critical paths must be tracked without behavior-changing refactors,,,none,medium,none,medium,none,true,false,true,false,false,production,,,investigate,,,,,"bucket=production-complexity-hotspot; line_text=func isValidMigrationCompanionMapping(ctx context.Context, dbconn *sql.DB, chunkID, chunkSize int64) (bool, error) {"
CK-110-0645,Method cleanupLogicalFileChunkMappingsWithContext has 59 lines of code (limit is 50),codacy,62d5406066b65677af674ab6d7bb395,internal/storage/store.go,1058,Lizard_nloc-medium,Complexity,,Warning,Lizard,aa0fd6042e2732a0c67b934c7f1ba4e4c071e2b9,backlog,open,S2,storage,Production complexity hotspots in critical paths must be tracked without behavior-changing refactors,,,none,medium,none,medium,none,true,false,true,false,false,production,,,investigate,,,,,"bucket=production-complexity-hotspot; line_text=func cleanupLogicalFileChunkMappingsWithContext(ctx context.Context, tx *sql.Tx, fileID int64, markChunksSuspicious bool) error {"
CK-110-0646,Method setupRestorePinningFixture has a cyclomatic complexity of 11 (limit is 8),codacy,51b63b8700c39f5558c7a6ed16f3673c,internal/storage/restore_test.go,2467,Lizard_ccn-medium,Complexity,,Warning,Lizard,8375388f1daa35ab579945280bf5219f9e826d04,v1.10.5,open,S3,restore,Test complexity findings must be reviewed without weakening invariant coverage,,,none,none,none,none,none,false,false,false,true,false,test,,,investigate,,,,,"bucket=test-complexity-hotspot; line_text=func setupRestorePinningFixture(t *testing.T, chunkPayloads [][]byte) (*sql.DB, StorageContext, int64, []int64, []byte) {"
CK-110-0647,Method TestLocalWriterQuarantineContainerResetsStateAndReturnsDBError has a cyclomatic complexity of 11 (limit,codacy,2b5a077f288d1b296b6ecdc1430c21b3,internal/container/local_writer_test.go,456,Lizard_ccn-medium,Complexity,,Warning,Lizard,035ba9169b6bcc30c7b5359931fbd6f13c27f95f,backlog,open,S3,storage,Test complexity findings must be reviewed without weakening invariant coverage,,,none,none,none,none,none,false,false,false,true,false,test,,,investigate,,,,,bucket=test-complexity-hotspot; line_text=func TestLocalWriterQuarantineContainerResetsStateAndReturnsDBError(t *testing.T) {
CK-110-0648,The application was found setting file permissions to overly permissive values.,codacy,9a39c3c17ddd916e24cfb167553cc623,internal/container/local_writer_test.go,316,Semgrep_go_file-permissions_rule-fileperm,Security,FileAccess,High,Opengrep,286f14c67981753a5d9be061b5ff3dc0b8f8f3dc,backlog,open,S3,storage,Test-only security scanner findings must be reviewed and suppressed only with rationale,,,none,none,none,none,none,false,false,false,true,false,test,,,investigate,,,,,"bucket=test-security-noise; line_text=if err := os.WriteFile(filePath, []byte(""blocker""), 0o644); err != nil {"
CK-110-0649,The application was found setting directory permissions to overly permissive values.,codacy,6359ba17d3dbd55dbaa0ac7fcddf2c5f,tests/integration/v18_migration_compatibility_integration_test.go,43,Semgrep_go_file-permissions_rule-mkdir,Security,FileAccess,High,Opengrep,,v1.10.2,open,S3,filesystem,Test-only security scanner findings must be reviewed and suppressed only with rationale,,,none,none,none,none,none,false,false,false,true,false,test,,,investigate,,,,,"bucket=test-security-noise; line_text=if err := os.MkdirAll(filepath.Dir(path), 0o755); err != nil {"
CK-110-0650,Method removePhysicalFileByPathTx has a cyclomatic complexity of 14 (limit is 8),codacy,f2c7f5f2184ed1a4e6cf588770cd67b5,internal/storage/remove.go,95,Lizard_ccn-medium,Complexity,,Warning,Lizard,40a1210ffc8c23dc4a717ce32627c89658e0f608,backlog,open,S2,storage,Production complexity hotspots in critical paths must be tracked without behavior-changing refactors,,,none,medium,none,medium,none,true,false,true,false,false,production,,,investigate,,,,,"bucket=production-complexity-hotspot; line_text=func removePhysicalFileByPathTx(ctx context.Context, dbconn *sql.DB, tx *sql.Tx, result *RemovePhysicalFileResult) error {"
CK-110-0651,Method sumLogicalFileSizesByReferenceIDs has 55 lines of code (limit is 50),codacy,378c3b71491a5c624eb9671f617099d6,internal/observability/inspect.go,1112,Lizard_nloc-medium,Complexity,,Warning,Lizard,40a1210ffc8c23dc4a717ce32627c89658e0f608,v1.10.6,open,S2,codacy,Production complexity hotspots in critical paths must be tracked without behavior-changing refactors,,,none,none,none,none,none,true,false,true,false,false,production,,,investigate,,,,,"bucket=production-complexity-hotspot; line_text=func (s *Service) sumLogicalFileSizesByReferenceIDs(ctx context.Context, referenceIDs []int64) (int64, error) {"
CK-110-0652,The application was found setting directory permissions to overly permissive values.,codacy,2615153d7f27cb75715f96dc24c8a960,tests/adversarial/g14_g17_snapshot_retention_adversarial_test.go,156,Semgrep_go_file-permissions_rule-mkdir,Security,FileAccess,High,Opengrep,e675ba781b33cb0a643d74df46df9e78fa50484c,backlog,open,S3,snapshot,Test-only security scanner findings must be reviewed and suppressed only with rationale,,,none,none,none,none,none,false,false,false,true,false,test,,,investigate,,,,,"bucket=test-security-noise; line_text=if err := os.MkdirAll(inputDir, 0o755); err != nil {"
CK-110-0653,Method collectPlacementsV110S0 has 58 lines of code (limit is 50),codacy,2652c159420a0a531fc9d859b664c774,tests/adversarial/v110_s0_chunk_reuse_bounds_stabilization_test.go,382,Lizard_nloc-medium,Complexity,,Warning,Lizard,40a1210ffc8c23dc4a717ce32627c89658e0f608,backlog,open,S3,storage,Test complexity findings must be reviewed without weakening invariant coverage,,,none,none,none,none,none,false,false,false,true,false,test,,,investigate,,,,,"bucket=test-complexity-hotspot; line_text=func collectPlacementsV110S0(t *testing.T, dbconn *sql.DB) []placementV110S0 {"
CK-110-0654,All queries must target RAC_* tables.Query does not reference RAC_* table.,codacy,aaf1ed06e9fa19d2564cdc9ef7fd3643,db/schema_postgres.sql,427,Semgrep_codacy.generic.sql.rac-table-access,Security,SQLInjection,High,Opengrep,31d5389182022107eb969b939dbd98b19dfa0278,backlog,open,S1,migration,Dynamic SQL scanner findings must be reviewed for parameterization or safe identifier constraints,,,none,none,medium,none,none,true,false,true,false,false,production,,,investigate,,,,,bucket=production-security-candidate; line_text=UPDATE chunk
CK-110-0655,Detected file permissions that are set to more than `0600` (user/owner can read and write). Setting file permi,codacy,76d8d538656d0e087a03e96eda164ddf,tests/utils/common.go,1035,Semgrep_go.lang.correctness.permissions.file_permission.incorrect-default-permission,Security,FileAccess,High,Opengrep,40a1210ffc8c23dc4a717ce32627c89658e0f608,v1.10.2,open,S3,filesystem,Test-only security scanner findings must be reviewed and suppressed only with rationale,,,none,none,none,none,none,false,false,false,true,false,test,,,investigate,,,,,"bucket=test-security-noise; line_text=if err := os.MkdirAll(outDir, 0o755); err != nil {"
CK-110-0656,Insecure dependency golang/stdlib@v1.23.0 (CVE-2026-39825: ReverseProxy can forward queries containing paramet,codacy,797c1a81a003628f0ff8f85b637eae42,go.mod,3,Trivy_vulnerability_medium,Security,InsecureModulesLibraries,Warning,Trivy,40a1210ffc8c23dc4a717ce32627c89658e0f608,v1.10.2,open,S1,dependencies,Supported Go toolchain must not carry known unplanned CVEs,,,none,none,medium,none,none,true,true,true,false,false,production,,,fix,,,,,bucket=dependency-cve; line_text=go 1.23
CK-110-0657,Method TestRestoreFailsWhenContainerFileMissing has a cyclomatic complexity of 10 (limit is 8),codacy,c8e477740399a1d889d26d84b4f440bf,internal/storage/restore_test.go,1073,Lizard_ccn-medium,Complexity,,Warning,Lizard,cf4914f9f955062d3899c1b88ebb484f4a37543c,v1.10.5,open,S3,restore,Test complexity findings must be reviewed without weakening invariant coverage,,,none,none,none,none,none,false,false,false,true,false,test,,,investigate,,,,,bucket=test-complexity-hotspot; line_text=func TestRestoreFailsWhenContainerFileMissing(t *testing.T) {
CK-110-0658,Method TraverseWithOptions has 70 lines of code (limit is 50),codacy,d0f4a1f6a07d8feccf4b679cb5d7ccff,internal/graph/traversal.go,24,Lizard_nloc-medium,Complexity,,Warning,Lizard,40a1210ffc8c23dc4a717ce32627c89658e0f608,v1.10.6,open,S2,codacy,Production complexity hotspots in critical paths must be tracked without behavior-changing refactors,,,none,none,none,none,none,true,false,true,false,false,production,,,investigate,,,,,bucket=production-complexity-hotspot; line_text=func (s *Service) TraverseWithOptions(
CK-110-0659,Method  has a cyclomatic complexity of 15 (limit is 8),codacy,990ec60593d6747f3e5cbe713b69c193,internal/verify/verify_system.go,293,Lizard_ccn-medium,Complexity,,Warning,Lizard,40a1210ffc8c23dc4a717ce32627c89658e0f608,backlog,open,S2,verify,Production complexity hotspots in critical paths must be tracked without behavior-changing refactors,,,none,medium,none,medium,none,true,false,true,false,false,production,,,investigate,,,,,bucket=production-complexity-hotspot; line_text=processContainerErr := func() (retErr error) {
CK-110-0660,Method TestLoadLiveLegacyContainerIDsResolvesFromLiveChunks has a cyclomatic complexity of 10 (limit is 8),codacy,5302190393f33ad5e517967e7e374404,internal/maintenance/gc_packed_test.go,77,Lizard_ccn-medium,Complexity,,Warning,Lizard,40a1210ffc8c23dc4a717ce32627c89658e0f608,v1.10.4,open,S3,gc,Test complexity findings must be reviewed without weakening invariant coverage,,,none,none,none,none,none,false,false,false,true,false,test,,,investigate,,,,,bucket=test-complexity-hotspot; line_text=func TestLoadLiveLegacyContainerIDsResolvesFromLiveChunks(t *testing.T) {
CK-110-0661,Method TestCrossVersionDedupCompatibility has 91 lines of code (limit is 50),codacy,699b3c4150f0988697ad74ba3f48ae7f,internal/storage/store_v2chunker_test.go,419,Lizard_nloc-medium,Complexity,,Warning,Lizard,03c5e204ee5187399063a0156dca5caa3053a818,backlog,open,S3,storage,Test complexity findings must be reviewed without weakening invariant coverage,,,none,none,none,none,none,false,false,false,true,false,test,,,investigate,,,,,bucket=test-complexity-hotspot; line_text=func TestCrossVersionDedupCompatibility(t *testing.T) {
CK-110-0662,Detected file permissions that are set to more than `0600` (user/owner can read and write). Setting file permi,codacy,64645628a758468b7cdef77aec6511e8,tests/integration/v18_migration_compatibility_integration_test.go,43,Semgrep_go.lang.correctness.permissions.file_permission.incorrect-default-permission,Security,FileAccess,High,Opengrep,,v1.10.2,open,S3,filesystem,Test-only security scanner findings must be reviewed and suppressed only with rationale,,,none,none,none,none,none,false,false,false,true,false,test,,,investigate,,,,,"bucket=test-security-noise; line_text=if err := os.MkdirAll(filepath.Dir(path), 0o755); err != nil {"
CK-110-0663,Method isValidMigrationCompanionMapping has a cyclomatic complexity of 19 (limit is 8),codacy,d8f1732a72e7f30fb8ed47ec7773ef12,internal/verify/verify_repository.go,350,Lizard_ccn-medium,Complexity,,Warning,Lizard,40a1210ffc8c23dc4a717ce32627c89658e0f608,backlog,open,S2,verify,Production complexity hotspots in critical paths must be tracked without behavior-changing refactors,,,none,medium,none,medium,none,true,false,true,false,false,production,,,investigate,,,,,"bucket=production-complexity-hotspot; line_text=func isValidMigrationCompanionMapping(ctx context.Context, dbconn *sql.DB, chunkID, chunkSize int64) (bool, error) {"
CK-110-0664,Method ValidateCoverageInvariants has a cyclomatic complexity of 9 (limit is 8),codacy,6ca0bb9cd9c1f3a8eced820a2a554899,internal/chunk/benchmark/runner.go,159,Lizard_ccn-medium,Complexity,,Warning,Lizard,40a1210ffc8c23dc4a717ce32627c89658e0f608,v1.10.6,open,S3,benchmark,Test complexity findings must be reviewed without weakening invariant coverage,,,none,none,none,none,none,false,false,false,true,false,benchmark,,,investigate,,,,,"bucket=test-complexity-hotspot; line_text=func ValidateCoverageInvariants(fileSize int64, result Result) error {"
CK-110-0665,Detected file permissions that are set to more than `0600` (user/owner can read and write). Setting file permi,codacy,294af6c63b74af22b5934f3f76bd2403,tests/adversarial/g1_deterministic_restore_adversarial_test.go,156,Semgrep_go.lang.correctness.permissions.file_permission.incorrect-default-permission,Security,FileAccess,High,Opengrep,40a1210ffc8c23dc4a717ce32627c89658e0f608,v1.10.5,open,S3,restore,Test-only security scanner findings must be reviewed and suppressed only with rationale,,,none,none,none,none,none,false,false,false,true,false,test,,,investigate,,,,,"bucket=test-security-noise; line_text=if err := os.MkdirAll(restoreDir, 0o755); err != nil {"
CK-110-0666,SQL Injection is a critical vulnerability that can lead to data or system compromise.,codacy,17f29d2d8f4028047019946a0de9d378,internal/listing/search.go,84,Semgrep_go_sql_rule-concat-sqli,Security,SQLInjection,Error,Opengrep,00eaa50528df50804d272baa0dfbf8c6704abd50,v1.10.2,open,S1,security,Dynamic SQL scanner findings must be reviewed for parameterization or safe identifier constraints,,,none,none,medium,none,none,true,false,true,false,false,production,,,investigate,,,,,"bucket=production-security-candidate; line_text=rows, err := dbconn.QueryContext(ctx, query, params...)"
CK-110-0667,SQL Injection is a critical vulnerability that can lead to data or system compromise.,codacy,edc920d0969dbcf1b0d9b3d0b6b04c9d,internal/db/db.go,124,Semgrep_go_sql_rule-concat-sqli,Security,SQLInjection,Error,Opengrep,a861c7a9bc02b25def55d6be74fa24990f69ef5f,backlog,open,S1,migration,Dynamic SQL scanner findings must be reviewed for parameterization or safe identifier constraints,,,none,none,medium,none,none,true,false,true,false,false,production,,,investigate,,,,,"bucket=production-security-candidate; line_text=_, err := db.Exec(fmt.Sprintf(""PRAGMA busy_timeout = %d"", busyTimeoutMillis))"
CK-110-0668,Method TestTraverseDeterministicOrder has 53 lines of code (limit is 50),codacy,9e8b9125320e594d3f2d24723d7c503,internal/graph/traversal_test.go,145,Lizard_nloc-medium,Complexity,,Warning,Lizard,40a1210ffc8c23dc4a717ce32627c89658e0f608,v1.10.6,open,S3,codacy,Test complexity findings must be reviewed without weakening invariant coverage,,,none,none,none,none,none,false,false,false,true,false,test,,,investigate,,,,,bucket=test-complexity-hotspot; line_text=func TestTraverseDeterministicOrder(t *testing.T) {
CK-110-0669,Method TestRestoreNonCompletedChunkMappingReturnsNoRestorableChunksError has a cyclomatic complexity of 10 (li,codacy,17dada6ea36dc077a76a51b33be9877,internal/storage/restore_test.go,1397,Lizard_ccn-medium,Complexity,,Warning,Lizard,7a10f9be07a66924a953e06685bbdb4730990c9b,v1.10.5,open,S3,restore,Test complexity findings must be reviewed without weakening invariant coverage,,,none,none,none,none,none,false,false,false,true,false,test,,,investigate,,,,,bucket=test-complexity-hotspot; line_text=func TestRestoreNonCompletedChunkMappingReturnsNoRestorableChunksError(t *testing.T) {
CK-110-0670,Method simulateGC has 145 lines of code (limit is 50),codacy,7e9479701d807ba24707fe2ebfc91220,internal/observability/simulate.go,26,Lizard_nloc-medium,Complexity,,Warning,Lizard,40a1210ffc8c23dc4a717ce32627c89658e0f608,v1.10.6,open,S2,codacy,Production complexity hotspots in critical paths must be tracked without behavior-changing refactors,,,none,none,none,none,none,true,false,true,false,false,production,,,investigate,,,,,"bucket=production-complexity-hotspot; line_text=func (s *Service) simulateGC(ctx context.Context, opts SimulationOptions) (*SimulationResult, error) {"
CK-110-0671,Method StandardCorpora has 195 lines of code (limit is 50),codacy,a8945194b6991fd126b998f847fdb967,internal/benchmark/corpus.go,71,Lizard_nloc-medium,Complexity,,Warning,Lizard,fc8112a95961f6f3eba8ce8d6e1dc63ca8780ed0,v1.10.6,open,S3,benchmark,Test complexity findings must be reviewed without weakening invariant coverage,,,none,none,none,none,none,false,false,false,true,false,benchmark,,,investigate,,,,,bucket=test-complexity-hotspot; line_text=func StandardCorpora() []CorpusDefinition {
CK-110-0672,The application was found setting directory permissions to overly permissive values.,codacy,12c0d071e387b52ee07c4d2582cb871d,tests/utils/common.go,925,Semgrep_go_file-permissions_rule-mkdir,Security,FileAccess,High,Opengrep,40a1210ffc8c23dc4a717ce32627c89658e0f608,v1.10.2,open,S3,filesystem,Test-only security scanner findings must be reviewed and suppressed only with rationale,,,none,none,none,none,none,false,false,false,true,false,test,,,investigate,,,,,"bucket=test-security-noise; line_text=if err := os.MkdirAll(dstDir, 0o755); err != nil {"
CK-110-0673,Detected file permissions that are set to more than `0600` (user/owner can read and write). Setting file permi,codacy,169d92a85b883e86347671af6ec7cdb,tests/utils/common.go,925,Semgrep_go.lang.correctness.permissions.file_permission.incorrect-default-permission,Security,FileAccess,High,Opengrep,40a1210ffc8c23dc4a717ce32627c89658e0f608,v1.10.2,open,S3,filesystem,Test-only security scanner findings must be reviewed and suppressed only with rationale,,,none,none,none,none,none,false,false,false,true,false,test,,,investigate,,,,,"bucket=test-security-noise; line_text=if err := os.MkdirAll(dstDir, 0o755); err != nil {"
CK-110-0674,The application was found setting directory permissions to overly permissive values.,codacy,711fb375de5b1e60f3ae84eb0d66f48d,tests/adversarial/g4_non_destructive_gc_adversarial_test.go,203,Semgrep_go_file-permissions_rule-mkdir,Security,FileAccess,High,Opengrep,40a1210ffc8c23dc4a717ce32627c89658e0f608,v1.10.4,open,S3,gc,Test-only security scanner findings must be reviewed and suppressed only with rationale,,,none,none,none,none,none,false,false,false,true,false,test,,,investigate,,,,,"bucket=test-security-noise; line_text=if err := os.MkdirAll(inputDir, 0o755); err != nil {"
CK-110-0675,"Detected string concatenation with a non-literal variable in a ""database/sql"" Go SQL statement.",codacy,7ecdc06a00095ee8d3a135123c1cada,internal/db/migrations_test.go,1308,Semgrep_go.lang.security.audit.sqli.gosql-sqli.gosql-sqli,Security,SQLInjection,Error,Opengrep,69d3d6f7e494463c2eb98c9a03fca7449781ea14,backlog,open,S3,migration,Test-only security scanner findings must be reviewed and suppressed only with rationale,,,none,none,none,none,none,false,false,false,true,false,test,,,investigate,,,,,"bucket=test-security-noise; line_text=_, _ = adminDB.Exec(`"
CK-110-0676,Method TestRunStatsResultIncludesChunkCountsByVersion has 72 lines of code (limit is 50),codacy,c26baa8e9aa3d11de208a1aa57d4504d,internal/maintenance/stats_test.go,94,Lizard_nloc-medium,Complexity,,Warning,Lizard,40a1210ffc8c23dc4a717ce32627c89658e0f608,v1.10.4,open,S3,gc,Test complexity findings must be reviewed without weakening invariant coverage,,,none,none,none,none,none,false,false,false,true,false,test,,,investigate,,,,,bucket=test-complexity-hotspot; line_text=func TestRunStatsResultIncludesChunkCountsByVersion(t *testing.T) {
CK-110-0677,Method TestRunGCMixedCompressionAgnosticPackedReachabilityAndRestoreStep311 has a cyclomatic complexity of 25 ,codacy,4f8cebff366b1ef45705547fcae86707,internal/maintenance/gc_test.go,1032,Lizard_ccn-medium,Complexity,,Warning,Lizard,3dfc42af09c7d5a9e24a00821ea8b54d15f3e90e,v1.10.4,open,S3,gc,Test complexity findings must be reviewed without weakening invariant coverage,,,none,none,none,none,none,false,false,false,true,false,test,,,investigate,,,,,bucket=test-complexity-hotspot; line_text=func TestRunGCMixedCompressionAgnosticPackedReachabilityAndRestoreStep311(t *testing.T) {
CK-110-0678,Method TestStoreResolvesChunkerOncePerOperation has 104 lines of code (limit is 50),codacy,e199f94ce72b54496513f62d2a44699c,internal/storage/store_v2chunker_test.go,298,Lizard_nloc-medium,Complexity,,Warning,Lizard,b1becd4e99a7cbb38537a612011a9898508f03cc,backlog,open,S3,storage,Test complexity findings must be reviewed without weakening invariant coverage,,,none,none,none,none,none,false,false,false,true,false,test,,,investigate,,,,,bucket=test-complexity-hotspot; line_text=func TestStoreResolvesChunkerOncePerOperation(t *testing.T) {
CK-110-0679,Lists should be surrounded by blank lines,codacy,30a7f8662fb1aa175e76b4cbc48cec2c,docs/BENCHMARK_METRICS.md,312,markdownlint_MD032,CodeStyle,,Info,markdownlint,40a1210ffc8c23dc4a717ce32627c89658e0f608,backlog,open,S4,docs,Documentation style findings must be classified without blocking correctness releases,,,none,none,none,none,none,false,false,false,false,true,docs,,,investigate,,,,,bucket=docs-style; line_text=- ✅ `TestRecordCPUTracksCPUTimeByPhase`: time tracking by phase
CK-110-0680,Method flushPending has a cyclomatic complexity of 9 (limit is 8),codacy,109df8bc1eb9a41f7ea780ca7946aa00,internal/container/container.go,296,Lizard_ccn-medium,Complexity,,Warning,Lizard,edc95188af1d13bdd02f5e1db61def8ac678bfe7,backlog,open,S2,storage,Production complexity hotspots in critical paths must be tracked without behavior-changing refactors,,,none,medium,none,medium,none,true,false,true,false,false,production,,,investigate,,,,,bucket=production-complexity-hotspot; line_text=func (c *FileContainer) flushPending() error {
CK-110-0681,SQL Injection is a critical vulnerability that can lead to data or system compromise.,codacy,4417049b2cba20481374c366a6185c88,internal/observability/service_test.go,65,Semgrep_go_sql_rule-concat-sqli,Security,SQLInjection,Error,Opengrep,5203403c366c34daedb23d0c4ef345f787d6188b,v1.10.2,open,S3,security,Test-only security scanner findings must be reviewed and suppressed only with rationale,,,none,none,none,none,none,false,false,false,true,false,test,,,investigate,,,,,"bucket=test-security-noise; line_text=if _, err := dbconn.Exec(`INSERT INTO file_chunk (logical_file_id, chunk_id, chunk_order) VALUES (?, ?, ?)`, fileID, chunkID, order); err != nil {"
CK-110-0682,Lists should be surrounded by blank lines,codacy,479d6a359329aec365c41a88e72e4ca9,docs/benchmarking.md,333,markdownlint_MD032,CodeStyle,,Info,markdownlint,40a1210ffc8c23dc4a717ce32627c89658e0f608,backlog,open,S4,docs,Documentation style findings must be classified without blocking correctness releases,,,none,none,none,none,none,false,false,false,false,true,docs,,,investigate,,,,,bucket=docs-style; line_text=- Analyze compression benefit vs. performance cost
CK-110-0683,Method storeFileWithStorageContextAndRuntimeResultWithPolicy has 92 lines of code (limit is 50),codacy,22b129c7fbeedc116443030baf69e56a,internal/storage/store.go,2354,Lizard_nloc-medium,Complexity,,Warning,Lizard,29a23d555eb7258224263df0388000f16c1e8a37,backlog,open,S2,storage,Production complexity hotspots in critical paths must be tracked without behavior-changing refactors,,,none,medium,none,medium,none,true,false,true,false,false,production,,,investigate,,,,,bucket=production-complexity-hotspot; line_text=func storeFileWithStorageContextAndRuntimeResultWithPolicy(
CK-110-0684,Detected file permissions that are set to more than `0600` (user/owner can read and write). Setting file permi,codacy,2dbb86c8f07e1d55935b363f3c5c66ff,internal/benchmark/corpus.go,287,Semgrep_go.lang.correctness.permissions.file_permission.incorrect-default-permission,Security,FileAccess,High,Opengrep,fc8112a95961f6f3eba8ce8d6e1dc63ca8780ed0,v1.10.6,open,S1,benchmark,Filesystem permission scanner findings must be reviewed by runtime area and threat model,,,none,none,medium,none,none,false,false,false,true,false,benchmark,,,investigate,,,,,"bucket=production-security-candidate; line_text=if err := os.MkdirAll(corpusDir, 0o755); err != nil {"
CK-110-0685,Method quarantineCorruptActiveContainerTails has 99 lines of code (limit is 50),codacy,5ffb04f26ec903dc8a42078efa340ad1,internal/recovery/system_recovery.go,321,Lizard_nloc-medium,Complexity,,Warning,Lizard,40a1210ffc8c23dc4a717ce32627c89658e0f608,v1.10.5,open,S2,recovery,Production complexity hotspots in critical paths must be tracked without behavior-changing refactors,,,none,medium,none,medium,medium,true,false,true,false,false,production,,,investigate,,,,,"bucket=production-complexity-hotspot; line_text=func quarantineCorruptActiveContainerTails(dbconn *sql.DB, containersDir string, stats *recoveryStats) error {"
CK-110-0686,Method DefaultDatasets has 58 lines of code (limit is 50),codacy,5269adebecef364f5edab59a4c607a2a,internal/chunk/benchmark/datasets.go,34,Lizard_nloc-medium,Complexity,,Warning,Lizard,40a1210ffc8c23dc4a717ce32627c89658e0f608,v1.10.6,open,S3,benchmark,Test complexity findings must be reviewed without weakening invariant coverage,,,none,none,none,none,none,false,false,false,true,false,benchmark,,,investigate,,,,,bucket=test-complexity-hotspot; line_text=func DefaultDatasets() []Dataset {
CK-110-0687,File internal/verify/verify_system_test.go has 1558 non-comment lines of code,codacy,1482b8ff9c624e638564b7caa6670e1f,internal/verify/verify_system_test.go,1,Lizard_file-nloc-medium,Complexity,,Warning,Lizard,40a1210ffc8c23dc4a717ce32627c89658e0f608,backlog,open,S3,verify,Test complexity findings must be reviewed without weakening invariant coverage,,,none,none,none,none,none,false,false,false,true,false,test,,,investigate,,,,,bucket=test-complexity-hotspot; line_text=package verify
CK-110-0688,Detected file permissions that are set to more than `0600` (user/owner can read and write). Setting file permi,codacy,4d507026acad6c8642c075f4797e1ded,internal/chunk/benchmark/runner.go,120,Semgrep_go.lang.correctness.permissions.file_permission.incorrect-default-permission,Security,FileAccess,High,Opengrep,735145730e324c4c259b18916552c488993a03d4,v1.10.6,open,S1,benchmark,Filesystem permission scanner findings must be reviewed by runtime area and threat model,,,none,none,medium,none,none,false,false,false,true,false,benchmark,,,investigate,,,,,"bucket=production-security-candidate; line_text=if err := os.MkdirAll(workDir, 0o755); err != nil {"
CK-110-0689,Method TestRemoveByStoredPathUnlinksSingleMappingAndKeepsSharedLogicalAlive has a cyclomatic complexity of 16 ,codacy,1421f7a06fc7d5a81e59f47fd8b5b08d,internal/storage/remove_test.go,359,Lizard_ccn-medium,Complexity,,Warning,Lizard,40a1210ffc8c23dc4a717ce32627c89658e0f608,backlog,open,S3,storage,Test complexity findings must be reviewed without weakening invariant coverage,,,none,none,none,none,none,false,false,false,true,false,test,,,investigate,,,,,bucket=test-complexity-hotspot; line_text=func TestRemoveByStoredPathUnlinksSingleMappingAndKeepsSharedLogicalAlive(t *testing.T) {
CK-110-0690,Method TestRenderStatsHumanPrintsChunkerVersionsInSortedOrder has 131 lines of code (limit is 50),codacy,fc91f750ab4bb7e798fc6b65b269151e,internal/cli/render/stats_test.go,82,Lizard_nloc-medium,Complexity,,Warning,Lizard,40a1210ffc8c23dc4a717ce32627c89658e0f608,v1.10.6,open,S3,codacy,Test complexity findings must be reviewed without weakening invariant coverage,,,none,none,none,none,none,false,false,false,true,false,test,,,investigate,,,,,bucket=test-complexity-hotspot; line_text=func TestRenderStatsHumanPrintsChunkerVersionsInSortedOrder(t *testing.T) {
CK-110-0691,Expected: 1; Actual: 0; Below,codacy,7698261b315f0d47048a78094620b3ee,docs/STEP64_METRICS_VALIDATION.md,135,markdownlint_MD022,CodeStyle,,Info,markdownlint,40a1210ffc8c23dc4a717ce32627c89658e0f608,backlog,open,S4,docs,Documentation style findings must be classified without blocking correctness releases,,,none,none,none,none,none,false,false,false,false,true,docs,,,investigate,,,,,bucket=docs-style; line_text=### Race Detector
CK-110-0692,The application was found setting directory permissions to overly permissive values.,codacy,9feaac8d8d3664ad876ae61aba090ede,tests/integration/v19_legacy_upgrade_path_integration_test.go,153,Semgrep_go_file-permissions_rule-mkdir,Security,FileAccess,High,Opengrep,40a1210ffc8c23dc4a717ce32627c89658e0f608,v1.10.2,open,S3,filesystem,Test-only security scanner findings must be reviewed and suppressed only with rationale,,,none,none,none,none,none,false,false,false,true,false,test,,,investigate,,,,,"bucket=test-security-noise; line_text=if err := os.MkdirAll(newRoot, 0o755); err != nil {"
CK-110-0693,The 'id' field $X was used multiple times.,codacy,1d83ba16ca488441b4230d5206340211,.golangci.yml,23,Semgrep_yaml.semgrep.duplicate-id.duplicate-id,ErrorProne,,High,Opengrep,adaa71871887453e11ef44cab512ef5f468bd4ab,v1.10.4,open,S4,gc,Codacy finding must be classified before enforcement,,,none,medium,none,medium,none,false,false,true,false,false,production,,,investigate,,,,,bucket=scanner-false-positive-candidate; line_text=rules:
CK-110-0694,Method TestStep67CrossModeDeterminism has a cyclomatic complexity of 11 (limit is 8),codacy,d1e29d5696cbcc2c519741199630d2d8,tests/adversarial/g67_deterministic_restore_matrix_test.go,268,Lizard_ccn-medium,Complexity,,Warning,Lizard,40a1210ffc8c23dc4a717ce32627c89658e0f608,v1.10.5,open,S3,restore,Test complexity findings must be reviewed without weakening invariant coverage,,,none,none,none,none,none,false,false,false,true,false,test,,,investigate,,,,,bucket=test-complexity-hotspot; line_text=func TestStep67CrossModeDeterminism(t *testing.T) {
CK-110-0695,Method testStep68RunDedupScenario has a cyclomatic complexity of 13 (limit is 8),codacy,a07b8fb2bd1ed41a8f0e22f80b1e081e,tests/adversarial/g68_dedup_semantics_matrix_test.go,121,Lizard_ccn-medium,Complexity,,Warning,Lizard,40a1210ffc8c23dc4a717ce32627c89658e0f608,v1.10.6,open,S3,codacy,Test complexity findings must be reviewed without weakening invariant coverage,,,none,none,none,none,none,false,false,false,true,false,test,,,investigate,,,,,"bucket=test-complexity-hotspot; line_text=func testStep68RunDedupScenario(t *testing.T, encryptionCodec, compressionCodec string) step68DedupResults {"
CK-110-0696,Method TestStorageBlockReaderCorruptedChunkRefsDoNotProduceSilentInvalidRestore has a cyclomatic complexity of,codacy,586ecb7fe6582ca9fb52e4bc8e2a9708,internal/storage/storage_block_reader_test.go,939,Lizard_ccn-medium,Complexity,,Warning,Lizard,40a1210ffc8c23dc4a717ce32627c89658e0f608,v1.10.3,open,S3,packed-storage,Test complexity findings must be reviewed without weakening invariant coverage,,,none,none,none,none,none,false,false,false,true,false,test,,,investigate,,,,,bucket=test-complexity-hotspot; line_text=func TestStorageBlockReaderCorruptedChunkRefsDoNotProduceSilentInvalidRestore(t *testing.T) {
CK-110-0697,"Detected string concatenation with a non-literal variable in a ""database/sql"" Go SQL statement.",codacy,817aede1431e4d1974fa497441ff9989,internal/storage/restore_test.go,171,Semgrep_go.lang.security.audit.sqli.gosql-sqli.gosql-sqli,Security,SQLInjection,Error,Opengrep,b5b35df25f2088f77b0f61285ff55e3ca468fb3e,v1.10.5,open,S3,restore,Test-only security scanner findings must be reviewed and suppressed only with rationale,,,none,none,none,none,none,false,false,false,true,false,test,,,investigate,,,,,bucket=test-security-noise; line_text=if err := dbconn.QueryRow(
CK-110-0698,SQL Injection is a critical vulnerability that can lead to data or system compromise.,codacy,4cfa7735654ac43f6a50ab679e6c48a3,internal/db/migrations_test.go,1727,Semgrep_go_sql_rule-concat-sqli,Security,SQLInjection,Error,Opengrep,7f694cbfbd19c4d06fe733d66e595b149e59901a,backlog,open,S3,migration,Test-only security scanner findings must be reviewed and suppressed only with rationale,,,none,none,none,none,none,false,false,false,true,false,test,,,investigate,,,,,"bucket=test-security-noise; line_text=if _, err := dbconn.Exec(v8MigrationSQL); err != nil {"
CK-110-0699,Method TestDefaultChunkerReturnsStableMetadata has a cyclomatic complexity of 13 (limit is 8),codacy,19ecec112e7ea40a1cc838f844957b74,internal/chunk/registry_test.go,137,Lizard_ccn-medium,Complexity,,Warning,Lizard,40a1210ffc8c23dc4a717ce32627c89658e0f608,backlog,open,S3,storage,Test complexity findings must be reviewed without weakening invariant coverage,,,none,none,none,none,none,false,false,false,true,false,test,,,investigate,,,,,bucket=test-complexity-hotspot; line_text=func TestDefaultChunkerReturnsStableMetadata(t *testing.T) {
CK-110-0700,Method  has 79 lines of code (limit is 50),codacy,22c3dbac03c085b1b334269904eba65b,internal/storage/store.go,896,Lizard_nloc-medium,Complexity,,Warning,Lizard,b2924e23a3f90c848526decae6d6135ed7f46b72,backlog,open,S2,storage,Production complexity hotspots in critical paths must be tracked without behavior-changing refactors,,,none,medium,none,medium,none,true,false,true,false,false,production,,,investigate,,,,,bucket=production-complexity-hotspot; line_text=var testPrepareChunksWorkerHook func(index int)
CK-110-0701,Insecure dependency golang/stdlib@v1.23.0 (CVE-2026-32289: html/template: golang: html/template: Cross-Site Sc,codacy,7d978c03f8dca94d4bea95a7738b1945,go.mod,3,Trivy_vulnerability_medium,Security,InsecureModulesLibraries,Warning,Trivy,40a1210ffc8c23dc4a717ce32627c89658e0f608,v1.10.2,open,S1,dependencies,Supported Go toolchain must not carry known unplanned CVEs,,,none,none,medium,none,none,true,true,true,false,false,production,,,fix,,,,,bucket=dependency-cve; line_text=go 1.23
CK-110-0702,Detected file permissions that are set to more than `0600` (user/owner can read and write). Setting file permi,codacy,ae33d96f14d5b4dee5a0eb4ea6c2d129,tests/adversarial/g68_dedup_semantics_matrix_test.go,130,Semgrep_go.lang.correctness.permissions.file_permission.incorrect-default-permission,Security,FileAccess,High,Opengrep,40a1210ffc8c23dc4a717ce32627c89658e0f608,v1.10.2,open,S3,filesystem,Test-only security scanner findings must be reviewed and suppressed only with rationale,,,none,none,none,none,none,false,false,false,true,false,test,,,investigate,,,,,"bucket=test-security-noise; line_text=os.MkdirAll(container.ContainersDir, 0o755)"
CK-110-0703,Method TestTraceDoesNotMutateState has a cyclomatic complexity of 16 (limit is 8),codacy,b09de34b7b4127bf9e394d0cba338321,internal/observability/stats_test.go,731,Lizard_ccn-medium,Complexity,,Warning,Lizard,40a1210ffc8c23dc4a717ce32627c89658e0f608,v1.10.6,open,S3,codacy,Test complexity findings must be reviewed without weakening invariant coverage,,,none,none,none,none,none,false,false,false,true,false,test,,,investigate,,,,,bucket=test-complexity-hotspot; line_text=func TestTraceDoesNotMutateState(t *testing.T) {
CK-110-0704,Method inspectSnapshot has 61 lines of code (limit is 50),codacy,f7046dd93162c3737eb81a749d338717,internal/observability/inspect.go,184,Lizard_nloc-medium,Complexity,,Warning,Lizard,40a1210ffc8c23dc4a717ce32627c89658e0f608,v1.10.6,open,S2,codacy,Production complexity hotspots in critical paths must be tracked without behavior-changing refactors,,,none,none,none,none,none,true,false,true,false,false,production,,,investigate,,,,,"bucket=production-complexity-hotspot; line_text=func (s *Service) inspectSnapshot(ctx context.Context, id string, opts InspectOptions) (*InspectResult, error) {"
CK-110-0705,The application dynamically constructs file or path information.,codacy,54d3e05cd5f921a04a455169208b4b38,internal/storage/store_compression_feature_gate_test.go,293,Semgrep_go_filesystem_rule-fileread,Security,FileAccess,Error,Opengrep,adf50eefea0cf97c7db048c6124838dd429cf49b,backlog,open,S3,storage,Test-only security scanner findings must be reviewed and suppressed only with rationale,,,none,none,none,none,none,false,false,false,true,false,test,,,investigate,,,,,"bucket=test-security-noise; line_text=fh, err := os.Open(containerPath)"
CK-110-0706,Method removePhysicalFileByPathTx has 67 lines of code (limit is 50),codacy,20514f7f7e76111c3410e7aef2b61ed6,internal/storage/remove.go,95,Lizard_nloc-medium,Complexity,,Warning,Lizard,40a1210ffc8c23dc4a717ce32627c89658e0f608,backlog,open,S2,storage,Production complexity hotspots in critical paths must be tracked without behavior-changing refactors,,,none,medium,none,medium,none,true,false,true,false,false,production,,,investigate,,,,,"bucket=production-complexity-hotspot; line_text=func removePhysicalFileByPathTx(ctx context.Context, dbconn *sql.DB, tx *sql.Tx, result *RemovePhysicalFileResult) error {"
CK-110-0707,Method TestPhase7BuildDeterministicV17StyleFixtureIntegration has 126 lines of code (limit is 50),codacy,8b9b265351e9aa41da32e22a8bf5faca,tests/integration/v18_migration_compatibility_integration_test.go,122,Lizard_nloc-medium,Complexity,,Warning,Lizard,40a1210ffc8c23dc4a717ce32627c89658e0f608,v1.10.6,open,S3,codacy,Test complexity findings must be reviewed without weakening invariant coverage,,,none,none,none,none,none,false,false,false,true,false,test,,,investigate,,,,,bucket=test-complexity-hotspot; line_text=func TestPhase7BuildDeterministicV17StyleFixtureIntegration(t *testing.T) {
CK-110-0708,A gitleaks generic-api-key was detected which attempts to identify hard-coded credentials.,codacy,1cbc8ced0918422aa955194ec0ac435,scripts/run_phase8_blocksize_matrix.sh,16,Semgrep_generic.secrets.gitleaks.generic-api-key.generic-api-key,Security,InsecureStorage,High,Opengrep,da4e912595ea5953b9f1167e6a527e60c04d233c,v1.10.6,open,S2,tooling,Release and benchmark scripts must not mask failures or mishandle unsafe inputs,,,low,none,none,low,none,false,true,false,false,false,script,,,investigate,,,,,"bucket=script-tooling-risk; line_text=DEFAULT_KEY=""0123456789abcdef0123456789abcdef0123456789abcdef0123456789abcdef"""
CK-110-0709,SQL Injection is a critical vulnerability that can lead to data or system compromise.,codacy,2009e51e590054db1e1ffe9c0cc742e6,internal/gc/plan_test.go,118,Semgrep_go_sql_rule-concat-sqli,Security,SQLInjection,Error,Opengrep,88f5505f7fd132877670813290f50292f649f103,v1.10.4,open,S3,gc,Test-only security scanner findings must be reviewed and suppressed only with rationale,,,none,none,none,none,none,false,false,false,true,false,test,,,investigate,,,,,"bucket=test-security-noise; line_text=if _, err := dbconn.Exec(`INSERT INTO physical_file (path, logical_file_id) VALUES (?, ?)`, path, fileID); err != nil {"
CK-110-0710,SQL Injection is a critical vulnerability that can lead to data or system compromise.,codacy,56c8e85c15976c188fdbd587878da31f,internal/maintenance/gc.go,278,Semgrep_go_sql_rule-concat-sqli,Security,SQLInjection,Error,Opengrep,55fd5483af6b4915ab73ab0c5e16ccb22c9a6592,v1.10.4,open,S1,gc,Dynamic SQL scanner findings must be reviewed for parameterization or safe identifier constraints,,,none,medium,medium,medium,none,true,false,true,false,false,production,,,investigate,,,,,"bucket=production-security-candidate; line_text=err = tx.QueryRowContext(ctx, emptyContainerQuery, containerID).Scan(&stillEmpty)"
CK-110-0711,The application was found setting file permissions to overly permissive values.,codacy,277277ac5e076c350f763caa49d476de,tests/utils/common.go,758,Semgrep_go_file-permissions_rule-fileperm,Security,FileAccess,High,Opengrep,40a1210ffc8c23dc4a717ce32627c89658e0f608,v1.10.2,open,S3,filesystem,Test-only security scanner findings must be reviewed and suppressed only with rationale,,,none,none,none,none,none,false,false,false,true,false,test,,,investigate,,,,,"bucket=test-security-noise; line_text=if err := os.WriteFile(p, bin, 0o644); err != nil {"
CK-110-0712,The application was found setting directory permissions to overly permissive values.,codacy,c11a7f1d1bf8002889f13a4fa4807b0e,internal/storage/phase1_compat_matrix_test.go,114,Semgrep_go_file-permissions_rule-mkdir,Security,FileAccess,High,Opengrep,685c72e624fd873ed17ce60c7884b8e1cb949855,backlog,open,S3,storage,Test-only security scanner findings must be reviewed and suppressed only with rationale,,,none,none,none,none,none,false,false,false,true,false,test,,,investigate,,,,,"bucket=test-security-noise; line_text=if err := os.MkdirAll(filepath.Dir(path), 0o755); err != nil {"
CK-110-0713,The application was found setting directory permissions to overly permissive values.,codacy,32031d0c30a1fb2db64ef445858b8753,tests/adversarial/g9_batch_semantics_adversarial_test.go,618,Semgrep_go_file-permissions_rule-mkdir,Security,FileAccess,High,Opengrep,40a1210ffc8c23dc4a717ce32627c89658e0f608,v1.10.2,open,S3,filesystem,Test-only security scanner findings must be reviewed and suppressed only with rationale,,,none,none,none,none,none,false,false,false,true,false,test,,,investigate,,,,,"bucket=test-security-noise; line_text=if err := os.MkdirAll(verifyDir, 0o755); err != nil {"
CK-110-0714,Method inspectContainer has 75 lines of code (limit is 50),codacy,3309bc05019e17ac7e88327fc0350668,internal/observability/inspect.go,403,Lizard_nloc-medium,Complexity,,Warning,Lizard,40a1210ffc8c23dc4a717ce32627c89658e0f608,v1.10.6,open,S2,codacy,Production complexity hotspots in critical paths must be tracked without behavior-changing refactors,,,none,none,none,none,none,true,false,true,false,false,production,,,investigate,,,,,"bucket=production-complexity-hotspot; line_text=func (s *Service) inspectContainer(ctx context.Context, id string, opts InspectOptions) (*InspectResult, error) {"
CK-110-0715,Method verifySystem has a cyclomatic complexity of 9 (limit is 8),codacy,71a66107d3414f76a5ced1e237cfc0,internal/maintenance/verify_command.go,62,Lizard_ccn-medium,Complexity,,Warning,Lizard,40a1210ffc8c23dc4a717ce32627c89658e0f608,v1.10.4,open,S2,gc,Production complexity hotspots in critical paths must be tracked without behavior-changing refactors,,,none,medium,none,medium,none,true,false,true,false,false,production,,,investigate,,,,,"bucket=production-complexity-hotspot; line_text=func verifySystem(dbconn *sql.DB, containersDir string, verifyLevel verify.VerifyLevel) error {"
CK-110-0716,SQL Injection is a critical vulnerability that can lead to data or system compromise.,codacy,bbbc9d35b0cbb121c5f51cdaa147e9a8,tests/adversarial/g2_inconsistent_state_adversarial_test.go,122,Semgrep_go_sql_rule-concat-sqli,Security,SQLInjection,Error,Opengrep,40a1210ffc8c23dc4a717ce32627c89658e0f608,v1.10.2,open,S3,security,Test-only security scanner findings must be reviewed and suppressed only with rationale,,,none,none,none,none,none,false,false,false,true,false,test,,,investigate,,,,,bucket=test-security-noise; line_text=if err := dbconn.QueryRow(`
CK-110-0717,The application was found setting directory permissions to overly permissive values.,codacy,4fd930057451efbcf43933a200233b77,tests/adversarial/g1_deterministic_restore_adversarial_test.go,153,Semgrep_go_file-permissions_rule-mkdir,Security,FileAccess,High,Opengrep,40a1210ffc8c23dc4a717ce32627c89658e0f608,v1.10.5,open,S3,restore,Test-only security scanner findings must be reviewed and suppressed only with rationale,,,none,none,none,none,none,false,false,false,true,false,test,,,investigate,,,,,"bucket=test-security-noise; line_text=if err := os.MkdirAll(inputDir, 0o755); err != nil {"
CK-110-0718,The application was found setting file permissions to overly permissive values.,codacy,6e06d6a031a1fd49181170e7574dd86e,internal/container/container_test.go,241,Semgrep_go_file-permissions_rule-fileperm,Security,FileAccess,High,Opengrep,4a98e59e66ccec4e810a8bbefd0b6bbd18400d48,backlog,open,S3,storage,Test-only security scanner findings must be reviewed and suppressed only with rationale,,,none,none,none,none,none,false,false,false,true,false,test,,,investigate,,,,,"bucket=test-security-noise; line_text=if err := os.WriteFile(path, []byte(""still-not-a-valid-container-header""), 0o644); err != nil {"
CK-110-0719,Lists should be surrounded by blank lines,codacy,ac12d80a028e3c49bed6ff2aa112283c,docs/STEP64_METRICS_VALIDATION.md,224,markdownlint_MD032,CodeStyle,,Info,markdownlint,40a1210ffc8c23dc4a717ce32627c89658e0f608,backlog,open,S4,docs,Documentation style findings must be classified without blocking correctness releases,,,none,none,none,none,none,false,false,false,false,true,docs,,,investigate,,,,,bucket=docs-style; line_text=1. **Scenario Integration** — Use RecordStorage/CPU/Memory in scenarios
CK-110-0720,Method TestListFilesReturnsCurrentStatePhysicalPaths has 62 lines of code (limit is 50),codacy,9ffe6e56c6ead6b4f2fc3c283538b958,internal/listing/list_test.go,52,Lizard_nloc-medium,Complexity,,Warning,Lizard,40a1210ffc8c23dc4a717ce32627c89658e0f608,v1.10.6,open,S3,codacy,Test complexity findings must be reviewed without weakening invariant coverage,,,none,none,none,none,none,false,false,false,true,false,test,,,investigate,,,,,bucket=test-complexity-hotspot; line_text=func TestListFilesReturnsCurrentStatePhysicalPaths(t *testing.T) {
CK-110-0721,Method assertRestoreVerifyStageCompatibility has a cyclomatic complexity of 9 (limit is 8),codacy,326dc1248dbf8678f6f297646cb9d53d,internal/storage/storage_block_reader_test.go,1019,Lizard_ccn-medium,Complexity,,Warning,Lizard,40a1210ffc8c23dc4a717ce32627c89658e0f608,v1.10.3,open,S3,packed-storage,Test complexity findings must be reviewed without weakening invariant coverage,,,none,none,none,none,none,false,false,false,true,false,test,,,investigate,,,,,"bucket=test-complexity-hotspot; line_text=func assertRestoreVerifyStageCompatibility(t *testing.T, verifyErr, restoreErr error) {"
CK-110-0722,Method TestPhase7SnapshotCompatibilityIntegration has a cyclomatic complexity of 43 (limit is 8),codacy,4622b58db7e2b22a8ae8c54006e4e947,tests/integration/v18_migration_compatibility_integration_test.go,1148,Lizard_ccn-medium,Complexity,,Warning,Lizard,40a1210ffc8c23dc4a717ce32627c89658e0f608,v1.10.6,open,S3,codacy,Test complexity findings must be reviewed without weakening invariant coverage,,,none,none,none,none,none,false,false,false,true,false,test,,,investigate,,,,,bucket=test-complexity-hotspot; line_text=func TestPhase7SnapshotCompatibilityIntegration(t *testing.T) {
CK-110-0723,Lists should be surrounded by blank lines,codacy,9023ccf10fe45d9fc3f161c99ee75c0c,docs/BENCHMARK_CORPORA.md,158,markdownlint_MD032,CodeStyle,,Info,markdownlint,40a1210ffc8c23dc4a717ce32627c89658e0f608,backlog,open,S4,docs,Documentation style findings must be classified without blocking correctness releases,,,none,none,none,none,none,false,false,false,false,true,docs,,,investigate,,,,,bucket=docs-style; line_text=- ✅ All files present
CK-110-0724,Method verifyFile has a cyclomatic complexity of 11 (limit is 8),codacy,62671f6ce150fdc07fd4d62670dabd5,internal/maintenance/verify_command.go,88,Lizard_ccn-medium,Complexity,,Warning,Lizard,40a1210ffc8c23dc4a717ce32627c89658e0f608,v1.10.4,open,S2,gc,Production complexity hotspots in critical paths must be tracked without behavior-changing refactors,,,none,medium,none,medium,none,true,false,true,false,false,production,,,investigate,,,,,"bucket=production-complexity-hotspot; line_text=func verifyFile(dbconn *sql.DB, containersDir string, fileID int, verifyLevel verify.VerifyLevel) error {"
CK-110-0725,Insecure dependency golang/stdlib@v1.23.0 (CVE-2025-61729: crypto/x509: golang: Denial of Service due to exces,codacy,235017b5b2df91b941fe55487efe1938,go.mod,3,Trivy_vulnerability_high,Security,InsecureModulesLibraries,High,Trivy,40a1210ffc8c23dc4a717ce32627c89658e0f608,v1.10.2,open,S1,dependencies,Supported Go toolchain must not carry known unplanned CVEs,,,none,none,medium,none,none,true,true,true,false,false,production,,,fix,,,,,bucket=dependency-cve; line_text=go 1.23
CK-110-0726,OS command injection is a critical vulnerability that can lead to a full system compromise as it may allow an ,codacy,200728edab78218fd51ceed827a337ea,tests/adversarial/g10_g13_physical_graph_adversarial_test.go,17,Semgrep_go_subproc_rule-subproc,Security,CommandInjection,Error,Opengrep,26b4a9e34b38cfe95895c8383915d72c722ee24c,v1.10.6,open,S1,codacy,Command execution findings must be reviewed for trusted executable and argument boundaries,,,none,none,medium,none,none,false,false,false,true,false,test,,,investigate,,,,,"bucket=production-security-candidate; line_text=cmd := exec.Command(binPath, ""store"", ""--codec"", codec, path, ""--output"", ""json"")"
CK-110-0727,File tests/adversarial/g14_g17_snapshot_retention_adversarial_test.go has 538 non-comment lines of code,codacy,2b7b9d6a7ceca2f37118535c73d5db01,tests/adversarial/g14_g17_snapshot_retention_adversarial_test.go,1,Lizard_file-nloc-medium,Complexity,,Warning,Lizard,40a1210ffc8c23dc4a717ce32627c89658e0f608,backlog,open,S3,snapshot,Test complexity findings must be reviewed without weakening invariant coverage,,,none,none,none,none,none,false,false,false,true,false,test,,,investigate,,,,,bucket=test-complexity-hotspot; line_text=package main
CK-110-0728,Method verifyDecodedBlockHeaderAndTable has a cyclomatic complexity of 15 (limit is 8),codacy,b9e00a574a2f4a16b6a94ebcba97f76d,internal/verify/verify_repository.go,586,Lizard_ccn-medium,Complexity,,Warning,Lizard,40a1210ffc8c23dc4a717ce32627c89658e0f608,backlog,open,S2,verify,Production complexity hotspots in critical paths must be tracked without behavior-changing refactors,,,none,medium,none,medium,none,true,false,true,false,false,production,,,investigate,,,,,"bucket=production-complexity-hotspot; line_text=func verifyDecodedBlockHeaderAndTable(blockID int64, formatVersion int64, codec string, decoded *blocks.EncodedBlock) error {"
CK-110-0729,The application was found setting directory permissions to overly permissive values.,codacy,d1d791e89d1fedd640a120ac802041e,internal/container/container.go,452,Semgrep_go_file-permissions_rule-mkdir,Security,FileAccess,High,Opengrep,88631573c5db6eafea57074967754c41ba96ac7a,backlog,open,S1,storage,Filesystem permission scanner findings must be reviewed by runtime area and threat model,,,none,medium,medium,medium,none,true,false,true,false,false,production,,,investigate,,,,,"bucket=production-security-candidate; line_text=if err := os.MkdirAll(containersDir, 0755); err != nil {"
CK-110-0730,Method TestRunStatsResultIncludesSnapshotRetentionVisibility has a cyclomatic complexity of 13 (limit is 8),codacy,ac6c33317bac4e489f13a3124bce0227,internal/maintenance/stats_test.go,46,Lizard_ccn-medium,Complexity,,Warning,Lizard,40a1210ffc8c23dc4a717ce32627c89658e0f608,v1.10.4,open,S3,gc,Test complexity findings must be reviewed without weakening invariant coverage,,,none,none,none,none,none,false,false,false,true,false,test,,,investigate,,,,,bucket=test-complexity-hotspot; line_text=func TestRunStatsResultIncludesSnapshotRetentionVisibility(t *testing.T) {
CK-110-0731,Method TestInspectLogicalFileForwardRelations has a cyclomatic complexity of 10 (limit is 8),codacy,9e5b48acdcc4b03699e0d99bac0078d0,internal/observability/inspect_test.go,703,Lizard_ccn-medium,Complexity,,Warning,Lizard,40a1210ffc8c23dc4a717ce32627c89658e0f608,v1.10.6,open,S3,codacy,Test complexity findings must be reviewed without weakening invariant coverage,,,none,none,none,none,none,false,false,false,true,false,test,,,investigate,,,,,bucket=test-complexity-hotspot; line_text=func TestInspectLogicalFileForwardRelations(t *testing.T) {
CK-110-0732,Method TestCountersEnabledSnapshotAndFlush has a cyclomatic complexity of 16 (limit is 8),codacy,a5190c9560ce3e8f7c7b3068fe92d88e,internal/iodebug/counters_test.go,45,Lizard_ccn-medium,Complexity,,Warning,Lizard,40a1210ffc8c23dc4a717ce32627c89658e0f608,v1.10.6,open,S3,codacy,Test complexity findings must be reviewed without weakening invariant coverage,,,none,none,none,none,none,false,false,false,true,false,test,,,investigate,,,,,bucket=test-complexity-hotspot; line_text=func TestCountersEnabledSnapshotAndFlush(t *testing.T) {
CK-110-0733,Method TestRunStatsResultVersionTotalsMatchDatabaseReality has a cyclomatic complexity of 10 (limit is 8),codacy,333bfa1486130cce2af2c9d260a8d5f5,internal/maintenance/stats_test.go,375,Lizard_ccn-medium,Complexity,,Warning,Lizard,40a1210ffc8c23dc4a717ce32627c89658e0f608,v1.10.4,open,S3,gc,Test complexity findings must be reviewed without weakening invariant coverage,,,none,none,none,none,none,false,false,false,true,false,test,,,investigate,,,,,bucket=test-complexity-hotspot; line_text=func TestRunStatsResultVersionTotalsMatchDatabaseReality(t *testing.T) {
CK-110-0734,Insecure dependency golang/stdlib@v1.23.0 (CVE-2025-61728: golang: archive/zip: Excessive CPU consumption when,codacy,990d396f19f1f4a0feebd61a752b7af3,go.mod,3,Trivy_vulnerability_high,Security,InsecureModulesLibraries,High,Trivy,40a1210ffc8c23dc4a717ce32627c89658e0f608,v1.10.2,open,S1,dependencies,Supported Go toolchain must not carry known unplanned CVEs,,,none,none,medium,none,none,true,true,true,false,false,production,,,fix,,,,,bucket=dependency-cve; line_text=go 1.23
CK-110-0735,The application was found setting directory permissions to overly permissive values.,codacy,dd6e8d4a2c9bc9ac9e1c3ef844691a2e,tests/adversarial/g8_system_invariants_lifecycle_adversarial_test.go,235,Semgrep_go_file-permissions_rule-mkdir,Security,FileAccess,High,Opengrep,40a1210ffc8c23dc4a717ce32627c89658e0f608,v1.10.2,open,S3,filesystem,Test-only security scanner findings must be reviewed and suppressed only with rationale,,,none,none,none,none,none,false,false,false,true,false,test,,,investigate,,,,,"bucket=test-security-noise; line_text=if err := os.MkdirAll(inputDir, 0o755); err != nil {"
CK-110-0736,Method  has 64 lines of code (limit is 50),codacy,3f55c6d4ae74b6630b3b35939e55c78f,tests/adversarial/g2_inconsistent_state_adversarial_test.go,102,Lizard_nloc-medium,Complexity,,Warning,Lizard,40a1210ffc8c23dc4a717ce32627c89658e0f608,v1.10.6,open,S3,codacy,Test complexity findings must be reviewed without weakening invariant coverage,,,none,none,none,none,none,false,false,false,true,false,test,,,investigate,,,,,"bucket=test-complexity-hotspot; line_text=t.Run(codec, func(t *testing.T) {"
CK-110-0737,Method TestPhase8MetadataMigrationIntegration has 199 lines of code (limit is 50),codacy,f82a6ef595f3ae8641af8c35870a77e4,tests/integration/v18_migration_compatibility_integration_test.go,1438,Lizard_nloc-medium,Complexity,,Warning,Lizard,40a1210ffc8c23dc4a717ce32627c89658e0f608,v1.10.6,open,S3,codacy,Test complexity findings must be reviewed without weakening invariant coverage,,,none,none,none,none,none,false,false,false,true,false,test,,,investigate,,,,,bucket=test-complexity-hotspot; line_text=func TestPhase8MetadataMigrationIntegration(t *testing.T) {
CK-110-0738,Method AssertDeepVerifyAggregateError has a cyclomatic complexity of 13 (limit is 8),codacy,145fc2bc70664b6d10a974814b96eb5,tests/utils/common.go,559,Lizard_ccn-medium,Complexity,,Warning,Lizard,40a1210ffc8c23dc4a717ce32627c89658e0f608,v1.10.6,open,S3,codacy,Test complexity findings must be reviewed without weakening invariant coverage,,,none,none,none,none,none,false,false,false,true,false,test,,,investigate,,,,,"bucket=test-complexity-hotspot; line_text=func AssertDeepVerifyAggregateError(t *testing.T, err error, context string) {"
CK-110-0739,The application was found setting directory permissions to overly permissive values.,codacy,2be303cf0d7b25d6ce196152bb5c89c9,internal/benchmark/runner.go,181,Semgrep_go_file-permissions_rule-mkdir,Security,FileAccess,High,Opengrep,91f935752a6599df526fbed4ba82b440ab365634,v1.10.6,open,S1,benchmark,Filesystem permission scanner findings must be reviewed by runtime area and threat model,,,none,none,medium,none,none,false,false,false,true,false,benchmark,,,investigate,,,,,"bucket=production-security-candidate; line_text=if err := os.MkdirAll(repoPath, 0o755); err != nil {"
CK-110-0740,Method  has 55 lines of code (limit is 50),codacy,be6f6d02a8da329f41c8fc2c4a43907b,tests/adversarial/g3_no_data_loss_valid_sequences_adversarial_test.go,176,Lizard_nloc-medium,Complexity,,Warning,Lizard,40a1210ffc8c23dc4a717ce32627c89658e0f608,v1.10.6,open,S3,codacy,Test complexity findings must be reviewed without weakening invariant coverage,,,none,none,none,none,none,false,false,false,true,false,test,,,investigate,,,,,"bucket=test-complexity-hotspot; line_text=t.Run(codec, func(t *testing.T) {"
CK-110-0741,SQL Injection is a critical vulnerability that can lead to data or system compromise.,codacy,9f7f705e6c643329e24ce5adfc7ae527,internal/gc/plan_test.go,447,Semgrep_go_sql_rule-concat-sqli,Security,SQLInjection,Error,Opengrep,33f5ea558cf6e2f0f5323f4944575d4b62856360,v1.10.4,open,S3,gc,Test-only security scanner findings must be reviewed and suppressed only with rationale,,,none,none,none,none,none,false,false,false,true,false,test,,,investigate,,,,,"bucket=test-security-noise; line_text=if _, err := dbconn.Exec(`INSERT INTO snapshot_file (snapshot_id, path_id, logical_file_id) VALUES ('snap-current', ?, ?)`, pathID, fileID); err != nil {"
CK-110-0742,Method TestRestoreFailsOnPayloadReadShortRead has a cyclomatic complexity of 11 (limit is 8),codacy,3386d258fee1db379ed83503a81152a9,internal/storage/restore_test.go,1660,Lizard_ccn-medium,Complexity,,Warning,Lizard,188d514607264cc3c338a78922aa05d1395fb070,v1.10.5,open,S3,restore,Test complexity findings must be reviewed without weakening invariant coverage,,,none,none,none,none,none,false,false,false,true,false,test,,,investigate,,,,,bucket=test-complexity-hotspot; line_text=func TestRestoreFailsOnPayloadReadShortRead(t *testing.T) {
CK-110-0743,Method quarantineOrphanContainers has a cyclomatic complexity of 16 (limit is 8),codacy,eb10df705ad059c12c6e38e4c7202d66,internal/recovery/system_recovery.go,437,Lizard_ccn-medium,Complexity,,Warning,Lizard,40a1210ffc8c23dc4a717ce32627c89658e0f608,v1.10.5,open,S2,recovery,Production complexity hotspots in critical paths must be tracked without behavior-changing refactors,,,none,medium,none,medium,medium,true,false,true,false,false,production,,,investigate,,,,,"bucket=production-complexity-hotspot; line_text=func quarantineOrphanContainers(dbconn *sql.DB, containersDir string, stats *recoveryStats) error {"
CK-110-0744,The application dynamically constructs file or path information.,codacy,2b6490a3ff9e95a40ac29e1e32c0dd,internal/container/container.go,86,Semgrep_go_filesystem_rule-fileread,Security,FileAccess,Error,Opengrep,46b5d64074781d24fcecc6b9e3dba243a429ea89,backlog,open,S1,storage,Dynamic filesystem path findings must be reviewed for root containment and trust boundaries,,,none,medium,medium,medium,none,true,false,true,false,false,production,,,investigate,,,,,"bucket=production-security-candidate; line_text=f, err = os.OpenFile(path, os.O_RDWR, 0644)"
CK-110-0745,Expected: 2; Actual: 3,codacy,cef0709c5fb03b648785a2b36bd43510,docs/benchmarking.md,654,markdownlint_MD007,CodeStyle,,Info,markdownlint,40a1210ffc8c23dc4a717ce32627c89658e0f608,backlog,open,S4,docs,Documentation style findings must be classified without blocking correctness releases,,,none,none,none,none,none,false,false,false,false,true,docs,,,investigate,,,,,bucket=docs-style; line_text=- verify failure is required after each corruption mode
CK-110-0746,Method TestStep11PackedOnlyDeadBlockDeletionRunGCAndVerify has a cyclomatic complexity of 11 (limit is 8),codacy,2cbd1785a9bd8d7a56ef923db3d1d13b,internal/maintenance/gc_step11_test.go,154,Lizard_ccn-medium,Complexity,,Warning,Lizard,2abed90b7cfb17095e1a457c41e1682e0997e45c,v1.10.4,open,S3,gc,Test complexity findings must be reviewed without weakening invariant coverage,,,none,none,none,none,none,false,false,false,true,false,test,,,investigate,,,,,bucket=test-complexity-hotspot; line_text=func TestStep11PackedOnlyDeadBlockDeletionRunGCAndVerify(t *testing.T) {
CK-110-0747,All queries must target RAC_* tables.Query does not reference RAC_* table.,codacy,d1ec80aef94275703dee69fdf171013,db/schema_postgres.sql,459,Semgrep_codacy.generic.sql.rac-table-access,Security,SQLInjection,High,Opengrep,40a1210ffc8c23dc4a717ce32627c89658e0f608,backlog,open,S1,migration,Dynamic SQL scanner findings must be reviewed for parameterization or safe identifier constraints,,,none,none,medium,none,none,true,false,true,false,false,production,,,investigate,,,,,bucket=production-security-candidate; line_text=UPDATE schema_version SET version = 11 WHERE version < 11;
CK-110-0748,Method TestVerifyBlockPayloadsDetectsCompressedHashMismatchStageOnCompressedBlock has a cyclomatic complexity ,codacy,4a5eed7466e80029c3ac01aefa4363dd,internal/verify/verify_system_test.go,1302,Lizard_ccn-medium,Complexity,,Warning,Lizard,40a1210ffc8c23dc4a717ce32627c89658e0f608,backlog,open,S3,verify,Test complexity findings must be reviewed without weakening invariant coverage,,,none,none,none,none,none,false,false,false,true,false,test,,,investigate,,,,,bucket=test-complexity-hotspot; line_text=func TestVerifyBlockPayloadsDetectsCompressedHashMismatchStageOnCompressedBlock(t *testing.T) {
CK-110-0749,SQL Injection is a critical vulnerability that can lead to data or system compromise.,codacy,2a88a48c5a218971690b42fe32764fea,internal/storage/store.go,2186,Semgrep_go_sql_rule-concat-sqli,Security,SQLInjection,Error,Opengrep,00eaa50528df50804d272baa0dfbf8c6704abd50,backlog,open,S1,storage,Dynamic SQL scanner findings must be reviewed for parameterization or safe identifier constraints,,,none,medium,medium,medium,none,true,false,true,false,false,production,,,investigate,,,,,bucket=production-security-candidate; line_text=err := tx.QueryRowContext(
CK-110-0750,File internal/maintenance/stats.go has 535 non-comment lines of code,codacy,20c77a3cfe51292df54ae6b852b8e003,internal/maintenance/stats.go,1,Lizard_file-nloc-medium,Complexity,,Warning,Lizard,40a1210ffc8c23dc4a717ce32627c89658e0f608,v1.10.4,open,S2,gc,Production complexity hotspots in critical paths must be tracked without behavior-changing refactors,,,none,medium,none,medium,none,true,false,true,false,false,production,,,investigate,,,,,bucket=production-complexity-hotspot; line_text=package maintenance
CK-110-0751,Method TestRestoreFailureDoesNotCorruptDestination has a cyclomatic complexity of 15 (limit is 8),codacy,8e98a6afee3bf721d18f64de0b140e60,internal/storage/restore_test.go,2027,Lizard_ccn-medium,Complexity,,Warning,Lizard,f35e27ecc88244cb832701df1f51a4d148a2d853,v1.10.5,open,S3,restore,Test complexity findings must be reviewed without weakening invariant coverage,,,none,none,none,none,none,false,false,false,true,false,test,,,investigate,,,,,bucket=test-complexity-hotspot; line_text=func TestRestoreFailureDoesNotCorruptDestination(t *testing.T) {
CK-110-0752,The application dynamically constructs file or path information.,codacy,34e9220657c5fbd1993ae674729e1e46,internal/iodebug/counters.go,155,Semgrep_go_filesystem_rule-fileread,Security,FileAccess,Error,Opengrep,fd982849a6af73dc04447e35a0af5f602a01e6b4,v1.10.2,open,S1,filesystem,Dynamic filesystem path findings must be reviewed for root containment and trust boundaries,,,none,none,medium,none,none,true,false,true,false,false,production,,,investigate,,,,,"bucket=production-security-candidate; line_text=f, err := os.OpenFile(path, os.O_CREATE|os.O_WRONLY|os.O_APPEND, 0o644)"
CK-110-0753,Method TestReachabilityRootsDocumentation has a cyclomatic complexity of 16 (limit is 8),codacy,7bb30f1decbe99a1d4b231e5cc176f0e,internal/gc/plan_test.go,795,Lizard_ccn-medium,Complexity,,Warning,Lizard,d6c7f4ff856392623df486700284386013fcd003,v1.10.4,open,S3,gc,Test complexity findings must be reviewed without weakening invariant coverage,,,none,none,none,none,none,false,false,false,true,false,test,,,investigate,,,,,bucket=test-complexity-hotspot; line_text=func TestReachabilityRootsDocumentation(t *testing.T) {
CK-110-0754,The application was found setting directory permissions to overly permissive values.,codacy,d949bbc5458bfaedd4fa4304826bf27,tests/adversarial/g69_gc_safety_matrix_test.go,162,Semgrep_go_file-permissions_rule-mkdir,Security,FileAccess,High,Opengrep,40a1210ffc8c23dc4a717ce32627c89658e0f608,v1.10.4,open,S3,gc,Test-only security scanner findings must be reviewed and suppressed only with rationale,,,none,none,none,none,none,false,false,false,true,false,test,,,investigate,,,,,"bucket=test-security-noise; line_text=if err := os.MkdirAll(container.ContainersDir, 0o755); err != nil {"
CK-110-0755,Method TestGCReachabilityMatchesLegacy has 87 lines of code (limit is 50),codacy,7a04767c942fe630e51ec22bda5078ba,internal/maintenance/gc_test.go,610,Lizard_nloc-medium,Complexity,,Warning,Lizard,ec471b81bb0be6dab4a57c1ee8203e73905e2b0f,v1.10.4,open,S3,gc,Test complexity findings must be reviewed without weakening invariant coverage,,,none,none,none,none,none,false,false,false,true,false,test,,,investigate,,,,,bucket=test-complexity-hotspot; line_text=func TestGCReachabilityMatchesLegacy(t *testing.T) {
CK-110-0756,The application dynamically constructs file or path information.,codacy,23bde770e906b8b3af9b1929242c1ac1,internal/benchmark/dataset_test.go,58,Semgrep_go_filesystem_rule-fileread,Security,FileAccess,Error,Opengrep,c220796f5549e790104ba79acfac4fd99f9f241a,v1.10.6,open,S3,benchmark,Test-only security scanner findings must be reviewed and suppressed only with rationale,,,none,none,none,none,none,false,false,false,true,false,test,,,investigate,,,,,"bucket=test-security-noise; line_text=base, err := os.ReadFile(filepath.Join(dir, fileName(1)))"
CK-110-0757,Method prepareFileForStoreWithContext has 57 lines of code (limit is 50),codacy,48f385d7a3cdd1cb82c823a3b7ba01e9,internal/storage/store.go,99,Lizard_nloc-medium,Complexity,,Warning,Lizard,747b02da1e112d4cbde1e1080107539e6afc781f,backlog,open,S2,storage,Production complexity hotspots in critical paths must be tracked without behavior-changing refactors,,,none,medium,none,medium,none,true,false,true,false,false,production,,,investigate,,,,,bucket=production-complexity-hotspot; line_text=func prepareFileForStoreWithContext(
CK-110-0758,Method TestSnapshotReachabilityViaSQLMatchesLegacyLoop has a cyclomatic complexity of 19 (limit is 8),codacy,8fcf9301014de11b2c55af63358ad22c,internal/observability/stats_test.go,893,Lizard_ccn-medium,Complexity,,Warning,Lizard,40a1210ffc8c23dc4a717ce32627c89658e0f608,v1.10.6,open,S3,codacy,Test complexity findings must be reviewed without weakening invariant coverage,,,none,none,none,none,none,false,false,false,true,false,test,,,investigate,,,,,bucket=test-complexity-hotspot; line_text=func TestSnapshotReachabilityViaSQLMatchesLegacyLoop(t *testing.T) {
CK-110-0759,Method TestChunkFileSplitsAtMaxChunkSizeWhenRollingMaskNeverMatches has a cyclomatic complexity of 12 (limit i,codacy,6409335110a2a7ec8577e4ed8f6363d1,internal/chunk/simplecdc/chunker_test.go,10,Lizard_ccn-medium,Complexity,,Warning,Lizard,40a1210ffc8c23dc4a717ce32627c89658e0f608,backlog,open,S3,storage,Test complexity findings must be reviewed without weakening invariant coverage,,,none,none,none,none,none,false,false,false,true,false,test,,,investigate,,,,,bucket=test-complexity-hotspot; line_text=func TestChunkFileSplitsAtMaxChunkSizeWhenRollingMaskNeverMatches(t *testing.T) {
CK-110-0760,The application was found setting file permissions to overly permissive values.,codacy,a58891cbcef3de2af8c3d4cb58b5b03d,tests/adversarial/g2_inconsistent_state_adversarial_test.go,266,Semgrep_go_file-permissions_rule-fileperm,Security,FileAccess,High,Opengrep,2c85472bf5d9f80268b16877608d5d9112c4a4ec,v1.10.2,open,S3,filesystem,Test-only security scanner findings must be reviewed and suppressed only with rationale,,,none,none,none,none,none,false,false,false,true,false,test,,,investigate,,,,,"bucket=test-security-noise; line_text=if err := os.WriteFile(orphanPath, orphanBytes, 0o644); err != nil {"
CK-110-0761,Method TestVerifyRepositoryRejectsInvalidDualLegacyPackedMapping has a cyclomatic complexity of 10 (limit is 8,codacy,7c3632a2cfb81294e1d7e36b4b1ee67a,internal/verify/verify_system_test.go,307,Lizard_ccn-medium,Complexity,,Warning,Lizard,40a1210ffc8c23dc4a717ce32627c89658e0f608,backlog,open,S3,verify,Test complexity findings must be reviewed without weakening invariant coverage,,,none,none,none,none,none,false,false,false,true,false,test,,,investigate,,,,,bucket=test-complexity-hotspot; line_text=func TestVerifyRepositoryRejectsInvalidDualLegacyPackedMapping(t *testing.T) {
CK-110-0762,Method TestReadPathRestoreAfterMigrationIntegration has a cyclomatic complexity of 10 (limit is 8),codacy,59194f22173e1b109e81a61dc271b7fb,tests/integration/read_path_regression_test.go,75,Lizard_ccn-medium,Complexity,,Warning,Lizard,40a1210ffc8c23dc4a717ce32627c89658e0f608,v1.10.2,open,S3,filesystem,Test complexity findings must be reviewed without weakening invariant coverage,,,none,none,none,none,none,false,false,false,true,false,test,,,investigate,,,,,bucket=test-complexity-hotspot; line_text=func TestReadPathRestoreAfterMigrationIntegration(t *testing.T) {
CK-110-0763,The application dynamically constructs file or path information.,codacy,a89ea002410061e9c93b0a057ff39257,internal/benchmark/dataset_test.go,63,Semgrep_go_filesystem_rule-fileread,Security,FileAccess,Error,Opengrep,c220796f5549e790104ba79acfac4fd99f9f241a,v1.10.6,open,S3,benchmark,Test-only security scanner findings must be reviewed and suppressed only with rationale,,,none,none,none,none,none,false,false,false,true,false,test,,,investigate,,,,,"bucket=test-security-noise; line_text=candidate, err := os.ReadFile(filepath.Join(dir, fileName(i)))"
CK-110-0764,The application was found setting directory permissions to overly permissive values.,codacy,bf859158cd975782493ab1b30a54fa5a,internal/chunk/benchmark/runner.go,120,Semgrep_go_file-permissions_rule-mkdir,Security,FileAccess,High,Opengrep,735145730e324c4c259b18916552c488993a03d4,v1.10.6,open,S1,benchmark,Filesystem permission scanner findings must be reviewed by runtime area and threat model,,,none,none,medium,none,none,false,false,false,true,false,benchmark,,,investigate,,,,,"bucket=production-security-candidate; line_text=if err := os.MkdirAll(workDir, 0o755); err != nil {"
CK-110-0765,Method TestEnsurePostgresSchemaAutoMigratesVersionElevenToTwelve has a cyclomatic complexity of 13 (limit is 8,codacy,4a22a023e8743909dc3404343ebfbf50,internal/db/migrations_test.go,1476,Lizard_ccn-medium,Complexity,,Warning,Lizard,3af49a6c3bab6e69e3b3bd4eeed7eacee2c1edfb,backlog,open,S3,migration,Test complexity findings must be reviewed without weakening invariant coverage,,,none,none,none,none,none,false,false,false,true,false,test,,,investigate,,,,,bucket=test-complexity-hotspot; line_text=func TestEnsurePostgresSchemaAutoMigratesVersionElevenToTwelve(t *testing.T) {
CK-110-0766,The application dynamically constructs file or path information.,codacy,9b1694bdbbf4bd6e318d6807dcd28126,tests/adversarial/g1_deterministic_restore_adversarial_test.go,382,Semgrep_go_filesystem_rule-fileread,Security,FileAccess,Error,Opengrep,40a1210ffc8c23dc4a717ce32627c89658e0f608,v1.10.5,open,S3,restore,Test-only security scanner findings must be reviewed and suppressed only with rationale,,,none,none,none,none,none,false,false,false,true,false,test,,,investigate,,,,,"bucket=test-security-noise; line_text=f, err := os.OpenFile(damagedPath, os.O_RDWR, 0)"
CK-110-0767,Method TestInspectLogicalFileReverseRelations has a cyclomatic complexity of 11 (limit is 8),codacy,a5e10444dd8919a0ff0c65f063049f42,internal/observability/inspect_test.go,736,Lizard_ccn-medium,Complexity,,Warning,Lizard,40a1210ffc8c23dc4a717ce32627c89658e0f608,v1.10.6,open,S3,codacy,Test complexity findings must be reviewed without weakening invariant coverage,,,none,none,none,none,none,false,false,false,true,false,test,,,investigate,,,,,bucket=test-complexity-hotspot; line_text=func TestInspectLogicalFileReverseRelations(t *testing.T) {
CK-110-0768,The application was found setting file permissions to overly permissive values.,codacy,90fd2ddc8ca2a9d8078be283d5e4cf0c,tests/integration/v18_migration_compatibility_integration_test.go,50,Semgrep_go_file-permissions_rule-fileperm,Security,FileAccess,High,Opengrep,,v1.10.2,open,S3,filesystem,Test-only security scanner findings must be reviewed and suppressed only with rationale,,,none,none,none,none,none,false,false,false,true,false,test,,,investigate,,,,,"bucket=test-security-noise; line_text=if err := os.WriteFile(path, buf, 0o644); err != nil {"
CK-110-0769,Detected file permissions that are set to more than `0600` (user/owner can read and write). Setting file permi,codacy,f4e13b465026c2b934f55062ed9d72bb,tests/adversarial/g9_batch_semantics_adversarial_test.go,618,Semgrep_go.lang.correctness.permissions.file_permission.incorrect-default-permission,Security,FileAccess,High,Opengrep,40a1210ffc8c23dc4a717ce32627c89658e0f608,v1.10.2,open,S3,filesystem,Test-only security scanner findings must be reviewed and suppressed only with rationale,,,none,none,none,none,none,false,false,false,true,false,test,,,investigate,,,,,"bucket=test-security-noise; line_text=if err := os.MkdirAll(verifyDir, 0o755); err != nil {"
CK-110-0770,Method  has 54 lines of code (limit is 50),codacy,59b2957a194e6e9f956f7ad66abb7e2b,tests/adversarial/g7_deep_corruption_adversarial_test.go,316,Lizard_nloc-medium,Complexity,,Warning,Lizard,40a1210ffc8c23dc4a717ce32627c89658e0f608,v1.10.6,open,S3,codacy,Test complexity findings must be reviewed without weakening invariant coverage,,,none,none,none,none,none,false,false,false,true,false,test,,,investigate,,,,,"bucket=test-complexity-hotspot; line_text=t.Run(codec, func(t *testing.T) {"
CK-110-0771,Method TestRestorePinningFailsOnMalformedChunkChunkerVersion has a cyclomatic complexity of 11 (limit is 8),codacy,c716dcc0cef7c94e0284958cb14c2929,internal/storage/restore_test.go,427,Lizard_ccn-medium,Complexity,,Warning,Lizard,42f48a6303bb98fab4a7825ec56c51dea51c250a,v1.10.5,open,S3,restore,Test complexity findings must be reviewed without weakening invariant coverage,,,none,none,none,none,none,false,false,false,true,false,test,,,investigate,,,,,bucket=test-complexity-hotspot; line_text=func TestRestorePinningFailsOnMalformedChunkChunkerVersion(t *testing.T) {
CK-110-0772,Method TestInspectContainerIncludesReverseRelations has a cyclomatic complexity of 10 (limit is 8),codacy,3836c700f64bd63306bc68dd9676f728,internal/observability/inspect_test.go,295,Lizard_ccn-medium,Complexity,,Warning,Lizard,40a1210ffc8c23dc4a717ce32627c89658e0f608,v1.10.6,open,S3,codacy,Test complexity findings must be reviewed without weakening invariant coverage,,,none,none,none,none,none,false,false,false,true,false,test,,,investigate,,,,,bucket=test-complexity-hotspot; line_text=func TestInspectContainerIncludesReverseRelations(t *testing.T) {
CK-110-0773,Method  has 104 lines of code (limit is 50),codacy,1860a729a8b2d23233515a252e2e7e9a,tests/adversarial/v110_s0_chunk_reuse_bounds_stabilization_test.go,45,Lizard_nloc-medium,Complexity,,Warning,Lizard,40a1210ffc8c23dc4a717ce32627c89658e0f608,backlog,open,S3,storage,Test complexity findings must be reviewed without weakening invariant coverage,,,none,none,none,none,none,false,false,false,true,false,test,,,investigate,,,,,"bucket=test-complexity-hotspot; line_text=t.Run(string(codec), func(t *testing.T) {"
CK-110-0774,Lists should be surrounded by blank lines,codacy,2bf400f9828be5d2b412bd982ef0114e,docs/STEP64_METRICS_VALIDATION.md,230,markdownlint_MD032,CodeStyle,,Info,markdownlint,40a1210ffc8c23dc4a717ce32627c89658e0f608,backlog,open,S4,docs,Documentation style findings must be classified without blocking correctness releases,,,none,none,none,none,none,false,false,false,false,true,docs,,,investigate,,,,,bucket=docs-style; line_text=1. Block-level analysis (per-block metrics)
CK-110-0775,Method TestGetReachableChunksFromSnapshots has 53 lines of code (limit is 50),codacy,e4a64f5ec1b71e405dbb58bad5dc8671,internal/graph/reachability_test.go,30,Lizard_nloc-medium,Complexity,,Warning,Lizard,a318ae68489afa9b2d59693146b61393c875e2dd,v1.10.6,open,S3,codacy,Test complexity findings must be reviewed without weakening invariant coverage,,,none,none,none,none,none,false,false,false,true,false,test,,,investigate,,,,,bucket=test-complexity-hotspot; line_text=func TestGetReachableChunksFromSnapshots(t *testing.T) {
CK-110-0776,"First line should end with a period, question mark, or exclamation point (not 'r') (D415)",codacy,df779b4e878c6d5a86abe5199018a3e5,scripts/validate_regression_thresholds.py,2,Prospector_pydocstyle,Documentation,,Info,Prospector,40a1210ffc8c23dc4a717ce32627c89658e0f608,v1.10.6,open,S2,tooling,Release and benchmark scripts must not mask failures or mishandle unsafe inputs,,,low,none,none,low,none,false,true,false,false,false,script,,,investigate,,,,,"bucket=script-tooling-risk; line_text="""""""
CK-110-0777,Method seedVerifyLegacyBlockFixture has 62 lines of code (limit is 50),codacy,77993102551336b2b9a4b815a6867246,internal/verify/verify_system_test.go,797,Lizard_nloc-medium,Complexity,,Warning,Lizard,40a1210ffc8c23dc4a717ce32627c89658e0f608,backlog,open,S3,verify,Test complexity findings must be reviewed without weakening invariant coverage,,,none,none,none,none,none,false,false,false,true,false,test,,,investigate,,,,,"bucket=test-complexity-hotspot; line_text=func seedVerifyLegacyBlockFixture(t testing.TB, dbconn *sql.DB, containersDir string, payload []byte) int64 {"
CK-110-0778,Lists should be surrounded by blank lines,codacy,cb9ba31e5e33617c1e2dd5d5482bde76,docs/STEP64_METRICS_VALIDATION.md,39,markdownlint_MD032,CodeStyle,,Info,markdownlint,40a1210ffc8c23dc4a717ce32627c89658e0f608,backlog,open,S4,docs,Documentation style findings must be classified without blocking correctness releases,,,none,none,none,none,none,false,false,false,false,true,docs,,,investigate,,,,,bucket=docs-style; line_text=- `CompressedBlocks` — blocks where compression was applied
CK-110-0779,The application dynamically constructs file or path information.,codacy,785af5af6ea2eb430ed603d267eec723,tests/adversarial/g9_batch_semantics_adversarial_test.go,516,Semgrep_go_filesystem_rule-fileread,Security,FileAccess,Error,Opengrep,40a1210ffc8c23dc4a717ce32627c89658e0f608,v1.10.2,open,S3,filesystem,Test-only security scanner findings must be reviewed and suppressed only with rationale,,,none,none,none,none,none,false,false,false,true,false,test,,,investigate,,,,,"bucket=test-security-noise; line_text=f, err := os.OpenFile(containerPath, os.O_RDWR, 0)"
CK-110-0780,Detected file permissions that are set to more than `0600` (user/owner can read and write). Setting file permi,codacy,360ad77ad8288a96f70db41836534fa4,tests/adversarial/g10_g13_physical_graph_adversarial_test.go,60,Semgrep_go.lang.correctness.permissions.file_permission.incorrect-default-permission,Security,FileAccess,High,Opengrep,40a1210ffc8c23dc4a717ce32627c89658e0f608,v1.10.2,open,S3,filesystem,Test-only security scanner findings must be reviewed and suppressed only with rationale,,,none,none,none,none,none,false,false,false,true,false,test,,,investigate,,,,,"bucket=test-security-noise; line_text=if err := os.MkdirAll(restoreDir, 0o755); err != nil {"
CK-110-0781,Method TestTraverseDeterministicOrder has a cyclomatic complexity of 11 (limit is 8),codacy,1a8d3ddcff9af1fc86829caf73e5ac6f,internal/graph/traversal_test.go,145,Lizard_ccn-medium,Complexity,,Warning,Lizard,40a1210ffc8c23dc4a717ce32627c89658e0f608,v1.10.6,open,S3,codacy,Test complexity findings must be reviewed without weakening invariant coverage,,,none,none,none,none,none,false,false,false,true,false,test,,,investigate,,,,,bucket=test-complexity-hotspot; line_text=func TestTraverseDeterministicOrder(t *testing.T) {
CK-110-0782,Method TestRunMigrationsCreatesCompressionConfigDefaults has a cyclomatic complexity of 9 (limit is 8),codacy,d69752da1e67b8349e990074c86c1610,internal/db/migrations_test.go,2168,Lizard_ccn-medium,Complexity,,Warning,Lizard,40a1210ffc8c23dc4a717ce32627c89658e0f608,backlog,open,S3,migration,Test complexity findings must be reviewed without weakening invariant coverage,,,none,none,none,none,none,false,false,false,true,false,test,,,investigate,,,,,bucket=test-complexity-hotspot; line_text=func TestRunMigrationsCreatesCompressionConfigDefaults(t *testing.T) {
CK-110-0783,Method TestComputeReachabilitySummary has a cyclomatic complexity of 13 (limit is 8),codacy,950ff4f44230b71467b64260182491a4,internal/retention/reachability_test.go,182,Lizard_ccn-medium,Complexity,,Warning,Lizard,40a1210ffc8c23dc4a717ce32627c89658e0f608,v1.10.6,open,S3,codacy,Test complexity findings must be reviewed without weakening invariant coverage,,,none,none,none,none,none,false,false,false,true,false,test,,,investigate,,,,,bucket=test-complexity-hotspot; line_text=func TestComputeReachabilitySummary(t *testing.T) {
CK-110-0784,Method TestSweepUnreachableChunksMetadataOrderTransactionSafety has a cyclomatic complexity of 17 (limit is 8),codacy,be8d31b2370f8fe0921dce70084c5936,internal/maintenance/gc_packed_test.go,435,Lizard_ccn-medium,Complexity,,Warning,Lizard,40a1210ffc8c23dc4a717ce32627c89658e0f608,v1.10.4,open,S3,gc,Test complexity findings must be reviewed without weakening invariant coverage,,,none,none,none,none,none,false,false,false,true,false,test,,,investigate,,,,,bucket=test-complexity-hotspot; line_text=func TestSweepUnreachableChunksMetadataOrderTransactionSafety(t *testing.T) {
CK-110-0785,Method  has 54 lines of code (limit is 50),codacy,9be01cf05808025fe715ee27cf262b28,tests/adversarial/g6_concurrent_operations_adversarial_test.go,161,Lizard_nloc-medium,Complexity,,Warning,Lizard,40a1210ffc8c23dc4a717ce32627c89658e0f608,v1.10.6,open,S3,codacy,Test complexity findings must be reviewed without weakening invariant coverage,,,none,none,none,none,none,false,false,false,true,false,test,,,investigate,,,,,"bucket=test-complexity-hotspot; line_text=t.Run(codec, func(t *testing.T) {"
CK-110-0786,Method planSnapshotRestoreOutputs has 70 lines of code (limit is 50),codacy,8850bef2e7d55ddd47893634c0900b9b,internal/snapshot/snapshot.go,1125,Lizard_nloc-medium,Complexity,,Warning,Lizard,722b5e53426e4a6c96c1a69a8fdfbbdb403863fb,backlog,open,S2,snapshot,Production complexity hotspots in critical paths must be tracked without behavior-changing refactors,,,none,none,none,none,none,true,false,true,false,false,production,,,investigate,,,,,"bucket=production-complexity-hotspot; line_text=func planSnapshotRestoreOutputs(rows []snapshotRestoreRow, requestedPaths []string, opts RestoreSnapshotOptions) ([]snapshotRestorePlanItem, error) {"
CK-110-0787,The application dynamically constructs file or path information.,codacy,feacc00419c89bb306a6807aa4a1d296,internal/storage/phase1_compat_matrix_test.go,96,Semgrep_go_filesystem_rule-fileread,Security,FileAccess,Error,Opengrep,685c72e624fd873ed17ce60c7884b8e1cb949855,backlog,open,S3,storage,Test-only security scanner findings must be reviewed and suppressed only with rationale,,,none,none,none,none,none,false,false,false,true,false,test,,,investigate,,,,,"bucket=test-security-noise; line_text=data, err := os.ReadFile(outPath)"
CK-110-0788,The application was found setting directory permissions to overly permissive values.,codacy,8379a10c70dd466fca5dd7b2c6daca60,tests/adversarial/g14_g17_snapshot_retention_adversarial_test.go,409,Semgrep_go_file-permissions_rule-mkdir,Security,FileAccess,High,Opengrep,e675ba781b33cb0a643d74df46df9e78fa50484c,backlog,open,S3,snapshot,Test-only security scanner findings must be reviewed and suppressed only with rationale,,,none,none,none,none,none,false,false,false,true,false,test,,,investigate,,,,,"bucket=test-security-noise; line_text=if err := os.MkdirAll(filepath.Join(inputDir, ""docs""), 0o755); err != nil {"
CK-110-0789,The application dynamically constructs file or path information.,codacy,bd133fd824db1ad7a2bd1f842c180b4f,internal/verify/verify_system_test.go,539,Semgrep_go_filesystem_rule-fileread,Security,FileAccess,Error,Opengrep,40a1210ffc8c23dc4a717ce32627c89658e0f608,backlog,open,S3,verify,Test-only security scanner findings must be reviewed and suppressed only with rationale,,,none,none,none,none,none,false,false,false,true,false,test,,,investigate,,,,,"bucket=test-security-noise; line_text=f, err := os.Open(path)"
CK-110-0790,Method GenerateDataset has a cyclomatic complexity of 10 (limit is 8),codacy,6f9c292c232389523c5b8c4dfed1bbf,internal/benchmark/dataset.go,30,Lizard_ccn-medium,Complexity,,Warning,Lizard,c220796f5549e790104ba79acfac4fd99f9f241a,v1.10.6,open,S3,benchmark,Test complexity findings must be reviewed without weakening invariant coverage,,,none,none,none,none,none,false,false,false,true,false,benchmark,,,investigate,,,,,"bucket=test-complexity-hotspot; line_text=func GenerateDataset(baseDir string, cfg DatasetConfig) error {"
CK-110-0791,Method buildStoreFileRuntime has 62 lines of code (limit is 50),codacy,8df07c6e8407eea4dc07a89e966d5bf,internal/storage/store.go,760,Lizard_nloc-medium,Complexity,,Warning,Lizard,29a23d555eb7258224263df0388000f16c1e8a37,backlog,open,S2,storage,Production complexity hotspots in critical paths must be tracked without behavior-changing refactors,,,none,medium,none,medium,none,true,false,true,false,false,production,,,investigate,,,,,"bucket=production-complexity-hotspot; line_text=func buildStoreFileRuntime(sgctx StorageContext, codec blocks.Codec) (*storeFileRuntime, error) {"
CK-110-0792,Method runCompressionSmokeMeasurement has 55 lines of code (limit is 50),codacy,1d965d6be1a16738fc5a1e9e1b0f6467,internal/storage/store_compression_feature_gate_test.go,365,Lizard_nloc-medium,Complexity,,Warning,Lizard,5c9549e27d5b7d67bd3b7cfed52aaca8e2d003c9,backlog,open,S3,storage,Test complexity findings must be reviewed without weakening invariant coverage,,,none,none,none,none,none,false,false,false,true,false,test,,,investigate,,,,,"bucket=test-complexity-hotspot; line_text=func runCompressionSmokeMeasurement(t *testing.T, codec string, payload []byte) compressionSmokeMeasurement {"
CK-110-0793,The application dynamically constructs file or path information.,codacy,488f0ad23a38e382e876ee90d7d98c5b,internal/storage/store_compression_feature_gate_test.go,123,Semgrep_go_filesystem_rule-fileread,Security,FileAccess,Error,Opengrep,c47dc2b91c9fc1d95e9c65624764df89d9561b43,backlog,open,S3,storage,Test-only security scanner findings must be reviewed and suppressed only with rationale,,,none,none,none,none,none,false,false,false,true,false,test,,,investigate,,,,,"bucket=test-security-noise; line_text=restored, err := os.ReadFile(outPath)"
CK-110-0794,Method TestSimulateGCMatchesGCPlan has a cyclomatic complexity of 10 (limit is 8),codacy,9b833b19c7b2e4218b3ccca7c1a9b9e4,internal/observability/service_test.go,215,Lizard_ccn-medium,Complexity,,Warning,Lizard,5203403c366c34daedb23d0c4ef345f787d6188b,v1.10.6,open,S3,codacy,Test complexity findings must be reviewed without weakening invariant coverage,,,none,none,none,none,none,false,false,false,true,false,test,,,investigate,,,,,bucket=test-complexity-hotspot; line_text=func TestSimulateGCMatchesGCPlan(t *testing.T) {
CK-110-0795,Method TestInspectRepositoryBasic has a cyclomatic complexity of 19 (limit is 8),codacy,852c3aceb8dcf66aa0ca50ab8fa76fc6,internal/observability/inspect_test.go,95,Lizard_ccn-medium,Complexity,,Warning,Lizard,40a1210ffc8c23dc4a717ce32627c89658e0f608,v1.10.6,open,S3,codacy,Test complexity findings must be reviewed without weakening invariant coverage,,,none,none,none,none,none,false,false,false,true,false,test,,,investigate,,,,,bucket=test-complexity-hotspot; line_text=func TestInspectRepositoryBasic(t *testing.T) {
CK-110-0796,Detected file permissions that are set to more than `0600` (user/owner can read and write). Setting file permi,codacy,aaf2ab4734e8d77eb75663a672767e4f,tests/utils/common.go,316,Semgrep_go.lang.correctness.permissions.file_permission.incorrect-default-permission,Security,FileAccess,High,Opengrep,40a1210ffc8c23dc4a717ce32627c89658e0f608,v1.10.2,open,S3,filesystem,Test-only security scanner findings must be reviewed and suppressed only with rationale,,,none,none,none,none,none,false,false,false,true,false,test,,,investigate,,,,,"bucket=test-security-noise; line_text=if err := os.MkdirAll(container.ContainersDir, 0o755); err != nil {"
CK-110-0797,Method TestCollectBlockStatsAndRunStatsExposure has a cyclomatic complexity of 31 (limit is 8),codacy,65f840a78aad9feab61c58f866624454,internal/maintenance/stats_test.go,428,Lizard_ccn-medium,Complexity,,Warning,Lizard,40a1210ffc8c23dc4a717ce32627c89658e0f608,v1.10.4,open,S3,gc,Test complexity findings must be reviewed without weakening invariant coverage,,,none,none,none,none,none,false,false,false,true,false,test,,,investigate,,,,,bucket=test-complexity-hotspot; line_text=func TestCollectBlockStatsAndRunStatsExposure(t *testing.T) {
CK-110-0798,Method TestRunBenchmarkRunsCasesInOrderWithIsolatedContexts has a cyclomatic complexity of 13 (limit is 8),codacy,3a0ad916b03c1ef5d3ef3cfe2ac92d0d,internal/benchmark/runner_test.go,11,Lizard_ccn-medium,Complexity,,Warning,Lizard,40a1210ffc8c23dc4a717ce32627c89658e0f608,v1.10.6,open,S3,benchmark,Test complexity findings must be reviewed without weakening invariant coverage,,,none,none,none,none,none,false,false,false,true,false,test,,,investigate,,,,,bucket=test-complexity-hotspot; line_text=func TestRunBenchmarkRunsCasesInOrderWithIsolatedContexts(t *testing.T) {
CK-110-0799,Expected: 1; Actual: 0; Below,codacy,fdf1ecd8cb857568e0ad03020ee56e35,docs/STEP64_METRICS_VALIDATION.md,212,markdownlint_MD022,CodeStyle,,Info,markdownlint,40a1210ffc8c23dc4a717ce32627c89658e0f608,backlog,open,S4,docs,Documentation style findings must be classified without blocking correctness releases,,,none,none,none,none,none,false,false,false,false,true,docs,,,investigate,,,,,bucket=docs-style; line_text=### Runtime Overhead
CK-110-0800,The application was found setting file permissions to overly permissive values.,codacy,8626f34c8a6369244f61e0efa511968c,tests/integration/v18_migration_compatibility_integration_test.go,845,Semgrep_go_file-permissions_rule-fileperm,Security,FileAccess,High,Opengrep,,v1.10.2,open,S3,filesystem,Test-only security scanner findings must be reviewed and suppressed only with rationale,,,none,none,none,none,none,false,false,false,true,false,test,,,investigate,,,,,"bucket=test-security-noise; line_text=if err := os.WriteFile(packedBPath, dataB, 0o644); err != nil {"
CK-110-0801,Method GetSnapshotStats has a cyclomatic complexity of 15 (limit is 8),codacy,506fa2991efc96f59de65fa3d8051a89,internal/snapshot/snapshot.go,599,Lizard_ccn-medium,Complexity,,Warning,Lizard,6496884dd2588812748bc09a811d5cc41aa7b8c8,backlog,open,S2,snapshot,Production complexity hotspots in critical paths must be tracked without behavior-changing refactors,,,none,none,none,none,none,true,false,true,false,false,production,,,investigate,,,,,"bucket=production-complexity-hotspot; line_text=func GetSnapshotStats(ctx context.Context, db *sql.DB, snapshotID string) (*SnapshotStats, error) {"
CK-110-0802,The application was found setting directory permissions to overly permissive values.,codacy,c1da8eb73a81db7b8ab88349c3aa4f3,tests/adversarial/g7_deep_corruption_adversarial_test.go,113,Semgrep_go_file-permissions_rule-mkdir,Security,FileAccess,High,Opengrep,40a1210ffc8c23dc4a717ce32627c89658e0f608,v1.10.2,open,S3,filesystem,Test-only security scanner findings must be reviewed and suppressed only with rationale,,,none,none,none,none,none,false,false,false,true,false,test,,,investigate,,,,,"bucket=test-security-noise; line_text=if err := os.MkdirAll(inputDir, 0o755); err != nil {"
CK-110-0803,All queries must target RAC_* tables.Query does not reference RAC_* table.,codacy,3c0e1faccf51ffae7ef483e15984e4b0,db/schema_postgres.sql,432,Semgrep_codacy.generic.sql.rac-table-access,Security,SQLInjection,High,Opengrep,31d5389182022107eb969b939dbd98b19dfa0278,backlog,open,S1,migration,Dynamic SQL scanner findings must be reviewed for parameterization or safe identifier constraints,,,none,none,medium,none,none,true,false,true,false,false,production,,,investigate,,,,,bucket=production-security-candidate; line_text=UPDATE schema_version SET version = 10 WHERE version < 10;
CK-110-0804,Method TestPhase7BuildFixtureWithActualV17BinaryIntegration has 56 lines of code (limit is 50),codacy,36ba8bd036531ffe54e4a512a3cb1daf,tests/integration/v18_migration_compatibility_integration_test.go,1080,Lizard_nloc-medium,Complexity,,Warning,Lizard,40a1210ffc8c23dc4a717ce32627c89658e0f608,v1.10.6,open,S3,codacy,Test complexity findings must be reviewed without weakening invariant coverage,,,none,none,none,none,none,false,false,false,true,false,test,,,investigate,,,,,bucket=test-complexity-hotspot; line_text=func TestPhase7BuildFixtureWithActualV17BinaryIntegration(t *testing.T) {
CK-110-0805,Method runStatsResultWithDB has 212 lines of code (limit is 50),codacy,a404e83e2401d933887f6e69247fe433,internal/maintenance/stats.go,138,Lizard_nloc-medium,Complexity,,Warning,Lizard,40a1210ffc8c23dc4a717ce32627c89658e0f608,v1.10.4,open,S2,gc,Production complexity hotspots in critical paths must be tracked without behavior-changing refactors,,,none,medium,none,medium,none,true,false,true,false,false,production,,,investigate,,,,,"bucket=production-complexity-hotspot; line_text=func runStatsResultWithDB(ctx context.Context, dbconn *sql.DB) (*StatsResult, error) {"
CK-110-0806,Method  has a cyclomatic complexity of 11 (limit is 8),codacy,27adad97210eda22752810668882b4d3,tests/adversarial/g9_batch_semantics_adversarial_test.go,233,Lizard_ccn-medium,Complexity,,Warning,Lizard,40a1210ffc8c23dc4a717ce32627c89658e0f608,v1.10.6,open,S3,codacy,Test complexity findings must be reviewed without weakening invariant coverage,,,none,none,none,none,none,false,false,false,true,false,test,,,investigate,,,,,"bucket=test-complexity-hotspot; line_text=t.Run(""stored-path fail-fast preserves ordering and isolation"", func(t *testing.T) {"
CK-110-0807,Method TestStorageBlockReaderEncryptedPlaintextSizeMismatchDetectedWithoutPartialOutput has a cyclomatic compl,codacy,19573a7492b7bd803058f5992d202677,internal/storage/storage_block_reader_test.go,849,Lizard_ccn-medium,Complexity,,Warning,Lizard,40a1210ffc8c23dc4a717ce32627c89658e0f608,v1.10.3,open,S3,packed-storage,Test complexity findings must be reviewed without weakening invariant coverage,,,none,none,none,none,none,false,false,false,true,false,test,,,investigate,,,,,bucket=test-complexity-hotspot; line_text=func TestStorageBlockReaderEncryptedPlaintextSizeMismatchDetectedWithoutPartialOutput(t *testing.T) {
CK-110-0808,Lists should be surrounded by blank lines,codacy,aa091c4a5558b76896b4e781bda47570,docs/STEP64_METRICS_VALIDATION.md,21,markdownlint_MD032,CodeStyle,,Info,markdownlint,40a1210ffc8c23dc4a717ce32627c89658e0f608,backlog,open,S4,docs,Documentation style findings must be classified without blocking correctness releases,,,none,none,none,none,none,false,false,false,false,true,docs,,,investigate,,,,,bucket=docs-style; line_text=- Benchmark `CompressionRatio` uses `CompressedBytes / LogicalBytes`.
CK-110-0809,Method RunBenchmark has 59 lines of code (limit is 50),codacy,323991c40433359d78316e980834c730,internal/benchmark/runner.go,50,Lizard_nloc-medium,Complexity,,Warning,Lizard,40a1210ffc8c23dc4a717ce32627c89658e0f608,v1.10.6,open,S3,benchmark,Test complexity findings must be reviewed without weakening invariant coverage,,,none,none,none,none,none,false,false,false,true,false,benchmark,,,investigate,,,,,"bucket=test-complexity-hotspot; line_text=func RunBenchmark(cases []BenchmarkCase) ([]Result, error) {"
CK-110-0810,Expected: 2; Actual: 3,codacy,2be70ecb8350b556c47050e1bc7b92b2,docs/benchmarking.md,653,markdownlint_MD007,CodeStyle,,Info,markdownlint,40a1210ffc8c23dc4a717ce32627c89658e0f608,backlog,open,S4,docs,Documentation style findings must be classified without blocking correctness releases,,,none,none,none,none,none,false,false,false,false,true,docs,,,investigate,,,,,bucket=docs-style; line_text=- partial container truncation injection
CK-110-0811,Method TestRestoreFailurePreservesExistingOutput has a cyclomatic complexity of 14 (limit is 8),codacy,8d92d0621593360cdfb020852534cf8d,internal/storage/restore_test.go,1922,Lizard_ccn-medium,Complexity,,Warning,Lizard,a97c81ed57e3d109846d1a17af5e48195c00eed4,v1.10.5,open,S3,restore,Test complexity findings must be reviewed without weakening invariant coverage,,,none,none,none,none,none,false,false,false,true,false,test,,,investigate,,,,,bucket=test-complexity-hotspot; line_text=func TestRestoreFailurePreservesExistingOutput(t *testing.T) {
CK-110-0812,"Detected string concatenation with a non-literal variable in a ""database/sql"" Go SQL statement.",codacy,e7ab140c605c507ff505ae7b90aac276,internal/db/migrations_test.go,570,Semgrep_go.lang.security.audit.sqli.gosql-sqli.gosql-sqli,Security,SQLInjection,Error,Opengrep,33f7e3db20e88ba7c4736919ea34a4454dde9403,backlog,open,S3,migration,Test-only security scanner findings must be reviewed and suppressed only with rationale,,,none,none,none,none,none,false,false,false,true,false,test,,,investigate,,,,,"bucket=test-security-noise; line_text=if _, err := dbconn.Exec("
CK-110-0813,String-formatted SQL query detected.,codacy,52a9edba983751e551780fb5dcae5390,internal/db/db.go,124,Semgrep_go.lang.security.audit.database.string-formatted-query.string-formatted-query,Security,SQLInjection,Error,Opengrep,a861c7a9bc02b25def55d6be74fa24990f69ef5f,backlog,open,S1,migration,Dynamic SQL scanner findings must be reviewed for parameterization or safe identifier constraints,,,none,none,medium,none,none,true,false,true,false,false,production,,,investigate,,,,,"bucket=production-security-candidate; line_text=_, err := db.Exec(fmt.Sprintf(""PRAGMA busy_timeout = %d"", busyTimeoutMillis))"
CK-110-0814,Detected file permissions that are set to more than `0600` (user/owner can read and write). Setting file permi,codacy,8e44f920c9f8053b329ca827cdb034a4,tests/integration/v18_migration_compatibility_integration_test.go,826,Semgrep_go.lang.correctness.permissions.file_permission.incorrect-default-permission,Security,FileAccess,High,Opengrep,,v1.10.2,open,S3,filesystem,Test-only security scanner findings must be reviewed and suppressed only with rationale,,,none,none,none,none,none,false,false,false,true,false,test,,,investigate,,,,,"bucket=test-security-noise; line_text=if err := os.MkdirAll(packedRoot, 0o755); err != nil {"
CK-110-0815,Method TestRunMigrationsBackfillsPhysicalFileForLegacyLogicalFiles has 108 lines of code (limit is 50),codacy,9c6f1ed5839cd694bea77e12340f94e3,internal/db/migrations_test.go,1952,Lizard_nloc-medium,Complexity,,Warning,Lizard,318edbc4cd388aa707725fec4bc1a011e60724c8,backlog,open,S3,migration,Test complexity findings must be reviewed without weakening invariant coverage,,,none,none,none,none,none,false,false,false,true,false,test,,,investigate,,,,,bucket=test-complexity-hotspot; line_text=func TestRunMigrationsBackfillsPhysicalFileForLegacyLogicalFiles(t *testing.T) {
CK-110-0816,File internal/observability/inspect_test.go has 1154 non-comment lines of code,codacy,f12a5bfdb4429a9c08c844d7f8ec2334,internal/observability/inspect_test.go,1,Lizard_file-nloc-medium,Complexity,,Warning,Lizard,40a1210ffc8c23dc4a717ce32627c89658e0f608,v1.10.2,open,S3,filesystem,Test complexity findings must be reviewed without weakening invariant coverage,,,none,none,none,none,none,false,false,false,true,false,test,,,investigate,,,,,bucket=test-complexity-hotspot; line_text=package observability
CK-110-0817,Method TestRunStatsResultBucketsUnknownChunkerMetadata has a cyclomatic complexity of 9 (limit is 8),codacy,885f98a1d1110594b9df057332af9e3,internal/maintenance/stats_test.go,172,Lizard_ccn-medium,Complexity,,Warning,Lizard,40a1210ffc8c23dc4a717ce32627c89658e0f608,v1.10.4,open,S3,gc,Test complexity findings must be reviewed without weakening invariant coverage,,,none,none,none,none,none,false,false,false,true,false,test,,,investigate,,,,,bucket=test-complexity-hotspot; line_text=func TestRunStatsResultBucketsUnknownChunkerMetadata(t *testing.T) {
CK-110-0818,Method TestVerifyRepositoryRejectsInvalidDualLegacyPackedMapping has 64 lines of code (limit is 50),codacy,2488dc208f8f378c4e174e7aa673e3a3,internal/verify/verify_system_test.go,307,Lizard_nloc-medium,Complexity,,Warning,Lizard,40a1210ffc8c23dc4a717ce32627c89658e0f608,backlog,open,S3,verify,Test complexity findings must be reviewed without weakening invariant coverage,,,none,none,none,none,none,false,false,false,true,false,test,,,investigate,,,,,bucket=test-complexity-hotspot; line_text=func TestVerifyRepositoryRejectsInvalidDualLegacyPackedMapping(t *testing.T) {
CK-110-0819,SQL Injection is a critical vulnerability that can lead to data or system compromise.,codacy,cb3b7d8d4b7b01010c7d804fb5710dca,internal/gc/plan_test.go,157,Semgrep_go_sql_rule-concat-sqli,Security,SQLInjection,Error,Opengrep,88f5505f7fd132877670813290f50292f649f103,v1.10.4,open,S3,gc,Test-only security scanner findings must be reviewed and suppressed only with rationale,,,none,none,none,none,none,false,false,false,true,false,test,,,investigate,,,,,"bucket=test-security-noise; line_text=if _, err := dbconn.Exec(`INSERT INTO physical_file (path, logical_file_id) VALUES (?, ?)`, ""/broken.txt"", fileID); err != nil {"
CK-110-0820,Method TestRenderStatsJSONWritesResultPayload has 66 lines of code (limit is 50),codacy,27f32c6740840c21ef84ec4a1be3fc8c,internal/cli/render/stats_test.go,13,Lizard_nloc-medium,Complexity,,Warning,Lizard,40a1210ffc8c23dc4a717ce32627c89658e0f608,v1.10.6,open,S3,codacy,Test complexity findings must be reviewed without weakening invariant coverage,,,none,none,none,none,none,false,false,false,true,false,test,,,investigate,,,,,bucket=test-complexity-hotspot; line_text=func TestRenderStatsJSONWritesResultPayload(t *testing.T) {
CK-110-0821,Method  has 67 lines of code (limit is 50),codacy,52932e13b0f0c7f0427547f17b1413cb,internal/verify/verify_performance_benchmark_test.go,143,Lizard_nloc-medium,Complexity,,Warning,Lizard,40a1210ffc8c23dc4a717ce32627c89658e0f608,v1.10.6,open,S3,benchmark,Test complexity findings must be reviewed without weakening invariant coverage,,,none,none,none,none,none,false,false,false,true,false,test,,,investigate,,,,,"bucket=test-complexity-hotspot; line_text=b.Run(tc.name, func(b *testing.B) {"
CK-110-0822,"Detected string concatenation with a non-literal variable in a ""database/sql"" Go SQL statement.",codacy,6aeca5bb38bb98de38b07f9c319e5c5a,internal/db/migrations_test.go,1304,Semgrep_go.lang.security.audit.sqli.gosql-sqli.gosql-sqli,Security,SQLInjection,Error,Opengrep,69d3d6f7e494463c2eb98c9a03fca7449781ea14,backlog,open,S3,migration,Test-only security scanner findings must be reviewed and suppressed only with rationale,,,none,none,none,none,none,false,false,false,true,false,test,,,investigate,,,,,"bucket=test-security-noise; line_text=if _, err := adminDB.Exec(fmt.Sprintf(""CREATE DATABASE %s"", testDBName)); err != nil {"
CK-110-0823,Lists should be surrounded by blank lines,codacy,d402a9f6a54326f43f63fc77edd238ad,docs/BENCHMARK_CORPORA.md,300,markdownlint_MD032,CodeStyle,,Info,markdownlint,40a1210ffc8c23dc4a717ce32627c89658e0f608,backlog,open,S4,docs,Documentation style findings must be classified without blocking correctness releases,,,none,none,none,none,none,false,false,false,false,true,docs,,,investigate,,,,,bucket=docs-style; line_text=- Deterministic and reproducible
CK-110-0824,The application was found setting directory permissions to overly permissive values.,codacy,3fc10e7c3c14e65c6588e1474b887f54,tests/integration/v19_legacy_upgrade_path_integration_test.go,210,Semgrep_go_file-permissions_rule-mkdir,Security,FileAccess,High,Opengrep,40a1210ffc8c23dc4a717ce32627c89658e0f608,v1.10.2,open,S3,filesystem,Test-only security scanner findings must be reviewed and suppressed only with rationale,,,none,none,none,none,none,false,false,false,true,false,test,,,investigate,,,,,"bucket=test-security-noise; line_text=if err := os.MkdirAll(restoreDir, 0o755); err != nil {"
CK-110-0825,Method ensurePhysicalFileForPathDefaultPolicyWithTx has 59 lines of code (limit is 50),codacy,564d134a8ec792338a087055c79d6fe5,internal/storage/physical_file_repository.go,174,Lizard_nloc-medium,Complexity,,Warning,Lizard,40a1210ffc8c23dc4a717ce32627c89658e0f608,backlog,open,S2,storage,Production complexity hotspots in critical paths must be tracked without behavior-changing refactors,,,none,medium,none,medium,none,true,false,true,false,false,production,,,investigate,,,,,"bucket=production-complexity-hotspot; line_text=func ensurePhysicalFileForPathDefaultPolicyWithTx(ctx context.Context, dbconn *sql.DB, tx *sql.Tx, path string, logicalFileID int64, meta physicalFileMetadata) (bool, error) {"
CK-110-0826,Method verifyInvariantConvergenceG8 has a cyclomatic complexity of 13 (limit is 8),codacy,9f80f70816e2336758fb9eae5a39d18c,tests/adversarial/g8_system_invariants_lifecycle_adversarial_test.go,111,Lizard_ccn-medium,Complexity,,Warning,Lizard,40a1210ffc8c23dc4a717ce32627c89658e0f608,v1.10.6,open,S3,codacy,Test complexity findings must be reviewed without weakening invariant coverage,,,none,none,none,none,none,false,false,false,true,false,test,,,investigate,,,,,"bucket=test-complexity-hotspot; line_text=func verifyInvariantConvergenceG8(t *testing.T, dbconn *sql.DB, repoRoot, binPath string, env map[string]string, runDoctor bool) {"
CK-110-0827,Method TestLoadSQLiteSchemaCreatesPhaseOneV8FreshBootstrap has 87 lines of code (limit is 50),codacy,2a1c100a13369668d5f59fd54c2d4ca1,internal/db/migrations_test.go,339,Lizard_nloc-medium,Complexity,,Warning,Lizard,33f7e3db20e88ba7c4736919ea34a4454dde9403,backlog,open,S3,migration,Test complexity findings must be reviewed without weakening invariant coverage,,,none,none,none,none,none,false,false,false,true,false,test,,,investigate,,,,,bucket=test-complexity-hotspot; line_text=func TestLoadSQLiteSchemaCreatesPhaseOneV8FreshBootstrap(t *testing.T) {
CK-110-0828,Method ChunkFile has a cyclomatic complexity of 9 (limit is 8),codacy,4cc2f50f7b417e205120a5d4e03ba9d8,internal/chunk/fastcdc/chunker.go,46,Lizard_ccn-medium,Complexity,,Warning,Lizard,40a1210ffc8c23dc4a717ce32627c89658e0f608,backlog,open,S2,storage,Production complexity hotspots in critical paths must be tracked without behavior-changing refactors,,,none,medium,none,medium,none,true,false,true,false,false,production,,,investigate,,,,,"bucket=production-complexity-hotspot; line_text=func (c Chunker) ChunkFile(filePath string) ([]shared.Result, error) {"
CK-110-0829,Multi-line docstring summary should start at the first line (D212),codacy,208caaacb11db48c432a800b164ae871,scripts/validate_regression_thresholds.py,2,Prospector_pydocstyle,Documentation,,Info,Prospector,40a1210ffc8c23dc4a717ce32627c89658e0f608,v1.10.6,open,S2,tooling,Release and benchmark scripts must not mask failures or mishandle unsafe inputs,,,low,none,none,low,none,false,true,false,false,false,script,,,investigate,,,,,"bucket=script-tooling-risk; line_text="""""""
CK-110-0830,All queries must target RAC_* tables.Query does not reference RAC_* table.,codacy,43e5ad0404cdf0d3b2940121994fd7a0,db/schema_postgres.sql,21,Semgrep_codacy.generic.sql.rac-table-access,Security,SQLInjection,High,Opengrep,,backlog,open,S1,migration,Dynamic SQL scanner findings must be reviewed for parameterization or safe identifier constraints,,,none,none,medium,none,none,true,false,true,false,false,production,,,investigate,,,,,bucket=production-security-candidate; line_text=WHERE NOT EXISTS (SELECT 1 FROM schema_version);
CK-110-0831,Method TestStorageBlockReaderLogicalHashMismatchOnCompressedFixture has a cyclomatic complexity of 9 (limit is,codacy,2b22c7ab41488b6cfe166c09f0b087f6,internal/storage/storage_block_reader_test.go,964,Lizard_ccn-medium,Complexity,,Warning,Lizard,40a1210ffc8c23dc4a717ce32627c89658e0f608,v1.10.3,open,S3,packed-storage,Test complexity findings must be reviewed without weakening invariant coverage,,,none,none,none,none,none,false,false,false,true,false,test,,,investigate,,,,,bucket=test-complexity-hotspot; line_text=func TestStorageBlockReaderLogicalHashMismatchOnCompressedFixture(t *testing.T) {
CK-110-0832,Method RunFixtureFolderEndToEnd has a cyclomatic complexity of 20 (limit is 8),codacy,a310b686f2caaa95c0b998ad30c0dcfd,tests/utils/common.go,979,Lizard_ccn-medium,Complexity,,Warning,Lizard,40a1210ffc8c23dc4a717ce32627c89658e0f608,v1.10.6,open,S3,codacy,Test complexity findings must be reviewed without weakening invariant coverage,,,none,none,none,none,none,false,false,false,true,false,test,,,investigate,,,,,"bucket=test-complexity-hotspot; line_text=func RunFixtureFolderEndToEnd(t *testing.T, fixtureDir string) {"
CK-110-0833,Method TestReadPathRestoreNewlyStoredFileAfterPhase3Integration has a cyclomatic complexity of 12 (limit is 8),codacy,d6279bc85950d7080ed2325ae485719a,tests/integration/read_path_regression_test.go,128,Lizard_ccn-medium,Complexity,,Warning,Lizard,40a1210ffc8c23dc4a717ce32627c89658e0f608,v1.10.2,open,S3,filesystem,Test complexity findings must be reviewed without weakening invariant coverage,,,none,none,none,none,none,false,false,false,true,false,test,,,investigate,,,,,bucket=test-complexity-hotspot; line_text=func TestReadPathRestoreNewlyStoredFileAfterPhase3Integration(t *testing.T) {
CK-110-0834,All queries must target RAC_* tables.Query does not reference RAC_* table.,codacy,8797a56047aa28be3c54803444c2762e,db/schema_postgres.sql,46,Semgrep_codacy.generic.sql.rac-table-access,Security,SQLInjection,High,Opengrep,40a1210ffc8c23dc4a717ce32627c89658e0f608,backlog,open,S1,migration,Dynamic SQL scanner findings must be reviewed for parameterization or safe identifier constraints,,,none,none,medium,none,none,true,false,true,false,false,production,,,investigate,,,,,bucket=production-security-candidate; line_text=UPDATE schema_version SET version = 5 WHERE version < 5;
CK-110-0835,SQL Injection is a critical vulnerability that can lead to data or system compromise.,codacy,e8a56a6a3263e8cf7ccc42ccea973344,tests/adversarial/g6_concurrent_operations_adversarial_test.go,473,Semgrep_go_sql_rule-concat-sqli,Security,SQLInjection,Error,Opengrep,40a1210ffc8c23dc4a717ce32627c89658e0f608,v1.10.2,open,S3,security,Test-only security scanner findings must be reviewed and suppressed only with rationale,,,none,none,none,none,none,false,false,false,true,false,test,,,investigate,,,,,"bucket=test-security-noise; line_text=if err := dbconn.QueryRow(`SELECT COUNT(*) FROM snapshot WHERE id = $1`, snapshotID).Scan(&snapCount); err != nil {"
CK-110-0836,Method TestRunMigrationsBackfillsPhysicalFileForLegacyLogicalFiles has a cyclomatic complexity of 22 (limit is,codacy,240f226cfde97c153501f269cca7e416,internal/db/migrations_test.go,1952,Lizard_ccn-medium,Complexity,,Warning,Lizard,318edbc4cd388aa707725fec4bc1a011e60724c8,backlog,open,S3,migration,Test complexity findings must be reviewed without weakening invariant coverage,,,none,none,none,none,none,false,false,false,true,false,test,,,investigate,,,,,bucket=test-complexity-hotspot; line_text=func TestRunMigrationsBackfillsPhysicalFileForLegacyLogicalFiles(t *testing.T) {
CK-110-0837,Method VerifyFileStandardWithContainersDir has a cyclomatic complexity of 21 (limit is 8),codacy,d312f5d5047e9a7b8ac65d86e6d8225f,internal/verify/verify_file.go,118,Lizard_ccn-medium,Complexity,,Warning,Lizard,40a1210ffc8c23dc4a717ce32627c89658e0f608,backlog,open,S2,verify,Production complexity hotspots in critical paths must be tracked without behavior-changing refactors,,,none,medium,none,medium,none,true,false,true,false,false,production,,,investigate,,,,,"bucket=production-complexity-hotspot; line_text=func VerifyFileStandardWithContainersDir(dbconn *sql.DB, fileId int, containersDir string) error {"
CK-110-0838,Method SnapshotRoots has a cyclomatic complexity of 11 (limit is 8),codacy,2e603ea801573aff2522ee6a94bfec7e,internal/graph/reachability.go,45,Lizard_ccn-medium,Complexity,,Warning,Lizard,40a1210ffc8c23dc4a717ce32627c89658e0f608,v1.10.6,open,S2,codacy,Production complexity hotspots in critical paths must be tracked without behavior-changing refactors,,,none,none,none,none,none,true,false,true,false,false,production,,,investigate,,,,,"bucket=production-complexity-hotspot; line_text=func (s *Service) SnapshotRoots(ctx context.Context, excludeSnapshotIDs []string) ([]NodeID, error) {"
CK-110-0839,Method validateReusableCompletedChunkWithContext has a cyclomatic complexity of 17 (limit is 8),codacy,d3cc69885c828a83cd853801d208c7e1,internal/storage/store.go,1122,Lizard_ccn-medium,Complexity,,Warning,Lizard,3d47f254662a773da3f00acbae7ae7513ce0b263,backlog,open,S2,storage,Production complexity hotspots in critical paths must be tracked without behavior-changing refactors,,,none,medium,none,medium,none,true,false,true,false,false,production,,,investigate,,,,,"bucket=production-complexity-hotspot; line_text=func validateReusableCompletedChunkWithContext(ctx context.Context, dbconn *sql.DB, chunkID int64, containersDir string) error {"
CK-110-0840,SQL Injection is a critical vulnerability that can lead to data or system compromise.,codacy,cc7037b33a69df6809f65d1f1f75f82,internal/container/simulated_writer.go,150,Semgrep_go_sql_rule-concat-sqli,Security,SQLInjection,Error,Opengrep,5be63b2c59ba2114afd094ae55b78fac99c5f186,backlog,open,S1,storage,Dynamic SQL scanner findings must be reviewed for parameterization or safe identifier constraints,,,none,medium,medium,medium,none,true,false,true,false,false,production,,,investigate,,,,,bucket=production-security-candidate; line_text=if err := tx.QueryRow(
CK-110-0841,The application dynamically constructs file or path information.,codacy,2c099f2e9e09cb41fa1a92c42bdc2218,internal/storage/restore_test.go,2617,Semgrep_go_filesystem_rule-fileread,Security,FileAccess,Error,Opengrep,8375388f1daa35ab579945280bf5219f9e826d04,v1.10.5,open,S3,restore,Test-only security scanner findings must be reviewed and suppressed only with rationale,,,none,none,none,none,none,false,false,false,true,false,test,,,investigate,,,,,"bucket=test-security-noise; line_text=got, err := os.ReadFile(outPath)"
CK-110-0842,Method recoverSealingContainers has a cyclomatic complexity of 11 (limit is 8),codacy,9942a89a1c0d053a5ac07461e046ebe5,internal/recovery/system_recovery.go,174,Lizard_ccn-medium,Complexity,,Warning,Lizard,40a1210ffc8c23dc4a717ce32627c89658e0f608,v1.10.5,open,S2,recovery,Production complexity hotspots in critical paths must be tracked without behavior-changing refactors,,,none,medium,none,medium,medium,true,false,true,false,false,production,,,investigate,,,,,"bucket=production-complexity-hotspot; line_text=func recoverSealingContainers(dbconn *sql.DB, containersDir string, stats *recoveryStats) error {"
CK-110-0843,Lists should be surrounded by blank lines,codacy,151898c171c006203868ef26ff6900fe,docs/benchmarking.md,1500,markdownlint_MD032,CodeStyle,,Info,markdownlint,40a1210ffc8c23dc4a717ce32627c89658e0f608,backlog,open,S4,docs,Documentation style findings must be classified without blocking correctness releases,,,none,none,none,none,none,false,false,false,false,true,docs,,,investigate,,,,,bucket=docs-style; line_text=- Step 6.7: `TestStep67DeterministicRestoreCompressionMatrix` validates restore across 4 codec/compression modes
CK-110-0844,File internal/maintenance/stats_test.go has 559 non-comment lines of code,codacy,c80e6478aa275096474726281632074e,internal/maintenance/stats_test.go,1,Lizard_file-nloc-medium,Complexity,,Warning,Lizard,40a1210ffc8c23dc4a717ce32627c89658e0f608,v1.10.4,open,S3,gc,Test complexity findings must be reviewed without weakening invariant coverage,,,none,none,none,none,none,false,false,false,true,false,test,,,investigate,,,,,bucket=test-complexity-hotspot; line_text=package maintenance
CK-110-0845,SQL Injection is a critical vulnerability that can lead to data or system compromise.,codacy,fd5431bfd7a21f9052588692e09a0ba7,internal/db/migrations_test.go,1883,Semgrep_go_sql_rule-concat-sqli,Security,SQLInjection,Error,Opengrep,7f694cbfbd19c4d06fe733d66e595b149e59901a,backlog,open,S3,migration,Test-only security scanner findings must be reviewed and suppressed only with rationale,,,none,none,none,none,none,false,false,false,true,false,test,,,investigate,,,,,bucket=test-security-noise; line_text=if err := dbconn.QueryRow(`SELECT to_regclass('public.idx_snapshot_file_path') IS NOT NULL`).Scan(&hasOldPathIndex); err != nil {
CK-110-0846,Method TestRemoveFileByIDZerosRefCountDuringCascade has a cyclomatic complexity of 11 (limit is 8),codacy,1f8d75daf4caad31fc5f8941d430809,internal/storage/remove_test.go,634,Lizard_ccn-medium,Complexity,,Warning,Lizard,40a1210ffc8c23dc4a717ce32627c89658e0f608,backlog,open,S3,storage,Test complexity findings must be reviewed without weakening invariant coverage,,,none,none,none,none,none,false,false,false,true,false,test,,,investigate,,,,,bucket=test-complexity-hotspot; line_text=func TestRemoveFileByIDZerosRefCountDuringCascade(t *testing.T) {
CK-110-0847,Method TestInspectRepositoryBasic has 64 lines of code (limit is 50),codacy,3006244e3adec13c1639e52a36cf530d,internal/observability/inspect_test.go,95,Lizard_nloc-medium,Complexity,,Warning,Lizard,40a1210ffc8c23dc4a717ce32627c89658e0f608,v1.10.6,open,S3,codacy,Test complexity findings must be reviewed without weakening invariant coverage,,,none,none,none,none,none,false,false,false,true,false,test,,,investigate,,,,,bucket=test-complexity-hotspot; line_text=func TestInspectRepositoryBasic(t *testing.T) {
CK-110-0848,Method GetSnapshotStats has 70 lines of code (limit is 50),codacy,fbdf873f23a212cf2059e1ca0f06580,internal/snapshot/snapshot.go,599,Lizard_nloc-medium,Complexity,,Warning,Lizard,6496884dd2588812748bc09a811d5cc41aa7b8c8,backlog,open,S2,snapshot,Production complexity hotspots in critical paths must be tracked without behavior-changing refactors,,,none,none,none,none,none,true,false,true,false,false,production,,,investigate,,,,,"bucket=production-complexity-hotspot; line_text=func GetSnapshotStats(ctx context.Context, db *sql.DB, snapshotID string) (*SnapshotStats, error) {"
CK-110-0849,Detected file permissions that are set to more than `0600` (user/owner can read and write). Setting file permi,codacy,582630fa95a328a809e9885d7d4ad241,tests/adversarial/g1_deterministic_restore_adversarial_test.go,153,Semgrep_go.lang.correctness.permissions.file_permission.incorrect-default-permission,Security,FileAccess,High,Opengrep,40a1210ffc8c23dc4a717ce32627c89658e0f608,v1.10.5,open,S3,restore,Test-only security scanner findings must be reviewed and suppressed only with rationale,,,none,none,none,none,none,false,false,false,true,false,test,,,investigate,,,,,"bucket=test-security-noise; line_text=if err := os.MkdirAll(inputDir, 0o755); err != nil {"
CK-110-0850,Method testStep67MatrixVariant has a cyclomatic complexity of 20 (limit is 8),codacy,8199099614350ad01e2e9b6cdd5122d0,tests/adversarial/g67_deterministic_restore_matrix_test.go,59,Lizard_ccn-medium,Complexity,,Warning,Lizard,40a1210ffc8c23dc4a717ce32627c89658e0f608,v1.10.5,open,S3,restore,Test complexity findings must be reviewed without weakening invariant coverage,,,none,none,none,none,none,false,false,false,true,false,test,,,investigate,,,,,"bucket=test-complexity-hotspot; line_text=func testStep67MatrixVariant(t *testing.T, encryptionCodec, compressionCodec string) {"
CK-110-0851,SQL Injection is a critical vulnerability that can lead to data or system compromise.,codacy,aedb01921962f3071f599749a62d1127,internal/db/migrations_test.go,1864,Semgrep_go_sql_rule-concat-sqli,Security,SQLInjection,Error,Opengrep,7f694cbfbd19c4d06fe733d66e595b149e59901a,backlog,open,S3,migration,Test-only security scanner findings must be reviewed and suppressed only with rationale,,,none,none,none,none,none,false,false,false,true,false,test,,,investigate,,,,,"bucket=test-security-noise; line_text=if _, err := dbconn.Exec(`INSERT INTO snapshot(id, created_at, type, label, parent_id) VALUES ('p-parent', NOW(), 'full', 'PP', NULL)`); err != nil {"
CK-110-0852,Multiple headings with the same content,codacy,25031a059546a3a67e2df077e8d2ab44,docs/benchmarking.md,716,markdownlint_MD024,BestPractice,,Warning,markdownlint,e5593390d7d581c5dc8544ee38f2f750732f93db,backlog,open,S4,docs,Documentation style findings must be classified without blocking correctness releases,,,none,none,none,none,none,false,false,false,false,true,docs,,,investigate,,,,,bucket=docs-style; line_text=## CI policy
CK-110-0853,Method  has a cyclomatic complexity of 15 (limit is 8),codacy,9b9944066fcce0950d79c1892342766b,tests/adversarial/g9_batch_semantics_adversarial_test.go,316,Lizard_ccn-medium,Complexity,,Warning,Lizard,40a1210ffc8c23dc4a717ce32627c89658e0f608,v1.10.6,open,S3,codacy,Test complexity findings must be reviewed without weakening invariant coverage,,,none,none,none,none,none,false,false,false,true,false,test,,,investigate,,,,,"bucket=test-complexity-hotspot; line_text=t.Run(""stored-path mixed input ordering under dry-run"", func(t *testing.T) {"
CK-110-0854,Method TestFileContainerMethodsFailWhenClosed has a cyclomatic complexity of 10 (limit is 8),codacy,d6946c256c6342eaeda7bb2d3c213914,internal/container/container_test.go,38,Lizard_ccn-medium,Complexity,,Warning,Lizard,40a1210ffc8c23dc4a717ce32627c89658e0f608,backlog,open,S3,storage,Test complexity findings must be reviewed without weakening invariant coverage,,,none,none,none,none,none,false,false,false,true,false,test,,,investigate,,,,,bucket=test-complexity-hotspot; line_text=func TestFileContainerMethodsFailWhenClosed(t *testing.T) {
CK-110-0855,The application was found setting file permissions to overly permissive values.,codacy,5052279977744f6a7125e3c5db8887ea,tests/adversarial/g2_inconsistent_state_adversarial_test.go,472,Semgrep_go_file-permissions_rule-fileperm,Security,FileAccess,High,Opengrep,40a1210ffc8c23dc4a717ce32627c89658e0f608,v1.10.2,open,S3,filesystem,Test-only security scanner findings must be reviewed and suppressed only with rationale,,,none,none,none,none,none,false,false,false,true,false,test,,,investigate,,,,,"bucket=test-security-noise; line_text=if err := os.WriteFile(ghostContainerPath, make([]byte, physicalSize), 0o644); err != nil {"
CK-110-0856,The application was found setting file permissions to overly permissive values.,codacy,6af12eb21ab767fc973ee5befd7988f4,tests/integration/v18_migration_compatibility_integration_test.go,838,Semgrep_go_file-permissions_rule-fileperm,Security,FileAccess,High,Opengrep,,v1.10.2,open,S3,filesystem,Test-only security scanner findings must be reviewed and suppressed only with rationale,,,none,none,none,none,none,false,false,false,true,false,test,,,investigate,,,,,"bucket=test-security-noise; line_text=if err := os.WriteFile(packedAPath, dataA, 0o644); err != nil {"
CK-110-0857,Method Derive has 77 lines of code (limit is 50),codacy,90596a29697e76d547bf146a79e2d5c6,internal/repository/capabilities/derive.go,20,Lizard_nloc-medium,Complexity,,Warning,Lizard,40a1210ffc8c23dc4a717ce32627c89658e0f608,v1.10.6,open,S2,codacy,Production complexity hotspots in critical paths must be tracked without behavior-changing refactors,,,none,none,none,none,none,true,false,true,false,false,production,,,investigate,,,,,"bucket=production-complexity-hotspot; line_text=func Derive(ctx context.Context, dbconn *sql.DB) (RepositoryCapabilities, error) {"
CK-110-0858,Method Match has a cyclomatic complexity of 24 (limit is 8),codacy,a14bd691f5613f9c2aafd5a0b3cb23bf,internal/snapshot/snapshot.go,207,Lizard_ccn-medium,Complexity,,Warning,Lizard,40a1210ffc8c23dc4a717ce32627c89658e0f608,backlog,open,S2,snapshot,Production complexity hotspots in critical paths must be tracked without behavior-changing refactors,,,none,none,none,none,none,true,false,true,false,false,production,,,investigate,,,,,bucket=production-complexity-hotspot; line_text=func (q *SnapshotQuery) Match(e SnapshotFileEntry) bool {
CK-110-0859,Lists should be surrounded by blank lines,codacy,57905440e53cb0176c68b19b56309692,docs/benchmarking.md,1321,markdownlint_MD032,CodeStyle,,Info,markdownlint,40a1210ffc8c23dc4a717ce32627c89658e0f608,backlog,open,S4,docs,Documentation style findings must be classified without blocking correctness releases,,,none,none,none,none,none,false,false,false,false,true,docs,,,investigate,,,,,bucket=docs-style; line_text=- Pure uncompressed (v1.8 legacy state)
CK-110-0860,Method TestBuildRestoreRecipeGraphSemanticsIgnoreTransformLayerHashesStep74 has 66 lines of code (limit is 50),codacy,73008e4453103e538b2f4e02d5e44907,internal/storage/restore_test.go,2769,Lizard_nloc-medium,Complexity,,Warning,Lizard,40a1210ffc8c23dc4a717ce32627c89658e0f608,v1.10.5,open,S3,restore,Test complexity findings must be reviewed without weakening invariant coverage,,,none,none,none,none,none,false,false,false,true,false,test,,,investigate,,,,,bucket=test-complexity-hotspot; line_text=func TestBuildRestoreRecipeGraphSemanticsIgnoreTransformLayerHashesStep74(t *testing.T) {
CK-110-0861,Method TestRestorePinningFailsOnEmptyChunkChunkerVersion has 75 lines of code (limit is 50),codacy,cd13d3f5d76f3dc77b0509f51c80964d,internal/storage/restore_test.go,343,Lizard_nloc-medium,Complexity,,Warning,Lizard,a72a5fbd9e1fca03003d1851f07daa656e0caf51,v1.10.5,open,S3,restore,Test complexity findings must be reviewed without weakening invariant coverage,,,none,none,none,none,none,false,false,false,true,false,test,,,investigate,,,,,bucket=test-complexity-hotspot; line_text=func TestRestorePinningFailsOnEmptyChunkChunkerVersion(t *testing.T) {
CK-110-0862,Method TestStoreFileCaseSensitivity has 53 lines of code (limit is 50),codacy,c9bc48ec94be3121ce2f66a9ab4c00b0,internal/storage/physical_file_repository_test.go,479,Lizard_nloc-medium,Complexity,,Warning,Lizard,40a1210ffc8c23dc4a717ce32627c89658e0f608,backlog,open,S3,storage,Test complexity findings must be reviewed without weakening invariant coverage,,,none,none,none,none,none,false,false,false,true,false,test,,,investigate,,,,,bucket=test-complexity-hotspot; line_text=func TestStoreFileCaseSensitivity(t *testing.T) {
CK-110-0863,Method TestRestoreFailurePreservesExistingOutput has 83 lines of code (limit is 50),codacy,7218f93935681f45463ca5a430f15173,internal/storage/restore_test.go,1922,Lizard_nloc-medium,Complexity,,Warning,Lizard,a97c81ed57e3d109846d1a17af5e48195c00eed4,v1.10.5,open,S3,restore,Test complexity findings must be reviewed without weakening invariant coverage,,,none,none,none,none,none,false,false,false,true,false,test,,,investigate,,,,,bucket=test-complexity-hotspot; line_text=func TestRestoreFailurePreservesExistingOutput(t *testing.T) {
CK-110-0864,The application was found setting file permissions to overly permissive values.,codacy,4d83c2a41b3b1e835d4acac118c78814,internal/recovery/system_recovery_test.go,106,Semgrep_go_file-permissions_rule-fileperm,Security,FileAccess,High,Opengrep,542c387ac15873fa224bb1401b6ee466eb39defc,v1.10.5,open,S3,recovery,Test-only security scanner findings must be reviewed and suppressed only with rationale,,,none,none,none,none,medium,false,false,false,true,false,test,,,investigate,,,,,"bucket=test-security-noise; line_text=if err := os.WriteFile(path, content, 0o644); err != nil {"
CK-110-0865,Expected: 2; Actual: 3,codacy,e092d869ac572166b1ba58a281c7f51a,docs/benchmarking.md,1488,markdownlint_MD007,CodeStyle,,Info,markdownlint,40a1210ffc8c23dc4a717ce32627c89658e0f608,backlog,open,S4,docs,Documentation style findings must be classified without blocking correctness releases,,,none,none,none,none,none,false,false,false,false,true,docs,,,investigate,,,,,bucket=docs-style; line_text=- compression codec: `none` | `zstd`
CK-110-0866,SQL Injection is a critical vulnerability that can lead to data or system compromise.,codacy,ddc98e911114cb9b4c49e73e58d4bbbf,internal/db/migrations_test.go,1774,Semgrep_go_sql_rule-concat-sqli,Security,SQLInjection,Error,Opengrep,7f694cbfbd19c4d06fe733d66e595b149e59901a,backlog,open,S3,migration,Test-only security scanner findings must be reviewed and suppressed only with rationale,,,none,none,none,none,none,false,false,false,true,false,test,,,investigate,,,,,bucket=test-security-noise; line_text=if err := dbconn.QueryRow(`SELECT COUNT(*) FROM snapshot_path`).Scan(&postPathCount); err != nil {
CK-110-0867,File internal/retention/reachability_test.go has 539 non-comment lines of code,codacy,29a666021bb505ba527578efd133751e,internal/retention/reachability_test.go,1,Lizard_file-nloc-medium,Complexity,,Warning,Lizard,40a1210ffc8c23dc4a717ce32627c89658e0f608,v1.10.2,open,S3,filesystem,Test complexity findings must be reviewed without weakening invariant coverage,,,none,none,none,none,none,false,false,false,true,false,test,,,investigate,,,,,bucket=test-complexity-hotspot; line_text=package retention
CK-110-0868,Detected file permissions that are set to more than `0600` (user/owner can read and write). Setting file permi,codacy,adef9dbc64a4456dfebb0e004bf97e3a,tests/adversarial/g3_no_data_loss_valid_sequences_adversarial_test.go,123,Semgrep_go.lang.correctness.permissions.file_permission.incorrect-default-permission,Security,FileAccess,High,Opengrep,40a1210ffc8c23dc4a717ce32627c89658e0f608,v1.10.2,open,S3,filesystem,Test-only security scanner findings must be reviewed and suppressed only with rationale,,,none,none,none,none,none,false,false,false,true,false,test,,,investigate,,,,,"bucket=test-security-noise; line_text=if err := os.MkdirAll(restoreDir, 0o755); err != nil {"
CK-110-0869,Method planContainerImpact has a cyclomatic complexity of 25 (limit is 8),codacy,665c9699eb32ce1bb12f230d0bf13939,internal/gc/plan.go,413,Lizard_ccn-medium,Complexity,,Warning,Lizard,40a1210ffc8c23dc4a717ce32627c89658e0f608,v1.10.4,open,S2,gc,Production complexity hotspots in critical paths must be tracked without behavior-changing refactors,,,none,medium,none,medium,none,true,false,true,false,false,production,,,investigate,,,,,"bucket=production-complexity-hotspot; line_text=func planContainerImpact(ctx context.Context, dbconn *sql.DB, unreachableChunkIDs map[int64]struct{}, livePackedBlockIDs map[int64]struct{}) ([]ContainerImpact, int64, int64, int64"
CK-110-0870,The application was found setting directory permissions to overly permissive values.,codacy,f73cf7fb6169ba298c3a01884c5adfc7,tests/adversarial/g9_batch_semantics_adversarial_test.go,105,Semgrep_go_file-permissions_rule-mkdir,Security,FileAccess,High,Opengrep,40a1210ffc8c23dc4a717ce32627c89658e0f608,v1.10.2,open,S3,filesystem,Test-only security scanner findings must be reviewed and suppressed only with rationale,,,none,none,none,none,none,false,false,false,true,false,test,,,investigate,,,,,"bucket=test-security-noise; line_text=if err := os.MkdirAll(outDir, 0o755); err != nil {"
CK-110-0871,Method TestPinLogicalFileRestoreChunksReturnsOrderedChunkRows has a cyclomatic complexity of 12 (limit is 8),codacy,39598aebabe9c38c249d0de794cd406e,internal/storage/restore_test.go,144,Lizard_ccn-medium,Complexity,,Warning,Lizard,40a1210ffc8c23dc4a717ce32627c89658e0f608,v1.10.5,open,S3,restore,Test complexity findings must be reviewed without weakening invariant coverage,,,none,none,none,none,none,false,false,false,true,false,test,,,investigate,,,,,bucket=test-complexity-hotspot; line_text=func TestPinLogicalFileRestoreChunksReturnsOrderedChunkRows(t *testing.T) {
CK-110-0872,Method seedVerifyCompressedPackedBlockFixture has 108 lines of code (limit is 50),codacy,fecd344a1f45ba26f7a74c56438bf1fc,internal/verify/verify_system_test.go,589,Lizard_nloc-medium,Complexity,,Warning,Lizard,40a1210ffc8c23dc4a717ce32627c89658e0f608,backlog,open,S3,verify,Test complexity findings must be reviewed without weakening invariant coverage,,,none,none,none,none,none,false,false,false,true,false,test,,,investigate,,,,,"bucket=test-complexity-hotspot; line_text=func seedVerifyCompressedPackedBlockFixture(t testing.TB, dbconn *sql.DB, containersDir string, chunkPayloads [][]byte, codec blocks.Codec, compressionCodec string) (int64, []int64"
CK-110-0873,Expected: 2; Actual: 3,codacy,732288809d95946465f0275483cf13cb,docs/benchmarking.md,650,markdownlint_MD007,CodeStyle,,Info,markdownlint,40a1210ffc8c23dc4a717ce32627c89658e0f608,backlog,open,S4,docs,Documentation style findings must be classified without blocking correctness releases,,,none,none,none,none,none,false,false,false,false,true,docs,,,investigate,,,,,bucket=docs-style; line_text=- periodic GC runs during stress
CK-110-0874,Method markLogicalFileForRebuildWithPolicyWithContext has a cyclomatic complexity of 10 (limit is 8),codacy,86322f110200f79af3c91389f249abdd,internal/storage/store.go,1609,Lizard_ccn-medium,Complexity,,Warning,Lizard,4b83d0d675f485affb9b27d87ed6d15de9c5c36a,backlog,open,S2,storage,Production complexity hotspots in critical paths must be tracked without behavior-changing refactors,,,none,medium,none,medium,none,true,false,true,false,false,production,,,investigate,,,,,"bucket=production-complexity-hotspot; line_text=func markLogicalFileForRebuildWithPolicyWithContext(ctx context.Context, dbconn *sql.DB, fileID int64, markChunksSuspicious bool) error {"
CK-110-0875,Method TestRestoreFailsOnCreateTempFilePermissionDenied has 81 lines of code (limit is 50),codacy,9f9ebb25722ad8c7b3d2774633678102,internal/storage/restore_test.go,1825,Lizard_nloc-medium,Complexity,,Warning,Lizard,6a6fd82a9f402e3f046ffa50b841e240daeb3c3a,v1.10.5,open,S3,restore,Test complexity findings must be reviewed without weakening invariant coverage,,,none,none,none,none,none,false,false,false,true,false,test,,,investigate,,,,,bucket=test-complexity-hotspot; line_text=func TestRestoreFailsOnCreateTempFilePermissionDenied(t *testing.T) {
CK-110-0876,Method loadChunkBlockMetadata has a cyclomatic complexity of 13 (limit is 8),codacy,87dec3c45d558488e12dade8ca1d594a,internal/observability/inspect.go,843,Lizard_ccn-medium,Complexity,,Warning,Lizard,40a1210ffc8c23dc4a717ce32627c89658e0f608,v1.10.6,open,S2,codacy,Production complexity hotspots in critical paths must be tracked without behavior-changing refactors,,,none,none,none,none,none,true,false,true,false,false,production,,,investigate,,,,,"bucket=production-complexity-hotspot; line_text=func (s *Service) loadChunkBlockMetadata(ctx context.Context, chunkID int64, limit int) ([]map[string]any, error) {"
CK-110-0877,Multiple headings with the same content,codacy,9897c5ce1aaeeaa349237e5ca3af971c,docs/benchmarking.md,463,markdownlint_MD024,BestPractice,,Warning,markdownlint,40a1210ffc8c23dc4a717ce32627c89658e0f608,backlog,open,S4,docs,Documentation style findings must be classified without blocking correctness releases,,,none,none,none,none,none,false,false,false,false,true,docs,,,investigate,,,,,bucket=docs-style; line_text=### Test matrix
CK-110-0878,Expected: 1; Actual: 0; Below,codacy,f21aa09158f89c07d74f03e648c1b4bc,docs/STEP64_METRICS_VALIDATION.md,217,markdownlint_MD022,CodeStyle,,Info,markdownlint,40a1210ffc8c23dc4a717ce32627c89658e0f608,backlog,open,S4,docs,Documentation style findings must be classified without blocking correctness releases,,,none,none,none,none,none,false,false,false,false,true,docs,,,investigate,,,,,bucket=docs-style; line_text=### Recording Cost
CK-110-0879,Method claimChunkWithContext has 155 lines of code (limit is 50),codacy,e97e430442e9011ac6c1dff538566efe,internal/storage/store.go,1919,Lizard_nloc-medium,Complexity,,Warning,Lizard,289a3ad2e8fabbad67fbeaa2640926935c86e52b,backlog,open,S2,storage,Production complexity hotspots in critical paths must be tracked without behavior-changing refactors,,,none,medium,none,medium,none,true,false,true,false,false,production,,,investigate,,,,,"bucket=production-complexity-hotspot; line_text=func claimChunkWithContext(ctx context.Context, dbconn *sql.DB, chunkHash string, chunksize int64, activeVersion string, containersDir string) (chunkID int64, chunkstatus string, i"
CK-110-0880,Expected: 2; Actual: 3,codacy,89aca45ce1c74060cbb848c995d4632a,docs/benchmarking.md,1562,markdownlint_MD007,CodeStyle,,Info,markdownlint,40a1210ffc8c23dc4a717ce32627c89658e0f608,backlog,open,S4,docs,Documentation style findings must be classified without blocking correctness releases,,,none,none,none,none,none,false,false,false,false,true,docs,,,investigate,,,,,bucket=docs-style; line_text=- Evidence: `docs/internal/storage_compatibility_matrix.md` (Legacy Readability Guarantee)
CK-110-0881,Method TestCrossConsistency_SimulateGCMatchesGCPlanExactly has a cyclomatic complexity of 15 (limit is 8),codacy,6e8a7c1b575998c832951afd07f0eb4,internal/observability/cross_consistency_test.go,156,Lizard_ccn-medium,Complexity,,Warning,Lizard,40a1210ffc8c23dc4a717ce32627c89658e0f608,v1.10.6,open,S3,codacy,Test complexity findings must be reviewed without weakening invariant coverage,,,none,none,none,none,none,false,false,false,true,false,test,,,investigate,,,,,bucket=test-complexity-hotspot; line_text=func TestCrossConsistency_SimulateGCMatchesGCPlanExactly(t *testing.T) {
CK-110-0882,Method TestStep11MixedLegacyAndPackedRepoRestoreRemainingAndVerify has a cyclomatic complexity of 17 (limit is,codacy,b7f6693974703dd8f538875db70273e1,internal/maintenance/gc_step11_test.go,409,Lizard_ccn-medium,Complexity,,Warning,Lizard,2abed90b7cfb17095e1a457c41e1682e0997e45c,v1.10.4,open,S3,gc,Test complexity findings must be reviewed without weakening invariant coverage,,,none,none,none,none,none,false,false,false,true,false,test,,,investigate,,,,,bucket=test-complexity-hotspot; line_text=func TestStep11MixedLegacyAndPackedRepoRestoreRemainingAndVerify(t *testing.T) {
CK-110-0883,The application was found setting directory permissions to overly permissive values.,codacy,e6d02bdd38d1cf965ae843b705a65a9f,internal/benchmark/scenarios.go,349,Semgrep_go_file-permissions_rule-mkdir,Security,FileAccess,High,Opengrep,36a734258f88b2bad6595ae8611fe52e13b2a519,v1.10.6,open,S1,benchmark,Filesystem permission scanner findings must be reviewed by runtime area and threat model,,,none,none,medium,none,none,false,false,false,true,false,benchmark,,,investigate,,,,,"bucket=production-security-candidate; line_text=if err := os.MkdirAll(dir, 0o755); err != nil {"
CK-110-0884,Method TestRunMigrationsMigratesLegacySnapshotV7ToV8WithoutDataLoss has 263 lines of code (limit is 50),codacy,ba1fc3401371c9e7aceba8ffe4f29dcd,internal/db/migrations_test.go,521,Lizard_nloc-medium,Complexity,,Warning,Lizard,33f7e3db20e88ba7c4736919ea34a4454dde9403,backlog,open,S3,migration,Test complexity findings must be reviewed without weakening invariant coverage,,,none,none,none,none,none,false,false,false,true,false,test,,,investigate,,,,,bucket=test-complexity-hotspot; line_text=func TestRunMigrationsMigratesLegacySnapshotV7ToV8WithoutDataLoss(t *testing.T) {
CK-110-0885,Method Append has a cyclomatic complexity of 11 (limit is 8),codacy,b39f337a89c818a81db9f48b8fe6c836,internal/container/container.go,136,Lizard_ccn-medium,Complexity,,Warning,Lizard,07df2d525b0844c1e8af89c9e05ddd28548517ea,backlog,open,S2,storage,Production complexity hotspots in critical paths must be tracked without behavior-changing refactors,,,none,medium,none,medium,none,true,false,true,false,false,production,,,investigate,,,,,"bucket=production-complexity-hotspot; line_text=func (c *FileContainer) Append(data []byte) (int64, error) {"
CK-110-0886,The application was found setting file permissions to overly permissive values.,codacy,4114371927ceccb7ff543c87c98eaeaa,internal/maintenance/gc_test.go,373,Semgrep_go_file-permissions_rule-fileperm,Security,FileAccess,High,Opengrep,2dec40cf971ee8761f9db31437266345c0e0eb57,v1.10.4,open,S3,gc,Test-only security scanner findings must be reviewed and suppressed only with rationale,,,none,none,none,none,none,false,false,false,true,false,test,,,investigate,,,,,"bucket=test-security-noise; line_text=if err := os.WriteFile(containerPath, []byte(""snap retained test""), 0o644); err != nil {"
CK-110-0887,Method TestRunGCSucceedsAfterRepairLogicalRefCounts has a cyclomatic complexity of 11 (limit is 8),codacy,7359bfd2c964f902e060a80b1eb5e99c,internal/maintenance/gc_test.go,272,Lizard_ccn-medium,Complexity,,Warning,Lizard,886cd80284c9af76c870df3e9c7fd12b821ab79a,v1.10.4,open,S3,gc,Test complexity findings must be reviewed without weakening invariant coverage,,,none,none,none,none,none,false,false,false,true,false,test,,,investigate,,,,,bucket=test-complexity-hotspot; line_text=func TestRunGCSucceedsAfterRepairLogicalRefCounts(t *testing.T) {
CK-110-0888,The application was found setting directory permissions to overly permissive values.,codacy,649bcc9e3fbba13581ebd87b2dc866cf,tests/adversarial/v110_s0_chunk_reuse_bounds_stabilization_test.go,176,Semgrep_go_file-permissions_rule-mkdir,Security,FileAccess,High,Opengrep,40a1210ffc8c23dc4a717ce32627c89658e0f608,backlog,open,S3,storage,Test-only security scanner findings must be reviewed and suppressed only with rationale,,,none,none,none,none,none,false,false,false,true,false,test,,,investigate,,,,,"bucket=test-security-noise; line_text=if err := os.MkdirAll(container.ContainersDir, 0o755); err != nil {"
CK-110-0889,The application was found setting file permissions to overly permissive values.,codacy,af83eea41086bb59481c8de2975dab82,internal/storage/restore_test.go,1995,Semgrep_go_file-permissions_rule-fileperm,Security,FileAccess,High,Opengrep,a97c81ed57e3d109846d1a17af5e48195c00eed4,v1.10.5,open,S3,restore,Test-only security scanner findings must be reviewed and suppressed only with rationale,,,none,none,none,none,none,false,false,false,true,false,test,,,investigate,,,,,"bucket=test-security-noise; line_text=if err := os.WriteFile(destPath, originalContent, 0644); err != nil {"
CK-110-0890,All queries must target RAC_* tables.Query does not reference RAC_* table.,codacy,8682fb2a4f83d0d9db28901637c57ddd,db/schema_postgres.sql,20,Semgrep_codacy.generic.sql.rac-table-access,Security,SQLInjection,High,Opengrep,40a1210ffc8c23dc4a717ce32627c89658e0f608,backlog,open,S1,migration,Dynamic SQL scanner findings must be reviewed for parameterization or safe identifier constraints,,,none,none,medium,none,none,true,false,true,false,false,production,,,investigate,,,,,bucket=production-security-candidate; line_text=SELECT 4
CK-110-0891,Expected: 1; Actual: 0; Below,codacy,95bddb88e745fc114c87f12a4e399d1c,docs/STEP64_METRICS_VALIDATION.md,129,markdownlint_MD022,CodeStyle,,Info,markdownlint,40a1210ffc8c23dc4a717ce32627c89658e0f608,backlog,open,S4,docs,Documentation style findings must be classified without blocking correctness releases,,,none,none,none,none,none,false,false,false,false,true,docs,,,investigate,,,,,bucket=docs-style; line_text=### Static Analysis
CK-110-0892,Lists should be surrounded by blank lines,codacy,92c938b3b501d245457db4eebab0a16b,docs/STEP64_METRICS_VALIDATION.md,151,markdownlint_MD032,CodeStyle,,Info,markdownlint,40a1210ffc8c23dc4a717ce32627c89658e0f608,backlog,open,S4,docs,Documentation style findings must be classified without blocking correctness releases,,,none,none,none,none,none,false,false,false,false,true,docs,,,investigate,,,,,bucket=docs-style; line_text=- [internal/benchmark/metrics_test.go](../internal/benchmark/metrics_test.go)
CK-110-0893,Method  has a cyclomatic complexity of 12 (limit is 8),codacy,620fa6a6402ce8965b6d75204de7d303,tests/adversarial/g6_concurrent_operations_adversarial_test.go,161,Lizard_ccn-medium,Complexity,,Warning,Lizard,40a1210ffc8c23dc4a717ce32627c89658e0f608,v1.10.6,open,S3,codacy,Test complexity findings must be reviewed without weakening invariant coverage,,,none,none,none,none,none,false,false,false,true,false,test,,,investigate,,,,,"bucket=test-complexity-hotspot; line_text=t.Run(codec, func(t *testing.T) {"
CK-110-0894,Method TestGetLogicalFileInspectInfoWithDBFound has a cyclomatic complexity of 12 (limit is 8),codacy,54e48a9da7b0bcf6ecd79061e840e8c2,internal/storage/remove_test.go,266,Lizard_ccn-medium,Complexity,,Warning,Lizard,40a1210ffc8c23dc4a717ce32627c89658e0f608,backlog,open,S3,storage,Test complexity findings must be reviewed without weakening invariant coverage,,,none,none,none,none,none,false,false,false,true,false,test,,,investigate,,,,,bucket=test-complexity-hotspot; line_text=func TestGetLogicalFileInspectInfoWithDBFound(t *testing.T) {
CK-110-0895,Method TestPhase9CLICompatibilityIntegration has 211 lines of code (limit is 50),codacy,86ebce338787e55c55c0a44304a76846,tests/integration/v18_migration_compatibility_integration_test.go,1684,Lizard_nloc-medium,Complexity,,Warning,Lizard,40a1210ffc8c23dc4a717ce32627c89658e0f608,v1.10.6,open,S3,codacy,Test complexity findings must be reviewed without weakening invariant coverage,,,none,none,none,none,none,false,false,false,true,false,test,,,investigate,,,,,bucket=test-complexity-hotspot; line_text=func TestPhase9CLICompatibilityIntegration(t *testing.T) {
CK-110-0896,Method runSQLiteStorageTransformMetadataMigration has a cyclomatic complexity of 16 (limit is 8),codacy,af7e7648129cba695ced79189dc137a5,internal/db/migrations.go,649,Lizard_ccn-medium,Complexity,,Warning,Lizard,40a1210ffc8c23dc4a717ce32627c89658e0f608,backlog,open,S2,migration,Production complexity hotspots in critical paths must be tracked without behavior-changing refactors,,,none,none,none,none,none,true,false,true,false,false,production,,,investigate,,,,,"bucket=production-complexity-hotspot; line_text=func runSQLiteStorageTransformMetadataMigration(dbconn sqliteContextExecutor, ctx context.Context) error {"
CK-110-0897,Method parsePaginationArgs has a cyclomatic complexity of 9 (limit is 8),codacy,b0494cfa09339cc46a39cf2a8bfa917,internal/listing/query.go,19,Lizard_ccn-medium,Complexity,,Warning,Lizard,40a1210ffc8c23dc4a717ce32627c89658e0f608,v1.10.6,open,S2,codacy,Production complexity hotspots in critical paths must be tracked without behavior-changing refactors,,,none,none,none,none,none,true,false,true,false,false,production,,,investigate,,,,,"bucket=production-complexity-hotspot; line_text=func parsePaginationArgs(args []string) (*int64, *int64, error) {"
CK-110-0898,Method  has a cyclomatic complexity of 15 (limit is 8),codacy,73687e356ca307cf3c377ff751464d6b,internal/snapshot/snapshot_fuzz_test.go,18,Lizard_ccn-medium,Complexity,,Warning,Lizard,40a1210ffc8c23dc4a717ce32627c89658e0f608,backlog,open,S3,snapshot,Test complexity findings must be reviewed without weakening invariant coverage,,,none,none,none,none,none,false,false,false,true,false,test,,,investigate,,,,,"bucket=test-complexity-hotspot; line_text=f.Fuzz(func(t *testing.T, rawPath, rawPrefix, rawPattern, rawRegex string, minSize, maxSize int64) {"
CK-110-0899,Expected: 2; Actual: 3,codacy,abb1917d25a0d8063af99ff954688e2f,docs/benchmarking.md,1564,markdownlint_MD007,CodeStyle,,Info,markdownlint,40a1210ffc8c23dc4a717ce32627c89658e0f608,backlog,open,S4,docs,Documentation style findings must be classified without blocking correctness releases,,,none,none,none,none,none,false,false,false,false,true,docs,,,investigate,,,,,bucket=docs-style; line_text=- Evidence: `docs/internal/storage_compatibility_matrix.md` (packed-multi + aes-gcm + none/zstd)
CK-110-0900,Method TestExecutePreparedFailFastStopsOnlyOnExecutionFailure has a cyclomatic complexity of 9 (limit is 8),codacy,9a475c76dd0d973125127bbb700e83ab,internal/batch/executor_test.go,38,Lizard_ccn-medium,Complexity,,Warning,Lizard,40a1210ffc8c23dc4a717ce32627c89658e0f608,v1.10.6,open,S3,codacy,Test complexity findings must be reviewed without weakening invariant coverage,,,none,none,none,none,none,false,false,false,true,false,test,,,investigate,,,,,bucket=test-complexity-hotspot; line_text=func TestExecutePreparedFailFastStopsOnlyOnExecutionFailure(t *testing.T) {
CK-110-0901,Method TestStoreFileReplacePolicyRetargetsSamePathDifferentContent has a cyclomatic complexity of 15 (limit is,codacy,38ead8f5ec2a5b1cd15a977616c7534a,internal/storage/physical_file_repository_test.go,268,Lizard_ccn-medium,Complexity,,Warning,Lizard,40a1210ffc8c23dc4a717ce32627c89658e0f608,backlog,open,S3,storage,Test complexity findings must be reviewed without weakening invariant coverage,,,none,none,none,none,none,false,false,false,true,false,test,,,investigate,,,,,bucket=test-complexity-hotspot; line_text=func TestStoreFileReplacePolicyRetargetsSamePathDifferentContent(t *testing.T) {
CK-110-0902,Method CheckSnapshotReachabilityIntegrity has a cyclomatic complexity of 30 (limit is 8),codacy,4a7498ff73666e56e556e96ba775e5de,internal/verify/verify_snapshot.go,50,Lizard_ccn-medium,Complexity,,Warning,Lizard,40a1210ffc8c23dc4a717ce32627c89658e0f608,backlog,open,S2,verify,Production complexity hotspots in critical paths must be tracked without behavior-changing refactors,,,none,medium,none,medium,none,true,false,true,false,false,production,,,investigate,,,,,"bucket=production-complexity-hotspot; line_text=func CheckSnapshotReachabilityIntegrity(dbconn *sql.DB) (SnapshotReachabilityIntegritySummary, error) {"
CK-110-0903,Lists should be surrounded by blank lines,codacy,27737fa43e0ce318b2fc1b5800d2c1f2,docs/benchmarking.md,1483,markdownlint_MD032,CodeStyle,,Info,markdownlint,40a1210ffc8c23dc4a717ce32627c89658e0f608,backlog,open,S4,docs,Documentation style findings must be classified without blocking correctness releases,,,none,none,none,none,none,false,false,false,false,true,docs,,,investigate,,,,,bucket=docs-style; line_text=- Repository config is guidance; block metadata is authority
CK-110-0904,Detected file permissions that are set to more than `0600` (user/owner can read and write). Setting file permi,codacy,5a9fc5365912bb03fde4219d5dba1e3a,tests/adversarial/g3_no_data_loss_valid_sequences_adversarial_test.go,120,Semgrep_go.lang.correctness.permissions.file_permission.incorrect-default-permission,Security,FileAccess,High,Opengrep,40a1210ffc8c23dc4a717ce32627c89658e0f608,v1.10.2,open,S3,filesystem,Test-only security scanner findings must be reviewed and suppressed only with rationale,,,none,none,none,none,none,false,false,false,true,false,test,,,investigate,,,,,"bucket=test-security-noise; line_text=if err := os.MkdirAll(inputDir, 0o755); err != nil {"
CK-110-0905,The application dynamically constructs file or path information.,codacy,aaf7ba3bfcfe8d1477d4b2f23f2c74d8,internal/container/container_test.go,116,Semgrep_go_filesystem_rule-fileread,Security,FileAccess,Error,Opengrep,edc95188af1d13bdd02f5e1db61def8ac678bfe7,backlog,open,S3,storage,Test-only security scanner findings must be reviewed and suppressed only with rationale,,,none,none,none,none,none,false,false,false,true,false,test,,,investigate,,,,,"bucket=test-security-noise; line_text=payload, err := os.ReadFile(path)"
CK-110-0906,"Insecure dependency golang/stdlib@v1.23.0 (CVE-2024-34158: go/build/constraint: golang: Calling Parse on a ""//",codacy,8a16da9544526a31eb4feccc110325fc,go.mod,3,Trivy_vulnerability_medium,Security,InsecureModulesLibraries,Warning,Trivy,40a1210ffc8c23dc4a717ce32627c89658e0f608,v1.10.2,open,S1,dependencies,Supported Go toolchain must not carry known unplanned CVEs,,,none,none,medium,none,none,true,true,true,false,false,production,,,fix,,,,,bucket=dependency-cve; line_text=go 1.23
CK-110-0907,Method  has a cyclomatic complexity of 15 (limit is 8),codacy,cac3697ba2d9f529d2344d424a2d86f1,tests/adversarial/g9_batch_semantics_adversarial_test.go,164,Lizard_ccn-medium,Complexity,,Warning,Lizard,40a1210ffc8c23dc4a717ce32627c89658e0f608,v1.10.6,open,S3,codacy,Test complexity findings must be reviewed without weakening invariant coverage,,,none,none,none,none,none,false,false,false,true,false,test,,,investigate,,,,,"bucket=test-complexity-hotspot; line_text=t.Run(""duplicate explosion remove"", func(t *testing.T) {"
CK-110-0908,Method main has a cyclomatic complexity of 16 (limit is 8),codacy,3aa657e4da2ab690b175c54202a530a1,scripts/compare_phase8_gc_results.py,54,Lizard_ccn-medium,Complexity,,Warning,Lizard,f9591bfc6d4eb10b3aeb636a69d0c58819024f9b,v1.10.6,open,S2,tooling,Release and benchmark scripts must not mask failures or mishandle unsafe inputs,,,low,none,none,low,none,false,true,false,false,false,script,,,investigate,,,,,bucket=script-tooling-risk; line_text=def main() -> int:
CK-110-0909,Method testStep68RunDedupScenario has 86 lines of code (limit is 50),codacy,d4986bc6744fe104c35ebca2122ed849,tests/adversarial/g68_dedup_semantics_matrix_test.go,121,Lizard_nloc-medium,Complexity,,Warning,Lizard,40a1210ffc8c23dc4a717ce32627c89658e0f608,v1.10.6,open,S3,codacy,Test complexity findings must be reviewed without weakening invariant coverage,,,none,none,none,none,none,false,false,false,true,false,test,,,investigate,,,,,"bucket=test-complexity-hotspot; line_text=func testStep68RunDedupScenario(t *testing.T, encryptionCodec, compressionCodec string) step68DedupResults {"
CK-110-0910,Do not use `math/rand`. Use `crypto/rand` instead.,codacy,25262991152a4f1459682705cbfa7fcb,internal/container/local_writer.go,9,Semgrep_go.lang.security.audit.crypto.math_random.math-random-used,Security,Cryptography,Error,Opengrep,1bf14d1d0a15da443fdb32b213a9f19bc3c5da7b,backlog,open,S1,storage,Randomness scanner findings must distinguish deterministic tests/benchmarks from cryptographic use,,,none,medium,medium,medium,none,true,false,true,false,false,production,,,investigate,,,,,"bucket=production-security-candidate; line_text=""math/rand"""
CK-110-0911,Method TestGetReachableChunks has 62 lines of code (limit is 50),codacy,1551f23b5aa8d86c0ccd83cb4d2373c5,internal/graph/reachability_test.go,279,Lizard_nloc-medium,Complexity,,Warning,Lizard,ec471b81bb0be6dab4a57c1ee8203e73905e2b0f,v1.10.6,open,S3,codacy,Test complexity findings must be reviewed without weakening invariant coverage,,,none,none,none,none,none,false,false,false,true,false,test,,,investigate,,,,,bucket=test-complexity-hotspot; line_text=func TestGetReachableChunks(t *testing.T) {
CK-110-0912,Multi-line docstring summary should start at the first line (D212),codacy,5094fc755f8023a69bc3a328112f6c8e,scripts/compare_phase8_gc_results.py,3,Prospector_pydocstyle,Documentation,,Info,Prospector,40a1210ffc8c23dc4a717ce32627c89658e0f608,v1.10.6,open,S2,tooling,Release and benchmark scripts must not mask failures or mishandle unsafe inputs,,,low,none,none,low,none,false,true,false,false,false,script,,,investigate,,,,,"bucket=script-tooling-risk; line_text="""""""
CK-110-0913,Method TestStoreFileMaintainsPhysicalFileAndLogicalRefCountInvariants has 78 lines of code (limit is 50),codacy,de8b71c0512b40d3737adc95621f10ea,internal/storage/physical_file_repository_test.go,176,Lizard_nloc-medium,Complexity,,Warning,Lizard,40a1210ffc8c23dc4a717ce32627c89658e0f608,backlog,open,S3,storage,Test complexity findings must be reviewed without weakening invariant coverage,,,none,none,none,none,none,false,false,false,true,false,test,,,investigate,,,,,bucket=test-complexity-hotspot; line_text=func TestStoreFileMaintainsPhysicalFileAndLogicalRefCountInvariants(t *testing.T) {
CK-110-0914,"Expression of type ""None"" cannot be assigned to parameter of type ""str""   ""None"" is not assignable to ""str"" (r",codacy,b4403e9aef4c6ef54377085ad6e3ba7a,scripts/validate_regression_thresholds.py,122,Prospector_pyright,ErrorProne,,High,Prospector,40a1210ffc8c23dc4a717ce32627c89658e0f608,v1.10.6,open,S2,tooling,Release and benchmark scripts must not mask failures or mishandle unsafe inputs,,,low,none,none,low,none,false,true,false,false,false,script,,,investigate,,,,,"bucket=script-tooling-risk; line_text=mode: str,"
CK-110-0915,Method TestRemoveFileByIDAndRemoveByStoredPathAreSymmetric has a cyclomatic complexity of 21 (limit is 8),codacy,549b6a4752ced62febf31bb4edee9404,internal/storage/remove_test.go,694,Lizard_ccn-medium,Complexity,,Warning,Lizard,40a1210ffc8c23dc4a717ce32627c89658e0f608,backlog,open,S3,storage,Test complexity findings must be reviewed without weakening invariant coverage,,,none,none,none,none,none,false,false,false,true,false,test,,,investigate,,,,,bucket=test-complexity-hotspot; line_text=func TestRemoveFileByIDAndRemoveByStoredPathAreSymmetric(t *testing.T) {
CK-110-0916,Method loadBlockMetadata has a cyclomatic complexity of 10 (limit is 8),codacy,d8185631967b9b47a1b4a4e41cbebe0e,internal/storage/storage_block_reader.go,251,Lizard_ccn-medium,Complexity,,Warning,Lizard,40a1210ffc8c23dc4a717ce32627c89658e0f608,v1.10.3,open,S2,packed-storage,Production complexity hotspots in critical paths must be tracked without behavior-changing refactors,,,none,medium,none,medium,none,true,false,true,false,false,production,,,investigate,,,,,"bucket=production-complexity-hotspot; line_text=func (r *StorageBlockReader) loadBlockMetadata(ctx context.Context, blockID int64) (*blockMetadata, error) {"
CK-110-0917,The application was found setting file permissions to overly permissive values.,codacy,599b513119ec20628be9ad79ed72166f,tests/adversarial/g1_step11_restore_determinism_test.go,38,Semgrep_go_file-permissions_rule-fileperm,Security,FileAccess,High,Opengrep,267df133bd52cd8ce905ef6c64b8c6c9306985b1,v1.10.5,open,S3,restore,Test-only security scanner findings must be reviewed and suppressed only with rationale,,,none,none,none,none,none,false,false,false,true,false,test,,,investigate,,,,,"bucket=test-security-noise; line_text=if err := os.WriteFile(path, data, 0o644); err != nil {"
CK-110-0918,Detected file permissions that are set to more than `0600` (user/owner can read and write). Setting file permi,codacy,3d8f95b03ccc09b62907ced8ce0f47b4,tests/adversarial/v110_s0_chunk_reuse_bounds_stabilization_test.go,361,Semgrep_go.lang.correctness.permissions.file_permission.incorrect-default-permission,Security,FileAccess,High,Opengrep,40a1210ffc8c23dc4a717ce32627c89658e0f608,backlog,open,S3,storage,Test-only security scanner findings must be reviewed and suppressed only with rationale,,,none,none,none,none,none,false,false,false,true,false,test,,,investigate,,,,,"bucket=test-security-noise; line_text=if err := os.MkdirAll(artifactDir, 0o755); err != nil {"
CK-110-0919,Lists should be surrounded by blank lines,codacy,c7824859786959f15effd178dd95e219,docs/BENCHMARK_METRICS.md,316,markdownlint_MD032,CodeStyle,,Info,markdownlint,40a1210ffc8c23dc4a717ce32627c89658e0f608,backlog,open,S4,docs,Documentation style findings must be classified without blocking correctness releases,,,none,none,none,none,none,false,false,false,false,true,docs,,,investigate,,,,,bucket=docs-style; line_text=- ✅ `TestRecordMemoryTracksPeakAndAllocations`: peak and count tracked
CK-110-0920,Detected file permissions that are set to more than `0600` (user/owner can read and write). Setting file permi,codacy,6005f1f1fa3bdac8dab00460f691cc37,tests/adversarial/g5_atomic_restore_adversarial_test.go,111,Semgrep_go.lang.correctness.permissions.file_permission.incorrect-default-permission,Security,FileAccess,High,Opengrep,40a1210ffc8c23dc4a717ce32627c89658e0f608,v1.10.5,open,S3,restore,Test-only security scanner findings must be reviewed and suppressed only with rationale,,,none,none,none,none,none,false,false,false,true,false,test,,,investigate,,,,,"bucket=test-security-noise; line_text=if err := os.MkdirAll(outRoot, 0o755); err != nil {"
CK-110-0921,Lists should be surrounded by blank lines,codacy,c1b2d7e8cb6e1e41c98cd50c747ea397,docs/benchmarking.md,1413,markdownlint_MD032,CodeStyle,,Info,markdownlint,40a1210ffc8c23dc4a717ce32627c89658e0f608,backlog,open,S4,docs,Documentation style findings must be classified without blocking correctness releases,,,none,none,none,none,none,false,false,false,false,true,docs,,,investigate,,,,,bucket=docs-style; line_text=- **Section 1:** Transform ordering — Write and read pipelines (immutable sequence)
CK-110-0922,Method TestStep11PackedBlockPartiallyLiveRetainedRestoreAndVerify has 85 lines of code (limit is 50),codacy,79d18a7a654d58496ebf22f72ea02b8,internal/maintenance/gc_step11_test.go,221,Lizard_nloc-medium,Complexity,,Warning,Lizard,2abed90b7cfb17095e1a457c41e1682e0997e45c,v1.10.4,open,S3,gc,Test complexity findings must be reviewed without weakening invariant coverage,,,none,none,none,none,none,false,false,false,true,false,test,,,investigate,,,,,bucket=test-complexity-hotspot; line_text=func TestStep11PackedBlockPartiallyLiveRetainedRestoreAndVerify(t *testing.T) {
CK-110-0923,Method withDefaults has a cyclomatic complexity of 14 (limit is 8),codacy,b56b184562d5c8fd437a62ac934632be,internal/benchmark/scenarios.go,73,Lizard_ccn-medium,Complexity,,Warning,Lizard,36a734258f88b2bad6595ae8611fe52e13b2a519,v1.10.6,open,S3,benchmark,Test complexity findings must be reviewed without weakening invariant coverage,,,none,none,none,none,none,false,false,false,true,false,benchmark,,,investigate,,,,,bucket=test-complexity-hotspot; line_text=func (c ScenarioConfig) withDefaults() ScenarioConfig {
CK-110-0924,Expected: 1; Actual: 0; Below,codacy,268d53e2d1d281409c0b02bbbccccd9e,docs/STEP64_METRICS_VALIDATION.md,13,markdownlint_MD022,CodeStyle,,Info,markdownlint,40a1210ffc8c23dc4a717ce32627c89658e0f608,backlog,open,S4,docs,Documentation style findings must be classified without blocking correctness releases,,,none,none,none,none,none,false,false,false,false,true,docs,,,investigate,,,,,bucket=docs-style; line_text=#### 1. Storage Metrics (5 metrics)
CK-110-0925,Detected file permissions that are set to more than `0600` (user/owner can read and write). Setting file permi,codacy,69cc6a13a637ecc31118a719931c7b7c,tests/integration/read_path_regression_test.go,228,Semgrep_go.lang.correctness.permissions.file_permission.incorrect-default-permission,Security,FileAccess,High,Opengrep,1d85d20bc67c2b2e35f6c1329d4c42803b898e7c,v1.10.2,open,S3,filesystem,Test-only security scanner findings must be reviewed and suppressed only with rationale,,,none,none,none,none,none,false,false,false,true,false,test,,,investigate,,,,,"bucket=test-security-noise; line_text=if err := os.MkdirAll(restoreRoot, 0o755); err != nil {"
CK-110-0926,Method TestInspectDeepTraversalLimited has a cyclomatic complexity of 13 (limit is 8),codacy,233e6ba4ddff17772248b73cd879aa4d,internal/observability/inspect_test.go,802,Lizard_ccn-medium,Complexity,,Warning,Lizard,40a1210ffc8c23dc4a717ce32627c89658e0f608,v1.10.6,open,S3,codacy,Test complexity findings must be reviewed without weakening invariant coverage,,,none,none,none,none,none,false,false,false,true,false,test,,,investigate,,,,,bucket=test-complexity-hotspot; line_text=func TestInspectDeepTraversalLimited(t *testing.T) {
CK-110-0927,Method TestAdversarialG15CorruptedSnapshotMetadataDetectionConservativeGC has 85 lines of code (limit is 50),codacy,ca89d5b7a142123b920422e597fd6b8c,tests/adversarial/g14_g17_snapshot_retention_adversarial_test.go,207,Lizard_nloc-medium,Complexity,,Warning,Lizard,40a1210ffc8c23dc4a717ce32627c89658e0f608,backlog,open,S3,snapshot,Test complexity findings must be reviewed without weakening invariant coverage,,,none,none,none,none,none,false,false,false,true,false,test,,,investigate,,,,,bucket=test-complexity-hotspot; line_text=func TestAdversarialG15CorruptedSnapshotMetadataDetectionConservativeGC(t *testing.T) {
CK-110-0928,Lists should be surrounded by blank lines,codacy,4d7768490ec95f6c77ecc44b1e8e082d,docs/STEP64_METRICS_VALIDATION.md,213,markdownlint_MD032,CodeStyle,,Info,markdownlint,40a1210ffc8c23dc4a717ce32627c89658e0f608,backlog,open,S4,docs,Documentation style findings must be classified without blocking correctness releases,,,none,none,none,none,none,false,false,false,false,true,docs,,,investigate,,,,,bucket=docs-style; line_text=- Atomic operations: negligible cost
CK-110-0929,The application was found setting file permissions to overly permissive values.,codacy,f673fa8b82ed2b042355feaaa5972776,internal/benchmark/determinism_test.go,22,Semgrep_go_file-permissions_rule-fileperm,Security,FileAccess,High,Opengrep,ca56c48f078792eb9b7bd2af01af21fee9325194,v1.10.6,open,S3,benchmark,Test-only security scanner findings must be reviewed and suppressed only with rationale,,,none,none,none,none,none,false,false,false,true,false,test,,,investigate,,,,,"bucket=test-security-noise; line_text=if err := os.WriteFile(filepath.Join(dir, ""a.txt""), []byte(""hello""), 0o644); err != nil {"
CK-110-0930,File internal/storage/restore_test.go has 2487 non-comment lines of code,codacy,95ef8e0c4d14d6649b9e9109aafd0439,internal/storage/restore_test.go,1,Lizard_file-nloc-medium,Complexity,,Warning,Lizard,40a1210ffc8c23dc4a717ce32627c89658e0f608,v1.10.5,open,S3,restore,Test complexity findings must be reviewed without weakening invariant coverage,,,none,none,none,none,none,false,false,false,true,false,test,,,investigate,,,,,bucket=test-complexity-hotspot; line_text=package storage
CK-110-0931,Method SearchFilesResultWithDB has 89 lines of code (limit is 50),codacy,4f187d7cbec5b3b5ec33a5c6c81cfda0,internal/listing/search.go,14,Lizard_nloc-medium,Complexity,,Warning,Lizard,40a1210ffc8c23dc4a717ce32627c89658e0f608,v1.10.6,open,S2,codacy,Production complexity hotspots in critical paths must be tracked without behavior-changing refactors,,,none,none,none,none,none,true,false,true,false,false,production,,,investigate,,,,,"bucket=production-complexity-hotspot; line_text=func SearchFilesResultWithDB(dbconn *sql.DB, args []string) ([]FileRecord, error) {"
CK-110-0932,Method assertLogicalHashStageVerifyFailure has a cyclomatic complexity of 12 (limit is 8),codacy,2b63dfa15c15859e9cef526dbf611b20,internal/verify/verify_corruption_fixtures_test.go,250,Lizard_ccn-medium,Complexity,,Warning,Lizard,40a1210ffc8c23dc4a717ce32627c89658e0f608,backlog,open,S3,verify,Test complexity findings must be reviewed without weakening invariant coverage,,,none,none,none,none,none,false,false,false,true,false,test,,,investigate,,,,,"bucket=test-complexity-hotspot; line_text=func assertLogicalHashStageVerifyFailure(t *testing.T, err error, blockID int64) {"
CK-110-0933,Method  has 57 lines of code (limit is 50),codacy,6a857a8f3e77b4a2824525c88f53f695,tests/adversarial/g1_deterministic_restore_adversarial_test.go,335,Lizard_nloc-medium,Complexity,,Warning,Lizard,40a1210ffc8c23dc4a717ce32627c89658e0f608,v1.10.5,open,S3,restore,Test complexity findings must be reviewed without weakening invariant coverage,,,none,none,none,none,none,false,false,false,true,false,test,,,investigate,,,,,"bucket=test-complexity-hotspot; line_text=t.Run(codec, func(t *testing.T) {"
CK-110-0934,"Undefined acronym ""FOR"" — define on first use or add to glossary.",codacy,5d220951192132deb0b89efa68940d82,SECURITY.md,106,Agentlinter_clarity_undefined-term,Comprehensibility,,Info,Agentlinter,40a1210ffc8c23dc4a717ce32627c89658e0f608,v1.10.6,open,S4,codacy,Documentation style findings must be classified without blocking correctness releases,,,none,none,none,none,none,false,false,false,false,true,docs,,,investigate,,,,,bucket=docs-style; line_text=- `SELECT ... FOR UPDATE SKIP LOCKED` for container selection
CK-110-0935,Method testStep68DedupMatrixVariant has a cyclomatic complexity of 11 (limit is 8),codacy,849a8d39e2149a93cd9eefd5af61db4a,tests/adversarial/g68_dedup_semantics_matrix_test.go,48,Lizard_ccn-medium,Complexity,,Warning,Lizard,40a1210ffc8c23dc4a717ce32627c89658e0f608,v1.10.6,open,S3,codacy,Test complexity findings must be reviewed without weakening invariant coverage,,,none,none,none,none,none,false,false,false,true,false,test,,,investigate,,,,,"bucket=test-complexity-hotspot; line_text=func testStep68DedupMatrixVariant(t *testing.T, encryptionCodec string) {"
CK-110-0936,The application was found setting directory permissions to overly permissive values.,codacy,2fad40b21a78509ffef53fd1521f4079,tests/adversarial/g10_g13_physical_graph_adversarial_test.go,60,Semgrep_go_file-permissions_rule-mkdir,Security,FileAccess,High,Opengrep,40a1210ffc8c23dc4a717ce32627c89658e0f608,v1.10.2,open,S3,filesystem,Test-only security scanner findings must be reviewed and suppressed only with rationale,,,none,none,none,none,none,false,false,false,true,false,test,,,investigate,,,,,"bucket=test-security-noise; line_text=if err := os.MkdirAll(restoreDir, 0o755); err != nil {"
CK-110-0937,Method TestSimulateGCEmptyRepo has a cyclomatic complexity of 15 (limit is 8),codacy,798752cb0885a8f382073590c2a8bbf5,internal/observability/service_test.go,479,Lizard_ccn-medium,Complexity,,Warning,Lizard,40a1210ffc8c23dc4a717ce32627c89658e0f608,v1.10.6,open,S3,codacy,Test complexity findings must be reviewed without weakening invariant coverage,,,none,none,none,none,none,false,false,false,true,false,test,,,investigate,,,,,bucket=test-complexity-hotspot; line_text=func TestSimulateGCEmptyRepo(t *testing.T) {
CK-110-0938,The application was found setting file permissions to overly permissive values.,codacy,b48d36df5953d7783ab26c82f109140b,internal/container/container.go,86,Semgrep_go_file-permissions_rule-fileperm,Security,FileAccess,High,Opengrep,46b5d64074781d24fcecc6b9e3dba243a429ea89,backlog,open,S1,storage,Filesystem permission scanner findings must be reviewed by runtime area and threat model,,,none,medium,medium,medium,none,true,false,true,false,false,production,,,investigate,,,,,"bucket=production-security-candidate; line_text=f, err = os.OpenFile(path, os.O_RDWR, 0644)"
CK-110-0939,The application dynamically constructs file or path information.,codacy,8e8d84309fe3414049e4712b73bc2fce,internal/storage/restore.go,1332,Semgrep_go_filesystem_rule-fileread,Security,FileAccess,Error,Opengrep,edcd1904fafa6fbb82ee7bafa27fc2390d66fb9f,v1.10.5,open,S1,restore,Dynamic filesystem path findings must be reviewed for root containment and trust boundaries,,,none,medium,medium,medium,none,true,false,true,false,false,production,,,investigate,,,,,"bucket=production-security-candidate; line_text=dir, err := os.Open(filepath.Dir(outputPath))"
CK-110-0940,Method TestRenderSimulationJSONIsDeterministic has a cyclomatic complexity of 9 (limit is 8),codacy,dc7195cb40efa743a14b1530b3a12c31,internal/cli/render/simulate_test.go,146,Lizard_ccn-medium,Complexity,,Warning,Lizard,40a1210ffc8c23dc4a717ce32627c89658e0f608,v1.10.6,open,S3,codacy,Test complexity findings must be reviewed without weakening invariant coverage,,,none,none,none,none,none,false,false,false,true,false,test,,,investigate,,,,,bucket=test-complexity-hotspot; line_text=func TestRenderSimulationJSONIsDeterministic(t *testing.T) {
CK-110-0941,Insecure dependency golang/stdlib@v1.23.0 (CVE-2024-45336: golang: net/http: net/http: sensitive headers incor,codacy,d76bcd82d4bb3d1cffaba2eb25fa436b,go.mod,3,Trivy_vulnerability_medium,Security,InsecureModulesLibraries,Warning,Trivy,40a1210ffc8c23dc4a717ce32627c89658e0f608,v1.10.2,open,S1,dependencies,Supported Go toolchain must not carry known unplanned CVEs,,,none,none,medium,none,none,true,true,true,false,false,production,,,fix,,,,,bucket=dependency-cve; line_text=go 1.23
CK-110-0942,Method buildPlanFromUnreachable has 65 lines of code (limit is 50),codacy,e73104a626996d09c684cec87ec9f003,internal/gc/plan.go,277,Lizard_nloc-medium,Complexity,,Warning,Lizard,40a1210ffc8c23dc4a717ce32627c89658e0f608,v1.10.4,open,S2,gc,Production complexity hotspots in critical paths must be tracked without behavior-changing refactors,,,none,medium,none,medium,none,true,false,true,false,false,production,,,investigate,,,,,"bucket=production-complexity-hotspot; line_text=func buildPlanFromUnreachable(ctx context.Context, dbconn *sql.DB, totalChunks, reachableChunks int64, reachableChunkIDs map[int64]struct{}, livePackedBlockIDs, reachablePackedBloc"
CK-110-0943,Method TestRestoreChunkPinningKeepsChunkLiveDuringRemove has 95 lines of code (limit is 50),codacy,16b53bcf4369b9e09e17ab5a320e7c8a,internal/storage/restore_test.go,37,Lizard_nloc-medium,Complexity,,Warning,Lizard,40a1210ffc8c23dc4a717ce32627c89658e0f608,v1.10.5,open,S3,restore,Test complexity findings must be reviewed without weakening invariant coverage,,,none,none,none,none,none,false,false,false,true,false,test,,,investigate,,,,,bucket=test-complexity-hotspot; line_text=func TestRestoreChunkPinningKeepsChunkLiveDuringRemove(t *testing.T) {
CK-110-0944,SQL Injection is a critical vulnerability that can lead to data or system compromise.,codacy,2a4a0717f6cdbbc29b065e36fb88788f,tests/integration/v18_migration_compatibility_integration_test.go,230,Semgrep_go_sql_rule-concat-sqli,Security,SQLInjection,Error,Opengrep,,v1.10.2,open,S3,security,Test-only security scanner findings must be reviewed and suppressed only with rationale,,,none,none,none,none,none,false,false,false,true,false,test,,,investigate,,,,,"bucket=test-security-noise; line_text=if err := dbconn.QueryRow(`SELECT logical_file_id FROM physical_file WHERE path = $1`, filepath.ToSlash(inputSet.largePath)).Scan(&largeLogicalID); err != nil {"
CK-110-0945,Method verifyBlockPayloadsMode has a cyclomatic complexity of 13 (limit is 8),codacy,c2f689ce1d5307743542a9109a1bd661,internal/verify/verify_repository.go,443,Lizard_ccn-medium,Complexity,,Warning,Lizard,40a1210ffc8c23dc4a717ce32627c89658e0f608,backlog,open,S2,verify,Production complexity hotspots in critical paths must be tracked without behavior-changing refactors,,,none,medium,none,medium,none,true,false,true,false,false,production,,,investigate,,,,,"bucket=production-complexity-hotspot; line_text=func verifyBlockPayloadsMode(dbconn *sql.DB, containersDir string, includeDeepContentChecks bool) error {"
CK-110-0946,The application was found setting file permissions to overly permissive values.,codacy,daf7f46f58c32046620f5121accff8c3,tests/adversarial/v110_s0_chunk_reuse_bounds_stabilization_test.go,375,Semgrep_go_file-permissions_rule-fileperm,Security,FileAccess,High,Opengrep,40a1210ffc8c23dc4a717ce32627c89658e0f608,backlog,open,S3,storage,Test-only security scanner findings must be reviewed and suppressed only with rationale,,,none,none,none,none,none,false,false,false,true,false,test,,,investigate,,,,,"bucket=test-security-noise; line_text=if err := os.WriteFile(path, encoded, 0o644); err != nil {"
CK-110-0947,The application was found setting file permissions to overly permissive values.,codacy,edf3dc9aa87d6c70c6e364d59f200a15,tests/adversarial/g6_concurrent_operations_adversarial_test.go,311,Semgrep_go_file-permissions_rule-fileperm,Security,FileAccess,High,Opengrep,40a1210ffc8c23dc4a717ce32627c89658e0f608,v1.10.2,open,S3,filesystem,Test-only security scanner findings must be reviewed and suppressed only with rationale,,,none,none,none,none,none,false,false,false,true,false,test,,,investigate,,,,,"bucket=test-security-noise; line_text=if err := os.WriteFile(newPath, newData, 0o644); err != nil {"
CK-110-0948,SQL Injection is a critical vulnerability that can lead to data or system compromise.,codacy,14a18772603ba19293660722bb645c7,internal/db/migrations.go,84,Semgrep_go_sql_rule-concat-sqli,Security,SQLInjection,Error,Opengrep,318edbc4cd388aa707725fec4bc1a011e60724c8,backlog,open,S1,migration,Dynamic SQL scanner findings must be reviewed for parameterization or safe identifier constraints,,,none,none,medium,none,none,true,false,true,false,false,production,,,investigate,,,,,"bucket=production-security-candidate; line_text=rows, err := dbconn.QueryContext(ctx, fmt.Sprintf(""PRAGMA table_info(%s)"", tableName))"
CK-110-0949,Method TestStorageBlockReaderLoadBlockMetadataIncludesTransformAwareFields has a cyclomatic complexity of 15 (,codacy,78274b425cc71c0c0a5ad4a1fadf0514,internal/storage/storage_block_reader_test.go,207,Lizard_ccn-medium,Complexity,,Warning,Lizard,40a1210ffc8c23dc4a717ce32627c89658e0f608,v1.10.3,open,S3,packed-storage,Test complexity findings must be reviewed without weakening invariant coverage,,,none,none,none,none,none,false,false,false,true,false,test,,,investigate,,,,,bucket=test-complexity-hotspot; line_text=func TestStorageBlockReaderLoadBlockMetadataIncludesTransformAwareFields(t *testing.T) {
CK-110-0950,Method TestObservabilityDoesNotMutateState has 62 lines of code (limit is 50),codacy,c2e02d4266089a43c5a5c71a589d4e4c,internal/observability/stats_test.go,388,Lizard_nloc-medium,Complexity,,Warning,Lizard,40a1210ffc8c23dc4a717ce32627c89658e0f608,v1.10.6,open,S3,codacy,Test complexity findings must be reviewed without weakening invariant coverage,,,none,none,none,none,none,false,false,false,true,false,test,,,investigate,,,,,bucket=test-complexity-hotspot; line_text=func TestObservabilityDoesNotMutateState(t *testing.T) {
CK-110-0951,Method DecodeBlock has a cyclomatic complexity of 11 (limit is 8),codacy,ef2869cee2196ddec837988fe19de2b3,internal/blocks/block_format_v1.go,239,Lizard_ccn-medium,Complexity,,Warning,Lizard,40a1210ffc8c23dc4a717ce32627c89658e0f608,v1.10.6,open,S2,codacy,Production complexity hotspots in critical paths must be tracked without behavior-changing refactors,,,none,none,none,none,none,true,false,true,false,false,production,,,investigate,,,,,"bucket=production-complexity-hotspot; line_text=func DecodeBlock(data []byte) (*EncodedBlock, error) {"
CK-110-0952,Method verifyInvariantConvergenceG8 has 80 lines of code (limit is 50),codacy,37c4774ff937c2f21503aa9bfe6afd3e,tests/adversarial/g8_system_invariants_lifecycle_adversarial_test.go,111,Lizard_nloc-medium,Complexity,,Warning,Lizard,40a1210ffc8c23dc4a717ce32627c89658e0f608,v1.10.6,open,S3,codacy,Test complexity findings must be reviewed without weakening invariant coverage,,,none,none,none,none,none,false,false,false,true,false,test,,,investigate,,,,,"bucket=test-complexity-hotspot; line_text=func verifyInvariantConvergenceG8(t *testing.T, dbconn *sql.DB, repoRoot, binPath string, env map[string]string, runDoctor bool) {"
CK-110-0953,The application was found setting directory permissions to overly permissive values.,codacy,70140154559ca14dc988ea5386228bbf,tests/integration/read_path_regression_test.go,479,Semgrep_go_file-permissions_rule-mkdir,Security,FileAccess,High,Opengrep,7b152752f6571720718774c7c526a118209d6807,v1.10.2,open,S3,filesystem,Test-only security scanner findings must be reviewed and suppressed only with rationale,,,none,none,none,none,none,false,false,false,true,false,test,,,investigate,,,,,"bucket=test-security-noise; line_text=if err := os.MkdirAll(restoreDir, 0o755); err != nil {"
CK-110-0954,Method buildStoreFileRuntime has a cyclomatic complexity of 17 (limit is 8),codacy,fdca1ff29599093378bab98e85e7b2c6,internal/storage/store.go,760,Lizard_ccn-medium,Complexity,,Warning,Lizard,29a23d555eb7258224263df0388000f16c1e8a37,backlog,open,S2,storage,Production complexity hotspots in critical paths must be tracked without behavior-changing refactors,,,none,medium,none,medium,none,true,false,true,false,false,production,,,investigate,,,,,"bucket=production-complexity-hotspot; line_text=func buildStoreFileRuntime(sgctx StorageContext, codec blocks.Codec) (*storeFileRuntime, error) {"
CK-110-0955,Method createMixedSizeDataset has a cyclomatic complexity of 9 (limit is 8),codacy,ea0101f84e67b1f04bc757f8f3339818,internal/benchmark/scenarios.go,339,Lizard_ccn-medium,Complexity,,Warning,Lizard,36a734258f88b2bad6595ae8611fe52e13b2a519,v1.10.6,open,S3,benchmark,Test complexity findings must be reviewed without weakening invariant coverage,,,none,none,none,none,none,false,false,false,true,false,benchmark,,,investigate,,,,,"bucket=test-complexity-hotspot; line_text=func createMixedSizeDataset(dir string, fileCount int, minSize int, maxSize int, seed int64) ([]string, int64, error) {"
CK-110-0956,Method inspectContainer has a cyclomatic complexity of 10 (limit is 8),codacy,623ec8cc98ce282a92f44dab1fe62608,internal/observability/inspect.go,403,Lizard_ccn-medium,Complexity,,Warning,Lizard,40a1210ffc8c23dc4a717ce32627c89658e0f608,v1.10.6,open,S2,codacy,Production complexity hotspots in critical paths must be tracked without behavior-changing refactors,,,none,none,none,none,none,true,false,true,false,false,production,,,investigate,,,,,"bucket=production-complexity-hotspot; line_text=func (s *Service) inspectContainer(ctx context.Context, id string, opts InspectOptions) (*InspectResult, error) {"
CK-110-0957,Method  has 53 lines of code (limit is 50),codacy,e985fb11b41a060158c4e96d742b90d5,tests/adversarial/g5_atomic_restore_adversarial_test.go,232,Lizard_nloc-medium,Complexity,,Warning,Lizard,40a1210ffc8c23dc4a717ce32627c89658e0f608,v1.10.5,open,S3,restore,Test complexity findings must be reviewed without weakening invariant coverage,,,none,none,none,none,none,false,false,false,true,false,test,,,investigate,,,,,"bucket=test-complexity-hotspot; line_text=t.Run(codec, func(t *testing.T) {"
CK-110-0958,Column: 1,codacy,a04867f54ecb25d9cf12b81d185e5a7f,docs/internal/storage_contract_v1_9.md,104,markdownlint_MD010,CodeStyle,,Info,markdownlint,40a1210ffc8c23dc4a717ce32627c89658e0f608,backlog,open,S4,docs,Documentation style findings must be classified without blocking correctness releases,,,none,none,none,none,none,false,false,false,false,true,docs,,,investigate,,,,,bucket=docs-style; line_text=`compressed_size / plaintext_size`.
CK-110-0959,Expected: 1; Actual: 0; Below,codacy,4ed9aefa82f720eb262332dda7258d2a,docs/BENCHMARK_CORPORA.md,17,markdownlint_MD022,CodeStyle,,Info,markdownlint,40a1210ffc8c23dc4a717ce32627c89658e0f608,backlog,open,S4,docs,Documentation style findings must be classified without blocking correctness releases,,,none,none,none,none,none,false,false,false,false,true,docs,,,investigate,,,,,bucket=docs-style; line_text=### Corpus A: Highly Compressible
CK-110-0960,"Undefined acronym ""NOT"" — define on first use or add to glossary.",codacy,aa0e22ae646d273613f288288e63590a,SECURITY.md,138,Agentlinter_clarity_undefined-term,Comprehensibility,,Info,Agentlinter,40a1210ffc8c23dc4a717ce32627c89658e0f608,v1.10.6,open,S4,codacy,Documentation style findings must be classified without blocking correctness releases,,,none,none,none,none,none,false,false,false,false,true,docs,,,investigate,,,,,bucket=docs-style; line_text=## Security Properties NOT Provided
CK-110-0961,Method TestInspectChunkReverseRelations has a cyclomatic complexity of 10 (limit is 8),codacy,3634a5fed2832bb7d2afbab1be690baf,internal/observability/inspect_test.go,769,Lizard_ccn-medium,Complexity,,Warning,Lizard,40a1210ffc8c23dc4a717ce32627c89658e0f608,v1.10.6,open,S3,codacy,Test complexity findings must be reviewed without weakening invariant coverage,,,none,none,none,none,none,false,false,false,true,false,test,,,investigate,,,,,bucket=test-complexity-hotspot; line_text=func TestInspectChunkReverseRelations(t *testing.T) {
CK-110-0962,Method TestBuildPlanIncludesFullyDeadActiveContainersInPhysicalReclaim has a cyclomatic complexity of 10 (limi,codacy,a1c23e0921915a4f388fe1f1ff75217,internal/gc/plan_test.go,565,Lizard_ccn-medium,Complexity,,Warning,Lizard,88f5505f7fd132877670813290f50292f649f103,v1.10.4,open,S3,gc,Test complexity findings must be reviewed without weakening invariant coverage,,,none,none,none,none,none,false,false,false,true,false,test,,,investigate,,,,,bucket=test-complexity-hotspot; line_text=func TestBuildPlanIncludesFullyDeadActiveContainersInPhysicalReclaim(t *testing.T) {
CK-110-0963,Method testStep69SingleRepoClass has a cyclomatic complexity of 23 (limit is 8),codacy,ddaf970e10cc54e74b92c5524b399c2a,tests/adversarial/g69_gc_safety_matrix_test.go,73,Lizard_ccn-medium,Complexity,,Warning,Lizard,40a1210ffc8c23dc4a717ce32627c89658e0f608,v1.10.4,open,S3,gc,Test complexity findings must be reviewed without weakening invariant coverage,,,none,none,none,none,none,false,false,false,true,false,test,,,investigate,,,,,"bucket=test-complexity-hotspot; line_text=func testStep69SingleRepoClass(t *testing.T, class step69RepoClass) {"
CK-110-0964,Detected file permissions that are set to more than `0600` (user/owner can read and write). Setting file permi,codacy,b8f275642ec3e83a233b7e565706eeb,tests/adversarial/g10_g13_physical_graph_adversarial_test.go,57,Semgrep_go.lang.correctness.permissions.file_permission.incorrect-default-permission,Security,FileAccess,High,Opengrep,40a1210ffc8c23dc4a717ce32627c89658e0f608,v1.10.2,open,S3,filesystem,Test-only security scanner findings must be reviewed and suppressed only with rationale,,,none,none,none,none,none,false,false,false,true,false,test,,,investigate,,,,,"bucket=test-security-noise; line_text=if err := os.MkdirAll(inputDir, 0o755); err != nil {"
CK-110-0965,Method TestGCRootsMergesCurrentAndSnapshotRoots has a cyclomatic complexity of 9 (limit is 8),codacy,ad75430b3ac409147cc8a0d3e1e9095f,internal/graph/reachability_test.go,193,Lizard_ccn-medium,Complexity,,Warning,Lizard,1d520d1475c7e761c5e11b4717e820d4d77fd596,v1.10.6,open,S3,codacy,Test complexity findings must be reviewed without weakening invariant coverage,,,none,none,none,none,none,false,false,false,true,false,test,,,investigate,,,,,bucket=test-complexity-hotspot; line_text=func TestGCRootsMergesCurrentAndSnapshotRoots(t *testing.T) {
CK-110-0966,Detected file permissions that are set to more than `0600` (user/owner can read and write). Setting file permi,codacy,e2991878d7f4c068f9509b5616d72c73,tests/adversarial/g2_inconsistent_state_adversarial_test.go,110,Semgrep_go.lang.correctness.permissions.file_permission.incorrect-default-permission,Security,FileAccess,High,Opengrep,40a1210ffc8c23dc4a717ce32627c89658e0f608,v1.10.2,open,S3,filesystem,Test-only security scanner findings must be reviewed and suppressed only with rationale,,,none,none,none,none,none,false,false,false,true,false,test,,,investigate,,,,,"bucket=test-security-noise; line_text=if err := os.MkdirAll(inputDir, 0o755); err != nil {"
CK-110-0967,Method legacyDiffSnapshots has a cyclomatic complexity of 16 (limit is 8),codacy,69a093ab73ec4593f480de93d0dce0d4,internal/observability/equivalence_phase7_test.go,585,Lizard_ccn-medium,Complexity,,Warning,Lizard,40a1210ffc8c23dc4a717ce32627c89658e0f608,v1.10.6,open,S3,codacy,Test complexity findings must be reviewed without weakening invariant coverage,,,none,none,none,none,none,false,false,false,true,false,test,,,investigate,,,,,"bucket=test-complexity-hotspot; line_text=func legacyDiffSnapshots(ctx context.Context, dbconn *sql.DB, baseID, targetID string) (*snapshot.SnapshotDiffResult, error) {"
CK-110-0968,Method commitPreparedChunksWithContext has 10 parameters (limit is 8),codacy,4a666a3a951858f112f358083262864,internal/storage/store.go,182,Lizard_parameter-count-medium,Complexity,,Warning,Lizard,00ce6f9f191f5c501da32ab6b96a4274f39da810,backlog,open,S2,storage,Production complexity hotspots in critical paths must be tracked without behavior-changing refactors,,,none,medium,none,medium,none,true,false,true,false,false,production,,,investigate,,,,,bucket=production-complexity-hotspot; line_text=func commitPreparedChunksWithContext(
CK-110-0969,Missing dashed underline after section ('Returns') (D407),codacy,50b1d15bafae3e7d9c767bd030cf3360,scripts/validate_regression_thresholds.py,74,Prospector_pydocstyle,Documentation,,Info,Prospector,40a1210ffc8c23dc4a717ce32627c89658e0f608,v1.10.6,open,S2,tooling,Release and benchmark scripts must not mask failures or mishandle unsafe inputs,,,low,none,none,low,none,false,true,false,false,false,script,,,investigate,,,,,"bucket=script-tooling-risk; line_text="""""""
CK-110-0970,Method RenderStats has a cyclomatic complexity of 80 (limit is 8),codacy,43dd8ae954ac9cb5daaf26a186ea3440,internal/cli/render/stats.go,70,Lizard_ccn-medium,Complexity,,Warning,Lizard,40a1210ffc8c23dc4a717ce32627c89658e0f608,v1.10.6,open,S2,codacy,Production complexity hotspots in critical paths must be tracked without behavior-changing refactors,,,none,none,none,none,none,true,false,true,false,false,production,,,investigate,,,,,"bucket=production-complexity-hotspot; line_text=func (HumanRenderer) RenderStats(w io.Writer, r *StatsResult) error {"
CK-110-0971,Method inspectRepository has a cyclomatic complexity of 10 (limit is 8),codacy,19d4964dcb96c62e77870ef94c7e15a0,internal/observability/inspect.go,85,Lizard_ccn-medium,Complexity,,Warning,Lizard,40a1210ffc8c23dc4a717ce32627c89658e0f608,v1.10.6,open,S2,codacy,Production complexity hotspots in critical paths must be tracked without behavior-changing refactors,,,none,none,none,none,none,true,false,true,false,false,production,,,investigate,,,,,"bucket=production-complexity-hotspot; line_text=func (s *Service) inspectRepository(ctx context.Context, opts InspectOptions) (*InspectResult, error) {"
CK-110-0972,Method generateCorpusContent has a cyclomatic complexity of 9 (limit is 8),codacy,d66a1f30f7628bcf9bef50433717f6fa,internal/benchmark/corpus.go,395,Lizard_ccn-medium,Complexity,,Warning,Lizard,40a1210ffc8c23dc4a717ce32627c89658e0f608,v1.10.6,open,S3,benchmark,Test complexity findings must be reviewed without weakening invariant coverage,,,none,none,none,none,none,false,false,false,true,false,benchmark,,,investigate,,,,,"bucket=test-complexity-hotspot; line_text=func generateCorpusContent(cc CorpusContent, size int64) ([]byte, error) {"
CK-110-0973,SQL Injection is a critical vulnerability that can lead to data or system compromise.,codacy,36760b10a14762e78db7b199ea866fe8,internal/db/migrations_test.go,1671,Semgrep_go_sql_rule-concat-sqli,Security,SQLInjection,Error,Opengrep,7f694cbfbd19c4d06fe733d66e595b149e59901a,backlog,open,S3,migration,Test-only security scanner findings must be reviewed and suppressed only with rationale,,,none,none,none,none,none,false,false,false,true,false,test,,,investigate,,,,,"bucket=test-security-noise; line_text=if _, err := dbconn.Exec(legacyV7SQL); err != nil {"
CK-110-0974,Lists should be surrounded by blank lines,codacy,20c9c28d59108d4b846e274d35d7e321,docs/STEP64_METRICS_VALIDATION.md,144,markdownlint_MD032,CodeStyle,,Info,markdownlint,40a1210ffc8c23dc4a717ce32627c89658e0f608,backlog,open,S4,docs,Documentation style findings must be classified without blocking correctness releases,,,none,none,none,none,none,false,false,false,false,true,docs,,,investigate,,,,,bucket=docs-style; line_text=- [internal/benchmark/metrics.go](../internal/benchmark/metrics.go)
CK-110-0975,The application was found setting file permissions to overly permissive values.,codacy,9d5a9e83441522271ac1e0bb35a56e8c,internal/container/container.go,84,Semgrep_go_file-permissions_rule-fileperm,Security,FileAccess,High,Opengrep,46b5d64074781d24fcecc6b9e3dba243a429ea89,backlog,open,S1,storage,Filesystem permission scanner findings must be reviewed by runtime area and threat model,,,none,medium,medium,medium,none,true,false,true,false,false,production,,,investigate,,,,,"bucket=production-security-candidate; line_text=f, err = os.OpenFile(path, os.O_RDONLY, 0644)"
CK-110-0976,SQL Injection is a critical vulnerability that can lead to data or system compromise.,codacy,6ae579106099a9c51a815033ea37447,internal/storage/store.go,2827,Semgrep_go_sql_rule-concat-sqli,Security,SQLInjection,Error,Opengrep,3dccceb24c62541646b0a0fec06fb8fd9177b45e,backlog,open,S1,storage,Dynamic SQL scanner findings must be reviewed for parameterization or safe identifier constraints,,,none,medium,medium,medium,none,true,false,true,false,false,production,,,investigate,,,,,"bucket=production-security-candidate; line_text=err := dbconn.QueryRowContext(ctx, `SELECT 1 FROM blocks WHERE chunk_id = $1 LIMIT 1`, chunkID).Scan(&marker)"
CK-110-0977,Method TestContainerHasLivePhysicalUnitsUsesLivePackedBlockIDsForContainerRetention has a cyclomatic complexit,codacy,b7212ee8d450f675d5304612d2ee664c,internal/maintenance/gc_packed_test.go,674,Lizard_ccn-medium,Complexity,,Warning,Lizard,40a1210ffc8c23dc4a717ce32627c89658e0f608,v1.10.4,open,S3,gc,Test complexity findings must be reviewed without weakening invariant coverage,,,none,none,none,none,none,false,false,false,true,false,test,,,investigate,,,,,bucket=test-complexity-hotspot; line_text=func TestContainerHasLivePhysicalUnitsUsesLivePackedBlockIDsForContainerRetention(t *testing.T) {
CK-110-0978,Detected file permissions that are set to more than `0600` (user/owner can read and write). Setting file permi,codacy,3a08b0a7e3cfedb7825782ad31d308ed,tests/integration/v18_migration_compatibility_integration_test.go,1708,Semgrep_go.lang.correctness.permissions.file_permission.incorrect-default-permission,Security,FileAccess,High,Opengrep,,v1.10.2,open,S3,filesystem,Test-only security scanner findings must be reviewed and suppressed only with rationale,,,none,none,none,none,none,false,false,false,true,false,test,,,investigate,,,,,"bucket=test-security-noise; line_text=if err := os.MkdirAll(cliRoot, 0o755); err != nil {"
CK-110-0979,Method TestFileContainerTruncateDiscardsPendingWritesWithoutSync has a cyclomatic complexity of 9 (limit is 8),codacy,6fe1cd7a9cb4dc88271becd4a526af7,internal/container/container_test.go,148,Lizard_ccn-medium,Complexity,,Warning,Lizard,edc95188af1d13bdd02f5e1db61def8ac678bfe7,backlog,open,S3,storage,Test complexity findings must be reviewed without weakening invariant coverage,,,none,none,none,none,none,false,false,false,true,false,test,,,investigate,,,,,bucket=test-complexity-hotspot; line_text=func TestFileContainerTruncateDiscardsPendingWritesWithoutSync(t *testing.T) {
CK-110-0980,Method TestStep11ContainerWithMixedPhysicalUnitsRetainedWhileEitherKindLive has a cyclomatic complexity of 15 ,codacy,24a87849f45293d37e8b1569944996ef,internal/maintenance/gc_step11_test.go,525,Lizard_ccn-medium,Complexity,,Warning,Lizard,40a1210ffc8c23dc4a717ce32627c89658e0f608,v1.10.4,open,S3,gc,Test complexity findings must be reviewed without weakening invariant coverage,,,none,none,none,none,none,false,false,false,true,false,test,,,investigate,,,,,bucket=test-complexity-hotspot; line_text=func TestStep11ContainerWithMixedPhysicalUnitsRetainedWhileEitherKindLive(t *testing.T) {
CK-110-0981,SQL Injection is a critical vulnerability that can lead to data or system compromise.,codacy,98eed5990c7af35a61d9105fab9967ac,internal/db/migrations_test.go,1732,Semgrep_go_sql_rule-concat-sqli,Security,SQLInjection,Error,Opengrep,7f694cbfbd19c4d06fe733d66e595b149e59901a,backlog,open,S3,migration,Test-only security scanner findings must be reviewed and suppressed only with rationale,,,none,none,none,none,none,false,false,false,true,false,test,,,investigate,,,,,bucket=test-security-noise; line_text=if err := dbconn.QueryRow(`SELECT MAX(version) FROM schema_version`).Scan(&schemaVersion); err != nil {
CK-110-0982,Detected file permissions that are set to more than `0600` (user/owner can read and write). Setting file permi,codacy,50c0caa106f3eaccd0e25d785773f735,tests/adversarial/g2_inconsistent_state_adversarial_test.go,259,Semgrep_go.lang.correctness.permissions.file_permission.incorrect-default-permission,Security,FileAccess,High,Opengrep,2c85472bf5d9f80268b16877608d5d9112c4a4ec,v1.10.2,open,S3,filesystem,Test-only security scanner findings must be reviewed and suppressed only with rationale,,,none,none,none,none,none,false,false,false,true,false,test,,,investigate,,,,,"bucket=test-security-noise; line_text=if err := os.MkdirAll(container.ContainersDir, 0o755); err != nil {"
CK-110-0983,Method shouldRunSemanticReuseValidationWithContext has a cyclomatic complexity of 9 (limit is 8),codacy,d671cd0d4decf7fb2e62b9b70c090a1a,internal/storage/store.go,1389,Lizard_ccn-medium,Complexity,,Warning,Lizard,9d7b04015f79806ec46b4425f396ec30b6ef84b4,backlog,open,S2,storage,Production complexity hotspots in critical paths must be tracked without behavior-changing refactors,,,none,medium,none,medium,none,true,false,true,false,false,production,,,investigate,,,,,"bucket=production-complexity-hotspot; line_text=func shouldRunSemanticReuseValidationWithContext(ctx context.Context, dbconn *sql.DB, fileID int64, mode reuseSemanticValidationMode) (bool, string, error) {"
CK-110-0984,"Detected string concatenation with a non-literal variable in a ""database/sql"" Go SQL statement.",codacy,148bdee704637f34931a9f48cae52a00,internal/retention/reachability_test.go,31,Semgrep_go.lang.security.audit.sqli.gosql-sqli.gosql-sqli,Security,SQLInjection,Error,Opengrep,4df6fcfd295029c829d61a20e34f94f473a94f2a,v1.10.2,open,S3,security,Test-only security scanner findings must be reviewed and suppressed only with rationale,,,none,none,none,none,none,false,false,false,true,false,test,,,investigate,,,,,"bucket=test-security-noise; line_text=res, err := dbconn.Exec("
CK-110-0985,Method TestRemoveFileByIDCascadesPhysicalFileMappings has 56 lines of code (limit is 50),codacy,f1980ccd9133f18c6ba6b58b8c309ff3,internal/storage/remove_test.go,561,Lizard_nloc-medium,Complexity,,Warning,Lizard,40a1210ffc8c23dc4a717ce32627c89658e0f608,backlog,open,S3,storage,Test complexity findings must be reviewed without weakening invariant coverage,,,none,none,none,none,none,false,false,false,true,false,test,,,investigate,,,,,bucket=test-complexity-hotspot; line_text=func TestRemoveFileByIDCascadesPhysicalFileMappings(t *testing.T) {
CK-110-0986,All queries must target RAC_* tables.Query does not reference RAC_* table.,codacy,9ba672584a617ab06713448c9880c021,db/schema_postgres.sql,583,Semgrep_codacy.generic.sql.rac-table-access,Security,SQLInjection,High,Opengrep,e6a3a73f70b69a4eefce68e0f93113e30067e27c,backlog,open,S1,migration,Dynamic SQL scanner findings must be reviewed for parameterization or safe identifier constraints,,,none,none,medium,none,none,true,false,true,false,false,production,,,investigate,,,,,bucket=production-security-candidate; line_text=UPDATE schema_version SET version = 13 WHERE version < 13;
CK-110-0987,SQL Injection is a critical vulnerability that can lead to data or system compromise.,codacy,2dbf9cf6a84d86884be8caeb029ac1ba,internal/observability/inspect.go,1146,Semgrep_go_sql_rule-concat-sqli,Security,SQLInjection,Error,Opengrep,16caee621274b84390d8022de87f6b54500b0179,v1.10.2,open,S1,security,Dynamic SQL scanner findings must be reviewed for parameterization or safe identifier constraints,,,none,none,medium,none,none,true,false,true,false,false,production,,,investigate,,,,,"bucket=production-security-candidate; line_text=rows, err := s.db.QueryContext(ctx, query, args...)"
CK-110-0988,The application was found setting file permissions to overly permissive values.,codacy,86c24d49dd458bbef5b79c30d4374c5d,tests/adversarial/g4_non_destructive_gc_adversarial_test.go,343,Semgrep_go_file-permissions_rule-fileperm,Security,FileAccess,High,Opengrep,40a1210ffc8c23dc4a717ce32627c89658e0f608,v1.10.4,open,S3,gc,Test-only security scanner findings must be reviewed and suppressed only with rationale,,,none,none,none,none,none,false,false,false,true,false,test,,,investigate,,,,,"bucket=test-security-noise; line_text=if err := os.WriteFile(secondPath, secondData, 0o644); err != nil {"
CK-110-0989,Lists should be surrounded by blank lines,codacy,98fa7bf3fd4d5af53e5dc493678b5b3,docs/benchmarking.md,1506,markdownlint_MD032,CodeStyle,,Info,markdownlint,40a1210ffc8c23dc4a717ce32627c89658e0f608,backlog,open,S4,docs,Documentation style findings must be classified without blocking correctness releases,,,none,none,none,none,none,false,false,false,false,true,docs,,,investigate,,,,,bucket=docs-style; line_text=- `internal/storage/store.go`: Transform pipeline implementation matches documented order
CK-110-0990,Method loadContainerBlockMetadata has 113 lines of code (limit is 50),codacy,b877ce92fee04cb9a5bafc5e3ee54f77,internal/observability/inspect.go,965,Lizard_nloc-medium,Complexity,,Warning,Lizard,40a1210ffc8c23dc4a717ce32627c89658e0f608,v1.10.6,open,S2,codacy,Production complexity hotspots in critical paths must be tracked without behavior-changing refactors,,,none,none,none,none,none,true,false,true,false,false,production,,,investigate,,,,,"bucket=production-complexity-hotspot; line_text=func (s *Service) loadContainerBlockMetadata(ctx context.Context, containerID int64, limit int) ([]map[string]any, error) {"
CK-110-0991,Method TestQuarantineOrphanContainersAcceptsDirectQuarantineAfterSizeSync has a cyclomatic complexity of 17 (l,codacy,a9e55c1aad949a4b648c4efe17ef804a,internal/recovery/system_recovery_test.go,14,Lizard_ccn-medium,Complexity,,Warning,Lizard,40a1210ffc8c23dc4a717ce32627c89658e0f608,v1.10.5,open,S3,recovery,Test complexity findings must be reviewed without weakening invariant coverage,,,none,none,none,none,medium,false,false,false,true,false,test,,,investigate,,,,,bucket=test-complexity-hotspot; line_text=func TestQuarantineOrphanContainersAcceptsDirectQuarantineAfterSizeSync(t *testing.T) {
CK-110-0992,Method collectObservedFromStorageBlocks has a cyclomatic complexity of 10 (limit is 8),codacy,1f6234ef411517ffbf25b5f03b33678a,internal/repository/capabilities/derive.go,221,Lizard_ccn-medium,Complexity,,Warning,Lizard,40a1210ffc8c23dc4a717ce32627c89658e0f608,v1.10.6,open,S2,codacy,Production complexity hotspots in critical paths must be tracked without behavior-changing refactors,,,none,none,none,none,none,true,false,true,false,false,production,,,investigate,,,,,"bucket=production-complexity-hotspot; line_text=func collectObservedFromStorageBlocks(ctx context.Context, dbconn *sql.DB, compression, encryption, packing map[string]struct{}) error {"
CK-110-0993,The application was found setting directory permissions to overly permissive values.,codacy,fb5201bf9a854aab8ddba0850f882347,tests/adversarial/g5_atomic_restore_adversarial_test.go,119,Semgrep_go_file-permissions_rule-mkdir,Security,FileAccess,High,Opengrep,40a1210ffc8c23dc4a717ce32627c89658e0f608,v1.10.5,open,S3,restore,Test-only security scanner findings must be reviewed and suppressed only with rationale,,,none,none,none,none,none,false,false,false,true,false,test,,,investigate,,,,,"bucket=test-security-noise; line_text=if err := os.MkdirAll(targetPath, 0o755); err != nil {"
CK-110-0994,Detected file permissions that are set to more than `0600` (user/owner can read and write). Setting file permi,codacy,c0d28d6d4e52ab898098a08240072bc2,tests/adversarial/g2_inconsistent_state_adversarial_test.go,113,Semgrep_go.lang.correctness.permissions.file_permission.incorrect-default-permission,Security,FileAccess,High,Opengrep,40a1210ffc8c23dc4a717ce32627c89658e0f608,v1.10.2,open,S3,filesystem,Test-only security scanner findings must be reviewed and suppressed only with rationale,,,none,none,none,none,none,false,false,false,true,false,test,,,investigate,,,,,"bucket=test-security-noise; line_text=if err := os.MkdirAll(restoreDir, 0o755); err != nil {"
CK-110-0995,Method  has a cyclomatic complexity of 13 (limit is 8),codacy,b05803fd28fbf20d513bc7cf1689de7f,internal/storage/store_prepare_chunks_test.go,386,Lizard_ccn-medium,Complexity,,Warning,Lizard,40a1210ffc8c23dc4a717ce32627c89658e0f608,backlog,open,S3,storage,Test complexity findings must be reviewed without weakening invariant coverage,,,none,none,none,none,none,false,false,false,true,false,test,,,investigate,,,,,"bucket=test-complexity-hotspot; line_text=t.Run(tc.name, func(t *testing.T) {"
CK-110-0996,Method TestStoreFileNormalizesRelativeAndAbsolutePathsToSingleIdentity has a cyclomatic complexity of 17 (limi,codacy,66b4655e61886effc0151cd2832b1fd4,internal/storage/physical_file_repository_test.go,338,Lizard_ccn-medium,Complexity,,Warning,Lizard,40a1210ffc8c23dc4a717ce32627c89658e0f608,backlog,open,S3,storage,Test complexity findings must be reviewed without weakening invariant coverage,,,none,none,none,none,none,false,false,false,true,false,test,,,investigate,,,,,bucket=test-complexity-hotspot; line_text=func TestStoreFileNormalizesRelativeAndAbsolutePathsToSingleIdentity(t *testing.T) {
CK-110-0997,All queries must target RAC_* tables.Query does not reference RAC_* table.,codacy,f80e9433c95040e985da8a464b453aec,db/schema_postgres.sql,163,Semgrep_codacy.generic.sql.rac-table-access,Security,SQLInjection,High,Opengrep,,backlog,open,S1,migration,Dynamic SQL scanner findings must be reviewed for parameterization or safe identifier constraints,,,none,none,medium,none,none,true,false,true,false,false,production,,,investigate,,,,,bucket=production-security-candidate; line_text=BEFORE UPDATE ON chunk
CK-110-0998,The application was found setting file permissions to overly permissive values.,codacy,d96363f69179d0b1284081db2a937eef,internal/storage/phase1_compat_matrix_test.go,481,Semgrep_go_file-permissions_rule-fileperm,Security,FileAccess,High,Opengrep,685c72e624fd873ed17ce60c7884b8e1cb949855,backlog,open,S3,storage,Test-only security scanner findings must be reviewed and suppressed only with rationale,,,none,none,none,none,none,false,false,false,true,false,test,,,investigate,,,,,"bucket=test-security-noise; line_text=if err := os.WriteFile(p, data, 0o644); err != nil {"
CK-110-0999,SQL Injection is a critical vulnerability that can lead to data or system compromise.,codacy,7bef67ff20551c5f53c170fe8ded1392,internal/graph/reachability_test.go,431,Semgrep_go_sql_rule-concat-sqli,Security,SQLInjection,Error,Opengrep,662965066392590c71376f6860b0ada0bf23cd4e,v1.10.2,open,S3,security,Test-only security scanner findings must be reviewed and suppressed only with rationale,,,none,none,none,none,none,false,false,false,true,false,test,,,investigate,,,,,"bucket=test-security-noise; line_text=if _, err := dbconn.Exec(`INSERT INTO snapshot_file (snapshot_id, path_id, logical_file_id) VALUES (?, (SELECT id FROM snapshot_path WHERE path = ?), ?)`, fmt.Sprintf(""%d"", snapsho"
CK-110-1000,Method summaryValueString has a cyclomatic complexity of 10 (limit is 8),codacy,8f293ea2477bc8b4d85afe35a37598b2,internal/cli/render/inspect.go,189,Lizard_ccn-medium,Complexity,,Warning,Lizard,40a1210ffc8c23dc4a717ce32627c89658e0f608,v1.10.6,open,S2,codacy,Production complexity hotspots in critical paths must be tracked without behavior-changing refactors,,,none,none,none,none,none,true,false,true,false,false,production,,,investigate,,,,,"bucket=production-complexity-hotspot; line_text=func summaryValueString(key string, value any) string {"
CK-110-1001,Insecure dependency golang/stdlib@v1.23.0 (CVE-2025-61730: During the TLS 1.3 handshake if multiple messages a,codacy,7d32df095bdac0dda32b38e6c352a440,go.mod,3,Trivy_vulnerability_medium,Security,InsecureModulesLibraries,Warning,Trivy,40a1210ffc8c23dc4a717ce32627c89658e0f608,v1.10.2,open,S1,dependencies,Supported Go toolchain must not carry known unplanned CVEs,,,none,none,medium,none,none,true,true,true,false,false,production,,,fix,,,,,bucket=dependency-cve; line_text=go 1.23
CK-110-1002,Method planSnapshotRestoreOutputs has a cyclomatic complexity of 24 (limit is 8),codacy,83b7e86c5e420089add138db0b11a7e2,internal/snapshot/snapshot.go,1125,Lizard_ccn-medium,Complexity,,Warning,Lizard,722b5e53426e4a6c96c1a69a8fdfbbdb403863fb,backlog,open,S2,snapshot,Production complexity hotspots in critical paths must be tracked without behavior-changing refactors,,,none,none,none,none,none,true,false,true,false,false,production,,,investigate,,,,,"bucket=production-complexity-hotspot; line_text=func planSnapshotRestoreOutputs(rows []snapshotRestoreRow, requestedPaths []string, opts RestoreSnapshotOptions) ([]snapshotRestorePlanItem, error) {"
CK-110-1003,The application dynamically constructs file or path information.,codacy,b067490822566f2d4304ebb4d5204f93,tests/utils/common.go,520,Semgrep_go_filesystem_rule-fileread,Security,FileAccess,Error,Opengrep,40a1210ffc8c23dc4a717ce32627c89658e0f608,v1.10.2,open,S3,filesystem,Test-only security scanner findings must be reviewed and suppressed only with rationale,,,none,none,none,none,none,false,false,false,true,false,test,,,investigate,,,,,"bucket=test-security-noise; line_text=f, err := os.OpenFile(containerPath, os.O_RDWR, 0)"
CK-110-1004,Method TestSimulateStoreReportAggregatesExpectedMetrics has a cyclomatic complexity of 11 (limit is 8),codacy,9952a4361ec31a5f3a26b985e1ff539,internal/observability/simulate_store_test.go,10,Lizard_ccn-medium,Complexity,,Warning,Lizard,40a1210ffc8c23dc4a717ce32627c89658e0f608,v1.10.6,open,S3,codacy,Test complexity findings must be reviewed without weakening invariant coverage,,,none,none,none,none,none,false,false,false,true,false,test,,,investigate,,,,,bucket=test-complexity-hotspot; line_text=func TestSimulateStoreReportAggregatesExpectedMetrics(t *testing.T) {
CK-110-1005,Detected file permissions that are set to more than `0600` (user/owner can read and write). Setting file permi,codacy,438695e1eb7cf0b73743964ba04aa909,tests/integration/v19_stats_semantics_integration_test.go,74,Semgrep_go.lang.correctness.permissions.file_permission.incorrect-default-permission,Security,FileAccess,High,Opengrep,40a1210ffc8c23dc4a717ce32627c89658e0f608,v1.10.2,open,S3,filesystem,Test-only security scanner findings must be reviewed and suppressed only with rationale,,,none,none,none,none,none,false,false,false,true,false,test,,,investigate,,,,,"bucket=test-security-noise; line_text=if err := os.MkdirAll(containersDir, 0o755); err != nil {"
CK-110-1006,SQL Injection is a critical vulnerability that can lead to data or system compromise.,codacy,857b161b70a8eb2ca9303c32ac5549be,internal/verify/verify_corruption_fixtures_test.go,91,Semgrep_go_sql_rule-concat-sqli,Security,SQLInjection,Error,Opengrep,4063279927e416c661b23b985ef8102a362051e0,backlog,open,S3,verify,Test-only security scanner findings must be reviewed and suppressed only with rationale,,,none,none,none,none,none,false,false,false,true,false,test,,,investigate,,,,,"bucket=test-security-noise; line_text=res, err := repo.dbconn.Exec(query, value, blockID, chunkID)"
CK-110-1007,The application was found setting directory permissions to overly permissive values.,codacy,c529f361d693f28da7fd4a46c2b97de9,tests/adversarial/g611_adversarial_compression_longrun_test.go,229,Semgrep_go_file-permissions_rule-mkdir,Security,FileAccess,High,Opengrep,40a1210ffc8c23dc4a717ce32627c89658e0f608,v1.10.2,open,S3,filesystem,Test-only security scanner findings must be reviewed and suppressed only with rationale,,,none,none,none,none,none,false,false,false,true,false,test,,,investigate,,,,,"bucket=test-security-noise; line_text=if err := os.MkdirAll(container.ContainersDir, 0o755); err != nil {"
CK-110-1008,Lists should be surrounded by blank lines,codacy,142badfee150947dfbf37604c3dd948b,docs/BENCHMARK_CORPORA.md,53,markdownlint_MD032,CodeStyle,,Info,markdownlint,40a1210ffc8c23dc4a717ce32627c89658e0f608,backlog,open,S4,docs,Documentation style findings must be classified without blocking correctness releases,,,none,none,none,none,none,false,false,false,false,true,docs,,,investigate,,,,,bucket=docs-style; line_text=- `photo.jpg` (3 MB) - JPEG image (high entropy)
CK-110-1009,The application dynamically constructs file or path information.,codacy,bddb489e203e130bcc441420783cd66a,internal/storage/store_v2chunker_test.go,490,Semgrep_go_filesystem_rule-fileread,Security,FileAccess,Error,Opengrep,03c5e204ee5187399063a0156dca5caa3053a818,backlog,open,S3,storage,Test-only security scanner findings must be reviewed and suppressed only with rationale,,,none,none,none,none,none,false,false,false,true,false,test,,,investigate,,,,,"bucket=test-security-noise; line_text=bRestored, err := os.ReadFile(bOut)"
CK-110-1010,Method  has a cyclomatic complexity of 13 (limit is 8),codacy,986416c25baf3ed9d010a9e5424ed6fe,tests/adversarial/g9_batch_semantics_adversarial_test.go,275,Lizard_ccn-medium,Complexity,,Warning,Lizard,40a1210ffc8c23dc4a717ce32627c89658e0f608,v1.10.6,open,S3,codacy,Test complexity findings must be reviewed without weakening invariant coverage,,,none,none,none,none,none,false,false,false,true,false,test,,,investigate,,,,,"bucket=test-complexity-hotspot; line_text=t.Run(""stored-path duplicate explosion remove"", func(t *testing.T) {"
CK-110-1011,Method  has 63 lines of code (limit is 50),codacy,7f07f298989ec27a9641ffd0e616e8d8,internal/verify/verify_block_pipeline_test.go,394,Lizard_nloc-medium,Complexity,,Warning,Lizard,40a1210ffc8c23dc4a717ce32627c89658e0f608,backlog,open,S3,verify,Test complexity findings must be reviewed without weakening invariant coverage,,,none,none,none,none,none,false,false,false,true,false,test,,,investigate,,,,,"bucket=test-complexity-hotspot; line_text=buildCase := func(t *testing.T, blockID int64, payload []byte, codec string, compressionCodec string, legacyHashes bool) mixedCase {"
CK-110-1012,Method DiffSnapshots has 89 lines of code (limit is 50),codacy,f7443e62889dba41fe0d8478e2f1ea18,internal/snapshot/snapshot.go,883,Lizard_nloc-medium,Complexity,,Warning,Lizard,42ec1a20d02fe9c7047e859cfc207e75dd2fd01e,backlog,open,S2,snapshot,Production complexity hotspots in critical paths must be tracked without behavior-changing refactors,,,none,none,none,none,none,true,false,true,false,false,production,,,investigate,,,,,"bucket=production-complexity-hotspot; line_text=func DiffSnapshots(ctx context.Context, db *sql.DB, baseID, targetID string, query *SnapshotQuery) (*SnapshotDiffResult, error) {"
CK-110-1013,Do not use `math/rand`. Use `crypto/rand` instead.,codacy,a393c63f8ef4b9d91a27a797ebc1246,tests/adversarial/g8_system_invariants_lifecycle_adversarial_test.go,6,Semgrep_go.lang.security.audit.crypto.math_random.math-random-used,Security,Cryptography,Error,Opengrep,40a1210ffc8c23dc4a717ce32627c89658e0f608,v1.10.6,open,S3,codacy,Test-only security scanner findings must be reviewed and suppressed only with rationale,,,none,none,none,none,none,false,false,false,true,false,test,,,investigate,,,,,"bucket=test-security-noise; line_text=""math/rand"""
CK-110-1014,Insecure dependency golang/stdlib@v1.23.0 (CVE-2024-34156: encoding/gob: golang: Calling Decoder.Decode on a m,codacy,8f2bb0d25d3e2f2a5ed78b56488c8eb9,go.mod,3,Trivy_vulnerability_high,Security,InsecureModulesLibraries,High,Trivy,40a1210ffc8c23dc4a717ce32627c89658e0f608,v1.10.2,open,S1,dependencies,Supported Go toolchain must not carry known unplanned CVEs,,,none,none,medium,none,none,true,true,true,false,false,production,,,fix,,,,,bucket=dependency-cve; line_text=go 1.23
CK-110-1015,Detected file permissions that are set to more than `0600` (user/owner can read and write). Setting file permi,codacy,aa6edf153f7e15c4b3a21e5c0a8e92fc,internal/benchmark/scenarios.go,171,Semgrep_go.lang.correctness.permissions.file_permission.incorrect-default-permission,Security,FileAccess,High,Opengrep,36a734258f88b2bad6595ae8611fe52e13b2a519,v1.10.6,open,S1,benchmark,Filesystem permission scanner findings must be reviewed by runtime area and threat model,,,none,none,medium,none,none,false,false,false,true,false,benchmark,,,investigate,,,,,"bucket=production-security-candidate; line_text=if err := os.MkdirAll(filepath.Dir(restoreDest), 0o755); err != nil {"
CK-110-1016,Method TestExecutePreparedPreservesInputOrderAndFailFast has a cyclomatic complexity of 9 (limit is 8),codacy,d81af4d427047a3a7c9be4d08e08140d,internal/batch/executor_test.go,5,Lizard_ccn-medium,Complexity,,Warning,Lizard,40a1210ffc8c23dc4a717ce32627c89658e0f608,v1.10.6,open,S3,codacy,Test complexity findings must be reviewed without weakening invariant coverage,,,none,none,none,none,none,false,false,false,true,false,test,,,investigate,,,,,bucket=test-complexity-hotspot; line_text=func TestExecutePreparedPreservesInputOrderAndFailFast(t *testing.T) {
CK-110-1017,"Detected string concatenation with a non-literal variable in a ""database/sql"" Go SQL statement.",codacy,eb8b05997ee066f152b3623976d5140d,internal/observability/service_test.go,36,Semgrep_go.lang.security.audit.sqli.gosql-sqli.gosql-sqli,Security,SQLInjection,Error,Opengrep,5203403c366c34daedb23d0c4ef345f787d6188b,v1.10.2,open,S3,security,Test-only security scanner findings must be reviewed and suppressed only with rationale,,,none,none,none,none,none,false,false,false,true,false,test,,,investigate,,,,,"bucket=test-security-noise; line_text=res, err := dbconn.Exec("
CK-110-1018,Method sumChunkSizesByID has a cyclomatic complexity of 14 (limit is 8),codacy,403963408da24e9b89a6604c7817ecbd,internal/observability/stats.go,325,Lizard_ccn-medium,Complexity,,Warning,Lizard,40a1210ffc8c23dc4a717ce32627c89658e0f608,v1.10.6,open,S2,codacy,Production complexity hotspots in critical paths must be tracked without behavior-changing refactors,,,none,none,none,none,none,true,false,true,false,false,production,,,investigate,,,,,"bucket=production-complexity-hotspot; line_text=func (s *Service) sumChunkSizesByID(ctx context.Context, chunkIDs map[int64]struct{}) (int64, error) {"
CK-110-1019,SQL Injection is a critical vulnerability that can lead to data or system compromise.,codacy,c1d127085893e802a2ae4712a4cfcfc,internal/db/migrations_test.go,1837,Semgrep_go_sql_rule-concat-sqli,Security,SQLInjection,Error,Opengrep,7f694cbfbd19c4d06fe733d66e595b149e59901a,backlog,open,S3,migration,Test-only security scanner findings must be reviewed and suppressed only with rationale,,,none,none,none,none,none,false,false,false,true,false,test,,,investigate,,,,,bucket=test-security-noise; line_text=if err := dbconn.QueryRow(
CK-110-1020,SQL Injection is a critical vulnerability that can lead to data or system compromise.,codacy,dc2f5da476374a1fe9b0515ba9d1c854,internal/snapshot/snapshot.go,505,Semgrep_go_sql_rule-concat-sqli,Security,SQLInjection,Error,Opengrep,6496884dd2588812748bc09a811d5cc41aa7b8c8,backlog,open,S1,snapshot,Dynamic SQL scanner findings must be reviewed for parameterization or safe identifier constraints,,,none,none,medium,none,none,true,false,true,false,false,production,,,investigate,,,,,"bucket=production-security-candidate; line_text=rows, err := db.QueryContext(ctx, query.String(), args...)"
CK-110-1021,Detected file permissions that are set to more than `0600` (user/owner can read and write). Setting file permi,codacy,892dfc2b8a209eb704919c0c23a93a55,internal/verify/verify_system_test.go,559,Semgrep_go.lang.correctness.permissions.file_permission.incorrect-default-permission,Security,FileAccess,High,Opengrep,40a1210ffc8c23dc4a717ce32627c89658e0f608,backlog,open,S3,verify,Test-only security scanner findings must be reviewed and suppressed only with rationale,,,none,none,none,none,none,false,false,false,true,false,test,,,investigate,,,,,"bucket=test-security-noise; line_text=f, err := os.OpenFile(path, os.O_RDWR, 0644)"
CK-110-1022,"Section name should end with a newline ('Returns', not 'Returns:') (D406)",codacy,1d95a8db0462161585ef9d94f055e413,scripts/validate_regression_thresholds.py,74,Prospector_pydocstyle,Documentation,,Info,Prospector,40a1210ffc8c23dc4a717ce32627c89658e0f608,v1.10.6,open,S2,tooling,Release and benchmark scripts must not mask failures or mishandle unsafe inputs,,,low,none,none,low,none,false,true,false,false,false,script,,,investigate,,,,,"bucket=script-tooling-risk; line_text="""""""
CK-110-1023,"Detected string concatenation with a non-literal variable in a ""database/sql"" Go SQL statement.",codacy,25afbce55285ef62ea3480111204d193,internal/db/migrations_test.go,148,Semgrep_go.lang.security.audit.sqli.gosql-sqli.gosql-sqli,Security,SQLInjection,Error,Opengrep,33f7e3db20e88ba7c4736919ea34a4454dde9403,backlog,open,S3,migration,Test-only security scanner findings must be reviewed and suppressed only with rationale,,,none,none,none,none,none,false,false,false,true,false,test,,,investigate,,,,,"bucket=test-security-noise; line_text=rows, err := dbconn.Query(fmt.Sprintf(""PRAGMA table_info(%s)"", tableName))"
CK-110-1024,The application was found setting directory permissions to overly permissive values.,codacy,4cc5155fedefc757a642f99340ec97b1,tests/adversarial/g1_step11_restore_determinism_test.go,105,Semgrep_go_file-permissions_rule-mkdir,Security,FileAccess,High,Opengrep,267df133bd52cd8ce905ef6c64b8c6c9306985b1,v1.10.5,open,S3,restore,Test-only security scanner findings must be reviewed and suppressed only with rationale,,,none,none,none,none,none,false,false,false,true,false,test,,,investigate,,,,,"bucket=test-security-noise; line_text=if err := os.MkdirAll(filepath.Dir(dest), 0o755); err != nil {"
CK-110-1025,Method TestRestoreFailsWhenOutputParentPathIsFile has a cyclomatic complexity of 12 (limit is 8),codacy,b89a03bd4b424c8b4069f7774d0c190f,internal/storage/restore_test.go,1740,Lizard_ccn-medium,Complexity,,Warning,Lizard,d104619b2cea63d2c885d95db0406bab662862ce,v1.10.5,open,S3,restore,Test complexity findings must be reviewed without weakening invariant coverage,,,none,none,none,none,none,false,false,false,true,false,test,,,investigate,,,,,bucket=test-complexity-hotspot; line_text=func TestRestoreFailsWhenOutputParentPathIsFile(t *testing.T) {
CK-110-1026,Method TestRestoreFailsOnAESGCMDecodeFailure has 71 lines of code (limit is 50),codacy,614b784bc8d0545df1bf7e738afdd9a4,internal/storage/restore_test.go,1315,Lizard_nloc-medium,Complexity,,Warning,Lizard,9fce12250ec91c74d8127b86704ce1f90992c88a,v1.10.5,open,S3,restore,Test complexity findings must be reviewed without weakening invariant coverage,,,none,none,none,none,none,false,false,false,true,false,test,,,investigate,,,,,bucket=test-complexity-hotspot; line_text=func TestRestoreFailsOnAESGCMDecodeFailure(t *testing.T) {
CK-110-1027,The application dynamically constructs file or path information.,codacy,92749e90e007435f4808035c393f3ace,internal/maintenance/gc_test.go,1180,Semgrep_go_filesystem_rule-fileread,Security,FileAccess,Error,Opengrep,3dfc42af09c7d5a9e24a00821ea8b54d15f3e90e,v1.10.4,open,S3,gc,Test-only security scanner findings must be reviewed and suppressed only with rationale,,,none,none,none,none,none,false,false,false,true,false,test,,,investigate,,,,,"bucket=test-security-noise; line_text=restored, err := os.ReadFile(filepath.Join(restoreDir, ""snap"", ""live-compressed.bin""))"
CK-110-1028,Insecure dependency golang/stdlib@v1.23.0 (CVE-2026-32282: golang: internal/syscall/unix: Root.Chmod can follo,codacy,e1199df718b6cb85f516b0faf9a8811,go.mod,3,Trivy_vulnerability_medium,Security,InsecureModulesLibraries,Warning,Trivy,40a1210ffc8c23dc4a717ce32627c89658e0f608,v1.10.2,open,S1,dependencies,Supported Go toolchain must not carry known unplanned CVEs,,,none,none,medium,none,none,true,true,true,false,false,production,,,fix,,,,,bucket=dependency-cve; line_text=go 1.23
CK-110-1029,Detected file permissions that are set to more than `0600` (user/owner can read and write). Setting file permi,codacy,98ccfa41e50a39b40260111e15c25306,tests/adversarial/g9_batch_semantics_adversarial_test.go,105,Semgrep_go.lang.correctness.permissions.file_permission.incorrect-default-permission,Security,FileAccess,High,Opengrep,40a1210ffc8c23dc4a717ce32627c89658e0f608,v1.10.2,open,S3,filesystem,Test-only security scanner findings must be reviewed and suppressed only with rationale,,,none,none,none,none,none,false,false,false,true,false,test,,,investigate,,,,,"bucket=test-security-noise; line_text=if err := os.MkdirAll(outDir, 0o755); err != nil {"
CK-110-1030,Method claimLogicalFileWithContext has 144 lines of code (limit is 50),codacy,b7b2c38f0afec2e4aa42d4801a04765d,internal/storage/store.go,1692,Lizard_nloc-medium,Complexity,,Warning,Lizard,dbc7307a205749a9da3911be124e2ddba6fa93da,backlog,open,S2,storage,Production complexity hotspots in critical paths must be tracked without behavior-changing refactors,,,none,medium,none,medium,none,true,false,true,false,false,production,,,investigate,,,,,"bucket=production-complexity-hotspot; line_text=func claimLogicalFileWithContext(ctx context.Context, dbconn *sql.DB, fileinfo os.FileInfo, fileHash string, activeVersion string, containersDir string) (fileID int64, filestatus s"
CK-110-1031,Method TestGenerateDatasetMixedHasBothStableAndNoisySegments has a cyclomatic complexity of 9 (limit is 8),codacy,efb1d1a532c7b2c8f75660e16445e717,internal/benchmark/dataset_test.go,112,Lizard_ccn-medium,Complexity,,Warning,Lizard,c220796f5549e790104ba79acfac4fd99f9f241a,v1.10.6,open,S3,benchmark,Test complexity findings must be reviewed without weakening invariant coverage,,,none,none,none,none,none,false,false,false,true,false,test,,,investigate,,,,,bucket=test-complexity-hotspot; line_text=func TestGenerateDatasetMixedHasBothStableAndNoisySegments(t *testing.T) {
CK-110-1032,Method TestRestoreFailsOnPlaintextSizeMismatch has a cyclomatic complexity of 11 (limit is 8),codacy,a3e0890751be9d9f4fb6ea7aaff53271,internal/storage/restore_test.go,1241,Lizard_ccn-medium,Complexity,,Warning,Lizard,fe4d43231f57197106af1f0776ab8d1028d671be,v1.10.5,open,S3,restore,Test complexity findings must be reviewed without weakening invariant coverage,,,none,none,none,none,none,false,false,false,true,false,test,,,investigate,,,,,bucket=test-complexity-hotspot; line_text=func TestRestoreFailsOnPlaintextSizeMismatch(t *testing.T) {
CK-110-1033,File tests/integration/v18_migration_compatibility_integration_test.go has 1633 non-comment lines of code,codacy,564637cb54b091f6955278f13a7b2e91,tests/integration/v18_migration_compatibility_integration_test.go,1,Lizard_file-nloc-medium,Complexity,,Warning,Lizard,40a1210ffc8c23dc4a717ce32627c89658e0f608,v1.10.2,open,S3,filesystem,Test complexity findings must be reviewed without weakening invariant coverage,,,none,none,none,none,none,false,false,false,true,false,test,,,investigate,,,,,bucket=test-complexity-hotspot; line_text=package main
CK-110-1034,Method RenderSnapshotDiffDetailedHuman has a cyclomatic complexity of 20 (limit is 8),codacy,5e5d13c5dcc5f524ba5b7758917761e3,internal/cli/render/snapshot_diff.go,35,Lizard_ccn-medium,Complexity,,Warning,Lizard,40a1210ffc8c23dc4a717ce32627c89658e0f608,backlog,open,S2,snapshot,Production complexity hotspots in critical paths must be tracked without behavior-changing refactors,,,none,none,none,none,none,true,false,true,false,false,production,,,investigate,,,,,bucket=production-complexity-hotspot; line_text=func RenderSnapshotDiffDetailedHuman(
CK-110-1035,The application was found setting file permissions to overly permissive values.,codacy,9f7a8b6ed0e3e041ac82d318255bcb99,tests/utils/common.go,724,Semgrep_go_file-permissions_rule-fileperm,Security,FileAccess,High,Opengrep,40a1210ffc8c23dc4a717ce32627c89658e0f608,v1.10.2,open,S3,filesystem,Test-only security scanner findings must be reviewed and suppressed only with rationale,,,none,none,none,none,none,false,false,false,true,false,test,,,investigate,,,,,"bucket=test-security-noise; line_text=if err := os.WriteFile(p, []byte{}, 0o644); err != nil {"
CK-110-1036,Method legacyDiffSnapshots has 58 lines of code (limit is 50),codacy,f98f0ecfae60d8900f1fdc1e65ea1d8d,internal/observability/equivalence_phase7_test.go,585,Lizard_nloc-medium,Complexity,,Warning,Lizard,40a1210ffc8c23dc4a717ce32627c89658e0f608,v1.10.6,open,S3,codacy,Test complexity findings must be reviewed without weakening invariant coverage,,,none,none,none,none,none,false,false,false,true,false,test,,,investigate,,,,,"bucket=test-complexity-hotspot; line_text=func legacyDiffSnapshots(ctx context.Context, dbconn *sql.DB, baseID, targetID string) (*snapshot.SnapshotDiffResult, error) {"
CK-110-1037,Method CollectBlockStats has 110 lines of code (limit is 50),codacy,417d1dd26eba5dec0f440d152e8bfcc0,internal/maintenance/stats.go,400,Lizard_nloc-medium,Complexity,,Warning,Lizard,40a1210ffc8c23dc4a717ce32627c89658e0f608,v1.10.4,open,S2,gc,Production complexity hotspots in critical paths must be tracked without behavior-changing refactors,,,none,medium,none,medium,none,true,false,true,false,false,production,,,investigate,,,,,"bucket=production-complexity-hotspot; line_text=func CollectBlockStats(ctx context.Context, dbconn *sql.DB) (BlockStats, error) {"
CK-110-1038,Method TestRestoreFileByStoredPathOverrideMode has a cyclomatic complexity of 14 (limit is 8),codacy,b6985203964446bbf414a5dc80135a34,internal/storage/restore_test.go,878,Lizard_ccn-medium,Complexity,,Warning,Lizard,283637309fd6a847cbd8691173e71984d7269ae2,v1.10.5,open,S3,restore,Test complexity findings must be reviewed without weakening invariant coverage,,,none,none,none,none,none,false,false,false,true,false,test,,,investigate,,,,,bucket=test-complexity-hotspot; line_text=func TestRestoreFileByStoredPathOverrideMode(t *testing.T) {
CK-110-1039,"Insecure dependency golang/stdlib@v1.23.0 (CVE-2026-33814: When processing HTTP/2 SETTINGS frames, transport w",codacy,8f1feab9d1fb84e16a44234c56eb9697,go.mod,3,Trivy_vulnerability_high,Security,InsecureModulesLibraries,High,Trivy,40a1210ffc8c23dc4a717ce32627c89658e0f608,v1.10.2,open,S1,dependencies,Supported Go toolchain must not carry known unplanned CVEs,,,none,none,medium,none,none,true,true,true,false,false,production,,,fix,,,,,bucket=dependency-cve; line_text=go 1.23
CK-110-1040,Insecure dependency golang/stdlib@v1.23.0 (CVE-2026-32281: crypto/x509: golang: Go crypto/x509: Denial of Serv,codacy,a7547d65736ce9d224b823bbd9628ee7,go.mod,3,Trivy_vulnerability_high,Security,InsecureModulesLibraries,High,Trivy,40a1210ffc8c23dc4a717ce32627c89658e0f608,v1.10.2,open,S1,dependencies,Supported Go toolchain must not carry known unplanned CVEs,,,none,none,medium,none,none,true,true,true,false,false,production,,,fix,,,,,bucket=dependency-cve; line_text=go 1.23
CK-110-1041,Method verifyStorageBlocks has 75 lines of code (limit is 50),codacy,2586df2c8b135f72f3ce4876803dbe12,internal/verify/verify_repository.go,121,Lizard_nloc-medium,Complexity,,Warning,Lizard,40a1210ffc8c23dc4a717ce32627c89658e0f608,backlog,open,S2,verify,Production complexity hotspots in critical paths must be tracked without behavior-changing refactors,,,none,medium,none,medium,none,true,false,true,false,false,production,,,investigate,,,,,bucket=production-complexity-hotspot; line_text=func verifyStorageBlocks(dbconn *sql.DB) error {
CK-110-1042,SQL Injection is a critical vulnerability that can lead to data or system compromise.,codacy,a2e38ea0b74bacc2b3d568961c11b5e2,internal/snapshot/path_resolver.go,180,Semgrep_go_sql_rule-concat-sqli,Security,SQLInjection,Error,Opengrep,56858fba01e912aa5c716bb1d723a384c8b030e8,backlog,open,S1,snapshot,Dynamic SQL scanner findings must be reviewed for parameterization or safe identifier constraints,,,none,none,medium,none,none,true,false,true,false,false,production,,,investigate,,,,,"bucket=production-security-candidate; line_text=rows, err := exec.QueryContext(ctx, selectQuery, args...)"
CK-110-1043,Method  has a cyclomatic complexity of 9 (limit is 8),codacy,e4607f85e7d19221485e56449ff0f4cb,tests/adversarial/g611_adversarial_compression_longrun_test.go,45,Lizard_ccn-medium,Complexity,,Warning,Lizard,40a1210ffc8c23dc4a717ce32627c89658e0f608,v1.10.6,open,S3,codacy,Test complexity findings must be reviewed without weakening invariant coverage,,,none,none,none,none,none,false,false,false,true,false,test,,,investigate,,,,,"bucket=test-complexity-hotspot; line_text=t.Run(string(codec), func(t *testing.T) {"
CK-110-1044,The application dynamically constructs file or path information.,codacy,4f77a5501c15302e4af054274227050b,tests/adversarial/g69_gc_safety_matrix_test.go,412,Semgrep_go_filesystem_rule-fileread,Security,FileAccess,Error,Opengrep,40a1210ffc8c23dc4a717ce32627c89658e0f608,v1.10.4,open,S3,gc,Test-only security scanner findings must be reviewed and suppressed only with rationale,,,none,none,none,none,none,false,false,false,true,false,test,,,investigate,,,,,"bucket=test-security-noise; line_text=data, err := os.ReadFile(out)"
CK-110-1045,Method TestBuildPlanDeleteSnapshotKeepsChunkReachableWhenOtherSnapshotStillProtectsIt has a cyclomatic complex,codacy,f44d7aa12dc8c2dae06199b14c2d3a9c,internal/gc/plan_test.go,471,Lizard_ccn-medium,Complexity,,Warning,Lizard,33f5ea558cf6e2f0f5323f4944575d4b62856360,v1.10.4,open,S3,gc,Test complexity findings must be reviewed without weakening invariant coverage,,,none,none,none,none,none,false,false,false,true,false,test,,,investigate,,,,,bucket=test-complexity-hotspot; line_text=func TestBuildPlanDeleteSnapshotKeepsChunkReachableWhenOtherSnapshotStillProtectsIt(t *testing.T) {
CK-110-1046,Method TestRestoreFileByStoredPathUsesPhysicalPathIdentity has 120 lines of code (limit is 50),codacy,1b14c9cff303992bdc5fb60a949ec0cc,internal/storage/restore_test.go,530,Lizard_nloc-medium,Complexity,,Warning,Lizard,0ba9506695566f78d25ded7b3d89078f129e25e3,v1.10.5,open,S3,restore,Test complexity findings must be reviewed without weakening invariant coverage,,,none,none,none,none,none,false,false,false,true,false,test,,,investigate,,,,,bucket=test-complexity-hotspot; line_text=func TestRestoreFileByStoredPathUsesPhysicalPathIdentity(t *testing.T) {
CK-110-1047,The application was found setting directory permissions to overly permissive values.,codacy,15067e5577433237babd656f0bbc63bc,internal/storage/restore.go,953,Semgrep_go_file-permissions_rule-mkdir,Security,FileAccess,High,Opengrep,a9af29f7346b32632086e71606b7ac59e839c1e2,v1.10.5,open,S1,restore,Filesystem permission scanner findings must be reviewed by runtime area and threat model,,,none,medium,medium,medium,none,true,false,true,false,false,production,,,investigate,,,,,"bucket=production-security-candidate; line_text=if err := os.MkdirAll(filepath.Dir(outputPath), 0755); err != nil {"
CK-110-1048,The application dynamically constructs file or path information.,codacy,ea2f3aaaf2a6088d00b5e57c05c5c101,internal/storage/restore_test.go,683,Semgrep_go_filesystem_rule-fileread,Security,FileAccess,Error,Opengrep,a24a803b6d6027a5c2524cb50afb96b9d6cfecc2,v1.10.5,open,S3,restore,Test-only security scanner findings must be reviewed and suppressed only with rationale,,,none,none,none,none,none,false,false,false,true,false,test,,,investigate,,,,,"bucket=test-security-noise; line_text=restored, err := os.ReadFile(result.OutputPath)"
CK-110-1049,Method assertStatsCoreEquivalent has a cyclomatic complexity of 14 (limit is 8),codacy,1cf6fc412d7b6f803ac2da5275a7921f,internal/observability/equivalence_phase7_test.go,351,Lizard_ccn-medium,Complexity,,Warning,Lizard,40a1210ffc8c23dc4a717ce32627c89658e0f608,v1.10.6,open,S3,codacy,Test complexity findings must be reviewed without weakening invariant coverage,,,none,none,none,none,none,false,false,false,true,false,test,,,investigate,,,,,"bucket=test-complexity-hotspot; line_text=func assertStatsCoreEquivalent(t *testing.T, got *StatsResult, want legacyStatsCore) {"
CK-110-1050,Method  has 92 lines of code (limit is 50),codacy,ce5a06da5cfdca57f1786742674e5b1d,tests/adversarial/g8_system_invariants_lifecycle_adversarial_test.go,227,Lizard_nloc-medium,Complexity,,Warning,Lizard,40a1210ffc8c23dc4a717ce32627c89658e0f608,v1.10.6,open,S3,codacy,Test complexity findings must be reviewed without weakening invariant coverage,,,none,none,none,none,none,false,false,false,true,false,test,,,investigate,,,,,"bucket=test-complexity-hotspot; line_text=t.Run(codec, func(t *testing.T) {"
CK-110-1051,Lists should be surrounded by blank lines,codacy,1ec71d422223c47e691909f98f30bda2,docs/benchmarking.md,1471,markdownlint_MD032,CodeStyle,,Info,markdownlint,40a1210ffc8c23dc4a717ce32627c89658e0f608,backlog,open,S4,docs,Documentation style findings must be classified without blocking correctness releases,,,none,none,none,none,none,false,false,false,false,true,docs,,,investigate,,,,,bucket=docs-style; line_text=- Codec per block; one repo can have none + aes-gcm coexisting
CK-110-1052,"Detected string concatenation with a non-literal variable in a ""database/sql"" Go SQL statement.",codacy,bb991b69cfd050c6a9476f44b6e05fce,internal/repository/capabilities/derive.go,340,Semgrep_go.lang.security.audit.sqli.gosql-sqli.gosql-sqli,Security,SQLInjection,Error,Opengrep,dfd535beeebf18e2fb85ff8f275695174f7348dc,v1.10.2,open,S1,security,Dynamic SQL scanner findings must be reviewed for parameterization or safe identifier constraints,,,none,none,medium,none,none,true,false,true,false,false,production,,,investigate,,,,,"bucket=production-security-candidate; line_text=rows, err := dbconn.QueryContext(ctx, fmt.Sprintf(""PRAGMA table_info(%s)"", tableName))"
CK-110-1053,The application was found setting directory permissions to overly permissive values.,codacy,253a4594d5e306b423cae6ccb2f0ca3f,internal/benchmark/runner.go,185,Semgrep_go_file-permissions_rule-mkdir,Security,FileAccess,High,Opengrep,91f935752a6599df526fbed4ba82b440ab365634,v1.10.6,open,S1,benchmark,Filesystem permission scanner findings must be reviewed by runtime area and threat model,,,none,none,medium,none,none,false,false,false,true,false,benchmark,,,investigate,,,,,"bucket=production-security-candidate; line_text=if err := os.MkdirAll(dataPath, 0o755); err != nil {"
CK-110-1054,Method TestRunMigrationsCreatesSnapshotSchemaVersionEight has 99 lines of code (limit is 50),codacy,27e13c704a09b52e744de2bf8286c081,internal/db/migrations_test.go,178,Lizard_nloc-medium,Complexity,,Warning,Lizard,6815bfbea832ea480eaccfc455139a01b2977726,backlog,open,S3,migration,Test complexity findings must be reviewed without weakening invariant coverage,,,none,none,none,none,none,false,false,false,true,false,test,,,investigate,,,,,bucket=test-complexity-hotspot; line_text=func TestRunMigrationsCreatesSnapshotSchemaVersionEight(t *testing.T) {
CK-110-1055,"Insecure dependency golang/stdlib@v1.23.0 (CVE-2026-33811: When using LookupCNAME with the cgo DNS resolver, a",codacy,e99c354cc11e159f66d1c2d96bd7bdde,go.mod,3,Trivy_vulnerability_high,Security,InsecureModulesLibraries,High,Trivy,40a1210ffc8c23dc4a717ce32627c89658e0f608,v1.10.2,open,S1,dependencies,Supported Go toolchain must not carry known unplanned CVEs,,,none,none,medium,none,none,true,true,true,false,false,production,,,fix,,,,,bucket=dependency-cve; line_text=go 1.23
CK-110-1056,The application dynamically constructs file or path information.,codacy,925d19950c2979043e59385a0e2b0dd,internal/benchmark/dataset_test.go,129,Semgrep_go_filesystem_rule-fileread,Security,FileAccess,Error,Opengrep,c220796f5549e790104ba79acfac4fd99f9f241a,v1.10.6,open,S3,benchmark,Test-only security scanner findings must be reviewed and suppressed only with rationale,,,none,none,none,none,none,false,false,false,true,false,test,,,investigate,,,,,"bucket=test-security-noise; line_text=second, err := os.ReadFile(filepath.Join(dir, fileName(2)))"
CK-110-1057,Method  has a cyclomatic complexity of 10 (limit is 8),codacy,592f026e50aa7b1cc15ffcea55fee80f,tests/adversarial/g3_no_data_loss_valid_sequences_adversarial_test.go,112,Lizard_ccn-medium,Complexity,,Warning,Lizard,40a1210ffc8c23dc4a717ce32627c89658e0f608,v1.10.6,open,S3,codacy,Test complexity findings must be reviewed without weakening invariant coverage,,,none,none,none,none,none,false,false,false,true,false,test,,,investigate,,,,,"bucket=test-complexity-hotspot; line_text=t.Run(codec, func(t *testing.T) {"
CK-110-1058,Method TestStep8RestoreCorruptedPackedBlockFailsCleanly has 55 lines of code (limit is 50),codacy,9aa72da584c6a9f2f9de592ae6c9c0b3,internal/storage/restore_step8_test.go,370,Lizard_nloc-medium,Complexity,,Warning,Lizard,40a1210ffc8c23dc4a717ce32627c89658e0f608,v1.10.5,open,S3,restore,Test complexity findings must be reviewed without weakening invariant coverage,,,none,none,none,none,none,false,false,false,true,false,test,,,investigate,,,,,bucket=test-complexity-hotspot; line_text=func TestStep8RestoreCorruptedPackedBlockFailsCleanly(t *testing.T) {
CK-110-1059,"The result of command substitution $(...) or `...`, if unquoted, is split on whitespace or other separators sp",codacy,1901e24f27484a86b9f42d5030c8debd,scripts/smoke.sh,1210,Semgrep_bash.lang.correctness.unquoted-expansion.unquoted-command-substitution-in-command,ErrorProne,,High,Opengrep,70be43fd64fe009851901054047c6b88b7aacfa8,v1.10.6,open,S2,tooling,Release and benchmark scripts must not mask failures or mishandle unsafe inputs,,,low,none,none,low,none,false,true,false,false,false,script,,,investigate,,,,,"bucket=script-tooling-risk; line_text=REAL_LOGICAL_SIZE_BYTES=$(( $(echo ""$STATS_AFTER_PAYLOAD"" | jq -r '.data.logical.total_size_bytes // .data.total_logical_size_bytes // 0') - $(echo ""$STATS_BEFORE_PAYLOAD"" | jq -r "
CK-110-1060,Method TestBackwardCompatV15CLIWorkflowIntegration has 97 lines of code (limit is 50),codacy,12ea85a5eb18166bc30cdc24bd6239a1,tests/integration/read_path_regression_test.go,454,Lizard_nloc-medium,Complexity,,Warning,Lizard,40a1210ffc8c23dc4a717ce32627c89658e0f608,v1.10.2,open,S3,filesystem,Test complexity findings must be reviewed without weakening invariant coverage,,,none,none,none,none,none,false,false,false,true,false,test,,,investigate,,,,,bucket=test-complexity-hotspot; line_text=func TestBackwardCompatV15CLIWorkflowIntegration(t *testing.T) {
CK-110-1061,Detected file permissions that are set to more than `0600` (user/owner can read and write). Setting file permi,codacy,353891f807656a3049fa5745cb11952,tests/adversarial/g5_atomic_restore_adversarial_test.go,108,Semgrep_go.lang.correctness.permissions.file_permission.incorrect-default-permission,Security,FileAccess,High,Opengrep,40a1210ffc8c23dc4a717ce32627c89658e0f608,v1.10.5,open,S3,restore,Test-only security scanner findings must be reviewed and suppressed only with rationale,,,none,none,none,none,none,false,false,false,true,false,test,,,investigate,,,,,"bucket=test-security-noise; line_text=if err := os.MkdirAll(inputDir, 0o755); err != nil {"
CK-110-1062,File internal/blocks/block_format_v1_test.go has 511 non-comment lines of code,codacy,ed05097e607ec091b24a1705c2176de9,internal/blocks/block_format_v1_test.go,1,Lizard_file-nloc-medium,Complexity,,Warning,Lizard,40a1210ffc8c23dc4a717ce32627c89658e0f608,v1.10.2,open,S3,filesystem,Test complexity findings must be reviewed without weakening invariant coverage,,,none,none,none,none,none,false,false,false,true,false,test,,,investigate,,,,,bucket=test-complexity-hotspot; line_text=package blocks
CK-110-1063,Method inspectSnapshot has a cyclomatic complexity of 10 (limit is 8),codacy,f82900dfdcf2f1fd6d8ad039a2ff253f,internal/observability/inspect.go,184,Lizard_ccn-medium,Complexity,,Warning,Lizard,40a1210ffc8c23dc4a717ce32627c89658e0f608,v1.10.6,open,S2,codacy,Production complexity hotspots in critical paths must be tracked without behavior-changing refactors,,,none,none,none,none,none,true,false,true,false,false,production,,,investigate,,,,,"bucket=production-complexity-hotspot; line_text=func (s *Service) inspectSnapshot(ctx context.Context, id string, opts InspectOptions) (*InspectResult, error) {"
CK-110-1064,Method resolveSnapshotRestoreSelection has a cyclomatic complexity of 21 (limit is 8),codacy,156c479c9a04e74f801fdfca887c3803,internal/snapshot/snapshot.go,1023,Lizard_ccn-medium,Complexity,,Warning,Lizard,722b5e53426e4a6c96c1a69a8fdfbbdb403863fb,backlog,open,S2,snapshot,Production complexity hotspots in critical paths must be tracked without behavior-changing refactors,,,none,none,none,none,none,true,false,true,false,false,production,,,investigate,,,,,bucket=production-complexity-hotspot; line_text=func resolveSnapshotRestoreSelection(
CK-110-1065,Insecure dependency golang/stdlib@v1.23.0 (CVE-2025-58187: crypto/x509: Quadratic complexity when checking nam,codacy,d671974087552bac94d03efa82b1fb8b,go.mod,3,Trivy_vulnerability_medium,Security,InsecureModulesLibraries,Warning,Trivy,40a1210ffc8c23dc4a717ce32627c89658e0f608,v1.10.2,open,S1,dependencies,Supported Go toolchain must not carry known unplanned CVEs,,,none,none,medium,none,none,true,true,true,false,false,production,,,fix,,,,,bucket=dependency-cve; line_text=go 1.23
CK-110-1066,Expected: 1; Actual: 0; Below,codacy,390c6ea5289e431fbf70bd3dc8886ead,docs/STEP64_METRICS_VALIDATION.md,123,markdownlint_MD022,CodeStyle,,Info,markdownlint,40a1210ffc8c23dc4a717ce32627c89658e0f608,backlog,open,S4,docs,Documentation style findings must be classified without blocking correctness releases,,,none,none,none,none,none,false,false,false,false,true,docs,,,investigate,,,,,bucket=docs-style; line_text=### Formatting
CK-110-1067,The application was found setting directory permissions to overly permissive values.,codacy,84ced960d1959140047686a8e8c4cf8b,tests/adversarial/g2_inconsistent_state_adversarial_test.go,259,Semgrep_go_file-permissions_rule-mkdir,Security,FileAccess,High,Opengrep,2c85472bf5d9f80268b16877608d5d9112c4a4ec,v1.10.2,open,S3,filesystem,Test-only security scanner findings must be reviewed and suppressed only with rationale,,,none,none,none,none,none,false,false,false,true,false,test,,,investigate,,,,,"bucket=test-security-noise; line_text=if err := os.MkdirAll(container.ContainersDir, 0o755); err != nil {"
CK-110-1068,SQL Injection is a critical vulnerability that can lead to data or system compromise.,codacy,f4aa1d4f30337e5831b98944ca8c4bbb,internal/maintenance/gc.go,744,Semgrep_go_sql_rule-concat-sqli,Security,SQLInjection,Error,Opengrep,378e7ade7abc1ebe69ae830e150b0241792177ca,v1.10.4,open,S1,gc,Dynamic SQL scanner findings must be reviewed for parameterization or safe identifier constraints,,,none,medium,medium,medium,none,true,false,true,false,false,production,,,investigate,,,,,"bucket=production-security-candidate; line_text=if err := tx.QueryRowContext(ctx, emptyQuery, ac.id).Scan(&stillFullyDead); err != nil {"
CK-110-1069,The application was found setting directory permissions to overly permissive values.,codacy,7b2ab1a47a1de20118dfd980dfe80f19,internal/snapshot/snapshot.go,1256,Semgrep_go_file-permissions_rule-mkdir,Security,FileAccess,High,Opengrep,659fdc8a2e5bc0586d8c0cfdab6417f260b178e0,backlog,open,S1,snapshot,Filesystem permission scanner findings must be reviewed by runtime area and threat model,,,none,none,medium,none,none,true,false,true,false,false,production,,,investigate,,,,,"bucket=production-security-candidate; line_text=if err := os.MkdirAll(dir, 0o755); err != nil {"
CK-110-1070,Method TestSweepUnreachableChunksDeletesPackedMappings has a cyclomatic complexity of 12 (limit is 8),codacy,c4a4c37325d93c599deedec62b9bbc2c,internal/maintenance/gc_packed_test.go,158,Lizard_ccn-medium,Complexity,,Warning,Lizard,40a1210ffc8c23dc4a717ce32627c89658e0f608,v1.10.4,open,S3,gc,Test complexity findings must be reviewed without weakening invariant coverage,,,none,none,none,none,none,false,false,false,true,false,test,,,investigate,,,,,bucket=test-complexity-hotspot; line_text=func TestSweepUnreachableChunksDeletesPackedMappings(t *testing.T) {
CK-110-1071,Method TestLocalWriterAppendPayloadRefreshesDBSizeBeforeRotationDecision has 54 lines of code (limit is 50),codacy,4106100d30d74aa7ae44c94043b5ab7f,internal/container/local_writer_test.go,254,Lizard_nloc-medium,Complexity,,Warning,Lizard,40a1210ffc8c23dc4a717ce32627c89658e0f608,backlog,open,S3,storage,Test complexity findings must be reviewed without weakening invariant coverage,,,none,none,none,none,none,false,false,false,true,false,test,,,investigate,,,,,bucket=test-complexity-hotspot; line_text=func TestLocalWriterAppendPayloadRefreshesDBSizeBeforeRotationDecision(t *testing.T) {
CK-110-1072,Expected: 1; Actual: 0; Below,codacy,d8aece0a8da7e6acc6e65a8844f5e4c0,docs/BENCHMARK_CORPORA.md,256,markdownlint_MD022,CodeStyle,,Info,markdownlint,40a1210ffc8c23dc4a717ce32627c89658e0f608,backlog,open,S4,docs,Documentation style findings must be classified without blocking correctness releases,,,none,none,none,none,none,false,false,false,false,true,docs,,,investigate,,,,,bucket=docs-style; line_text=### Corpus v2 (Post-Release)
CK-110-1073,The application was found setting directory permissions to overly permissive values.,codacy,20d5fa3720ad015303c8d36b232d3d49,internal/benchmark/scenarios.go,171,Semgrep_go_file-permissions_rule-mkdir,Security,FileAccess,High,Opengrep,36a734258f88b2bad6595ae8611fe52e13b2a519,v1.10.6,open,S1,benchmark,Filesystem permission scanner findings must be reviewed by runtime area and threat model,,,none,none,medium,none,none,false,false,false,true,false,benchmark,,,investigate,,,,,"bucket=production-security-candidate; line_text=if err := os.MkdirAll(filepath.Dir(restoreDest), 0o755); err != nil {"
CK-110-1074,Expected: 1; Actual: 0; Below,codacy,4eb48716f13e827bcbb130fe8b31624a,docs/BENCHMARK_CORPORA.md,262,markdownlint_MD022,CodeStyle,,Info,markdownlint,40a1210ffc8c23dc4a717ce32627c89658e0f608,backlog,open,S4,docs,Documentation style findings must be classified without blocking correctness releases,,,none,none,none,none,none,false,false,false,false,true,docs,,,investigate,,,,,bucket=docs-style; line_text=### Extended Coverage
CK-110-1075,The application was found setting directory permissions to overly permissive values.,codacy,affa4fb3b08098c7516a086f03449973,tests/adversarial/g6_concurrent_operations_adversarial_test.go,172,Semgrep_go_file-permissions_rule-mkdir,Security,FileAccess,High,Opengrep,40a1210ffc8c23dc4a717ce32627c89658e0f608,v1.10.2,open,S3,filesystem,Test-only security scanner findings must be reviewed and suppressed only with rationale,,,none,none,none,none,none,false,false,false,true,false,test,,,investigate,,,,,"bucket=test-security-noise; line_text=if err := os.MkdirAll(restoreDir, 0o755); err != nil {"
CK-110-1076,Method snapshotBlocksForFile has 67 lines of code (limit is 50),codacy,418208fe3d2402a5410103b51a95f169,internal/storage/store_compression_feature_gate_test.go,243,Lizard_nloc-medium,Complexity,,Warning,Lizard,adf50eefea0cf97c7db048c6124838dd429cf49b,backlog,open,S3,storage,Test complexity findings must be reviewed without weakening invariant coverage,,,none,none,none,none,none,false,false,false,true,false,test,,,investigate,,,,,"bucket=test-complexity-hotspot; line_text=func snapshotBlocksForFile(t *testing.T, repo *TestRepository, fileID int64) []blockSnapshot {"
CK-110-1077,Method legacyGetSnapshotStats has a cyclomatic complexity of 14 (limit is 8),codacy,42dbf750e3ee01dd57f7966496db884,internal/observability/equivalence_phase7_test.go,503,Lizard_ccn-medium,Complexity,,Warning,Lizard,40a1210ffc8c23dc4a717ce32627c89658e0f608,v1.10.6,open,S3,codacy,Test complexity findings must be reviewed without weakening invariant coverage,,,none,none,none,none,none,false,false,false,true,false,test,,,investigate,,,,,"bucket=test-complexity-hotspot; line_text=func legacyGetSnapshotStats(ctx context.Context, dbconn *sql.DB, snapshotID string) (*snapshot.SnapshotStats, error) {"
CK-110-1078,Method TestInspectDeterministicOutput has a cyclomatic complexity of 11 (limit is 8),codacy,4f02a07fa6669c6c68566fb4f18b4572,internal/observability/inspect_test.go,866,Lizard_ccn-medium,Complexity,,Warning,Lizard,40a1210ffc8c23dc4a717ce32627c89658e0f608,v1.10.6,open,S3,codacy,Test complexity findings must be reviewed without weakening invariant coverage,,,none,none,none,none,none,false,false,false,true,false,test,,,investigate,,,,,bucket=test-complexity-hotspot; line_text=func TestInspectDeterministicOutput(t *testing.T) {
CK-110-1079,Expected: 1; Actual: 0; Below,codacy,71232121812a15806f4d8b8a2588d8f9,docs/STEP64_METRICS_VALIDATION.md,229,markdownlint_MD022,CodeStyle,,Info,markdownlint,40a1210ffc8c23dc4a717ce32627c89658e0f608,backlog,open,S4,docs,Documentation style findings must be classified without blocking correctness releases,,,none,none,none,none,none,false,false,false,false,true,docs,,,investigate,,,,,bucket=docs-style; line_text=### Future Enhancements
CK-110-1080,Lists should be surrounded by blank lines,codacy,c083fc66fd84fed23cb9f6fae8788647,docs/BENCHMARK_METRICS.md,139,markdownlint_MD032,CodeStyle,,Info,markdownlint,40a1210ffc8c23dc4a717ce32627c89658e0f608,backlog,open,S4,docs,Documentation style findings must be classified without blocking correctness releases,,,none,none,none,none,none,false,false,false,false,true,docs,,,investigate,,,,,bucket=docs-style; line_text=- Compression ratio repeatable: same data yields same compression ratio
CK-110-1081,Detected file permissions that are set to more than `0600` (user/owner can read and write). Setting file permi,codacy,8430e25e790549b93ad82e85b0a8d80,internal/benchmark/scenarios.go,201,Semgrep_go.lang.correctness.permissions.file_permission.incorrect-default-permission,Security,FileAccess,High,Opengrep,36a734258f88b2bad6595ae8611fe52e13b2a519,v1.10.6,open,S1,benchmark,Filesystem permission scanner findings must be reviewed by runtime area and threat model,,,none,none,medium,none,none,false,false,false,true,false,benchmark,,,investigate,,,,,"bucket=production-security-candidate; line_text=if err := os.MkdirAll(restoreRoot, 0o755); err != nil {"
CK-110-1082,Method TestStatsEnrichesGraphSnapshotReachabilityForNumericSnapshotIDs has a cyclomatic complexity of 12 (limi,codacy,f419b45be72a61b0d0cd5633bd9154d0,internal/observability/stats_test.go,332,Lizard_ccn-medium,Complexity,,Warning,Lizard,40a1210ffc8c23dc4a717ce32627c89658e0f608,v1.10.6,open,S3,codacy,Test complexity findings must be reviewed without weakening invariant coverage,,,none,none,none,none,none,false,false,false,true,false,test,,,investigate,,,,,bucket=test-complexity-hotspot; line_text=func TestStatsEnrichesGraphSnapshotReachabilityForNumericSnapshotIDs(t *testing.T) {
CK-110-1083,Method testStep69SingleRepoClass has 66 lines of code (limit is 50),codacy,c131e51f7c2503d1a352dae0b6b8c88,tests/adversarial/g69_gc_safety_matrix_test.go,73,Lizard_nloc-medium,Complexity,,Warning,Lizard,40a1210ffc8c23dc4a717ce32627c89658e0f608,v1.10.4,open,S3,gc,Test complexity findings must be reviewed without weakening invariant coverage,,,none,none,none,none,none,false,false,false,true,false,test,,,investigate,,,,,"bucket=test-complexity-hotspot; line_text=func testStep69SingleRepoClass(t *testing.T, class step69RepoClass) {"
CK-110-1084,Method TestStorageBlockReaderPhysicalHashMismatchOnFlippedByte has a cyclomatic complexity of 11 (limit is 8),codacy,f559359dbccfcd9f3db039c8d4a0c118,internal/storage/storage_block_reader_test.go,439,Lizard_ccn-medium,Complexity,,Warning,Lizard,e17bce29d9636f35da3198ae4e2c1544c18e177c,v1.10.3,open,S3,packed-storage,Test complexity findings must be reviewed without weakening invariant coverage,,,none,none,none,none,none,false,false,false,true,false,test,,,investigate,,,,,bucket=test-complexity-hotspot; line_text=func TestStorageBlockReaderPhysicalHashMismatchOnFlippedByte(t *testing.T) {
CK-110-1085,Method TestSimulatedWriterAppendPayloadCreatesAndRotatesContainer has a cyclomatic complexity of 18 (limit is ,codacy,8ac7f849d5f095570b3bcd547bd700eb,internal/container/simulated_writer_test.go,47,Lizard_ccn-medium,Complexity,,Warning,Lizard,40a1210ffc8c23dc4a717ce32627c89658e0f608,backlog,open,S3,storage,Test complexity findings must be reviewed without weakening invariant coverage,,,none,none,none,none,none,false,false,false,true,false,test,,,investigate,,,,,bucket=test-complexity-hotspot; line_text=func TestSimulatedWriterAppendPayloadCreatesAndRotatesContainer(t *testing.T) {
CK-110-1086,Method TestInspectChunkRelationsIncludeLegacyBlockMetadata has a cyclomatic complexity of 20 (limit is 8),codacy,5167746164734427bb8ca563a1649a09,internal/observability/inspect_test.go,336,Lizard_ccn-medium,Complexity,,Warning,Lizard,40a1210ffc8c23dc4a717ce32627c89658e0f608,v1.10.6,open,S3,codacy,Test complexity findings must be reviewed without weakening invariant coverage,,,none,none,none,none,none,false,false,false,true,false,test,,,investigate,,,,,bucket=test-complexity-hotspot; line_text=func TestInspectChunkRelationsIncludeLegacyBlockMetadata(t *testing.T) {
CK-110-1087,Method TestReplacePhysicalFileLogicalTargetTx has a cyclomatic complexity of 13 (limit is 8),codacy,ae21997eee2dcecf5a6a24354f0c96ec,internal/storage/physical_file_repository_test.go,121,Lizard_ccn-medium,Complexity,,Warning,Lizard,40a1210ffc8c23dc4a717ce32627c89658e0f608,backlog,open,S3,storage,Test complexity findings must be reviewed without weakening invariant coverage,,,none,none,none,none,none,false,false,false,true,false,test,,,investigate,,,,,bucket=test-complexity-hotspot; line_text=func TestReplacePhysicalFileLogicalTargetTx(t *testing.T) {
CK-110-1088,Method TestSweepUnreachableChunksMixedPackedBlockKeepsAllRefsAndChunks has a cyclomatic complexity of 19 (limi,codacy,442a1d3f5c8aebe9379ee2dc1e9b72bd,internal/maintenance/gc_packed_test.go,283,Lizard_ccn-medium,Complexity,,Warning,Lizard,40a1210ffc8c23dc4a717ce32627c89658e0f608,v1.10.4,open,S3,gc,Test complexity findings must be reviewed without weakening invariant coverage,,,none,none,none,none,none,false,false,false,true,false,test,,,investigate,,,,,bucket=test-complexity-hotspot; line_text=func TestSweepUnreachableChunksMixedPackedBlockKeepsAllRefsAndChunks(t *testing.T) {
CK-110-1089,Detected non-static command inside Command.,codacy,3fece3ff3fe22f7a38e696905ea2f14b,tests/integration/v18_migration_compatibility_integration_test.go,1942,Semgrep_go.lang.security.audit.dangerous-exec-command.dangerous-exec-command,Security,CommandInjection,Error,Opengrep,,v1.10.6,open,S1,codacy,Command execution findings must be reviewed for trusted executable and argument boundaries,,,none,none,medium,none,none,false,false,false,true,false,test,,,investigate,,,,,"bucket=production-security-candidate; line_text=cmd := exec.Command(name, args...)"
CK-110-1090,File internal/maintenance/gc_step11_test.go has 535 non-comment lines of code,codacy,8f37db311fb974bf62730d093fb1a495,internal/maintenance/gc_step11_test.go,1,Lizard_file-nloc-medium,Complexity,,Warning,Lizard,40a1210ffc8c23dc4a717ce32627c89658e0f608,v1.10.4,open,S3,gc,Test complexity findings must be reviewed without weakening invariant coverage,,,none,none,none,none,none,false,false,false,true,false,test,,,investigate,,,,,bucket=test-complexity-hotspot; line_text=package maintenance
CK-110-1091,Method  has a cyclomatic complexity of 12 (limit is 8),codacy,3ba2a6dcc6b901dc036fe8b16661be87,tests/adversarial/g9_batch_semantics_adversarial_test.go,449,Lizard_ccn-medium,Complexity,,Warning,Lizard,40a1210ffc8c23dc4a717ce32627c89658e0f608,v1.10.6,open,S3,codacy,Test complexity findings must be reviewed without weakening invariant coverage,,,none,none,none,none,none,false,false,false,true,false,test,,,investigate,,,,,"bucket=test-complexity-hotspot; line_text=t.Run(""all-invalid input returns structured failed items"", func(t *testing.T) {"
CK-110-1092,File internal/storage/store_compression_feature_gate_test.go has 779 non-comment lines of code,codacy,44af9a79b00d320d12fb0878b1868e75,internal/storage/store_compression_feature_gate_test.go,1,Lizard_file-nloc-medium,Complexity,,Warning,Lizard,40a1210ffc8c23dc4a717ce32627c89658e0f608,backlog,open,S3,storage,Test complexity findings must be reviewed without weakening invariant coverage,,,none,none,none,none,none,false,false,false,true,false,test,,,investigate,,,,,bucket=test-complexity-hotspot; line_text=package storage
CK-110-1093,Detected file permissions that are set to more than `0600` (user/owner can read and write). Setting file permi,codacy,ec83698b14ce6e1208509ae0300df35d,internal/storage/restore_test.go,1903,Semgrep_go.lang.correctness.permissions.file_permission.incorrect-default-permission,Security,FileAccess,High,Opengrep,6a6fd82a9f402e3f046ffa50b841e240daeb3c3a,v1.10.5,open,S3,restore,Test-only security scanner findings must be reviewed and suppressed only with rationale,,,none,none,none,none,none,false,false,false,true,false,test,,,investigate,,,,,"bucket=test-security-noise; line_text=if err := os.MkdirAll(outputParentDir, 0o755); err != nil {"
CK-110-1094,Method RemoveFileWithDBResult has 92 lines of code (limit is 50),codacy,62350c6f3e27554873ccc3b261b1791b,internal/storage/remove.go,238,Lizard_nloc-medium,Complexity,,Warning,Lizard,40a1210ffc8c23dc4a717ce32627c89658e0f608,backlog,open,S2,storage,Production complexity hotspots in critical paths must be tracked without behavior-changing refactors,,,none,medium,none,medium,none,true,false,true,false,false,production,,,investigate,,,,,"bucket=production-complexity-hotspot; line_text=func RemoveFileWithDBResult(dbconn *sql.DB, fileID int64) (result RemoveFileResult, err error) {"
CK-110-1095,Lists should be surrounded by blank lines,codacy,51c2edb82b1e6f1b0db185cc255ec5c8,docs/benchmarking.md,304,markdownlint_MD032,CodeStyle,,Info,markdownlint,40a1210ffc8c23dc4a717ce32627c89658e0f608,backlog,open,S4,docs,Documentation style findings must be classified without blocking correctness releases,,,none,none,none,none,none,false,false,false,false,true,docs,,,investigate,,,,,bucket=docs-style; line_text=- `store-large-file`: 13.8% duration overhead typical
CK-110-1096,Method TestCollectBlockStatsCompressionAggregatesMixedRepository has 77 lines of code (limit is 50),codacy,5883110bed7472e36b596ddbc3f04749,internal/maintenance/stats_test.go,542,Lizard_nloc-medium,Complexity,,Warning,Lizard,40a1210ffc8c23dc4a717ce32627c89658e0f608,v1.10.4,open,S3,gc,Test complexity findings must be reviewed without weakening invariant coverage,,,none,none,none,none,none,false,false,false,true,false,test,,,investigate,,,,,bucket=test-complexity-hotspot; line_text=func TestCollectBlockStatsCompressionAggregatesMixedRepository(t *testing.T) {
CK-110-1097,Method insertPackedStorageBlockFixtureWithCompression has 54 lines of code (limit is 50),codacy,ed963b7543f5b795d6327168a4e8bc58,internal/maintenance/gc_test.go,969,Lizard_nloc-medium,Complexity,,Warning,Lizard,3dfc42af09c7d5a9e24a00821ea8b54d15f3e90e,v1.10.4,open,S3,gc,Test complexity findings must be reviewed without weakening invariant coverage,,,none,none,none,none,none,false,false,false,true,false,test,,,investigate,,,,,"bucket=test-complexity-hotspot; line_text=func insertPackedStorageBlockFixtureWithCompression(t *testing.T, dbconn *sql.DB, containersDir, containerFilename string, chunkIDs []int64, chunkPayloads [][]byte, compressionCode"
CK-110-1098,All queries must target RAC_* tables.Query does not reference RAC_* table.,codacy,98cfb0fde3b54bbfad7aebde95dc415b,db/schema_postgres.sql,331,Semgrep_codacy.generic.sql.rac-table-access,Security,SQLInjection,High,Opengrep,40a1210ffc8c23dc4a717ce32627c89658e0f608,backlog,open,S1,migration,Dynamic SQL scanner findings must be reviewed for parameterization or safe identifier constraints,,,none,none,medium,none,none,true,false,true,false,false,production,,,investigate,,,,,bucket=production-security-candidate; line_text=UPDATE snapshot_file sf
CK-110-1099,Detected file permissions that are set to more than `0600` (user/owner can read and write). Setting file permi,codacy,4860b674b4197819edff12d6e6433c89,tests/integration/read_path_regression_test.go,366,Semgrep_go.lang.correctness.permissions.file_permission.incorrect-default-permission,Security,FileAccess,High,Opengrep,7b152752f6571720718774c7c526a118209d6807,v1.10.2,open,S3,filesystem,Test-only security scanner findings must be reviewed and suppressed only with rationale,,,none,none,none,none,none,false,false,false,true,false,test,,,investigate,,,,,"bucket=test-security-noise; line_text=if err := os.MkdirAll(outDir, 0o755); err != nil {"
CK-110-1100,Method checkSealedContainersHash has 57 lines of code (limit is 50),codacy,b5a421e5003d46dfc46285759b0292d8,internal/verify/verify_container.go,193,Lizard_nloc-medium,Complexity,,Warning,Lizard,40a1210ffc8c23dc4a717ce32627c89658e0f608,backlog,open,S2,verify,Production complexity hotspots in critical paths must be tracked without behavior-changing refactors,,,none,medium,none,medium,none,true,false,true,false,false,production,,,investigate,,,,,"bucket=production-complexity-hotspot; line_text=func checkSealedContainersHash(dbconn *sql.DB, containersDir string) error {"
CK-110-1101,The application was found setting directory permissions to overly permissive values.,codacy,f1d1b28b7415487b9f900b375dfad790,internal/container/local_writer.go,357,Semgrep_go_file-permissions_rule-mkdir,Security,FileAccess,High,Opengrep,4c974bfac55c61b1b715b3043fed3648eeba5adf,backlog,open,S1,storage,Filesystem permission scanner findings must be reviewed by runtime area and threat model,,,none,medium,medium,medium,none,true,false,true,false,false,production,,,investigate,,,,,"bucket=production-security-candidate; line_text=if err := os.MkdirAll(w.dir, 0755); err != nil {"
CK-110-1102,Method TestRunMigrationsAddsTransformAwareStorageBlockMetadataToV12Repositories has a cyclomatic complexity of,codacy,e71a42462fd9b42b9f7eda41437c47af,internal/db/migrations_test.go,839,Lizard_ccn-medium,Complexity,,Warning,Lizard,e6a3a73f70b69a4eefce68e0f93113e30067e27c,backlog,open,S3,migration,Test complexity findings must be reviewed without weakening invariant coverage,,,none,none,none,none,none,false,false,false,true,false,test,,,investigate,,,,,bucket=test-complexity-hotspot; line_text=func TestRunMigrationsAddsTransformAwareStorageBlockMetadataToV12Repositories(t *testing.T) {
CK-110-1103,Method inspectChunk has a cyclomatic complexity of 12 (limit is 8),codacy,e429d28d07f0fdcabb5f564595701ab9,internal/observability/inspect.go,314,Lizard_ccn-medium,Complexity,,Warning,Lizard,40a1210ffc8c23dc4a717ce32627c89658e0f608,v1.10.6,open,S2,codacy,Production complexity hotspots in critical paths must be tracked without behavior-changing refactors,,,none,none,none,none,none,true,false,true,false,false,production,,,investigate,,,,,"bucket=production-complexity-hotspot; line_text=func (s *Service) inspectChunk(ctx context.Context, id string, opts InspectOptions) (*InspectResult, error) {"
CK-110-1104,Method TestRunMigrationsAddsTransformAwareStorageBlockMetadataToV12Repositories has 145 lines of code (limit i,codacy,154971dcf8c6ba542d3fa724d772de52,internal/db/migrations_test.go,839,Lizard_nloc-medium,Complexity,,Warning,Lizard,e6a3a73f70b69a4eefce68e0f93113e30067e27c,backlog,open,S3,migration,Test complexity findings must be reviewed without weakening invariant coverage,,,none,none,none,none,none,false,false,false,true,false,test,,,investigate,,,,,bucket=test-complexity-hotspot; line_text=func TestRunMigrationsAddsTransformAwareStorageBlockMetadataToV12Repositories(t *testing.T) {
CK-110-1105,Method ParseStorageContext has a cyclomatic complexity of 14 (limit is 8),codacy,31dcb68febf2b473ce998b385d6c4d26,internal/storage/context.go,141,Lizard_ccn-medium,Complexity,,Warning,Lizard,40a1210ffc8c23dc4a717ce32627c89658e0f608,backlog,open,S2,storage,Production complexity hotspots in critical paths must be tracked without behavior-changing refactors,,,none,medium,none,medium,none,true,false,true,false,false,production,,,investigate,,,,,"bucket=production-complexity-hotspot; line_text=func ParseStorageContext(value string) (StorageContext, error) {"
CK-110-1106,Method testStep67MatrixVariant has 104 lines of code (limit is 50),codacy,4dbea55a42f9b603963d7a6ba7e1c4d,tests/adversarial/g67_deterministic_restore_matrix_test.go,59,Lizard_nloc-medium,Complexity,,Warning,Lizard,40a1210ffc8c23dc4a717ce32627c89658e0f608,v1.10.5,open,S3,restore,Test complexity findings must be reviewed without weakening invariant coverage,,,none,none,none,none,none,false,false,false,true,false,test,,,investigate,,,,,"bucket=test-complexity-hotspot; line_text=func testStep67MatrixVariant(t *testing.T, encryptionCodec, compressionCodec string) {"
CK-110-1107,Method TestTraverseWithOptionsEmitsTraceEvents has a cyclomatic complexity of 10 (limit is 8),codacy,ac1fe07dfbefa6cba43f43aa964dc6d3,internal/graph/traversal_test.go,279,Lizard_ccn-medium,Complexity,,Warning,Lizard,40a1210ffc8c23dc4a717ce32627c89658e0f608,v1.10.6,open,S3,codacy,Test complexity findings must be reviewed without weakening invariant coverage,,,none,none,none,none,none,false,false,false,true,false,test,,,investigate,,,,,bucket=test-complexity-hotspot; line_text=func TestTraverseWithOptionsEmitsTraceEvents(t *testing.T) {
CK-110-1108,Detected file permissions that are set to more than `0600` (user/owner can read and write). Setting file permi,codacy,e3821a28c91e25c97c6c16168998ccd0,tests/adversarial/g610_mixed_repository_stability_test.go,209,Semgrep_go.lang.correctness.permissions.file_permission.incorrect-default-permission,Security,FileAccess,High,Opengrep,40a1210ffc8c23dc4a717ce32627c89658e0f608,v1.10.2,open,S3,filesystem,Test-only security scanner findings must be reviewed and suppressed only with rationale,,,none,none,none,none,none,false,false,false,true,false,test,,,investigate,,,,,"bucket=test-security-noise; line_text=if err := os.MkdirAll(container.ContainersDir, 0o755); err != nil {"
CK-110-1109,Lists should be surrounded by blank lines,codacy,f98d5ae348552c28f7d885910fc3e8cb,docs/BENCHMARK_METRICS.md,30,markdownlint_MD032,CodeStyle,,Info,markdownlint,40a1210ffc8c23dc4a717ce32627c89658e0f608,backlog,open,S4,docs,Documentation style findings must be classified without blocking correctness releases,,,none,none,none,none,none,false,false,false,false,true,docs,,,investigate,,,,,bucket=docs-style; line_text=- `CompressionRatio < PhysicalRatio` indicates storage transform overhead
CK-110-1110,Method TestSimulateGCMatchesActualGCDeletion has a cyclomatic complexity of 20 (limit is 8),codacy,8306c53203d8bc0a622ab0bca2688ed6,internal/maintenance/gc_parity_test.go,58,Lizard_ccn-medium,Complexity,,Warning,Lizard,40a1210ffc8c23dc4a717ce32627c89658e0f608,v1.10.4,open,S3,gc,Test complexity findings must be reviewed without weakening invariant coverage,,,none,none,none,none,none,false,false,false,true,false,test,,,investigate,,,,,bucket=test-complexity-hotspot; line_text=func TestSimulateGCMatchesActualGCDeletion(t *testing.T) {
CK-110-1111,The application dynamically constructs file or path information.,codacy,850a1957d05aef19e41725483871e204,tests/adversarial/g611_adversarial_compression_longrun_test.go,322,Semgrep_go_filesystem_rule-fileread,Security,FileAccess,Error,Opengrep,40a1210ffc8c23dc4a717ce32627c89658e0f608,v1.10.2,open,S3,filesystem,Test-only security scanner findings must be reviewed and suppressed only with rationale,,,none,none,none,none,none,false,false,false,true,false,test,,,investigate,,,,,"bucket=test-security-noise; line_text=data, err := os.ReadFile(outPath)"
CK-110-1112,The application dynamically constructs file or path information.,codacy,a5e1a2693497ed8325ea613355a250b6,internal/maintenance/gc_test.go,947,Semgrep_go_filesystem_rule-fileread,Security,FileAccess,Error,Opengrep,b5bfb0ce6ef8194f14ab52ab458939d8603fa706,v1.10.4,open,S3,gc,Test-only security scanner findings must be reviewed and suppressed only with rationale,,,none,none,none,none,none,false,false,false,true,false,test,,,investigate,,,,,"bucket=test-security-noise; line_text=restored, err := os.ReadFile(restoreTarget)"
CK-110-1113,Method TestGetLogicalFileInspectInfoWithDBFound has 56 lines of code (limit is 50),codacy,8963e80e2dcb3810ac3c73f3cf8c0deb,internal/storage/remove_test.go,266,Lizard_nloc-medium,Complexity,,Warning,Lizard,40a1210ffc8c23dc4a717ce32627c89658e0f608,backlog,open,S3,storage,Test complexity findings must be reviewed without weakening invariant coverage,,,none,none,none,none,none,false,false,false,true,false,test,,,investigate,,,,,bucket=test-complexity-hotspot; line_text=func TestGetLogicalFileInspectInfoWithDBFound(t *testing.T) {
CK-110-1114,The application was found setting file permissions to overly permissive values.,codacy,f6b7e083aa5bcd0715a9c1ca5b4b4ab2,tests/utils/common.go,731,Semgrep_go_file-permissions_rule-fileperm,Security,FileAccess,High,Opengrep,40a1210ffc8c23dc4a717ce32627c89658e0f608,v1.10.2,open,S3,filesystem,Test-only security scanner findings must be reviewed and suppressed only with rationale,,,none,none,none,none,none,false,false,false,true,false,test,,,investigate,,,,,"bucket=test-security-noise; line_text=if err := os.WriteFile(p, []byte{0x42}, 0o644); err != nil {"
CK-110-1115,Method TestBuildPlanUnreachableChunkIsReclaimable has a cyclomatic complexity of 10 (limit is 8),codacy,95c1ba4c34536eebaa3af0feaf82ba56,internal/gc/plan_test.go,210,Lizard_ccn-medium,Complexity,,Warning,Lizard,34143034d70c7c40c189a895586c62d573126d10,v1.10.4,open,S3,gc,Test complexity findings must be reviewed without weakening invariant coverage,,,none,none,none,none,none,false,false,false,true,false,test,,,investigate,,,,,bucket=test-complexity-hotspot; line_text=func TestBuildPlanUnreachableChunkIsReclaimable(t *testing.T) {
CK-110-1116,Insecure dependency golang/stdlib@v1.23.0 (CVE-2025-22866: crypto/internal/nistec: golang: Timing sidechannel ,codacy,f5702042c4715f647d86dea645ef4cbb,go.mod,3,Trivy_vulnerability_medium,Security,InsecureModulesLibraries,Warning,Trivy,40a1210ffc8c23dc4a717ce32627c89658e0f608,v1.10.2,open,S1,dependencies,Supported Go toolchain must not carry known unplanned CVEs,,,none,none,medium,none,none,true,true,true,false,false,production,,,fix,,,,,bucket=dependency-cve; line_text=go 1.23
CK-110-1117,Method verifyFileContainersAndOffsets has a cyclomatic complexity of 11 (limit is 8),codacy,8317d2efcf587543828699e8c88bc1ef,internal/verify/verify_file.go,246,Lizard_ccn-medium,Complexity,,Warning,Lizard,40a1210ffc8c23dc4a717ce32627c89658e0f608,backlog,open,S2,verify,Production complexity hotspots in critical paths must be tracked without behavior-changing refactors,,,none,medium,none,medium,none,true,false,true,false,false,production,,,investigate,,,,,"bucket=production-complexity-hotspot; line_text=func verifyFileContainersAndOffsets(dbconn *sql.DB, fileID int, containersDir string) error {"
CK-110-1118,Method QuarantineContainerInDir has 51 lines of code (limit is 50),codacy,5f3096aad80684ab790880cc11c6ab85,internal/container/container.go,579,Lizard_nloc-medium,Complexity,,Warning,Lizard,40a1210ffc8c23dc4a717ce32627c89658e0f608,backlog,open,S2,storage,Production complexity hotspots in critical paths must be tracked without behavior-changing refactors,,,none,medium,none,medium,none,true,false,true,false,false,production,,,investigate,,,,,"bucket=production-complexity-hotspot; line_text=func QuarantineContainerInDir(dbconn *sql.DB, containerID int64, containersDir string) error {"
CK-110-1119,Method blockMetadataFromPacked has 13 parameters (limit is 8),codacy,4afb7bab8a636e803398ed8abbdd3e94,internal/observability/inspect.go,804,Lizard_parameter-count-medium,Complexity,,Warning,Lizard,40a1210ffc8c23dc4a717ce32627c89658e0f608,v1.10.6,open,S2,codacy,Production complexity hotspots in critical paths must be tracked without behavior-changing refactors,,,none,none,none,none,none,true,false,true,false,false,production,,,investigate,,,,,bucket=production-complexity-hotspot; line_text=func blockMetadataFromPacked(
CK-110-1120,The application was found setting file permissions to overly permissive values.,codacy,f14637bcdb46db746db37836ca6e5f87,tests/adversarial/g10_g13_physical_graph_adversarial_test.go,153,Semgrep_go_file-permissions_rule-fileperm,Security,FileAccess,High,Opengrep,40a1210ffc8c23dc4a717ce32627c89658e0f608,v1.10.2,open,S3,filesystem,Test-only security scanner findings must be reviewed and suppressed only with rationale,,,none,none,none,none,none,false,false,false,true,false,test,,,investigate,,,,,"bucket=test-security-noise; line_text=if err := os.WriteFile(concurrentPath, []byte(strings.Repeat(""g12-concurrent"", 4096)), 0o644); err != nil {"
CK-110-1121,All queries must target RAC_* tables.Query does not reference RAC_* table.,codacy,dd20b204162614d6dd547d331b171ede,db/schema_postgres.sql,315,Semgrep_codacy.generic.sql.rac-table-access,Security,SQLInjection,High,Opengrep,40a1210ffc8c23dc4a717ce32627c89658e0f608,backlog,open,S1,migration,Dynamic SQL scanner findings must be reviewed for parameterization or safe identifier constraints,,,none,none,medium,none,none,true,false,true,false,false,production,,,investigate,,,,,bucket=production-security-candidate; line_text=SELECT DISTINCT path
CK-110-1122,The application dynamically constructs file or path information.,codacy,f8b0dd297326cbc8351f1d5c310c9c24,tests/adversarial/g68_dedup_semantics_matrix_test.go,276,Semgrep_go_filesystem_rule-fileread,Security,FileAccess,Error,Opengrep,40a1210ffc8c23dc4a717ce32627c89658e0f608,v1.10.2,open,S3,filesystem,Test-only security scanner findings must be reviewed and suppressed only with rationale,,,none,none,none,none,none,false,false,false,true,false,test,,,investigate,,,,,"bucket=test-security-noise; line_text=data, err := os.ReadFile(path)"
CK-110-1123,Method TestSearchFilesUsesCurrentStatePhysicalPaths has 57 lines of code (limit is 50),codacy,718d55290d8e19e6489d1b8f8c4030b8,internal/listing/search_test.go,83,Lizard_nloc-medium,Complexity,,Warning,Lizard,40a1210ffc8c23dc4a717ce32627c89658e0f608,v1.10.6,open,S3,codacy,Test complexity findings must be reviewed without weakening invariant coverage,,,none,none,none,none,none,false,false,false,true,false,test,,,investigate,,,,,bucket=test-complexity-hotspot; line_text=func TestSearchFilesUsesCurrentStatePhysicalPaths(t *testing.T) {
CK-110-1124,The application was found setting file permissions to overly permissive values.,codacy,a0b1c3dfa0da8418c5c33016b97b1ffc,tests/adversarial/g7_deep_corruption_adversarial_test.go,259,Semgrep_go_file-permissions_rule-fileperm,Security,FileAccess,High,Opengrep,2f76cac770a2646da3e6b1c52767d88c35461c50,v1.10.2,open,S3,filesystem,Test-only security scanner findings must be reviewed and suppressed only with rationale,,,none,none,none,none,none,false,false,false,true,false,test,,,investigate,,,,,"bucket=test-security-noise; line_text=f, err := os.OpenFile(containerPath, os.O_RDWR, 0o644)"
CK-110-1125,Method TestRunGCMixedCompressionAgnosticPackedReachabilityAndRestoreStep311 has 138 lines of code (limit is 50,codacy,84c544332b94adeaf6069aeadca100a6,internal/maintenance/gc_test.go,1032,Lizard_nloc-medium,Complexity,,Warning,Lizard,3dfc42af09c7d5a9e24a00821ea8b54d15f3e90e,v1.10.4,open,S3,gc,Test complexity findings must be reviewed without weakening invariant coverage,,,none,none,none,none,none,false,false,false,true,false,test,,,investigate,,,,,bucket=test-complexity-hotspot; line_text=func TestRunGCMixedCompressionAgnosticPackedReachabilityAndRestoreStep311(t *testing.T) {
CK-110-1126,Lists should be surrounded by blank lines,codacy,90b206328f116488754fcecbed24e249,docs/BENCHMARK_METRICS.md,98,markdownlint_MD032,CodeStyle,,Info,markdownlint,40a1210ffc8c23dc4a717ce32627c89658e0f608,backlog,open,S4,docs,Documentation style findings must be classified without blocking correctness releases,,,none,none,none,none,none,false,false,false,false,true,docs,,,investigate,,,,,bucket=docs-style; line_text=- Detect memory spikes from compression buffering
CK-110-1127,The application dynamically constructs file or path information.,codacy,11a4ff7fa7515d1c9a52372f352b563c,internal/storage/storage_block_reader_test.go,398,Semgrep_go_filesystem_rule-fileread,Security,FileAccess,Error,Opengrep,c5907c8595fdeff13e877a3d60b5bc2ed4781c50,v1.10.3,open,S3,packed-storage,Test-only security scanner findings must be reviewed and suppressed only with rationale,,,none,none,none,none,none,false,false,false,true,false,test,,,investigate,,,,,"bucket=test-security-noise; line_text=fh, err := os.Open(path)"
CK-110-1128,Method TestRunGCSnapshotRetainsPackedBlockAndRestoreSucceedsWhenLiveNamespaceRemoved has 139 lines of code (li,codacy,1c32290669b979a412439cfd403a94b0,internal/maintenance/gc_test.go,796,Lizard_nloc-medium,Complexity,,Warning,Lizard,b5bfb0ce6ef8194f14ab52ab458939d8603fa706,v1.10.4,open,S3,gc,Test complexity findings must be reviewed without weakening invariant coverage,,,none,none,none,none,none,false,false,false,true,false,test,,,investigate,,,,,bucket=test-complexity-hotspot; line_text=func TestRunGCSnapshotRetainsPackedBlockAndRestoreSucceedsWhenLiveNamespaceRemoved(t *testing.T) {
CK-110-1129,All queries must target RAC_* tables.Query does not reference RAC_* table.,codacy,3e6d9a3b8b6d487ba1495384ea8f3bb8,db/schema_postgres.sql,419,Semgrep_codacy.generic.sql.rac-table-access,Security,SQLInjection,High,Opengrep,becfc2756a1f7de9b37ae48029ae6998d26c7846,backlog,open,S1,migration,Dynamic SQL scanner findings must be reviewed for parameterization or safe identifier constraints,,,none,none,medium,none,none,true,false,true,false,false,production,,,investigate,,,,,bucket=production-security-candidate; line_text=UPDATE schema_version SET version = 9 WHERE version < 9;
CK-110-1130,Method ResolveSnapshotPaths has a cyclomatic complexity of 26 (limit is 8),codacy,449b0ae79a9d549ead28aa4c96c8e173,internal/snapshot/path_resolver.go,150,Lizard_ccn-medium,Complexity,,Warning,Lizard,56858fba01e912aa5c716bb1d723a384c8b030e8,backlog,open,S2,snapshot,Production complexity hotspots in critical paths must be tracked without behavior-changing refactors,,,none,none,none,none,none,true,false,true,false,false,production,,,investigate,,,,,"bucket=production-complexity-hotspot; line_text=func ResolveSnapshotPaths(ctx context.Context, exec pathResolverDB, paths []string) (map[string]int64, error) {"
CK-110-1131,The application was found setting file permissions to overly permissive values.,codacy,ef8c00cc704955b53f01c373d69d061e,internal/container/container_test.go,229,Semgrep_go_file-permissions_rule-fileperm,Security,FileAccess,High,Opengrep,a1c32abbc1468889dad614aefab6f6c86d63c0f0,backlog,open,S3,storage,Test-only security scanner findings must be reviewed and suppressed only with rationale,,,none,none,none,none,none,false,false,false,true,false,test,,,investigate,,,,,"bucket=test-security-noise; line_text=if err := os.WriteFile(path, []byte(""not-a-valid-container-header""), 0o644); err != nil {"
CK-110-1132,SQL Injection is a critical vulnerability that can lead to data or system compromise.,codacy,d4bfd69319a66f0f90775b756ae54b4e,internal/container/local_writer_test.go,597,Semgrep_go_sql_rule-concat-sqli,Security,SQLInjection,Error,Opengrep,aadf64f1131124af75e3cdd5160fde1792090401,backlog,open,S3,storage,Test-only security scanner findings must be reviewed and suppressed only with rationale,,,none,none,none,none,none,false,false,false,true,false,test,,,investigate,,,,,"bucket=test-security-noise; line_text=if _, err := dbconn.Exec(`"
CK-110-1133,Lists should be surrounded by blank lines,codacy,de9dffe98a12323813fb562ec361c8f6,docs/benchmarking.md,1340,markdownlint_MD032,CodeStyle,,Info,markdownlint,40a1210ffc8c23dc4a717ce32627c89658e0f608,backlog,open,S4,docs,Documentation style findings must be classified without blocking correctness releases,,,none,none,none,none,none,false,false,false,false,true,docs,,,investigate,,,,,bucket=docs-style; line_text=- `storeTestFileVia613` — Store file with direct storage API
CK-110-1134,File internal/snapshot/snapshot.go has 1244 non-comment lines of code,codacy,19528373146bf09428da3b78f91244b7,internal/snapshot/snapshot.go,1,Lizard_file-nloc-medium,Complexity,,Warning,Lizard,40a1210ffc8c23dc4a717ce32627c89658e0f608,backlog,open,S2,snapshot,Production complexity hotspots in critical paths must be tracked without behavior-changing refactors,,,none,none,none,none,none,true,false,true,false,false,production,,,investigate,,,,,bucket=production-complexity-hotspot; line_text=package snapshot
CK-110-1135,The application was found setting file permissions to overly permissive values.,codacy,6f69184daff0add8309d51c8026505f6,tests/adversarial/g3_no_data_loss_valid_sequences_adversarial_test.go,200,Semgrep_go_file-permissions_rule-fileperm,Security,FileAccess,High,Opengrep,40a1210ffc8c23dc4a717ce32627c89658e0f608,v1.10.2,open,S3,filesystem,Test-only security scanner findings must be reviewed and suppressed only with rationale,,,none,none,none,none,none,false,false,false,true,false,test,,,investigate,,,,,"bucket=test-security-noise; line_text=if err := os.WriteFile(victimPath, victimData, 0o644); err != nil {"
CK-110-1136,Detected file permissions that are set to more than `0600` (user/owner can read and write). Setting file permi,codacy,9e4480394c3d76642b6b7bedaa3938f1,internal/iodebug/counters.go,155,Semgrep_go.lang.correctness.permissions.file_permission.incorrect-default-permission,Security,FileAccess,High,Opengrep,fd982849a6af73dc04447e35a0af5f602a01e6b4,v1.10.2,open,S1,filesystem,Filesystem permission scanner findings must be reviewed by runtime area and threat model,,,none,none,medium,none,none,true,false,true,false,false,production,,,investigate,,,,,"bucket=production-security-candidate; line_text=f, err := os.OpenFile(path, os.O_CREATE|os.O_WRONLY|os.O_APPEND, 0o644)"
CK-110-1137,The application was found setting file permissions to overly permissive values.,codacy,e1e6e31e2b24a1ffc6acd3de121d7ce8,tests/integration/v18_migration_compatibility_integration_test.go,849,Semgrep_go_file-permissions_rule-fileperm,Security,FileAccess,High,Opengrep,,v1.10.2,open,S3,filesystem,Test-only security scanner findings must be reviewed and suppressed only with rationale,,,none,none,none,none,none,false,false,false,true,false,test,,,investigate,,,,,"bucket=test-security-noise; line_text=if err := os.WriteFile(packedCPath, uniqueC, 0o644); err != nil {"
CK-110-1138,Method VerifySystemDeepWithContainersDir has a cyclomatic complexity of 11 (limit is 8),codacy,1c258660210935ed6badcf82ceb328d0,internal/verify/verify_system.go,208,Lizard_ccn-medium,Complexity,,Warning,Lizard,40a1210ffc8c23dc4a717ce32627c89658e0f608,backlog,open,S2,verify,Production complexity hotspots in critical paths must be tracked without behavior-changing refactors,,,none,medium,none,medium,none,true,false,true,false,false,production,,,investigate,,,,,"bucket=production-complexity-hotspot; line_text=func VerifySystemDeepWithContainersDir(dbconn *sql.DB, containersDir string) error {"
CK-110-1139,"Undefined acronym ""AES"" — define on first use or add to glossary.",codacy,80b50ac2158f08ea7d3d89dc1be84f33,SECURITY.md,11,Agentlinter_clarity_undefined-term,Comprehensibility,,Info,Agentlinter,40a1210ffc8c23dc4a717ce32627c89658e0f608,v1.10.6,open,S4,codacy,Documentation style findings must be classified without blocking correctness releases,,,none,none,none,none,none,false,false,false,false,true,docs,,,investigate,,,,,bucket=docs-style; line_text=including block-level compression and AES-GCM encrypted packed-block
CK-110-1140,The application was found setting directory permissions to overly permissive values.,codacy,d948e48b33b690f25dee55d7b2f32ed5,tests/integration/read_path_regression_test.go,366,Semgrep_go_file-permissions_rule-mkdir,Security,FileAccess,High,Opengrep,7b152752f6571720718774c7c526a118209d6807,v1.10.2,open,S3,filesystem,Test-only security scanner findings must be reviewed and suppressed only with rationale,,,none,none,none,none,none,false,false,false,true,false,test,,,investigate,,,,,"bucket=test-security-noise; line_text=if err := os.MkdirAll(outDir, 0o755); err != nil {"
CK-110-1141,The application dynamically constructs file or path information.,codacy,edafd1ef1157a5fe8e26cec3c9f91cc6,internal/benchmark/dataset_test.go,125,Semgrep_go_filesystem_rule-fileread,Security,FileAccess,Error,Opengrep,c220796f5549e790104ba79acfac4fd99f9f241a,v1.10.6,open,S3,benchmark,Test-only security scanner findings must be reviewed and suppressed only with rationale,,,none,none,none,none,none,false,false,false,true,false,test,,,investigate,,,,,"bucket=test-security-noise; line_text=first, err := os.ReadFile(filepath.Join(dir, fileName(1)))"
CK-110-1142,Method TestRestorePinningFailsOnEmptyChunkChunkerVersion has a cyclomatic complexity of 11 (limit is 8),codacy,60b00b9978dd6a02f2e45f0cc0373427,internal/storage/restore_test.go,343,Lizard_ccn-medium,Complexity,,Warning,Lizard,a72a5fbd9e1fca03003d1851f07daa656e0caf51,v1.10.5,open,S3,restore,Test complexity findings must be reviewed without weakening invariant coverage,,,none,none,none,none,none,false,false,false,true,false,test,,,investigate,,,,,bucket=test-complexity-hotspot; line_text=func TestRestorePinningFailsOnEmptyChunkChunkerVersion(t *testing.T) {
CK-110-1143,"The result of command substitution $(...) or `...`, if unquoted, is split on whitespace or other separators sp",codacy,14c79d65bbccc2f005e5cf0fa5e17579,scripts/smoke.sh,1208,Semgrep_bash.lang.correctness.unquoted-expansion.unquoted-command-substitution-in-command,ErrorProne,,High,Opengrep,70be43fd64fe009851901054047c6b88b7aacfa8,v1.10.6,open,S2,tooling,Release and benchmark scripts must not mask failures or mishandle unsafe inputs,,,low,none,none,low,none,false,true,false,false,false,script,,,investigate,,,,,"bucket=script-tooling-risk; line_text=REAL_FILES=$(( $(echo ""$STATS_AFTER_PAYLOAD"" | jq -r '.data.logical.total_files // .data.total_files // 0') - $(echo ""$STATS_BEFORE_PAYLOAD"" | jq -r '.data.logical.total_files // ."
CK-110-1144,SQL Injection is a critical vulnerability that can lead to data or system compromise.,codacy,8d47c627c253013da2c532032e36f38f,internal/observability/service_test.go,260,Semgrep_go_sql_rule-concat-sqli,Security,SQLInjection,Error,Opengrep,88f5505f7fd132877670813290f50292f649f103,v1.10.2,open,S3,security,Test-only security scanner findings must be reviewed and suppressed only with rationale,,,none,none,none,none,none,false,false,false,true,false,test,,,investigate,,,,,"bucket=test-security-noise; line_text=if _, err := dbconn.Exec(`UPDATE logical_file SET ref_count = 0 WHERE id = ?`, fileID); err != nil {"
CK-110-1145,Method  has a cyclomatic complexity of 22 (limit is 8),codacy,1ba0f5e1f68ed2b613f503bd7aedf897,internal/storage/store_compression_feature_gate_test.go,464,Lizard_ccn-medium,Complexity,,Warning,Lizard,bf5dee13f64a71071ebb7aaec362bff9ceee4f9d,backlog,open,S3,storage,Test complexity findings must be reviewed without weakening invariant coverage,,,none,none,none,none,none,false,false,false,true,false,test,,,investigate,,,,,"bucket=test-complexity-hotspot; line_text=t.Run(tc.name, func(t *testing.T) {"
CK-110-1146,The application was found setting directory permissions to overly permissive values.,codacy,214d513727ef540c72a5598a8e18e743,tests/integration/v18_migration_compatibility_integration_test.go,1301,Semgrep_go_file-permissions_rule-mkdir,Security,FileAccess,High,Opengrep,,v1.10.2,open,S3,filesystem,Test-only security scanner findings must be reviewed and suppressed only with rationale,,,none,none,none,none,none,false,false,false,true,false,test,,,investigate,,,,,"bucket=test-security-noise; line_text=if err := os.MkdirAll(legacySnapshotRestoreDir, 0o755); err != nil {"
CK-110-1147,Detected file permissions that are set to more than `0600` (user/owner can read and write). Setting file permi,codacy,f087989d99cce6f0ca7fd7b1e03d7c5d,tests/adversarial/g67_deterministic_restore_matrix_test.go,68,Semgrep_go.lang.correctness.permissions.file_permission.incorrect-default-permission,Security,FileAccess,High,Opengrep,40a1210ffc8c23dc4a717ce32627c89658e0f608,v1.10.5,open,S3,restore,Test-only security scanner findings must be reviewed and suppressed only with rationale,,,none,none,none,none,none,false,false,false,true,false,test,,,investigate,,,,,"bucket=test-security-noise; line_text=if err := os.MkdirAll(container.ContainersDir, 0o755); err != nil {"
CK-110-1148,Method TestEncodeBlockSerializesHeaderEntriesPayloadLittleEndian has a cyclomatic complexity of 9 (limit is 8),codacy,64e2c407b02a72b6da621945e3a25d12,internal/blocks/block_format_v1_test.go,10,Lizard_ccn-medium,Complexity,,Warning,Lizard,40a1210ffc8c23dc4a717ce32627c89658e0f608,v1.10.6,open,S3,codacy,Test complexity findings must be reviewed without weakening invariant coverage,,,none,none,none,none,none,false,false,false,true,false,test,,,investigate,,,,,bucket=test-complexity-hotspot; line_text=func TestEncodeBlockSerializesHeaderEntriesPayloadLittleEndian(t *testing.T) {
CK-110-1149,Lists should be surrounded by blank lines,codacy,e46e3b4da947223343280ce5690d6a57,docs/STEP64_METRICS_VALIDATION.md,218,markdownlint_MD032,CodeStyle,,Info,markdownlint,40a1210ffc8c23dc4a717ce32627c89658e0f608,backlog,open,S4,docs,Documentation style findings must be classified without blocking correctness releases,,,none,none,none,none,none,false,false,false,false,true,docs,,,investigate,,,,,bucket=docs-style; line_text=- All recording functions: O(1) atomic add/store
CK-110-1150,Method checkContainersFileExistence has 56 lines of code (limit is 50),codacy,9347276184e6a56f393fe1611d229b3d,internal/verify/verify_container.go,45,Lizard_nloc-medium,Complexity,,Warning,Lizard,40a1210ffc8c23dc4a717ce32627c89658e0f608,backlog,open,S2,verify,Production complexity hotspots in critical paths must be tracked without behavior-changing refactors,,,none,medium,none,medium,none,true,false,true,false,false,production,,,investigate,,,,,"bucket=production-complexity-hotspot; line_text=func checkContainersFileExistence(dbconn *sql.DB, containersDir string) error {"
CK-110-1151,Method equalLegacyBlocksStep612 has a cyclomatic complexity of 11 (limit is 8),codacy,b5c91fb3006c6951a7ecbf74e71a3113,tests/integration/v19_legacy_upgrade_path_integration_test.go,369,Lizard_ccn-medium,Complexity,,Warning,Lizard,40a1210ffc8c23dc4a717ce32627c89658e0f608,v1.10.2,open,S3,filesystem,Test complexity findings must be reviewed without weakening invariant coverage,,,none,none,none,none,none,false,false,false,true,false,test,,,investigate,,,,,"bucket=test-complexity-hotspot; line_text=func equalLegacyBlocksStep612(a, b []step612BlockRow) bool {"
CK-110-1152,The application was found setting file permissions to overly permissive values.,codacy,2295ff351fa04aab4108f46de509e865,internal/benchmark/determinism_test.go,71,Semgrep_go_file-permissions_rule-fileperm,Security,FileAccess,High,Opengrep,ca56c48f078792eb9b7bd2af01af21fee9325194,v1.10.6,open,S3,benchmark,Test-only security scanner findings must be reviewed and suppressed only with rationale,,,none,none,none,none,none,false,false,false,true,false,test,,,investigate,,,,,"bucket=test-security-noise; line_text=if err := os.WriteFile(filepath.Join(dir, ""f.bin""), []byte(""same content""), 0o644); err != nil {"
CK-110-1153,Method TestAdversarialG15CorruptedSnapshotMetadataDetectionConservativeGC has a cyclomatic complexity of 18 (l,codacy,7975e6a0ad409ca78ea79048e85d2ae5,tests/adversarial/g14_g17_snapshot_retention_adversarial_test.go,207,Lizard_ccn-medium,Complexity,,Warning,Lizard,40a1210ffc8c23dc4a717ce32627c89658e0f608,backlog,open,S3,snapshot,Test complexity findings must be reviewed without weakening invariant coverage,,,none,none,none,none,none,false,false,false,true,false,test,,,investigate,,,,,bucket=test-complexity-hotspot; line_text=func TestAdversarialG15CorruptedSnapshotMetadataDetectionConservativeGC(t *testing.T) {
CK-110-1154,Do not use `math/rand`. Use `crypto/rand` instead.,codacy,8f236c6d9d3e91da5b9e1abd859e3dac,internal/benchmark/scenarios.go,5,Semgrep_go.lang.security.audit.crypto.math_random.math-random-used,Security,Cryptography,Error,Opengrep,36a734258f88b2bad6595ae8611fe52e13b2a519,v1.10.6,open,S1,benchmark,Randomness scanner findings must distinguish deterministic tests/benchmarks from cryptographic use,,,none,none,medium,none,none,false,false,false,true,false,benchmark,,,investigate,,,,,"bucket=production-security-candidate; line_text=""math/rand"""
CK-110-1155,Lists should be surrounded by blank lines,codacy,8755378279b30b88599d32bc6d1bd2d1,docs/BENCHMARK_METRICS.md,308,markdownlint_MD032,CodeStyle,,Info,markdownlint,40a1210ffc8c23dc4a717ce32627c89658e0f608,backlog,open,S4,docs,Documentation style findings must be classified without blocking correctness releases,,,none,none,none,none,none,false,false,false,false,true,docs,,,investigate,,,,,bucket=docs-style; line_text=- ✅ `TestRecordThroughputTracksOperationSpecificMBps`: per-operation tracking
CK-110-1156,Method TestPhase7LegacyOnlyRestoreAndVerifyIntegration has a cyclomatic complexity of 23 (limit is 8),codacy,567f87ec9007384981443fd609d94d8a,tests/integration/v18_migration_compatibility_integration_test.go,270,Lizard_ccn-medium,Complexity,,Warning,Lizard,40a1210ffc8c23dc4a717ce32627c89658e0f608,v1.10.6,open,S3,codacy,Test complexity findings must be reviewed without weakening invariant coverage,,,none,none,none,none,none,false,false,false,true,false,test,,,investigate,,,,,bucket=test-complexity-hotspot; line_text=func TestPhase7LegacyOnlyRestoreAndVerifyIntegration(t *testing.T) {
CK-110-1157,Method TestInspectContainerRelationsIncludeMixedBlockMetadata has 103 lines of code (limit is 50),codacy,e4c7038b5bb15a8747999b25bca5eb40,internal/observability/inspect_test.go,415,Lizard_nloc-medium,Complexity,,Warning,Lizard,40a1210ffc8c23dc4a717ce32627c89658e0f608,v1.10.6,open,S3,codacy,Test complexity findings must be reviewed without weakening invariant coverage,,,none,none,none,none,none,false,false,false,true,false,test,,,investigate,,,,,bucket=test-complexity-hotspot; line_text=func TestInspectContainerRelationsIncludeMixedBlockMetadata(t *testing.T) {
CK-110-1158,The application was found setting directory permissions to overly permissive values.,codacy,e5c50fc53cdddca12dfabf51cddc223a,tests/adversarial/g2_inconsistent_state_adversarial_test.go,110,Semgrep_go_file-permissions_rule-mkdir,Security,FileAccess,High,Opengrep,40a1210ffc8c23dc4a717ce32627c89658e0f608,v1.10.2,open,S3,filesystem,Test-only security scanner findings must be reviewed and suppressed only with rationale,,,none,none,none,none,none,false,false,false,true,false,test,,,investigate,,,,,"bucket=test-security-noise; line_text=if err := os.MkdirAll(inputDir, 0o755); err != nil {"
CK-110-1159,Lists should be surrounded by blank lines,codacy,9d4a4de37eaeb274d1d195377475859a,docs/STEP64_METRICS_VALIDATION.md,25,markdownlint_MD032,CodeStyle,,Info,markdownlint,40a1210ffc8c23dc4a717ce32627c89658e0f608,backlog,open,S4,docs,Documentation style findings must be classified without blocking correctness releases,,,none,none,none,none,none,false,false,false,false,true,docs,,,investigate,,,,,bucket=docs-style; line_text=- `StoreMBps` — store operation throughput
CK-110-1160,Method TestChunkerDeterminism_RunDatasetTwice has a cyclomatic complexity of 14 (limit is 8),codacy,f90eef4b4a8aaf4a5b53d9deacc85430,internal/chunk/benchmark/benchmark_test.go,351,Lizard_ccn-medium,Complexity,,Warning,Lizard,40a1210ffc8c23dc4a717ce32627c89658e0f608,v1.10.6,open,S3,benchmark,Test complexity findings must be reviewed without weakening invariant coverage,,,none,none,none,none,none,false,false,false,true,false,test,,,investigate,,,,,bucket=test-complexity-hotspot; line_text=func TestChunkerDeterminism_RunDatasetTwice(t *testing.T) {
CK-110-1161,Lists should be surrounded by blank lines,codacy,88c8163d6817a16e2cf30969c103955a,docs/BENCHMARK_CORPORA.md,263,markdownlint_MD032,CodeStyle,,Info,markdownlint,40a1210ffc8c23dc4a717ce32627c89658e0f608,backlog,open,S4,docs,Documentation style findings must be classified without blocking correctness releases,,,none,none,none,none,none,false,false,false,false,true,docs,,,investigate,,,,,bucket=docs-style; line_text=- Add corpus type for `mixed_with_partial_compression` scenarios
CK-110-1162,Detected file permissions that are set to more than `0600` (user/owner can read and write). Setting file permi,codacy,322cd2c4d2814a5d1ad13b5a13b521f2,tests/adversarial/g67_deterministic_restore_matrix_test.go,297,Semgrep_go.lang.correctness.permissions.file_permission.incorrect-default-permission,Security,FileAccess,High,Opengrep,40a1210ffc8c23dc4a717ce32627c89658e0f608,v1.10.5,open,S3,restore,Test-only security scanner findings must be reviewed and suppressed only with rationale,,,none,none,none,none,none,false,false,false,true,false,test,,,investigate,,,,,"bucket=test-security-noise; line_text=os.MkdirAll(container.ContainersDir, 0o755)"
CK-110-1163,SQL Injection is a critical vulnerability that can lead to data or system compromise.,codacy,1b0557cc8856c32c9fbe7532e241220c,internal/db/migrations_test.go,1870,Semgrep_go_sql_rule-concat-sqli,Security,SQLInjection,Error,Opengrep,7f694cbfbd19c4d06fe733d66e595b149e59901a,backlog,open,S3,migration,Test-only security scanner findings must be reviewed and suppressed only with rationale,,,none,none,none,none,none,false,false,false,true,false,test,,,investigate,,,,,"bucket=test-security-noise; line_text=if _, err := dbconn.Exec(`DELETE FROM snapshot WHERE id = 'p-parent'`); err != nil {"
CK-110-1164,Method TestInspectSnapshotRelations has a cyclomatic complexity of 11 (limit is 8),codacy,728530beceb89aff8d11c93a2f526e69,internal/observability/inspect_test.go,670,Lizard_ccn-medium,Complexity,,Warning,Lizard,40a1210ffc8c23dc4a717ce32627c89658e0f608,v1.10.6,open,S3,codacy,Test complexity findings must be reviewed without weakening invariant coverage,,,none,none,none,none,none,false,false,false,true,false,test,,,investigate,,,,,bucket=test-complexity-hotspot; line_text=func TestInspectSnapshotRelations(t *testing.T) {
CK-110-1165,Method TestLocalWriterAppendPayloadRefreshesDBSizeBeforeRotationDecision has a cyclomatic complexity of 10 (li,codacy,7f97b4c8030b32d6756859cdaaccf4a4,internal/container/local_writer_test.go,254,Lizard_ccn-medium,Complexity,,Warning,Lizard,40a1210ffc8c23dc4a717ce32627c89658e0f608,backlog,open,S3,storage,Test complexity findings must be reviewed without weakening invariant coverage,,,none,none,none,none,none,false,false,false,true,false,test,,,investigate,,,,,bucket=test-complexity-hotspot; line_text=func TestLocalWriterAppendPayloadRefreshesDBSizeBeforeRotationDecision(t *testing.T) {
CK-110-1166,Expected: 2; Actual: 3,codacy,6a00326ed3b4707565b3a75e297662f6,docs/benchmarking.md,1569,markdownlint_MD007,CodeStyle,,Info,markdownlint,40a1210ffc8c23dc4a717ce32627c89658e0f608,backlog,open,S4,docs,Documentation style findings must be classified without blocking correctness releases,,,none,none,none,none,none,false,false,false,false,true,docs,,,investigate,,,,,bucket=docs-style; line_text=- Evidence: `.github/workflows/ci.yml` (`correctness-matrix` job separate from `benchmark-matrix`)
CK-110-1167,Method RemoveFileWithDBResult has a cyclomatic complexity of 17 (limit is 8),codacy,7482c646a14784173184d49f79f44dc6,internal/storage/remove.go,238,Lizard_ccn-medium,Complexity,,Warning,Lizard,40a1210ffc8c23dc4a717ce32627c89658e0f608,backlog,open,S2,storage,Production complexity hotspots in critical paths must be tracked without behavior-changing refactors,,,none,medium,none,medium,none,true,false,true,false,false,production,,,investigate,,,,,"bucket=production-complexity-hotspot; line_text=func RemoveFileWithDBResult(dbconn *sql.DB, fileID int64) (result RemoveFileResult, err error) {"
CK-110-1168,Lists should be surrounded by blank lines,codacy,ba118dd558bdec77a2504a4e19bb9f0a,docs/BENCHMARK_METRICS.md,77,markdownlint_MD032,CodeStyle,,Info,markdownlint,40a1210ffc8c23dc4a717ce32627c89658e0f608,backlog,open,S4,docs,Documentation style findings must be classified without blocking correctness releases,,,none,none,none,none,none,false,false,false,false,true,docs,,,investigate,,,,,bucket=docs-style; line_text=- Compression CPU time typically highest (compression is CPU-intensive)
CK-110-1169,Insecure dependency golang/stdlib@v1.23.0 (CVE-2025-68121: crypto/tls: crypto/tls: Incorrect certificate valid,codacy,e80ae58ec07a027595c458edab39f1a4,go.mod,3,Trivy_vulnerability_critical,Security,InsecureModulesLibraries,Error,Trivy,40a1210ffc8c23dc4a717ce32627c89658e0f608,v1.10.2,open,S1,dependencies,Supported Go toolchain must not carry known unplanned CVEs,,,none,none,medium,none,none,true,true,true,false,false,production,,,fix,,,,,bucket=dependency-cve; line_text=go 1.23
CK-110-1170,Detected file permissions that are set to more than `0600` (user/owner can read and write). Setting file permi,codacy,895c99714fedb932ecaf19770d3ca9a0,tests/adversarial/g611_adversarial_compression_longrun_test.go,229,Semgrep_go.lang.correctness.permissions.file_permission.incorrect-default-permission,Security,FileAccess,High,Opengrep,40a1210ffc8c23dc4a717ce32627c89658e0f608,v1.10.2,open,S3,filesystem,Test-only security scanner findings must be reviewed and suppressed only with rationale,,,none,none,none,none,none,false,false,false,true,false,test,,,investigate,,,,,"bucket=test-security-noise; line_text=if err := os.MkdirAll(container.ContainersDir, 0o755); err != nil {"
CK-110-1171,Method RenderSimulation has 167 lines of code (limit is 50),codacy,a1748e1bff1390968157cb36f3605841,internal/cli/render/simulate.go,12,Lizard_nloc-medium,Complexity,,Warning,Lizard,40a1210ffc8c23dc4a717ce32627c89658e0f608,v1.10.6,open,S2,codacy,Production complexity hotspots in critical paths must be tracked without behavior-changing refactors,,,none,none,none,none,none,true,false,true,false,false,production,,,investigate,,,,,"bucket=production-complexity-hotspot; line_text=func (HumanRenderer) RenderSimulation(w io.Writer, r *SimulationResult) error {"
CK-110-1172,SQL Injection is a critical vulnerability that can lead to data or system compromise.,codacy,278eb710dfe0fb7978102bb18f835959,internal/graph/reachability_test.go,428,Semgrep_go_sql_rule-concat-sqli,Security,SQLInjection,Error,Opengrep,662965066392590c71376f6860b0ada0bf23cd4e,v1.10.2,open,S3,security,Test-only security scanner findings must be reviewed and suppressed only with rationale,,,none,none,none,none,none,false,false,false,true,false,test,,,investigate,,,,,"bucket=test-security-noise; line_text=if _, err := dbconn.Exec(`INSERT INTO snapshot_path (path) VALUES (?)`, path); err != nil {"
CK-110-1173,Method AppendPayload has 94 lines of code (limit is 50),codacy,1729e1c5862ba64db1eb7864ec248042,internal/container/local_writer.go,114,Lizard_nloc-medium,Complexity,,Warning,Lizard,4c974bfac55c61b1b715b3043fed3648eeba5adf,backlog,open,S2,storage,Production complexity hotspots in critical paths must be tracked without behavior-changing refactors,,,none,medium,none,medium,none,true,false,true,false,false,production,,,investigate,,,,,"bucket=production-complexity-hotspot; line_text=func (w *LocalWriter) AppendPayload(tx db.DBTX, payload []byte) (LocalPlacement, error) {"
CK-110-1174,Expected: 2; Actual: 3,codacy,2fd43e55ac4efbd9ad153f239f14666f,docs/benchmarking.md,647,markdownlint_MD007,CodeStyle,,Info,markdownlint,40a1210ffc8c23dc4a717ce32627c89658e0f608,backlog,open,S4,docs,Documentation style findings must be classified without blocking correctness releases,,,none,none,none,none,none,false,false,false,false,true,docs,,,investigate,,,,,bucket=docs-style; line_text=- large repository seed (compressible + incompressible payload mix)
CK-110-1175,The application was found setting file permissions to overly permissive values.,codacy,a93e32610337af62dffdd3d6c6dd6aea,internal/storage/restore_test.go,2312,Semgrep_go_file-permissions_rule-fileperm,Security,FileAccess,High,Opengrep,72e7d820bee113801805bf52d821193704364cb2,v1.10.5,open,S3,restore,Test-only security scanner findings must be reviewed and suppressed only with rationale,,,none,none,none,none,none,false,false,false,true,false,test,,,investigate,,,,,"bucket=test-security-noise; line_text=if err := os.WriteFile(destPath, []byte(""old-content""), 0o644); err != nil {"
CK-110-1176,Multiple headings with the same content,codacy,7bc44850761b14767467d02fac51577c,docs/benchmarking.md,450,markdownlint_MD024,BestPractice,,Warning,markdownlint,40a1210ffc8c23dc4a717ce32627c89658e0f608,backlog,open,S4,docs,Documentation style findings must be classified without blocking correctness releases,,,none,none,none,none,none,false,false,false,false,true,docs,,,investigate,,,,,bucket=docs-style; line_text=### Validation scope
CK-110-1177,Method CheckPhysicalFileGraphIntegrity has a cyclomatic complexity of 16 (limit is 8),codacy,db95d5eeddd6e53afd60387fdbabef26,internal/verify/verify_physical.go,44,Lizard_ccn-medium,Complexity,,Warning,Lizard,40a1210ffc8c23dc4a717ce32627c89658e0f608,backlog,open,S2,verify,Production complexity hotspots in critical paths must be tracked without behavior-changing refactors,,,none,medium,none,medium,none,true,false,true,false,false,production,,,investigate,,,,,"bucket=production-complexity-hotspot; line_text=func CheckPhysicalFileGraphIntegrity(dbconn *sql.DB) (PhysicalFileIntegritySummary, error) {"
CK-110-1178,Method runSQLiteChunkChunkerVersionMigration has a cyclomatic complexity of 11 (limit is 8),codacy,7a2147aea99cddf899fdf317199ad518,internal/db/migrations.go,494,Lizard_ccn-medium,Complexity,,Warning,Lizard,40a1210ffc8c23dc4a717ce32627c89658e0f608,backlog,open,S2,migration,Production complexity hotspots in critical paths must be tracked without behavior-changing refactors,,,none,none,none,none,none,true,false,true,false,false,production,,,investigate,,,,,"bucket=production-complexity-hotspot; line_text=func runSQLiteChunkChunkerVersionMigration(dbconn sqliteContextExecutor, ctx context.Context) error {"
CK-110-1179,Method TestInspectDeepTraversalLimited has 55 lines of code (limit is 50),codacy,291073ee06c2eb92b68a5929468eca0a,internal/observability/inspect_test.go,802,Lizard_nloc-medium,Complexity,,Warning,Lizard,40a1210ffc8c23dc4a717ce32627c89658e0f608,v1.10.6,open,S3,codacy,Test complexity findings must be reviewed without weakening invariant coverage,,,none,none,none,none,none,false,false,false,true,false,test,,,investigate,,,,,bucket=test-complexity-hotspot; line_text=func TestInspectDeepTraversalLimited(t *testing.T) {
CK-110-1180,The application was found setting file permissions to overly permissive values.,codacy,f2405dd95259169a1a41f39495c61772,internal/maintenance/gc_step11_parity_test.go,42,Semgrep_go_file-permissions_rule-fileperm,Security,FileAccess,High,Opengrep,2abed90b7cfb17095e1a457c41e1682e0997e45c,v1.10.4,open,S3,gc,Test-only security scanner findings must be reviewed and suppressed only with rationale,,,none,none,none,none,none,false,false,false,true,false,test,,,investigate,,,,,"bucket=test-security-noise; line_text=if err := os.WriteFile(containerPath, payload, 0o644); err != nil {"
CK-110-1181,Method ChunkFile has 54 lines of code (limit is 50),codacy,4c553feaf2c01eaaf9769833a644e90e,internal/chunk/simplecdc/chunker.go,36,Lizard_nloc-medium,Complexity,,Warning,Lizard,40a1210ffc8c23dc4a717ce32627c89658e0f608,backlog,open,S2,storage,Production complexity hotspots in critical paths must be tracked without behavior-changing refactors,,,none,medium,none,medium,none,true,false,true,false,false,production,,,investigate,,,,,"bucket=production-complexity-hotspot; line_text=func (c Chunker) ChunkFile(filePath string) ([]shared.Result, error) {"
CK-110-1182,Method TestStoreFileReplacePolicyRetargetsSamePathDifferentContent has 59 lines of code (limit is 50),codacy,d6ba95ee851ab7961da52a4bfc73e301,internal/storage/physical_file_repository_test.go,268,Lizard_nloc-medium,Complexity,,Warning,Lizard,40a1210ffc8c23dc4a717ce32627c89658e0f608,backlog,open,S3,storage,Test complexity findings must be reviewed without weakening invariant coverage,,,none,none,none,none,none,false,false,false,true,false,test,,,investigate,,,,,bucket=test-complexity-hotspot; line_text=func TestStoreFileReplacePolicyRetargetsSamePathDifferentContent(t *testing.T) {
CK-110-1183,File internal/maintenance/gc_packed_test.go has 612 non-comment lines of code,codacy,42b8a6db2f8db8c3416c900411cfb405,internal/maintenance/gc_packed_test.go,1,Lizard_file-nloc-medium,Complexity,,Warning,Lizard,40a1210ffc8c23dc4a717ce32627c89658e0f608,v1.10.4,open,S3,gc,Test complexity findings must be reviewed without weakening invariant coverage,,,none,none,none,none,none,false,false,false,true,false,test,,,investigate,,,,,bucket=test-complexity-hotspot; line_text=package maintenance
CK-110-1184,Expected: 2; Actual: 3,codacy,760fbd2a3a119b3b21bd4dcf8c2b09e0,docs/benchmarking.md,657,markdownlint_MD007,CodeStyle,,Info,markdownlint,40a1210ffc8c23dc4a717ce32627c89658e0f608,backlog,open,S4,docs,Documentation style findings must be classified without blocking correctness releases,,,none,none,none,none,none,false,false,false,false,true,docs,,,investigate,,,,,bucket=docs-style; line_text=- long-run loop under compression default
CK-110-1185,Method TestRepositoryCompressionConfigControlsNewWritesNotReads has 129 lines of code (limit is 50),codacy,9b2864668a1017a6f1748dd3e9980122,internal/storage/repository_config_test.go,619,Lizard_nloc-medium,Complexity,,Warning,Lizard,40a1210ffc8c23dc4a717ce32627c89658e0f608,backlog,open,S3,storage,Test complexity findings must be reviewed without weakening invariant coverage,,,none,none,none,none,none,false,false,false,true,false,test,,,investigate,,,,,bucket=test-complexity-hotspot; line_text=func TestRepositoryCompressionConfigControlsNewWritesNotReads(t *testing.T) {
CK-110-1186,Method  has a cyclomatic complexity of 9 (limit is 8),codacy,96977a3f3da8e40cdd1cfc4040bc37aa,internal/verify/verify_performance_benchmark_test.go,143,Lizard_ccn-medium,Complexity,,Warning,Lizard,40a1210ffc8c23dc4a717ce32627c89658e0f608,v1.10.6,open,S3,benchmark,Test complexity findings must be reviewed without weakening invariant coverage,,,none,none,none,none,none,false,false,false,true,false,test,,,investigate,,,,,"bucket=test-complexity-hotspot; line_text=b.Run(tc.name, func(b *testing.B) {"
CK-110-1187,All queries must target RAC_* tables.Query does not reference RAC_* table.,codacy,df9aa4e014f40df0274aa5f74b507854,db/schema_postgres.sql,314,Semgrep_codacy.generic.sql.rac-table-access,Security,SQLInjection,High,Opengrep,40a1210ffc8c23dc4a717ce32627c89658e0f608,backlog,open,S1,migration,Dynamic SQL scanner findings must be reviewed for parameterization or safe identifier constraints,,,none,none,medium,none,none,true,false,true,false,false,production,,,investigate,,,,,bucket=production-security-candidate; line_text=INSERT INTO snapshot_path(path)
CK-110-1188,Method TestRunGCDryRunRetainsContainerWhenAnotherSnapshotStillReferences has a cyclomatic complexity of 9 (lim,codacy,8af02a5cf01ee0d51ec3dca6b8a71af,internal/maintenance/gc_test.go,567,Lizard_ccn-medium,Complexity,,Warning,Lizard,839cb21b606a646298b12e3f665a76a5bb85a2a3,v1.10.4,open,S3,gc,Test complexity findings must be reviewed without weakening invariant coverage,,,none,none,none,none,none,false,false,false,true,false,test,,,investigate,,,,,bucket=test-complexity-hotspot; line_text=func TestRunGCDryRunRetainsContainerWhenAnotherSnapshotStillReferences(t *testing.T) {
CK-110-1189,Detected file permissions that are set to more than `0600` (user/owner can read and write). Setting file permi,codacy,b42c2379a7ba7067236384b44be5a71f,tests/adversarial/g9_batch_semantics_adversarial_test.go,86,Semgrep_go.lang.correctness.permissions.file_permission.incorrect-default-permission,Security,FileAccess,High,Opengrep,40a1210ffc8c23dc4a717ce32627c89658e0f608,v1.10.2,open,S3,filesystem,Test-only security scanner findings must be reviewed and suppressed only with rationale,,,none,none,none,none,none,false,false,false,true,false,test,,,investigate,,,,,"bucket=test-security-noise; line_text=if err := os.MkdirAll(inputDir, 0o755); err != nil {"
CK-110-1190,Method TestBuildPlanPackedDryRunMetrics has 52 lines of code (limit is 50),codacy,d6e5c4ae8d095e88a952eed743957bb6,internal/gc/plan_test.go,666,Lizard_nloc-medium,Complexity,,Warning,Lizard,118276fdda4b38480e41c9327c2896edbac0dd9c,v1.10.4,open,S3,gc,Test complexity findings must be reviewed without weakening invariant coverage,,,none,none,none,none,none,false,false,false,true,false,test,,,investigate,,,,,bucket=test-complexity-hotspot; line_text=func TestBuildPlanPackedDryRunMetrics(t *testing.T) {
CK-110-1191,File internal/storage/repository_config_test.go has 630 non-comment lines of code,codacy,cbdeeba6947a5b214f63a7acbcc69053,internal/storage/repository_config_test.go,1,Lizard_file-nloc-medium,Complexity,,Warning,Lizard,40a1210ffc8c23dc4a717ce32627c89658e0f608,backlog,open,S3,storage,Test complexity findings must be reviewed without weakening invariant coverage,,,none,none,none,none,none,false,false,false,true,false,test,,,investigate,,,,,bucket=test-complexity-hotspot; line_text=package storage
CK-110-1192,The application was found setting file permissions to overly permissive values.,codacy,83eec8feb7cd99661be715035a36d777,internal/storage/restore_test.go,2211,Semgrep_go_file-permissions_rule-fileperm,Security,FileAccess,High,Opengrep,72e7d820bee113801805bf52d821193704364cb2,v1.10.5,open,S3,restore,Test-only security scanner findings must be reviewed and suppressed only with rationale,,,none,none,none,none,none,false,false,false,true,false,test,,,investigate,,,,,"bucket=test-security-noise; line_text=if err := os.WriteFile(destPath, originalDest, 0o644); err != nil {"
CK-110-1193,Method TestPostgresV7SnapshotMigrationToV8WithoutDataLoss has 297 lines of code (limit is 50),codacy,a4c6dce4883e0c18e13860e0933a5df,internal/db/migrations_test.go,1574,Lizard_nloc-medium,Complexity,,Warning,Lizard,7f694cbfbd19c4d06fe733d66e595b149e59901a,backlog,open,S3,migration,Test complexity findings must be reviewed without weakening invariant coverage,,,none,none,none,none,none,false,false,false,true,false,test,,,investigate,,,,,bucket=test-complexity-hotspot; line_text=func TestPostgresV7SnapshotMigrationToV8WithoutDataLoss(t *testing.T) {
CK-110-1194,All queries must target RAC_* tables.Query does not reference RAC_* table.,codacy,499f0ec60cccbd30e4098524a710c1ff,db/schema_postgres.sql,19,Semgrep_codacy.generic.sql.rac-table-access,Security,SQLInjection,High,Opengrep,,backlog,open,S1,migration,Dynamic SQL scanner findings must be reviewed for parameterization or safe identifier constraints,,,none,none,medium,none,none,true,false,true,false,false,production,,,investigate,,,,,bucket=production-security-candidate; line_text=INSERT INTO schema_version(version)
CK-110-1195,File internal/container/local_writer_test.go has 676 non-comment lines of code,codacy,b723778717ea7844f2399b0598e4d7b2,internal/container/local_writer_test.go,1,Lizard_file-nloc-medium,Complexity,,Warning,Lizard,40a1210ffc8c23dc4a717ce32627c89658e0f608,backlog,open,S3,storage,Test complexity findings must be reviewed without weakening invariant coverage,,,none,none,none,none,none,false,false,false,true,false,test,,,investigate,,,,,bucket=test-complexity-hotspot; line_text=package container
CK-110-1196,All queries must target RAC_* tables.Query does not reference RAC_* table.,codacy,fc5a4ccd751ebaa47ae43adca5b3153f,db/schema_postgres.sql,262,Semgrep_codacy.generic.sql.rac-table-access,Security,SQLInjection,High,Opengrep,318edbc4cd388aa707725fec4bc1a011e60724c8,backlog,open,S1,migration,Dynamic SQL scanner findings must be reviewed for parameterization or safe identifier constraints,,,none,none,medium,none,none,true,false,true,false,false,production,,,investigate,,,,,bucket=production-security-candidate; line_text=UPDATE schema_version SET version = 6 WHERE version < 6;
CK-110-1197,Lists should be surrounded by blank lines,codacy,d52a67d9d29e25a26447f762fc6a55ee,docs/benchmarking.md,1441,markdownlint_MD032,CodeStyle,,Info,markdownlint,40a1210ffc8c23dc4a717ce32627c89658e0f608,backlog,open,S4,docs,Documentation style findings must be classified without blocking correctness releases,,,none,none,none,none,none,false,false,false,false,true,docs,,,investigate,,,,,"bucket=docs-style; line_text=- Creation: Default compression=none, codec derived from COLDKEEP_KEY environment"
CK-110-1198,Method TestAdversarialG14SnapshotRetainedGCGuardUnderChurn has a cyclomatic complexity of 9 (limit is 8),codacy,7add887c36caed5b90e88bdcd08d6204,tests/adversarial/g14_g17_snapshot_retention_adversarial_test.go,149,Lizard_ccn-medium,Complexity,,Warning,Lizard,40a1210ffc8c23dc4a717ce32627c89658e0f608,backlog,open,S3,snapshot,Test complexity findings must be reviewed without weakening invariant coverage,,,none,none,none,none,none,false,false,false,true,false,test,,,investigate,,,,,bucket=test-complexity-hotspot; line_text=func TestAdversarialG14SnapshotRetainedGCGuardUnderChurn(t *testing.T) {
CK-110-1199,All queries must target RAC_* tables.Query does not reference RAC_* table.,codacy,58176b0f1b7f2716aa7f5d6bee7850af,db/schema_postgres.sql,441,Semgrep_codacy.generic.sql.rac-table-access,Security,SQLInjection,High,Opengrep,40a1210ffc8c23dc4a717ce32627c89658e0f608,backlog,open,S1,migration,Dynamic SQL scanner findings must be reviewed for parameterization or safe identifier constraints,,,none,none,medium,none,none,true,false,true,false,false,production,,,investigate,,,,,"bucket=production-security-candidate; line_text=INSERT INTO repository_config(key, value)"
CK-110-1200,The application was found setting file permissions to overly permissive values.,codacy,f07d18b2d61f1a16e130153d116f0ed6,tests/adversarial/g1_deterministic_restore_adversarial_test.go,370,Semgrep_go_file-permissions_rule-fileperm,Security,FileAccess,High,Opengrep,40a1210ffc8c23dc4a717ce32627c89658e0f608,v1.10.5,open,S3,restore,Test-only security scanner findings must be reviewed and suppressed only with rationale,,,none,none,none,none,none,false,false,false,true,false,test,,,investigate,,,,,"bucket=test-security-noise; line_text=if err := os.WriteFile(otherPath, other, 0o644); err != nil {"
CK-110-1201,The application was found setting directory permissions to overly permissive values.,codacy,b334404834aaa519d52afe73fefa701e,internal/benchmark/scenarios.go,201,Semgrep_go_file-permissions_rule-mkdir,Security,FileAccess,High,Opengrep,36a734258f88b2bad6595ae8611fe52e13b2a519,v1.10.6,open,S1,benchmark,Filesystem permission scanner findings must be reviewed by runtime area and threat model,,,none,none,medium,none,none,false,false,false,true,false,benchmark,,,investigate,,,,,"bucket=production-security-candidate; line_text=if err := os.MkdirAll(restoreRoot, 0o755); err != nil {"
CK-110-1202,The application dynamically constructs file or path information.,codacy,112b57e6772099b88a7647343d23c543,internal/benchmark/dataset_test.go,31,Semgrep_go_filesystem_rule-fileread,Security,FileAccess,Error,Opengrep,c220796f5549e790104ba79acfac4fd99f9f241a,v1.10.6,open,S3,benchmark,Test-only security scanner findings must be reviewed and suppressed only with rationale,,,none,none,none,none,none,false,false,false,true,false,test,,,investigate,,,,,"bucket=test-security-noise; line_text=first, err := os.ReadFile(filepath.Join(dirA, name))"
CK-110-1203,Method TestPlainTransformerEncodePopulatesDescriptorAndPayload has a cyclomatic complexity of 9 (limit is 8),codacy,17bc4c5a38ac4e154259b6994bf38d17,internal/blocks/plain_test.go,9,Lizard_ccn-medium,Complexity,,Warning,Lizard,40a1210ffc8c23dc4a717ce32627c89658e0f608,v1.10.6,open,S3,codacy,Test complexity findings must be reviewed without weakening invariant coverage,,,none,none,none,none,none,false,false,false,true,false,test,,,investigate,,,,,bucket=test-complexity-hotspot; line_text=func TestPlainTransformerEncodePopulatesDescriptorAndPayload(t *testing.T) {
CK-110-1204,Method  has a cyclomatic complexity of 29 (limit is 8),codacy,b3928e04825beaaeea38301d9f4c7bd4,internal/observability/equivalence_phase7_test.go,58,Lizard_ccn-medium,Complexity,,Warning,Lizard,40a1210ffc8c23dc4a717ce32627c89658e0f608,v1.10.6,open,S3,codacy,Test complexity findings must be reviewed without weakening invariant coverage,,,none,none,none,none,none,false,false,false,true,false,test,,,investigate,,,,,"bucket=test-complexity-hotspot; line_text=t.Run(tc.name, func(t *testing.T) {"
CK-110-1205,All queries must target RAC_* tables.Query does not reference RAC_* table.,codacy,466c5bdadb0324a3433e4fa39756caa3,db/schema_postgres.sql,237,Semgrep_codacy.generic.sql.rac-table-access,Security,SQLInjection,High,Opengrep,318edbc4cd388aa707725fec4bc1a011e60724c8,backlog,open,S1,migration,Dynamic SQL scanner findings must be reviewed for parameterization or safe identifier constraints,,,none,none,medium,none,none,true,false,true,false,false,production,,,investigate,,,,,"bucket=production-security-candidate; line_text=INSERT INTO physical_file (path, logical_file_id, mode, mtime, uid, gid, is_metadata_complete)"
CK-110-1206,Method TestStorageBlockReaderLoadBlockMetadataIncludesTransformAwareFields has 53 lines of code (limit is 50),codacy,ae66d19e0f6851f8df2758ee52f58ede,internal/storage/storage_block_reader_test.go,207,Lizard_nloc-medium,Complexity,,Warning,Lizard,40a1210ffc8c23dc4a717ce32627c89658e0f608,v1.10.3,open,S3,packed-storage,Test complexity findings must be reviewed without weakening invariant coverage,,,none,none,none,none,none,false,false,false,true,false,test,,,investigate,,,,,bucket=test-complexity-hotspot; line_text=func TestStorageBlockReaderLoadBlockMetadataIncludesTransformAwareFields(t *testing.T) {
CK-110-1207,Method computePackedSimulationMetrics has a cyclomatic complexity of 11 (limit is 8),codacy,fb3e9a4ed475a910e00672d1258185ed,internal/gc/plan.go,347,Lizard_ccn-medium,Complexity,,Warning,Lizard,40a1210ffc8c23dc4a717ce32627c89658e0f608,v1.10.4,open,S2,gc,Production complexity hotspots in critical paths must be tracked without behavior-changing refactors,,,none,medium,none,medium,none,true,false,true,false,false,production,,,investigate,,,,,"bucket=production-complexity-hotspot; line_text=func computePackedSimulationMetrics(ctx context.Context, dbconn *sql.DB, livePackedBlockIDs map[int64]struct{}) (int64, int64, int64, int64, int64, error) {"
CK-110-1208,Method setupRestorePinningFixture has 87 lines of code (limit is 50),codacy,83407833c070f2a10c52ac97636ef93d,internal/storage/restore_test.go,2467,Lizard_nloc-medium,Complexity,,Warning,Lizard,8375388f1daa35ab579945280bf5219f9e826d04,v1.10.5,open,S3,restore,Test complexity findings must be reviewed without weakening invariant coverage,,,none,none,none,none,none,false,false,false,true,false,test,,,investigate,,,,,"bucket=test-complexity-hotspot; line_text=func setupRestorePinningFixture(t *testing.T, chunkPayloads [][]byte) (*sql.DB, StorageContext, int64, []int64, []byte) {"
CK-110-1209,Method TestGetReachableChunks has a cyclomatic complexity of 17 (limit is 8),codacy,921fc7343cd8dec508e85f6bcb201503,internal/graph/reachability_test.go,279,Lizard_ccn-medium,Complexity,,Warning,Lizard,ec471b81bb0be6dab4a57c1ee8203e73905e2b0f,v1.10.6,open,S3,codacy,Test complexity findings must be reviewed without weakening invariant coverage,,,none,none,none,none,none,false,false,false,true,false,test,,,investigate,,,,,bucket=test-complexity-hotspot; line_text=func TestGetReachableChunks(t *testing.T) {
CK-110-1210,SQL Injection is a critical vulnerability that can lead to data or system compromise.,codacy,6db856f9291e35af57a4440aa655c232,internal/snapshot/snapshot_bench_test.go,57,Semgrep_go_sql_rule-concat-sqli,Security,SQLInjection,Error,Opengrep,dcbd7dba8826034d5fe842c384fed3cbc2f62ac7,backlog,open,S3,snapshot,Test-only security scanner findings must be reviewed and suppressed only with rationale,,,none,none,none,none,none,false,false,false,true,false,test,,,investigate,,,,,"bucket=test-security-noise; line_text=logicalRes, err := insertLogicalStmt.ExecContext("
CK-110-1211,Method loadContainerBlockMetadata has a cyclomatic complexity of 13 (limit is 8),codacy,26260f74b2a15a59756d36dd63bebf65,internal/observability/inspect.go,965,Lizard_ccn-medium,Complexity,,Warning,Lizard,40a1210ffc8c23dc4a717ce32627c89658e0f608,v1.10.6,open,S2,codacy,Production complexity hotspots in critical paths must be tracked without behavior-changing refactors,,,none,none,none,none,none,true,false,true,false,false,production,,,investigate,,,,,"bucket=production-complexity-hotspot; line_text=func (s *Service) loadContainerBlockMetadata(ctx context.Context, containerID int64, limit int) ([]map[string]any, error) {"
CK-110-1212,File internal/observability/inspect.go has 1072 non-comment lines of code,codacy,1225dbf37075083ec8b3c67b63be7d7a,internal/observability/inspect.go,1,Lizard_file-nloc-medium,Complexity,,Warning,Lizard,40a1210ffc8c23dc4a717ce32627c89658e0f608,v1.10.2,open,S2,filesystem,Production complexity hotspots in critical paths must be tracked without behavior-changing refactors,,,none,none,none,none,none,true,false,true,false,false,production,,,investigate,,,,,bucket=production-complexity-hotspot; line_text=package observability
CK-110-1213,Method CheckPhysicalFileGraphIntegrity has 124 lines of code (limit is 50),codacy,51d7cc610ecfd12acc4a8cc1a8cd859f,internal/verify/verify_physical.go,44,Lizard_nloc-medium,Complexity,,Warning,Lizard,40a1210ffc8c23dc4a717ce32627c89658e0f608,backlog,open,S2,verify,Production complexity hotspots in critical paths must be tracked without behavior-changing refactors,,,none,medium,none,medium,none,true,false,true,false,false,production,,,investigate,,,,,"bucket=production-complexity-hotspot; line_text=func CheckPhysicalFileGraphIntegrity(dbconn *sql.DB) (PhysicalFileIntegritySummary, error) {"
CK-110-1214,Method resolveSnapshotRestoreSelection has 85 lines of code (limit is 50),codacy,660e47a74833a150d052242555ab092f,internal/snapshot/snapshot.go,1023,Lizard_nloc-medium,Complexity,,Warning,Lizard,722b5e53426e4a6c96c1a69a8fdfbbdb403863fb,backlog,open,S2,snapshot,Production complexity hotspots in critical paths must be tracked without behavior-changing refactors,,,none,none,none,none,none,true,false,true,false,false,production,,,investigate,,,,,bucket=production-complexity-hotspot; line_text=func resolveSnapshotRestoreSelection(
CK-110-1215,Method TestSweepUnreachableChunksKeepsPackedBlockWhenAnyChunkIsLive has 60 lines of code (limit is 50),codacy,d1f20220e0cfc5e1f588de9b853f2c9d,internal/maintenance/gc_packed_test.go,212,Lizard_nloc-medium,Complexity,,Warning,Lizard,40a1210ffc8c23dc4a717ce32627c89658e0f608,v1.10.4,open,S3,gc,Test complexity findings must be reviewed without weakening invariant coverage,,,none,none,none,none,none,false,false,false,true,false,test,,,investigate,,,,,bucket=test-complexity-hotspot; line_text=func TestSweepUnreachableChunksKeepsPackedBlockWhenAnyChunkIsLive(t *testing.T) {
CK-110-1216,The application dynamically constructs file or path information.,codacy,96c3cea9011d794999664fe2a7fe4996,tests/adversarial/g7_deep_corruption_adversarial_test.go,189,Semgrep_go_filesystem_rule-fileread,Security,FileAccess,Error,Opengrep,40a1210ffc8c23dc4a717ce32627c89658e0f608,v1.10.2,open,S3,filesystem,Test-only security scanner findings must be reviewed and suppressed only with rationale,,,none,none,none,none,none,false,false,false,true,false,test,,,investigate,,,,,"bucket=test-security-noise; line_text=f, err := os.OpenFile(containerPath, os.O_WRONLY|os.O_APPEND, 0)"
CK-110-1217,All queries must target RAC_* tables.Query does not reference RAC_* table.,codacy,f62f25721dba45493ac10378260407b7,db/schema_postgres.sql,498,Semgrep_codacy.generic.sql.rac-table-access,Security,SQLInjection,High,Opengrep,40a1210ffc8c23dc4a717ce32627c89658e0f608,backlog,open,S1,migration,Dynamic SQL scanner findings must be reviewed for parameterization or safe identifier constraints,,,none,none,medium,none,none,true,false,true,false,false,production,,,investigate,,,,,bucket=production-security-candidate; line_text=UPDATE schema_version SET version = 12 WHERE version < 12;
CK-110-1218,SQL Injection is a critical vulnerability that can lead to data or system compromise.,codacy,526f514aa09ffc6fad6e06f9c858efc2,internal/storage/store.go,2815,Semgrep_go_sql_rule-concat-sqli,Security,SQLInjection,Error,Opengrep,3dccceb24c62541646b0a0fec06fb8fd9177b45e,backlog,open,S1,storage,Dynamic SQL scanner findings must be reviewed for parameterization or safe identifier constraints,,,none,medium,medium,medium,none,true,false,true,false,false,production,,,investigate,,,,,"bucket=production-security-candidate; line_text=err := dbconn.QueryRowContext(ctx, `SELECT 1 FROM chunk_block_refs WHERE chunk_id = $1 LIMIT 1`, chunkID).Scan(&marker)"
CK-110-1219,Lists should be surrounded by blank lines,codacy,3c1eeefaff7876aae0cc4e138a88f019,docs/benchmarking.md,1465,markdownlint_MD032,CodeStyle,,Info,markdownlint,40a1210ffc8c23dc4a717ce32627c89658e0f608,backlog,open,S4,docs,Documentation style findings must be classified without blocking correctness releases,,,none,none,none,none,none,false,false,false,false,true,docs,,,investigate,,,,,"bucket=docs-style; line_text=- `logical_hash` (`storage_blocks.block_hash`): Encoded block content (required, never null)"
CK-110-1220,Detected file permissions that are set to more than `0600` (user/owner can read and write). Setting file permi,codacy,2974b6ec3480f74425e168141740d89c,internal/storage/restore.go,938,Semgrep_go.lang.correctness.permissions.file_permission.incorrect-default-permission,Security,FileAccess,High,Opengrep,c0e0f86f0c704cf12342efb8db23514102646410,v1.10.5,open,S1,restore,Filesystem permission scanner findings must be reviewed by runtime area and threat model,,,none,medium,medium,medium,none,true,false,true,false,false,production,,,investigate,,,,,"bucket=production-security-candidate; line_text=if err := os.MkdirAll(outputPath, 0755); err != nil {"
CK-110-1221,Detected non-static command inside Command.,codacy,db485a168c04c2453e8c82fdff991e14,tests/adversarial/g10_g13_physical_graph_adversarial_test.go,17,Semgrep_go.lang.security.audit.dangerous-exec-command.dangerous-exec-command,Security,CommandInjection,Error,Opengrep,26b4a9e34b38cfe95895c8383915d72c722ee24c,v1.10.6,open,S1,codacy,Command execution findings must be reviewed for trusted executable and argument boundaries,,,none,none,medium,none,none,false,false,false,true,false,test,,,investigate,,,,,"bucket=production-security-candidate; line_text=cmd := exec.Command(binPath, ""store"", ""--codec"", codec, path, ""--output"", ""json"")"
CK-110-1222,Method RenderSnapshotListHuman has 51 lines of code (limit is 50),codacy,ddf663a82e043aa0baa7ce449a5eaae3,internal/cli/render/snapshot_list_show.go,11,Lizard_nloc-medium,Complexity,,Warning,Lizard,40a1210ffc8c23dc4a717ce32627c89658e0f608,backlog,open,S2,snapshot,Production complexity hotspots in critical paths must be tracked without behavior-changing refactors,,,none,none,none,none,none,true,false,true,false,false,production,,,investigate,,,,,bucket=production-complexity-hotspot; line_text=func RenderSnapshotListHuman(
CK-110-1223,Missing blank line after last section ('Returns') (D413),codacy,9c0127ff452817c89c238819a52b5a13,scripts/validate_regression_thresholds.py,74,Prospector_pydocstyle,Documentation,,Info,Prospector,40a1210ffc8c23dc4a717ce32627c89658e0f608,v1.10.6,open,S2,tooling,Release and benchmark scripts must not mask failures or mishandle unsafe inputs,,,low,none,none,low,none,false,true,false,false,false,script,,,investigate,,,,,"bucket=script-tooling-risk; line_text="""""""
CK-110-1224,String-formatted SQL query detected.,codacy,2e325e342d4635684a1671a804257efa,internal/db/migrations_test.go,1304,Semgrep_go.lang.security.audit.database.string-formatted-query.string-formatted-query,Security,SQLInjection,Error,Opengrep,69d3d6f7e494463c2eb98c9a03fca7449781ea14,backlog,open,S3,migration,Test-only security scanner findings must be reviewed and suppressed only with rationale,,,none,none,none,none,none,false,false,false,true,false,test,,,investigate,,,,,"bucket=test-security-noise; line_text=if _, err := adminDB.Exec(fmt.Sprintf(""CREATE DATABASE %s"", testDBName)); err != nil {"
CK-110-1225,The application dynamically constructs file or path information.,codacy,2e3c20757d579083e2c0f7c7b319b3bc,internal/benchmark/corpus_test.go,143,Semgrep_go_filesystem_rule-fileread,Security,FileAccess,Error,Opengrep,fc8112a95961f6f3eba8ce8d6e1dc63ca8780ed0,v1.10.6,open,S3,benchmark,Test-only security scanner findings must be reviewed and suppressed only with rationale,,,none,none,none,none,none,false,false,false,true,false,test,,,investigate,,,,,"bucket=test-security-noise; line_text=data2, err := os.ReadFile(path2)"
CK-110-1226,Do not use `math/rand`. Use `crypto/rand` instead.,codacy,60991a4539efd1e3c36e86801ecadc49,internal/verify/verify_performance_benchmark_test.go,8,Semgrep_go.lang.security.audit.crypto.math_random.math-random-used,Security,Cryptography,Error,Opengrep,40a1210ffc8c23dc4a717ce32627c89658e0f608,v1.10.6,open,S3,benchmark,Test-only security scanner findings must be reviewed and suppressed only with rationale,,,none,none,none,none,none,false,false,false,true,false,test,,,investigate,,,,,"bucket=test-security-noise; line_text=""math/rand"""
CK-110-1227,Method TestEncodeDecodePackedBlockV1RoundTripFromChunks has a cyclomatic complexity of 13 (limit is 8),codacy,7dbe02bf408fe88cf3840b8c698e49d9,internal/blocks/block_format_v1_test.go,341,Lizard_ccn-medium,Complexity,,Warning,Lizard,40a1210ffc8c23dc4a717ce32627c89658e0f608,v1.10.6,open,S3,codacy,Test complexity findings must be reviewed without weakening invariant coverage,,,none,none,none,none,none,false,false,false,true,false,test,,,investigate,,,,,bucket=test-complexity-hotspot; line_text=func TestEncodeDecodePackedBlockV1RoundTripFromChunks(t *testing.T) {
CK-110-1228,Method verifyChunkBlockRefs has 73 lines of code (limit is 50),codacy,56bf0540630942dfb0662f95c0bdb791,internal/verify/verify_repository.go,209,Lizard_nloc-medium,Complexity,,Warning,Lizard,40a1210ffc8c23dc4a717ce32627c89658e0f608,backlog,open,S2,verify,Production complexity hotspots in critical paths must be tracked without behavior-changing refactors,,,none,medium,none,medium,none,true,false,true,false,false,production,,,investigate,,,,,bucket=production-complexity-hotspot; line_text=func verifyChunkBlockRefs(dbconn *sql.DB) error {
CK-110-1229,Method RenderSnapshotDiffDetailedHuman has 67 lines of code (limit is 50),codacy,9dac1ef1cfd173e084c12e91d2471f1b,internal/cli/render/snapshot_diff.go,35,Lizard_nloc-medium,Complexity,,Warning,Lizard,40a1210ffc8c23dc4a717ce32627c89658e0f608,backlog,open,S2,snapshot,Production complexity hotspots in critical paths must be tracked without behavior-changing refactors,,,none,none,none,none,none,true,false,true,false,false,production,,,investigate,,,,,bucket=production-complexity-hotspot; line_text=func RenderSnapshotDiffDetailedHuman(
CK-110-1230,SQL Injection is a critical vulnerability that can lead to data or system compromise.,codacy,698a8825b809eb232ae68177aec668d7,internal/storage/restore_test.go,183,Semgrep_go_sql_rule-concat-sqli,Security,SQLInjection,Error,Opengrep,b5b35df25f2088f77b0f61285ff55e3ca468fb3e,v1.10.5,open,S3,restore,Test-only security scanner findings must be reviewed and suppressed only with rationale,,,none,none,none,none,none,false,false,false,true,false,test,,,investigate,,,,,bucket=test-security-noise; line_text=if err := dbconn.QueryRow(
CK-110-1231,SQL Injection is a critical vulnerability that can lead to data or system compromise.,codacy,ccfcfbbace56aa4c588f508e4f02fcfe,internal/container/local_writer_test.go,610,Semgrep_go_sql_rule-concat-sqli,Security,SQLInjection,Error,Opengrep,aadf64f1131124af75e3cdd5160fde1792090401,backlog,open,S3,storage,Test-only security scanner findings must be reviewed and suppressed only with rationale,,,none,none,none,none,none,false,false,false,true,false,test,,,investigate,,,,,"bucket=test-security-noise; line_text=if _, err := dbconn.Exec("
CK-110-1232,The application was found setting directory permissions to overly permissive values.,codacy,5d9d4040de7dff6ce376f84ccb65bff6,tests/integration/read_path_regression_test.go,116,Semgrep_go_file-permissions_rule-mkdir,Security,FileAccess,High,Opengrep,1d85d20bc67c2b2e35f6c1329d4c42803b898e7c,v1.10.2,open,S3,filesystem,Test-only security scanner findings must be reviewed and suppressed only with rationale,,,none,none,none,none,none,false,false,false,true,false,test,,,investigate,,,,,"bucket=test-security-noise; line_text=if err := os.MkdirAll(filepath.Dir(outPath), 0o755); err != nil {"
CK-110-1233,SQL Injection is a critical vulnerability that can lead to data or system compromise.,codacy,f83b0a714f6bd8f1b322e11d384e08e9,internal/db/migrations_test.go,148,Semgrep_go_sql_rule-concat-sqli,Security,SQLInjection,Error,Opengrep,33f7e3db20e88ba7c4736919ea34a4454dde9403,backlog,open,S3,migration,Test-only security scanner findings must be reviewed and suppressed only with rationale,,,none,none,none,none,none,false,false,false,true,false,test,,,investigate,,,,,"bucket=test-security-noise; line_text=rows, err := dbconn.Query(fmt.Sprintf(""PRAGMA table_info(%s)"", tableName))"
CK-110-1234,Detected file permissions that are set to more than `0600` (user/owner can read and write). Setting file permi,codacy,be72246fb5337b5a8d0db20945f4a6,tests/integration/v19_legacy_upgrade_path_integration_test.go,153,Semgrep_go.lang.correctness.permissions.file_permission.incorrect-default-permission,Security,FileAccess,High,Opengrep,40a1210ffc8c23dc4a717ce32627c89658e0f608,v1.10.2,open,S3,filesystem,Test-only security scanner findings must be reviewed and suppressed only with rationale,,,none,none,none,none,none,false,false,false,true,false,test,,,investigate,,,,,"bucket=test-security-noise; line_text=if err := os.MkdirAll(newRoot, 0o755); err != nil {"
CK-110-1235,Detected file permissions that are set to more than `0600` (user/owner can read and write). Setting file permi,codacy,6e7acfe1614e4415fded1625f1d86e36,tests/integration/v18_migration_compatibility_integration_test.go,1301,Semgrep_go.lang.correctness.permissions.file_permission.incorrect-default-permission,Security,FileAccess,High,Opengrep,,v1.10.2,open,S3,filesystem,Test-only security scanner findings must be reviewed and suppressed only with rationale,,,none,none,none,none,none,false,false,false,true,false,test,,,investigate,,,,,"bucket=test-security-noise; line_text=if err := os.MkdirAll(legacySnapshotRestoreDir, 0o755); err != nil {"
CK-110-1236,Insecure dependency golang/stdlib@v1.23.0 (CVE-2025-0913: Inconsistent handling of O_CREATE|O_EXCL on Unix and,codacy,dad0cc84a956e24077cd4392f953700,go.mod,3,Trivy_vulnerability_medium,Security,InsecureModulesLibraries,Warning,Trivy,40a1210ffc8c23dc4a717ce32627c89658e0f608,v1.10.2,open,S1,dependencies,Supported Go toolchain must not carry known unplanned CVEs,,,none,none,medium,none,none,true,true,true,false,false,production,,,fix,,,,,bucket=dependency-cve; line_text=go 1.23
CK-110-1237,Insecure dependency golang/stdlib@v1.23.0 (CVE-2025-58188: crypto/x509: golang: Panic when validating certific,codacy,59f5062ac3f12dc4eda6c39179dfd249,go.mod,3,Trivy_vulnerability_medium,Security,InsecureModulesLibraries,Warning,Trivy,40a1210ffc8c23dc4a717ce32627c89658e0f608,v1.10.2,open,S1,dependencies,Supported Go toolchain must not carry known unplanned CVEs,,,none,none,medium,none,none,true,true,true,false,false,production,,,fix,,,,,bucket=dependency-cve; line_text=go 1.23
CK-110-1238,Method TestInspectTraceEmitsDeepTraversalEvents has 53 lines of code (limit is 50),codacy,8944b236939f73069c7f00656ebe165c,internal/observability/inspect_test.go,1187,Lizard_nloc-medium,Complexity,,Warning,Lizard,40a1210ffc8c23dc4a717ce32627c89658e0f608,v1.10.6,open,S3,codacy,Test complexity findings must be reviewed without weakening invariant coverage,,,none,none,none,none,none,false,false,false,true,false,test,,,investigate,,,,,bucket=test-complexity-hotspot; line_text=func TestInspectTraceEmitsDeepTraversalEvents(t *testing.T) {
CK-110-1239,Method Measure has 57 lines of code (limit is 50),codacy,389526294afa59bffb51261e70360be1,internal/benchmark/metrics.go,107,Lizard_nloc-medium,Complexity,,Warning,Lizard,40a1210ffc8c23dc4a717ce32627c89658e0f608,v1.10.6,open,S3,benchmark,Test complexity findings must be reviewed without weakening invariant coverage,,,none,none,none,none,none,false,false,false,true,false,benchmark,,,investigate,,,,,"bucket=test-complexity-hotspot; line_text=func Measure(fn func() error) (Metrics, error) {"
CK-110-1240,Method TestStep67CrossModeDeterminism has 70 lines of code (limit is 50),codacy,297ff99430eb46fb404a2cb56ac899f8,tests/adversarial/g67_deterministic_restore_matrix_test.go,268,Lizard_nloc-medium,Complexity,,Warning,Lizard,40a1210ffc8c23dc4a717ce32627c89658e0f608,v1.10.5,open,S3,restore,Test complexity findings must be reviewed without weakening invariant coverage,,,none,none,none,none,none,false,false,false,true,false,test,,,investigate,,,,,bucket=test-complexity-hotspot; line_text=func TestStep67CrossModeDeterminism(t *testing.T) {
CK-110-1241,Method TestLoadLivePackedBlockIDsResolvesFromLiveChunks has a cyclomatic complexity of 11 (limit is 8),codacy,1f1e6873af7e0da70290a681846e7bc3,internal/maintenance/gc_packed_test.go,25,Lizard_ccn-medium,Complexity,,Warning,Lizard,40a1210ffc8c23dc4a717ce32627c89658e0f608,v1.10.4,open,S3,gc,Test complexity findings must be reviewed without weakening invariant coverage,,,none,none,none,none,none,false,false,false,true,false,test,,,investigate,,,,,bucket=test-complexity-hotspot; line_text=func TestLoadLivePackedBlockIDsResolvesFromLiveChunks(t *testing.T) {
CK-110-1242,Method RunBenchmark has a cyclomatic complexity of 12 (limit is 8),codacy,818dd4eeb54e85ed77298d6a45b18263,internal/benchmark/runner.go,50,Lizard_ccn-medium,Complexity,,Warning,Lizard,40a1210ffc8c23dc4a717ce32627c89658e0f608,v1.10.6,open,S3,benchmark,Test complexity findings must be reviewed without weakening invariant coverage,,,none,none,none,none,none,false,false,false,true,false,benchmark,,,investigate,,,,,"bucket=test-complexity-hotspot; line_text=func RunBenchmark(cases []BenchmarkCase) ([]Result, error) {"
CK-110-1243,String-formatted SQL query detected.,codacy,865f291c4ee69ae269cfb110542a89d9,internal/repository/capabilities/derive.go,340,Semgrep_go.lang.security.audit.database.string-formatted-query.string-formatted-query,Security,SQLInjection,Error,Opengrep,dfd535beeebf18e2fb85ff8f275695174f7348dc,v1.10.2,open,S1,security,Dynamic SQL scanner findings must be reviewed for parameterization or safe identifier constraints,,,none,none,medium,none,none,true,false,true,false,false,production,,,investigate,,,,,"bucket=production-security-candidate; line_text=rows, err := dbconn.QueryContext(ctx, fmt.Sprintf(""PRAGMA table_info(%s)"", tableName))"
CK-110-1244,Method openPreV15MigratedVerifyDB has 184 lines of code (limit is 50),codacy,b6e19f113f5f1b53ccaf715f5f6f6f36,internal/verify/verify_regression_test.go,18,Lizard_nloc-medium,Complexity,,Warning,Lizard,40a1210ffc8c23dc4a717ce32627c89658e0f608,backlog,open,S3,verify,Test complexity findings must be reviewed without weakening invariant coverage,,,none,none,none,none,none,false,false,false,true,false,test,,,investigate,,,,,"bucket=test-complexity-hotspot; line_text=func openPreV15MigratedVerifyDB(t *testing.T, containersDir string) *sql.DB {"
CK-110-1245,Method TestPhase7MixedGCAfterUpgradeIntegration has a cyclomatic complexity of 51 (limit is 8),codacy,d2028c4a93d63db1f47c0970a46c072e,tests/integration/v18_migration_compatibility_integration_test.go,760,Lizard_ccn-medium,Complexity,,Warning,Lizard,40a1210ffc8c23dc4a717ce32627c89658e0f608,v1.10.6,open,S3,codacy,Test complexity findings must be reviewed without weakening invariant coverage,,,none,none,none,none,none,false,false,false,true,false,test,,,investigate,,,,,bucket=test-complexity-hotspot; line_text=func TestPhase7MixedGCAfterUpgradeIntegration(t *testing.T) {
CK-110-1246,Method commitPreparedFileWithContext has 13 parameters (limit is 8),codacy,bdfc5af3f40ed761f31f2ec5274acfb7,internal/storage/store.go,560,Lizard_parameter-count-medium,Complexity,,Warning,Lizard,6fc831829851479df61857720a015ed3672eaca4,backlog,open,S2,storage,Production complexity hotspots in critical paths must be tracked without behavior-changing refactors,,,none,medium,none,medium,none,true,false,true,false,false,production,,,investigate,,,,,bucket=production-complexity-hotspot; line_text=func commitPreparedFileWithContext(
CK-110-1247,The application was found setting file permissions to overly permissive values.,codacy,56db60ccc292e0bd03677474907f2c0a,tests/adversarial/g1_step11_restore_determinism_test.go,262,Semgrep_go_file-permissions_rule-fileperm,Security,FileAccess,High,Opengrep,267df133bd52cd8ce905ef6c64b8c6c9306985b1,v1.10.5,open,S3,restore,Test-only security scanner findings must be reviewed and suppressed only with rationale,,,none,none,none,none,none,false,false,false,true,false,test,,,investigate,,,,,"bucket=test-security-noise; line_text=if err := os.WriteFile(mutatePath, mutated, 0o644); err != nil {"
CK-110-1248,Method insertPackedStorageBlock has 54 lines of code (limit is 50),codacy,67fcb4d3a1fc23a3e082af233abe2981,internal/storage/restore_step8_test.go,142,Lizard_nloc-medium,Complexity,,Warning,Lizard,40a1210ffc8c23dc4a717ce32627c89658e0f608,v1.10.5,open,S3,restore,Test complexity findings must be reviewed without weakening invariant coverage,,,none,none,none,none,none,false,false,false,true,false,test,,,investigate,,,,,"bucket=test-complexity-hotspot; line_text=func insertPackedStorageBlock(t *testing.T, dbconn *sql.DB, containersDir, filename string, chunks []restoreChunkSeed) packedBlockFixture {"
CK-110-1249,Method TestPhase7SnapshotCompatibilityIntegration has 219 lines of code (limit is 50),codacy,513bf442b559b25361a36d3c8de8467c,tests/integration/v18_migration_compatibility_integration_test.go,1148,Lizard_nloc-medium,Complexity,,Warning,Lizard,40a1210ffc8c23dc4a717ce32627c89658e0f608,v1.10.6,open,S3,codacy,Test complexity findings must be reviewed without weakening invariant coverage,,,none,none,none,none,none,false,false,false,true,false,test,,,investigate,,,,,bucket=test-complexity-hotspot; line_text=func TestPhase7SnapshotCompatibilityIntegration(t *testing.T) {
CK-110-1250,Method TestStoreFileNormalizesRelativeAndAbsolutePathsToSingleIdentity has 63 lines of code (limit is 50),codacy,f33c5312bb23b7e4034f651877702f15,internal/storage/physical_file_repository_test.go,338,Lizard_nloc-medium,Complexity,,Warning,Lizard,40a1210ffc8c23dc4a717ce32627c89658e0f608,backlog,open,S3,storage,Test complexity findings must be reviewed without weakening invariant coverage,,,none,none,none,none,none,false,false,false,true,false,test,,,investigate,,,,,bucket=test-complexity-hotspot; line_text=func TestStoreFileNormalizesRelativeAndAbsolutePathsToSingleIdentity(t *testing.T) {
CK-110-1251,"Detected string concatenation with a non-literal variable in a ""database/sql"" Go SQL statement.",codacy,4c301b5e5d218d3ffd887d1c7aeb10a,internal/maintenance/gc_step11_test.go,144,Semgrep_go.lang.security.audit.sqli.gosql-sqli.gosql-sqli,Security,SQLInjection,Error,Opengrep,2a0793bda46a7c6e780daf711d1a61950dba4c38,v1.10.4,open,S3,gc,Test-only security scanner findings must be reviewed and suppressed only with rationale,,,none,none,none,none,none,false,false,false,true,false,test,,,investigate,,,,,"bucket=test-security-noise; line_text=if _, err := dbconn.Exec(`"
CK-110-1252,Method  has a cyclomatic complexity of 10 (limit is 8),codacy,c989bfcf7e75b519ce08733016fd48f5,tests/integration/v18_migration_compatibility_integration_test.go,545,Lizard_ccn-medium,Complexity,,Warning,Lizard,40a1210ffc8c23dc4a717ce32627c89658e0f608,v1.10.6,open,S3,codacy,Test complexity findings must be reviewed without weakening invariant coverage,,,none,none,none,none,none,false,false,false,true,false,test,,,investigate,,,,,"bucket=test-complexity-hotspot; line_text=restoreAndValidate := func(query string, queryArg int64, expected map[string]struct{}, label string) {"
CK-110-1253,Method  has 126 lines of code (limit is 50),codacy,2381d879b145a731554f83fe856bdd58,internal/verify/verify_system.go,293,Lizard_nloc-medium,Complexity,,Warning,Lizard,40a1210ffc8c23dc4a717ce32627c89658e0f608,backlog,open,S2,verify,Production complexity hotspots in critical paths must be tracked without behavior-changing refactors,,,none,medium,none,medium,none,true,false,true,false,false,production,,,investigate,,,,,bucket=production-complexity-hotspot; line_text=processContainerErr := func() (retErr error) {
CK-110-1254,Method commitPreparedChunksWithContext has 149 lines of code (limit is 50),codacy,15815228599ec3acdf17ed0c1f674755,internal/storage/store.go,182,Lizard_nloc-medium,Complexity,,Warning,Lizard,00ce6f9f191f5c501da32ab6b96a4274f39da810,backlog,open,S2,storage,Production complexity hotspots in critical paths must be tracked without behavior-changing refactors,,,none,medium,none,medium,none,true,false,true,false,false,production,,,investigate,,,,,bucket=production-complexity-hotspot; line_text=func commitPreparedChunksWithContext(
CK-110-1255,Method TestRenderStatsHumanPrintsChunkerVersionsInSortedOrder has a cyclomatic complexity of 12 (limit is 8),codacy,be271e0fab3c7ce09597bc2158f1270a,internal/cli/render/stats_test.go,82,Lizard_ccn-medium,Complexity,,Warning,Lizard,40a1210ffc8c23dc4a717ce32627c89658e0f608,v1.10.6,open,S3,codacy,Test complexity findings must be reviewed without weakening invariant coverage,,,none,none,none,none,none,false,false,false,true,false,test,,,investigate,,,,,bucket=test-complexity-hotspot; line_text=func TestRenderStatsHumanPrintsChunkerVersionsInSortedOrder(t *testing.T) {
CK-110-1256,SQL Injection is a critical vulnerability that can lead to data or system compromise.,codacy,1b27af3468cf8123fe08e085a661bfb1,internal/gc/plan_test.go,160,Semgrep_go_sql_rule-concat-sqli,Security,SQLInjection,Error,Opengrep,88f5505f7fd132877670813290f50292f649f103,v1.10.4,open,S3,gc,Test-only security scanner findings must be reviewed and suppressed only with rationale,,,none,none,none,none,none,false,false,false,true,false,test,,,investigate,,,,,"bucket=test-security-noise; line_text=if _, err := dbconn.Exec(`UPDATE logical_file SET ref_count = 0 WHERE id = ?`, fileID); err != nil {"
CK-110-1257,Method RenderSnapshotListHuman has a cyclomatic complexity of 15 (limit is 8),codacy,4690c8175f70df396ff7a74c3de32171,internal/cli/render/snapshot_list_show.go,11,Lizard_ccn-medium,Complexity,,Warning,Lizard,40a1210ffc8c23dc4a717ce32627c89658e0f608,backlog,open,S2,snapshot,Production complexity hotspots in critical paths must be tracked without behavior-changing refactors,,,none,none,none,none,none,true,false,true,false,false,production,,,investigate,,,,,bucket=production-complexity-hotspot; line_text=func RenderSnapshotListHuman(
CK-110-1258,The application dynamically constructs file or path information.,codacy,ebab136740ddb43e4f40c257bbb47980,internal/storage/store_v2chunker_test.go,393,Semgrep_go_filesystem_rule-fileread,Security,FileAccess,Error,Opengrep,18d003b830e3f574eb83ef14875c79058987e5e6,backlog,open,S3,storage,Test-only security scanner findings must be reviewed and suppressed only with rationale,,,none,none,none,none,none,false,false,false,true,false,test,,,investigate,,,,,"bucket=test-security-noise; line_text=v1Got, err := os.ReadFile(v1OutPath)"
CK-110-1259,Method CheckSnapshotReachabilityIntegrity has 196 lines of code (limit is 50),codacy,6dbe017d93a2e1c46a4b2ef9b6fedb1a,internal/verify/verify_snapshot.go,50,Lizard_nloc-medium,Complexity,,Warning,Lizard,40a1210ffc8c23dc4a717ce32627c89658e0f608,backlog,open,S2,verify,Production complexity hotspots in critical paths must be tracked without behavior-changing refactors,,,none,medium,none,medium,none,true,false,true,false,false,production,,,investigate,,,,,"bucket=production-complexity-hotspot; line_text=func CheckSnapshotReachabilityIntegrity(dbconn *sql.DB) (SnapshotReachabilityIntegritySummary, error) {"
CK-110-1260,The application was found setting directory permissions to overly permissive values.,codacy,b5e5c9b7b5d2ac777c19912664952a7f,internal/storage/restore_test.go,1903,Semgrep_go_file-permissions_rule-mkdir,Security,FileAccess,High,Opengrep,6a6fd82a9f402e3f046ffa50b841e240daeb3c3a,v1.10.5,open,S3,restore,Test-only security scanner findings must be reviewed and suppressed only with rationale,,,none,none,none,none,none,false,false,false,true,false,test,,,investigate,,,,,"bucket=test-security-noise; line_text=if err := os.MkdirAll(outputParentDir, 0o755); err != nil {"
CK-110-1261,Method RenderSnapshotShowHuman has a cyclomatic complexity of 16 (limit is 8),codacy,f833241d0a5c57a5687e24755a00d351,internal/cli/render/snapshot_list_show.go,64,Lizard_ccn-medium,Complexity,,Warning,Lizard,40a1210ffc8c23dc4a717ce32627c89658e0f608,backlog,open,S2,snapshot,Production complexity hotspots in critical paths must be tracked without behavior-changing refactors,,,none,none,none,none,none,true,false,true,false,false,production,,,investigate,,,,,bucket=production-complexity-hotspot; line_text=func RenderSnapshotShowHuman(
CK-110-1262,Method TestTraverseNoCyclesInfiniteLoops has 53 lines of code (limit is 50),codacy,a92186f49f30ee96318ced4a6ff61a6,internal/graph/traversal_test.go,215,Lizard_nloc-medium,Complexity,,Warning,Lizard,40a1210ffc8c23dc4a717ce32627c89658e0f608,v1.10.6,open,S3,codacy,Test complexity findings must be reviewed without weakening invariant coverage,,,none,none,none,none,none,false,false,false,true,false,test,,,investigate,,,,,bucket=test-complexity-hotspot; line_text=func TestTraverseNoCyclesInfiniteLoops(t *testing.T) {
CK-110-1263,SQL Injection is a critical vulnerability that can lead to data or system compromise.,codacy,75395ce84ae75488e639bdccc9160625,internal/observability/service_test.go,103,Semgrep_go_sql_rule-concat-sqli,Security,SQLInjection,Error,Opengrep,5203403c366c34daedb23d0c4ef345f787d6188b,v1.10.2,open,S3,security,Test-only security scanner findings must be reviewed and suppressed only with rationale,,,none,none,none,none,none,false,false,false,true,false,test,,,investigate,,,,,"bucket=test-security-noise; line_text=if _, err := dbconn.Exec(`INSERT INTO physical_file (path, logical_file_id) VALUES (?, ?)`, path, fileID); err != nil {"
CK-110-1264,Method openPreV15MigratedVerifyDB has a cyclomatic complexity of 14 (limit is 8),codacy,eec22026bd35af15ebca73bb229cb9bf,internal/verify/verify_regression_test.go,18,Lizard_ccn-medium,Complexity,,Warning,Lizard,40a1210ffc8c23dc4a717ce32627c89658e0f608,backlog,open,S3,verify,Test complexity findings must be reviewed without weakening invariant coverage,,,none,none,none,none,none,false,false,false,true,false,test,,,investigate,,,,,"bucket=test-complexity-hotspot; line_text=func openPreV15MigratedVerifyDB(t *testing.T, containersDir string) *sql.DB {"
CK-110-1265,Detected file permissions that are set to more than `0600` (user/owner can read and write). Setting file permi,codacy,41c38d3de2590bb1c193a5352cafbf8d,tests/adversarial/g14_g17_snapshot_retention_adversarial_test.go,409,Semgrep_go.lang.correctness.permissions.file_permission.incorrect-default-permission,Security,FileAccess,High,Opengrep,e675ba781b33cb0a643d74df46df9e78fa50484c,backlog,open,S3,snapshot,Test-only security scanner findings must be reviewed and suppressed only with rationale,,,none,none,none,none,none,false,false,false,true,false,test,,,investigate,,,,,"bucket=test-security-noise; line_text=if err := os.MkdirAll(filepath.Join(inputDir, ""docs""), 0o755); err != nil {"
CK-110-1266,Method validateReusableLogicalFileSemanticsWithContext has 102 lines of code (limit is 50),codacy,768ee7c09e0df8dbf5c23976547a54fd,internal/storage/store.go,1440,Lizard_nloc-medium,Complexity,,Warning,Lizard,9d7b04015f79806ec46b4425f396ec30b6ef84b4,backlog,open,S2,storage,Production complexity hotspots in critical paths must be tracked without behavior-changing refactors,,,none,medium,none,medium,none,true,false,true,false,false,production,,,investigate,,,,,"bucket=production-complexity-hotspot; line_text=func validateReusableLogicalFileSemanticsWithContext(ctx context.Context, dbconn *sql.DB, fileID int64, containersDir string) (err error) {"
CK-110-1267,Method RenderStats has 243 lines of code (limit is 50),codacy,a1c988d9491cc315c1480ac064cdab20,internal/cli/render/stats.go,70,Lizard_nloc-medium,Complexity,,Warning,Lizard,40a1210ffc8c23dc4a717ce32627c89658e0f608,v1.10.6,open,S2,codacy,Production complexity hotspots in critical paths must be tracked without behavior-changing refactors,,,none,none,none,none,none,true,false,true,false,false,production,,,investigate,,,,,"bucket=production-complexity-hotspot; line_text=func (HumanRenderer) RenderStats(w io.Writer, r *StatsResult) error {"
CK-110-1268,All queries must target RAC_* tables.Query does not reference RAC_* table.,codacy,9a00b6f2154419f80d7df829600d078d,db/schema_postgres.sql,219,Semgrep_codacy.generic.sql.rac-table-access,Security,SQLInjection,High,Opengrep,318edbc4cd388aa707725fec4bc1a011e60724c8,backlog,open,S1,migration,Dynamic SQL scanner findings must be reviewed for parameterization or safe identifier constraints,,,none,none,medium,none,none,true,false,true,false,false,production,,,investigate,,,,,bucket=production-security-candidate; line_text=SELECT 1
CK-110-1269,Method checkCompletedChunkBlockCardinality has 55 lines of code (limit is 50),codacy,1fd1bc17f342c095b291aa03eff2ad10,internal/verify/verify_chunk.go,223,Lizard_nloc-medium,Complexity,,Warning,Lizard,40a1210ffc8c23dc4a717ce32627c89658e0f608,backlog,open,S2,verify,Production complexity hotspots in critical paths must be tracked without behavior-changing refactors,,,none,medium,none,medium,none,true,false,true,false,false,production,,,investigate,,,,,bucket=production-complexity-hotspot; line_text=func checkCompletedChunkBlockCardinality(dbconn *sql.DB) error {
CK-110-1270,Method VerifyStoredBlock has 116 lines of code (limit is 50),codacy,be65ccc77dee9bf5707bddb74a602877,internal/verify/verify_block_pipeline.go,74,Lizard_nloc-medium,Complexity,,Warning,Lizard,40a1210ffc8c23dc4a717ce32627c89658e0f608,backlog,open,S2,verify,Production complexity hotspots in critical paths must be tracked without behavior-changing refactors,,,none,medium,none,medium,none,true,false,true,false,false,production,,,investigate,,,,,"bucket=production-complexity-hotspot; line_text=func VerifyStoredBlock(ctx context.Context, meta BlockStorageMetadata, reader ContainerReader) (*VerifiedBlock, error) {"
CK-110-1271,Method TestInspectLogicalFileBasic has a cyclomatic complexity of 15 (limit is 8),codacy,4541b0aebf3d01e63aca505d58b4c15c,internal/observability/inspect_test.go,34,Lizard_ccn-medium,Complexity,,Warning,Lizard,40a1210ffc8c23dc4a717ce32627c89658e0f608,v1.10.6,open,S3,codacy,Test complexity findings must be reviewed without weakening invariant coverage,,,none,none,none,none,none,false,false,false,true,false,test,,,investigate,,,,,bucket=test-complexity-hotspot; line_text=func TestInspectLogicalFileBasic(t *testing.T) {
CK-110-1272,Expected: 1; Actual: 0; Below,codacy,5c549b8edb699e8197d6c7b3dc1fe37d,docs/STEP64_METRICS_VALIDATION.md,150,markdownlint_MD022,CodeStyle,,Info,markdownlint,40a1210ffc8c23dc4a717ce32627c89658e0f608,backlog,open,S4,docs,Documentation style findings must be classified without blocking correctness releases,,,none,none,none,none,none,false,false,false,false,true,docs,,,investigate,,,,,bucket=docs-style; line_text=### Comprehensive Tests
CK-110-1273,The application dynamically constructs file or path information.,codacy,c450fb2bc6f94b3a2d114d790ce73ed0,internal/storage/restore_test.go,869,Semgrep_go_filesystem_rule-fileread,Security,FileAccess,Error,Opengrep,283637309fd6a847cbd8691173e71984d7269ae2,v1.10.5,open,S3,restore,Test-only security scanner findings must be reviewed and suppressed only with rationale,,,none,none,none,none,none,false,false,false,true,false,test,,,investigate,,,,,"bucket=test-security-noise; line_text=restored, err := os.ReadFile(expectedOutputPath)"
CK-110-1274,Method TestPhase7UpgradeAndAddNewDataIntegration has a cyclomatic complexity of 25 (limit is 8),codacy,cd67092ce4b82747e11fec6167474f53,tests/integration/v18_migration_compatibility_integration_test.go,398,Lizard_ccn-medium,Complexity,,Warning,Lizard,40a1210ffc8c23dc4a717ce32627c89658e0f608,v1.10.6,open,S3,codacy,Test complexity findings must be reviewed without weakening invariant coverage,,,none,none,none,none,none,false,false,false,true,false,test,,,investigate,,,,,bucket=test-complexity-hotspot; line_text=func TestPhase7UpgradeAndAddNewDataIntegration(t *testing.T) {
CK-110-1275,Method TestRemoveFileByIDAndRemoveByStoredPathAreSymmetric has 90 lines of code (limit is 50),codacy,6ee600d82ca25e2689e552937d923098,internal/storage/remove_test.go,694,Lizard_nloc-medium,Complexity,,Warning,Lizard,40a1210ffc8c23dc4a717ce32627c89658e0f608,backlog,open,S3,storage,Test complexity findings must be reviewed without weakening invariant coverage,,,none,none,none,none,none,false,false,false,true,false,test,,,investigate,,,,,bucket=test-complexity-hotspot; line_text=func TestRemoveFileByIDAndRemoveByStoredPathAreSymmetric(t *testing.T) {
CK-110-1276,Method TestGetReachableChunksMatchesLegacyAcrossRandomizedFixtures has 107 lines of code (limit is 50),codacy,28523b9dd6a767d59e7c608a4a9f3fcf,internal/graph/reachability_test.go,350,Lizard_nloc-medium,Complexity,,Warning,Lizard,662965066392590c71376f6860b0ada0bf23cd4e,v1.10.6,open,S3,codacy,Test complexity findings must be reviewed without weakening invariant coverage,,,none,none,none,none,none,false,false,false,true,false,test,,,investigate,,,,,bucket=test-complexity-hotspot; line_text=func TestGetReachableChunksMatchesLegacyAcrossRandomizedFixtures(t *testing.T) {
CK-110-1277,The application was found setting directory permissions to overly permissive values.,codacy,eedbf05eff4f60887abec2fd7fc931d5,tests/integration/read_path_regression_test.go,90,Semgrep_go_file-permissions_rule-mkdir,Security,FileAccess,High,Opengrep,1d85d20bc67c2b2e35f6c1329d4c42803b898e7c,v1.10.2,open,S3,filesystem,Test-only security scanner findings must be reviewed and suppressed only with rationale,,,none,none,none,none,none,false,false,false,true,false,test,,,investigate,,,,,"bucket=test-security-noise; line_text=if err := os.MkdirAll(inputDir, 0o755); err != nil {"
CK-110-1278,The application was found setting directory permissions to overly permissive values.,codacy,583db06cb66a591083cfd69e96a1dc33,tests/adversarial/g610_mixed_repository_stability_test.go,209,Semgrep_go_file-permissions_rule-mkdir,Security,FileAccess,High,Opengrep,40a1210ffc8c23dc4a717ce32627c89658e0f608,v1.10.2,open,S3,filesystem,Test-only security scanner findings must be reviewed and suppressed only with rationale,,,none,none,none,none,none,false,false,false,true,false,test,,,investigate,,,,,"bucket=test-security-noise; line_text=if err := os.MkdirAll(container.ContainersDir, 0o755); err != nil {"
CK-110-1279,The application was found setting directory permissions to overly permissive values.,codacy,46635288d90fb74d179ad3ea0932b2e7,tests/adversarial/g67_deterministic_restore_matrix_test.go,297,Semgrep_go_file-permissions_rule-mkdir,Security,FileAccess,High,Opengrep,40a1210ffc8c23dc4a717ce32627c89658e0f608,v1.10.5,open,S3,restore,Test-only security scanner findings must be reviewed and suppressed only with rationale,,,none,none,none,none,none,false,false,false,true,false,test,,,investigate,,,,,"bucket=test-security-noise; line_text=os.MkdirAll(container.ContainersDir, 0o755)"
CK-110-1280,Method lockContainerRowNowaitWithRetry has a cyclomatic complexity of 16 (limit is 8),codacy,2ae2313ff9b6c875b74cb1a95e98721c,internal/container/local_writer.go,227,Lizard_ccn-medium,Complexity,,Warning,Lizard,55fd5483af6b4915ab73ab0c5e16ccb22c9a6592,backlog,open,S2,storage,Production complexity hotspots in critical paths must be tracked without behavior-changing refactors,,,none,medium,none,medium,none,true,false,true,false,false,production,,,investigate,,,,,"bucket=production-complexity-hotspot; line_text=func lockContainerRowNowaitWithRetry(tx db.DBTX, dbconn *sql.DB, containerID int64, attempts int, baseWait time.Duration) error {"
CK-110-1281,Method sumChunkSizesByID has 51 lines of code (limit is 50),codacy,f7b2c5131022a13a5fe1c03754ac5bc1,internal/observability/stats.go,325,Lizard_nloc-medium,Complexity,,Warning,Lizard,40a1210ffc8c23dc4a717ce32627c89658e0f608,v1.10.6,open,S2,codacy,Production complexity hotspots in critical paths must be tracked without behavior-changing refactors,,,none,none,none,none,none,true,false,true,false,false,production,,,investigate,,,,,"bucket=production-complexity-hotspot; line_text=func (s *Service) sumChunkSizesByID(ctx context.Context, chunkIDs map[int64]struct{}) (int64, error) {"
CK-110-1282,"Detected string concatenation with a non-literal variable in a ""database/sql"" Go SQL statement.",codacy,57fe3f51a1bad3835c92d0f8aae9da8f,internal/container/container_test.go,312,Semgrep_go.lang.security.audit.sqli.gosql-sqli.gosql-sqli,Security,SQLInjection,Error,Opengrep,ba7fa662f9cad616344a5e00709b60dc4d0f3ea7,backlog,open,S3,storage,Test-only security scanner findings must be reviewed and suppressed only with rationale,,,none,none,none,none,none,false,false,false,true,false,test,,,investigate,,,,,"bucket=test-security-noise; line_text=res, err := dbconn.Exec(`"
CK-110-1283,String-formatted SQL query detected.,codacy,7f6569c41cd24bb81d8852603c94177e,internal/db/migrations_test.go,148,Semgrep_go.lang.security.audit.database.string-formatted-query.string-formatted-query,Security,SQLInjection,Error,Opengrep,33f7e3db20e88ba7c4736919ea34a4454dde9403,backlog,open,S3,migration,Test-only security scanner findings must be reviewed and suppressed only with rationale,,,none,none,none,none,none,false,false,false,true,false,test,,,investigate,,,,,"bucket=test-security-noise; line_text=rows, err := dbconn.Query(fmt.Sprintf(""PRAGMA table_info(%s)"", tableName))"
CK-110-1284,Insecure dependency golang/stdlib@v1.23.0 (CVE-2026-32283: crypto/tls: golang: Go crypto/tls: Denial of Servic,codacy,62ab2a3daed8edd4c1aee728b7ca6d46,go.mod,3,Trivy_vulnerability_high,Security,InsecureModulesLibraries,High,Trivy,40a1210ffc8c23dc4a717ce32627c89658e0f608,v1.10.2,open,S1,dependencies,Supported Go toolchain must not carry known unplanned CVEs,,,none,none,medium,none,none,true,true,true,false,false,production,,,fix,,,,,bucket=dependency-cve; line_text=go 1.23
CK-110-1285,Method RunMigrations has a cyclomatic complexity of 20 (limit is 8),codacy,a10adaab533b7379f09bea94990b7c98,internal/db/migrations.go,948,Lizard_ccn-medium,Complexity,,Warning,Lizard,40a1210ffc8c23dc4a717ce32627c89658e0f608,backlog,open,S2,migration,Production complexity hotspots in critical paths must be tracked without behavior-changing refactors,,,none,none,none,none,none,true,false,true,false,false,production,,,investigate,,,,,bucket=production-complexity-hotspot; line_text=func RunMigrations(dbconn *sql.DB) error {
CK-110-1286,SQL Injection is a critical vulnerability that can lead to data or system compromise.,codacy,ff966e8d19786cba694c7a920516023e,internal/graph/reachability_test.go,419,Semgrep_go_sql_rule-concat-sqli,Security,SQLInjection,Error,Opengrep,662965066392590c71376f6860b0ada0bf23cd4e,v1.10.2,open,S3,security,Test-only security scanner findings must be reviewed and suppressed only with rationale,,,none,none,none,none,none,false,false,false,true,false,test,,,investigate,,,,,"bucket=test-security-noise; line_text=if _, err := dbconn.Exec(`INSERT INTO snapshot_path (path) VALUES (?)`, fmt.Sprintf(""docs/iter-%d-snap-%d"", iter, snapshotID)); err != nil {"
CK-110-1287,Method seedVerifyCompressedPackedBlockFixture has a cyclomatic complexity of 18 (limit is 8),codacy,afe4def4cf376f6578258ae8b29373cb,internal/verify/verify_system_test.go,589,Lizard_ccn-medium,Complexity,,Warning,Lizard,40a1210ffc8c23dc4a717ce32627c89658e0f608,backlog,open,S3,verify,Test complexity findings must be reviewed without weakening invariant coverage,,,none,none,none,none,none,false,false,false,true,false,test,,,investigate,,,,,"bucket=test-complexity-hotspot; line_text=func seedVerifyCompressedPackedBlockFixture(t testing.TB, dbconn *sql.DB, containersDir string, chunkPayloads [][]byte, codec blocks.Codec, compressionCodec string) (int64, []int64"
CK-110-1288,"Detected string concatenation with a non-literal variable in a ""database/sql"" Go SQL statement.",codacy,a2706ffbafa3c09ebf3d7c20903ee9f4,internal/observability/service_test.go,133,Semgrep_go.lang.security.audit.sqli.gosql-sqli.gosql-sqli,Security,SQLInjection,Error,Opengrep,5203403c366c34daedb23d0c4ef345f787d6188b,v1.10.2,open,S3,security,Test-only security scanner findings must be reviewed and suppressed only with rationale,,,none,none,none,none,none,false,false,false,true,false,test,,,investigate,,,,,bucket=test-security-noise; line_text=if err := dbconn.QueryRow(`SELECT COUNT(*) FROM ` + table).Scan(&count); err != nil {
CK-110-1289,Method storeFileWithStorageContextAndRuntimeResultWithPolicy has a cyclomatic complexity of 15 (limit is 8),codacy,7949a86d34ff556c819516dfa4694dfd,internal/storage/store.go,2354,Lizard_ccn-medium,Complexity,,Warning,Lizard,29a23d555eb7258224263df0388000f16c1e8a37,backlog,open,S2,storage,Production complexity hotspots in critical paths must be tracked without behavior-changing refactors,,,none,medium,none,medium,none,true,false,true,false,false,production,,,investigate,,,,,bucket=production-complexity-hotspot; line_text=func storeFileWithStorageContextAndRuntimeResultWithPolicy(
CK-110-1290,Method TestPhase7BuildDeterministicV17StyleFixtureIntegration has a cyclomatic complexity of 30 (limit is 8),codacy,1a7f7d9e89321ec4098f4d5907200b1f,tests/integration/v18_migration_compatibility_integration_test.go,122,Lizard_ccn-medium,Complexity,,Warning,Lizard,40a1210ffc8c23dc4a717ce32627c89658e0f608,v1.10.6,open,S3,codacy,Test complexity findings must be reviewed without weakening invariant coverage,,,none,none,none,none,none,false,false,false,true,false,test,,,investigate,,,,,bucket=test-complexity-hotspot; line_text=func TestPhase7BuildDeterministicV17StyleFixtureIntegration(t *testing.T) {
CK-110-1291,SQL Injection is a critical vulnerability that can lead to data or system compromise.,codacy,933cbb937dc347d0d8f74197d4022ac2,internal/gc/plan_test.go,831,Semgrep_go_sql_rule-concat-sqli,Security,SQLInjection,Error,Opengrep,d6c7f4ff856392623df486700284386013fcd003,v1.10.4,open,S3,gc,Test-only security scanner findings must be reviewed and suppressed only with rationale,,,none,none,none,none,none,false,false,false,true,false,test,,,investigate,,,,,"bucket=test-security-noise; line_text=if _, err := dbconn.Exec(`INSERT INTO snapshot_file (snapshot_id, path_id, logical_file_id) VALUES ('snap-001', ?, ?)`, pathID1, snapFile1); err != nil {"
CK-110-1292,The application was found setting directory permissions to overly permissive values.,codacy,baae4ea5a70fecff0b718e569a6e2e50,internal/container/local_writer.go,97,Semgrep_go_file-permissions_rule-mkdir,Security,FileAccess,High,Opengrep,4c974bfac55c61b1b715b3043fed3648eeba5adf,backlog,open,S1,storage,Filesystem permission scanner findings must be reviewed by runtime area and threat model,,,none,medium,medium,medium,none,true,false,true,false,false,production,,,investigate,,,,,"bucket=production-security-candidate; line_text=_ = os.MkdirAll(dir, 0755)"
CK-110-1293,Method TestCrossConsistency_StatsAndInspectAgreeOnChunkCount has a cyclomatic complexity of 10 (limit is 8),codacy,838580777a47e052391f0d08818dc1ef,internal/observability/cross_consistency_test.go,23,Lizard_ccn-medium,Complexity,,Warning,Lizard,40a1210ffc8c23dc4a717ce32627c89658e0f608,v1.10.6,open,S3,codacy,Test complexity findings must be reviewed without weakening invariant coverage,,,none,none,none,none,none,false,false,false,true,false,test,,,investigate,,,,,bucket=test-complexity-hotspot; line_text=func TestCrossConsistency_StatsAndInspectAgreeOnChunkCount(t *testing.T) {
CK-110-1294,Method TestFileContainerSyncSkipsRedundantFsyncWithoutNewWrites has a cyclomatic complexity of 13 (limit is 8),codacy,4d77b19d0be9311ec372ee7242bc077f,internal/container/container_test.go,181,Lizard_ccn-medium,Complexity,,Warning,Lizard,23e002b9b8624cf5895e370b50e5ec84a98bd68d,backlog,open,S3,storage,Test complexity findings must be reviewed without weakening invariant coverage,,,none,none,none,none,none,false,false,false,true,false,test,,,investigate,,,,,bucket=test-complexity-hotspot; line_text=func TestFileContainerSyncSkipsRedundantFsyncWithoutNewWrites(t *testing.T) {
CK-110-1295,Expected: 1; Actual: 0; Below,codacy,8a4949279c1a5ecdcb4e207d58290116,docs/STEP64_METRICS_VALIDATION.md,34,markdownlint_MD022,CodeStyle,,Info,markdownlint,40a1210ffc8c23dc4a717ce32627c89658e0f608,backlog,open,S4,docs,Documentation style findings must be classified without blocking correctness releases,,,none,none,none,none,none,false,false,false,false,true,docs,,,investigate,,,,,bucket=docs-style; line_text=#### 4. Memory Metrics (2 metrics)
CK-110-1296,Method recoverSealingContainers has 79 lines of code (limit is 50),codacy,366393580ec91b675604aeb5b1aba783,internal/recovery/system_recovery.go,174,Lizard_nloc-medium,Complexity,,Warning,Lizard,40a1210ffc8c23dc4a717ce32627c89658e0f608,v1.10.5,open,S2,recovery,Production complexity hotspots in critical paths must be tracked without behavior-changing refactors,,,none,medium,none,medium,medium,true,false,true,false,false,production,,,investigate,,,,,"bucket=production-complexity-hotspot; line_text=func recoverSealingContainers(dbconn *sql.DB, containersDir string, stats *recoveryStats) error {"
CK-110-1297,Method SearchFilesResultWithDB has a cyclomatic complexity of 18 (limit is 8),codacy,a1aa629371898c028270472296835be1,internal/listing/search.go,14,Lizard_ccn-medium,Complexity,,Warning,Lizard,40a1210ffc8c23dc4a717ce32627c89658e0f608,v1.10.6,open,S2,codacy,Production complexity hotspots in critical paths must be tracked without behavior-changing refactors,,,none,none,none,none,none,true,false,true,false,false,production,,,investigate,,,,,"bucket=production-complexity-hotspot; line_text=func SearchFilesResultWithDB(dbconn *sql.DB, args []string) ([]FileRecord, error) {"
CK-110-1298,The application dynamically constructs file or path information.,codacy,b67b77733cd92d7c1c773d3a1ca7d534,internal/storage/store_prepare_chunks_test.go,431,Semgrep_go_filesystem_rule-fileread,Security,FileAccess,Error,Opengrep,0ad8658aee19498c28727985f43807bc47d03957,backlog,open,S3,storage,Test-only security scanner findings must be reviewed and suppressed only with rationale,,,none,none,none,none,none,false,false,false,true,false,test,,,investigate,,,,,"bucket=test-security-noise; line_text=original, err := os.ReadFile(path)"
CK-110-1299,Detected file permissions that are set to more than `0600` (user/owner can read and write). Setting file permi,codacy,5716150802497ec32d486ff698f0141c,internal/container/container_test.go,295,Semgrep_go.lang.correctness.permissions.file_permission.incorrect-default-permission,Security,FileAccess,High,Opengrep,ba7fa662f9cad616344a5e00709b60dc4d0f3ea7,backlog,open,S3,storage,Test-only security scanner findings must be reviewed and suppressed only with rationale,,,none,none,none,none,none,false,false,false,true,false,test,,,investigate,,,,,"bucket=test-security-noise; line_text=f, err := os.OpenFile(path, os.O_WRONLY|os.O_APPEND, 0o666)"
CK-110-1300,Method  has a cyclomatic complexity of 25 (limit is 8),codacy,e0160479f097b56edf8b0fe6a63b550d,tests/adversarial/v110_s0_chunk_reuse_bounds_stabilization_test.go,45,Lizard_ccn-medium,Complexity,,Warning,Lizard,40a1210ffc8c23dc4a717ce32627c89658e0f608,backlog,open,S3,storage,Test complexity findings must be reviewed without weakening invariant coverage,,,none,none,none,none,none,false,false,false,true,false,test,,,investigate,,,,,"bucket=test-complexity-hotspot; line_text=t.Run(string(codec), func(t *testing.T) {"
CK-110-1301,Lists should be surrounded by blank lines,codacy,60e7070a3308cff7a06f3468a1d0d7ce,docs/STEP64_METRICS_VALIDATION.md,103,markdownlint_MD032,CodeStyle,,Info,markdownlint,40a1210ffc8c23dc4a717ce32627c89658e0f608,backlog,open,S4,docs,Documentation style findings must be classified without blocking correctness releases,,,none,none,none,none,none,false,false,false,false,true,docs,,,investigate,,,,,bucket=docs-style; line_text=- `TestStorageMetricsDistinguishLogicalFromPhysical` validates separation
CK-110-1302,Method verifyBlockPayloadsMode has 110 lines of code (limit is 50),codacy,3ebc57d6706cb9b16f8796397d0959c8,internal/verify/verify_repository.go,443,Lizard_nloc-medium,Complexity,,Warning,Lizard,40a1210ffc8c23dc4a717ce32627c89658e0f608,backlog,open,S2,verify,Production complexity hotspots in critical paths must be tracked without behavior-changing refactors,,,none,medium,none,medium,none,true,false,true,false,false,production,,,investigate,,,,,"bucket=production-complexity-hotspot; line_text=func verifyBlockPayloadsMode(dbconn *sql.DB, containersDir string, includeDeepContentChecks bool) error {"
CK-110-1303,The application dynamically constructs file or path information.,codacy,dc1a6c4b0bad82ca2888ad944d186a9e,internal/storage/restore_test.go,647,Semgrep_go_filesystem_rule-fileread,Security,FileAccess,Error,Opengrep,0ba9506695566f78d25ded7b3d89078f129e25e3,v1.10.5,open,S3,restore,Test-only security scanner findings must be reviewed and suppressed only with rationale,,,none,none,none,none,none,false,false,false,true,false,test,,,investigate,,,,,"bucket=test-security-noise; line_text=restored, err := os.ReadFile(storedPath)"
CK-110-1304,File tests/utils/common.go has 1043 non-comment lines of code,codacy,7114cfa5d00fb0e9f32e2c20a9c4ebd6,tests/utils/common.go,1,Lizard_file-nloc-medium,Complexity,,Warning,Lizard,40a1210ffc8c23dc4a717ce32627c89658e0f608,v1.10.2,open,S3,filesystem,Test complexity findings must be reviewed without weakening invariant coverage,,,none,none,none,none,none,false,false,false,true,false,test,,,investigate,,,,,bucket=test-complexity-hotspot; line_text=package testutils
CK-110-1305,Method TestRestoreFailsWhenAESGCMTransformerKeyIsMissing has 71 lines of code (limit is 50),codacy,d45eed05f9472a800e328f16dc63985f,internal/storage/restore_test.go,1450,Lizard_nloc-medium,Complexity,,Warning,Lizard,4436885601354a1800b36064aa3d197a26aa4b11,v1.10.5,open,S3,restore,Test complexity findings must be reviewed without weakening invariant coverage,,,none,none,none,none,none,false,false,false,true,false,test,,,investigate,,,,,bucket=test-complexity-hotspot; line_text=func TestRestoreFailsWhenAESGCMTransformerKeyIsMissing(t *testing.T) {
CK-110-1306,Detected file permissions that are set to more than `0600` (user/owner can read and write). Setting file permi,codacy,9fbd31139208622eef43c06b5c7992c4,tests/adversarial/g1_step11_restore_determinism_test.go,35,Semgrep_go.lang.correctness.permissions.file_permission.incorrect-default-permission,Security,FileAccess,High,Opengrep,267df133bd52cd8ce905ef6c64b8c6c9306985b1,v1.10.5,open,S3,restore,Test-only security scanner findings must be reviewed and suppressed only with rationale,,,none,none,none,none,none,false,false,false,true,false,test,,,investigate,,,,,"bucket=test-security-noise; line_text=if err := os.MkdirAll(filepath.Dir(path), 0o755); err != nil {"
CK-110-1307,Detected file permissions that are set to more than `0600` (user/owner can read and write). Setting file permi,codacy,f23a169f2b2e1e54577cc5ddf39adf67,internal/benchmark/runner.go,185,Semgrep_go.lang.correctness.permissions.file_permission.incorrect-default-permission,Security,FileAccess,High,Opengrep,91f935752a6599df526fbed4ba82b440ab365634,v1.10.6,open,S1,benchmark,Filesystem permission scanner findings must be reviewed by runtime area and threat model,,,none,none,medium,none,none,false,false,false,true,false,benchmark,,,investigate,,,,,"bucket=production-security-candidate; line_text=if err := os.MkdirAll(dataPath, 0o755); err != nil {"
CK-110-1308,Method  has a cyclomatic complexity of 13 (limit is 8),codacy,9ad4549ce7a04aa029bb6dcaf8fa2908,tests/adversarial/g4_non_destructive_gc_adversarial_test.go,195,Lizard_ccn-medium,Complexity,,Warning,Lizard,40a1210ffc8c23dc4a717ce32627c89658e0f608,v1.10.4,open,S3,gc,Test complexity findings must be reviewed without weakening invariant coverage,,,none,none,none,none,none,false,false,false,true,false,test,,,investigate,,,,,"bucket=test-complexity-hotspot; line_text=t.Run(codec, func(t *testing.T) {"
CK-110-1309,Method RepairLogicalRefCountsResultWithDB has a cyclomatic complexity of 10 (limit is 8),codacy,6174b238aa09a585a0b390f67076b932,internal/maintenance/repair_refcounts.go,23,Lizard_ccn-medium,Complexity,,Warning,Lizard,40a1210ffc8c23dc4a717ce32627c89658e0f608,v1.10.4,open,S2,gc,Production complexity hotspots in critical paths must be tracked without behavior-changing refactors,,,none,medium,none,medium,none,true,false,true,false,false,production,,,investigate,,,,,"bucket=production-complexity-hotspot; line_text=func RepairLogicalRefCountsResultWithDB(dbconn *sql.DB) (result RepairLogicalRefCountsResult, err error) {"
CK-110-1310,Method RenderSnapshotShowHuman has 54 lines of code (limit is 50),codacy,dc45951031fc5de8d4c9ad433631b3a5,internal/cli/render/snapshot_list_show.go,64,Lizard_nloc-medium,Complexity,,Warning,Lizard,40a1210ffc8c23dc4a717ce32627c89658e0f608,backlog,open,S2,snapshot,Production complexity hotspots in critical paths must be tracked without behavior-changing refactors,,,none,none,none,none,none,true,false,true,false,false,production,,,investigate,,,,,bucket=production-complexity-hotspot; line_text=func RenderSnapshotShowHuman(
CK-110-1311,Insecure dependency golang/stdlib@v1.23.0 (CVE-2025-47907: database/sql: Postgres Scan Race Condition) (update,codacy,fdb4df5b07f56a6b546dcd5da0a3118a,go.mod,3,Trivy_vulnerability_high,Security,InsecureModulesLibraries,High,Trivy,40a1210ffc8c23dc4a717ce32627c89658e0f608,v1.10.2,open,S1,dependencies,Supported Go toolchain must not carry known unplanned CVEs,,,none,none,medium,none,none,true,true,true,false,false,production,,,fix,,,,,bucket=dependency-cve; line_text=go 1.23
CK-110-1312,Method TestApplyPackedBlockTransformsWriteOrderCompressionThenEncryptionThenPhysicalHash has 58 lines of code ,codacy,b3874797edb957d18c3f827e0ab8b49c,internal/storage/store_transform_ordering_contract_test.go,54,Lizard_nloc-medium,Complexity,,Warning,Lizard,40a1210ffc8c23dc4a717ce32627c89658e0f608,backlog,open,S3,storage,Test complexity findings must be reviewed without weakening invariant coverage,,,none,none,none,none,none,false,false,false,true,false,test,,,investigate,,,,,bucket=test-complexity-hotspot; line_text=func TestApplyPackedBlockTransformsWriteOrderCompressionThenEncryptionThenPhysicalHash(t *testing.T) {
CK-110-1313,SQL Injection is a critical vulnerability that can lead to data or system compromise.,codacy,4ecfe82892fa9e399e18622cea3f7e40,internal/observability/equivalence_phase7_test.go,343,Semgrep_go_sql_rule-concat-sqli,Security,SQLInjection,Error,Opengrep,c16a28358b0516d4cf57102650185ea73c21735a,v1.10.2,open,S3,security,Test-only security scanner findings must be reviewed and suppressed only with rationale,,,none,none,none,none,none,false,false,false,true,false,test,,,investigate,,,,,"bucket=test-security-noise; line_text=if err := dbconn.QueryRow(`SELECT id FROM snapshot_path WHERE path = ?`, path).Scan(&pathID); err != nil {"
CK-110-1314,File internal/observability/equivalence_phase7_test.go has 597 non-comment lines of code,codacy,d00f3ef8e9bc9d00987b9c01171030e2,internal/observability/equivalence_phase7_test.go,1,Lizard_file-nloc-medium,Complexity,,Warning,Lizard,40a1210ffc8c23dc4a717ce32627c89658e0f608,v1.10.2,open,S3,filesystem,Test complexity findings must be reviewed without weakening invariant coverage,,,none,none,none,none,none,false,false,false,true,false,test,,,investigate,,,,,bucket=test-complexity-hotspot; line_text=package observability
CK-110-1315,The application dynamically constructs file or path information.,codacy,16ac0048bd4d3a5b5be3b76f942d5678,internal/benchmark/corpus_registry_test.go,227,Semgrep_go_filesystem_rule-fileread,Security,FileAccess,Error,Opengrep,fc8112a95961f6f3eba8ce8d6e1dc63ca8780ed0,v1.10.6,open,S3,benchmark,Test-only security scanner findings must be reviewed and suppressed only with rationale,,,none,none,none,none,none,false,false,false,true,false,test,,,investigate,,,,,"bucket=test-security-noise; line_text=data, _ := os.ReadFile(filePath)"
CK-110-1316,Do not use `math/rand`. Use `crypto/rand` instead.,codacy,6a4804794d38fc1e805200127f0e6599,tests/adversarial/g14_g17_snapshot_retention_adversarial_test.go,7,Semgrep_go.lang.security.audit.crypto.math_random.math-random-used,Security,Cryptography,Error,Opengrep,e675ba781b33cb0a643d74df46df9e78fa50484c,backlog,open,S3,snapshot,Test-only security scanner findings must be reviewed and suppressed only with rationale,,,none,none,none,none,none,false,false,false,true,false,test,,,investigate,,,,,"bucket=test-security-noise; line_text=""math/rand"""
CK-110-1317,Method TestBuildReportMapsAllFields has a cyclomatic complexity of 11 (limit is 8),codacy,360a0b154a4f499c0da312be208f074b,internal/recovery/system_recovery_additional_test.go,40,Lizard_ccn-medium,Complexity,,Warning,Lizard,40a1210ffc8c23dc4a717ce32627c89658e0f608,v1.10.5,open,S3,recovery,Test complexity findings must be reviewed without weakening invariant coverage,,,none,none,none,none,medium,false,false,false,true,false,test,,,investigate,,,,,bucket=test-complexity-hotspot; line_text=func TestBuildReportMapsAllFields(t *testing.T) {
CK-110-1318,String-formatted SQL query detected.,codacy,c066a224d0e70f551df4d4f50bc82bf1,internal/verify/verify_corruption_fixtures_test.go,90,Semgrep_go.lang.security.audit.database.string-formatted-query.string-formatted-query,Security,SQLInjection,Error,Opengrep,4063279927e416c661b23b985ef8102a362051e0,backlog,open,S3,verify,Test-only security scanner findings must be reviewed and suppressed only with rationale,,,none,none,none,none,none,false,false,false,true,false,test,,,investigate,,,,,"bucket=test-security-noise; line_text=query := fmt.Sprintf(""UPDATE chunk_block_refs SET %s = $1 WHERE block_id = $2 AND chunk_id = $3"", field)"
CK-110-1319,Lists should be surrounded by blank lines,codacy,ced869c7a0e0f91553ec2911b05f8bfe,docs/BENCHMARK_METRICS.md,55,markdownlint_MD032,CodeStyle,,Info,markdownlint,40a1210ffc8c23dc4a717ce32627c89658e0f608,backlog,open,S4,docs,Documentation style findings must be classified without blocking correctness releases,,,none,none,none,none,none,false,false,false,false,true,docs,,,investigate,,,,,bucket=docs-style; line_text=- Compare `StoreMBps` vs `RestoreMBps` to identify compression CPU cost
CK-110-1320,The application dynamically constructs file or path information.,codacy,2d399e4654d471a08adb1a75248bcf17,internal/container/container_test.go,295,Semgrep_go_filesystem_rule-fileread,Security,FileAccess,Error,Opengrep,ba7fa662f9cad616344a5e00709b60dc4d0f3ea7,backlog,open,S3,storage,Test-only security scanner findings must be reviewed and suppressed only with rationale,,,none,none,none,none,none,false,false,false,true,false,test,,,investigate,,,,,"bucket=test-security-noise; line_text=f, err := os.OpenFile(path, os.O_WRONLY|os.O_APPEND, 0o666)"
CK-110-1321,Expected: 2; Actual: 3,codacy,94664c5c2af454fae3dd1016956e6233,docs/benchmarking.md,1560,markdownlint_MD007,CodeStyle,,Info,markdownlint,40a1210ffc8c23dc4a717ce32627c89658e0f608,backlog,open,S4,docs,Documentation style findings must be classified without blocking correctness releases,,,none,none,none,none,none,false,false,false,false,true,docs,,,investigate,,,,,bucket=docs-style; line_text=- Evidence: `docs/internal/storage_compatibility_matrix.md` (Fully Supported + Supported Compatibility Modes)
CK-110-1322,Lists should be surrounded by blank lines,codacy,489d60b3d2236c1fd890172fed0e8c05,docs/STEP64_METRICS_VALIDATION.md,83,markdownlint_MD032,CodeStyle,,Info,markdownlint,40a1210ffc8c23dc4a717ce32627c89658e0f608,backlog,open,S4,docs,Documentation style findings must be classified without blocking correctness releases,,,none,none,none,none,none,false,false,false,false,true,docs,,,investigate,,,,,bucket=docs-style; line_text=- `TestMetricsStableAcrossMultipleRuns` verifies deterministic behavior
CK-110-1323,Detected file permissions that are set to more than `0600` (user/owner can read and write). Setting file permi,codacy,dd25517a6881a8e2b3f72c934709268,tests/adversarial/g1_step11_restore_determinism_test.go,105,Semgrep_go.lang.correctness.permissions.file_permission.incorrect-default-permission,Security,FileAccess,High,Opengrep,267df133bd52cd8ce905ef6c64b8c6c9306985b1,v1.10.5,open,S3,restore,Test-only security scanner findings must be reviewed and suppressed only with rationale,,,none,none,none,none,none,false,false,false,true,false,test,,,investigate,,,,,"bucket=test-security-noise; line_text=if err := os.MkdirAll(filepath.Dir(dest), 0o755); err != nil {"
CK-110-1324,SQL Injection is a critical vulnerability that can lead to data or system compromise.,codacy,c062f81c999a942b87af27563b4b3fed,internal/gc/plan_test.go,121,Semgrep_go_sql_rule-concat-sqli,Security,SQLInjection,Error,Opengrep,88f5505f7fd132877670813290f50292f649f103,v1.10.4,open,S3,gc,Test-only security scanner findings must be reviewed and suppressed only with rationale,,,none,none,none,none,none,false,false,false,true,false,test,,,investigate,,,,,"bucket=test-security-noise; line_text=if _, err := dbconn.Exec(`UPDATE logical_file SET ref_count = (SELECT COUNT(*) FROM physical_file WHERE logical_file_id = ?) WHERE id = ?`, fileID, fileID); err != nil {"
CK-110-1325,The application dynamically constructs file or path information.,codacy,89daccfadb8f5b8c833e9d8d19e747af,internal/storage/storage_block_reader_test.go,415,Semgrep_go_filesystem_rule-fileread,Security,FileAccess,Error,Opengrep,c5907c8595fdeff13e877a3d60b5bc2ed4781c50,v1.10.3,open,S3,packed-storage,Test-only security scanner findings must be reviewed and suppressed only with rationale,,,none,none,none,none,none,false,false,false,true,false,test,,,investigate,,,,,"bucket=test-security-noise; line_text=fh, err := os.OpenFile(path, os.O_RDWR, 0)"
CK-110-1326,File internal/db/migrations_test.go has 1990 non-comment lines of code,codacy,b919bbbeb0f9a6f05872a0b082c9aab8,internal/db/migrations_test.go,1,Lizard_file-nloc-medium,Complexity,,Warning,Lizard,40a1210ffc8c23dc4a717ce32627c89658e0f608,backlog,open,S3,migration,Test complexity findings must be reviewed without weakening invariant coverage,,,none,none,none,none,none,false,false,false,true,false,test,,,investigate,,,,,bucket=test-complexity-hotspot; line_text=package db
CK-110-1327,Detected file permissions that are set to more than `0600` (user/owner can read and write). Setting file permi,codacy,84c4785388e92247e42ff4b865a60c85,tests/adversarial/g14_g17_snapshot_retention_adversarial_test.go,122,Semgrep_go.lang.correctness.permissions.file_permission.incorrect-default-permission,Security,FileAccess,High,Opengrep,e675ba781b33cb0a643d74df46df9e78fa50484c,backlog,open,S3,snapshot,Test-only security scanner findings must be reviewed and suppressed only with rationale,,,none,none,none,none,none,false,false,false,true,false,test,,,investigate,,,,,"bucket=test-security-noise; line_text=if err := os.MkdirAll(outDir, 0o755); err != nil {"
CK-110-1328,SQL Injection is a critical vulnerability that can lead to data or system compromise.,codacy,1d6f7056a4b6bd5e43f6b6e5d0e6b10d,internal/maintenance/stats_bench_test.go,84,Semgrep_go_sql_rule-concat-sqli,Security,SQLInjection,Error,Opengrep,b260ec480396de71c0c68f71a752b831750fe97d,v1.10.4,open,S3,gc,Test-only security scanner findings must be reviewed and suppressed only with rationale,,,none,none,none,none,none,false,false,false,true,false,test,,,investigate,,,,,"bucket=test-security-noise; line_text=if _, err := logicalFileStmt.Exec("
CK-110-1329,Insecure dependency golang/stdlib@v1.23.0 (CVE-2026-42499: Pathological inputs could cause DoS through consume,codacy,c6c234ed57d50ab578bd83a5c81e3963,go.mod,3,Trivy_vulnerability_high,Security,InsecureModulesLibraries,High,Trivy,40a1210ffc8c23dc4a717ce32627c89658e0f608,v1.10.2,open,S1,dependencies,Supported Go toolchain must not carry known unplanned CVEs,,,none,none,medium,none,none,true,true,true,false,false,production,,,fix,,,,,bucket=dependency-cve; line_text=go 1.23
CK-110-1330,Detected file permissions that are set to more than `0600` (user/owner can read and write). Setting file permi,codacy,e724907dcedb48e3b0f8bebc3393f900,internal/container/container.go,84,Semgrep_go.lang.correctness.permissions.file_permission.incorrect-default-permission,Security,FileAccess,High,Opengrep,46b5d64074781d24fcecc6b9e3dba243a429ea89,backlog,open,S1,storage,Filesystem permission scanner findings must be reviewed by runtime area and threat model,,,none,medium,medium,medium,none,true,false,true,false,false,production,,,investigate,,,,,"bucket=production-security-candidate; line_text=f, err = os.OpenFile(path, os.O_RDONLY, 0644)"
CK-110-1331,The application was found setting directory permissions to overly permissive values.,codacy,1cd877269d882aa94b5c94c088fe9ed9,internal/benchmark/scenarios.go,383,Semgrep_go_file-permissions_rule-mkdir,Security,FileAccess,High,Opengrep,36a734258f88b2bad6595ae8611fe52e13b2a519,v1.10.6,open,S1,benchmark,Filesystem permission scanner findings must be reviewed by runtime area and threat model,,,none,none,medium,none,none,false,false,false,true,false,benchmark,,,investigate,,,,,"bucket=production-security-candidate; line_text=if err := os.MkdirAll(filepath.Dir(path), 0o755); err != nil {"
CK-110-1332,The application was found setting file permissions to overly permissive values.,codacy,d44994d7a74f3bc6e9cd38ea27c7b194,internal/benchmark/determinism_test.go,45,Semgrep_go_file-permissions_rule-fileperm,Security,FileAccess,High,Opengrep,ca56c48f078792eb9b7bd2af01af21fee9325194,v1.10.6,open,S3,benchmark,Test-only security scanner findings must be reviewed and suppressed only with rationale,,,none,none,none,none,none,false,false,false,true,false,test,,,investigate,,,,,"bucket=test-security-noise; line_text=if err := os.WriteFile(filepath.Join(dir, ""root.txt""), []byte(""r""), 0o644); err != nil {"
CK-110-1333,Lists should be surrounded by blank lines,codacy,94c2fee8714abcd394935d3cc7bc8758,docs/BENCHMARK_CORPORA.md,23,markdownlint_MD032,CodeStyle,,Info,markdownlint,40a1210ffc8c23dc4a717ce32627c89658e0f608,backlog,open,S4,docs,Documentation style findings must be classified without blocking correctness releases,,,none,none,none,none,none,false,false,false,false,true,docs,,,investigate,,,,,bucket=docs-style; line_text=- `source_code_1.go` (512 KB) - Go source code with repetitive patterns
CK-110-1334,Lists should be surrounded by blank lines,codacy,4517e23f3c4240303f821c090d5e6471,docs/benchmarking.md,1328,markdownlint_MD032,CodeStyle,,Info,markdownlint,40a1210ffc8c23dc4a717ce32627c89658e0f608,backlog,open,S4,docs,Documentation style findings must be classified without blocking correctness releases,,,none,none,none,none,none,false,false,false,false,true,docs,,,investigate,,,,,bucket=docs-style; line_text=- Legacy blocks with null hash fields do not crash collection
CK-110-1335,The application was found setting directory permissions to overly permissive values.,codacy,c8f1878b3d425471dc3074f8c59134b6,tests/integration/read_path_regression_test.go,228,Semgrep_go_file-permissions_rule-mkdir,Security,FileAccess,High,Opengrep,1d85d20bc67c2b2e35f6c1329d4c42803b898e7c,v1.10.2,open,S3,filesystem,Test-only security scanner findings must be reviewed and suppressed only with rationale,,,none,none,none,none,none,false,false,false,true,false,test,,,investigate,,,,,"bucket=test-security-noise; line_text=if err := os.MkdirAll(restoreRoot, 0o755); err != nil {"
CK-110-1336,Method RollbackLastAppend has a cyclomatic complexity of 17 (limit is 8),codacy,62e73af78e40ef86e5806382b63b6499,internal/container/local_writer.go,511,Lizard_ccn-medium,Complexity,,Warning,Lizard,40a1210ffc8c23dc4a717ce32627c89658e0f608,backlog,open,S2,storage,Production complexity hotspots in critical paths must be tracked without behavior-changing refactors,,,none,medium,none,medium,none,true,false,true,false,false,production,,,investigate,,,,,bucket=production-complexity-hotspot; line_text=func (w *LocalWriter) RollbackLastAppend() error {
CK-110-1337,The application was found setting directory permissions to overly permissive values.,codacy,1e0bb5c60ece137a272b3378055797af,tests/integration/v19_stats_semantics_integration_test.go,74,Semgrep_go_file-permissions_rule-mkdir,Security,FileAccess,High,Opengrep,40a1210ffc8c23dc4a717ce32627c89658e0f608,v1.10.2,open,S3,filesystem,Test-only security scanner findings must be reviewed and suppressed only with rationale,,,none,none,none,none,none,false,false,false,true,false,test,,,investigate,,,,,"bucket=test-security-noise; line_text=if err := os.MkdirAll(containersDir, 0o755); err != nil {"
CK-110-1338,Insecure dependency golang/stdlib@v1.23.0 (CVE-2026-25679: net/url: Incorrect parsing of IPv6 host literals in,codacy,bc274e5d108faebe9982cf0197a1c7a1,go.mod,3,Trivy_vulnerability_high,Security,InsecureModulesLibraries,High,Trivy,40a1210ffc8c23dc4a717ce32627c89658e0f608,v1.10.2,open,S1,dependencies,Supported Go toolchain must not carry known unplanned CVEs,,,none,none,medium,none,none,true,true,true,false,false,production,,,fix,,,,,bucket=dependency-cve; line_text=go 1.23
CK-110-1339,Method RunFixtureFolderEndToEnd has 90 lines of code (limit is 50),codacy,a57aee67bdeb37f14cf4a4c807c522f6,tests/utils/common.go,979,Lizard_nloc-medium,Complexity,,Warning,Lizard,40a1210ffc8c23dc4a717ce32627c89658e0f608,v1.10.6,open,S3,codacy,Test complexity findings must be reviewed without weakening invariant coverage,,,none,none,none,none,none,false,false,false,true,false,test,,,investigate,,,,,"bucket=test-complexity-hotspot; line_text=func RunFixtureFolderEndToEnd(t *testing.T, fixtureDir string) {"
CK-110-1340,Method TestStep610MixedRepositoryStability has a cyclomatic complexity of 24 (limit is 8),codacy,f1746a16ea523e7370bb0839bea950a5,tests/adversarial/g610_mixed_repository_stability_test.go,48,Lizard_ccn-medium,Complexity,,Warning,Lizard,40a1210ffc8c23dc4a717ce32627c89658e0f608,v1.10.6,open,S3,codacy,Test complexity findings must be reviewed without weakening invariant coverage,,,none,none,none,none,none,false,false,false,true,false,test,,,investigate,,,,,bucket=test-complexity-hotspot; line_text=func TestStep610MixedRepositoryStability(t *testing.T) {
CK-110-1341,SQL Injection is a critical vulnerability that can lead to data or system compromise.,codacy,391f7aba2f8b169df25d94d4c9d1f374,internal/graph/reachability_test.go,369,Semgrep_go_sql_rule-concat-sqli,Security,SQLInjection,Error,Opengrep,662965066392590c71376f6860b0ada0bf23cd4e,v1.10.2,open,S3,security,Test-only security scanner findings must be reviewed and suppressed only with rationale,,,none,none,none,none,none,false,false,false,true,false,test,,,investigate,,,,,"bucket=test-security-noise; line_text=res, err := dbconn.Exec("
CK-110-1342,Method TestRestoreOptionsOverwriteTrueReplacesExistingDestination has 93 lines of code (limit is 50),codacy,19fb8929a121cd760750c4d672a5f781,internal/storage/restore_test.go,2234,Lizard_nloc-medium,Complexity,,Warning,Lizard,72e7d820bee113801805bf52d821193704364cb2,v1.10.5,open,S3,restore,Test complexity findings must be reviewed without weakening invariant coverage,,,none,none,none,none,none,false,false,false,true,false,test,,,investigate,,,,,bucket=test-complexity-hotspot; line_text=func TestRestoreOptionsOverwriteTrueReplacesExistingDestination(t *testing.T) {
CK-110-1343,Method TestComputeReachabilitySummary has 54 lines of code (limit is 50),codacy,3405c8043232352ee39488b0d754b27c,internal/retention/reachability_test.go,182,Lizard_nloc-medium,Complexity,,Warning,Lizard,40a1210ffc8c23dc4a717ce32627c89658e0f608,v1.10.6,open,S3,codacy,Test complexity findings must be reviewed without weakening invariant coverage,,,none,none,none,none,none,false,false,false,true,false,test,,,investigate,,,,,bucket=test-complexity-hotspot; line_text=func TestComputeReachabilitySummary(t *testing.T) {
CK-110-1344,Method TestBuildPlanPackedDryRunMetrics has a cyclomatic complexity of 10 (limit is 8),codacy,b0d3ca617fea97de8586ba12197405e4,internal/gc/plan_test.go,666,Lizard_ccn-medium,Complexity,,Warning,Lizard,118276fdda4b38480e41c9327c2896edbac0dd9c,v1.10.4,open,S3,gc,Test complexity findings must be reviewed without weakening invariant coverage,,,none,none,none,none,none,false,false,false,true,false,test,,,investigate,,,,,bucket=test-complexity-hotspot; line_text=func TestBuildPlanPackedDryRunMetrics(t *testing.T) {
CK-110-1345,Method linkFileChunkWithContext has a cyclomatic complexity of 10 (limit is 8),codacy,aac52d8ca8feb1dd000edf19c208e128,internal/storage/store.go,2165,Lizard_ccn-medium,Complexity,,Warning,Lizard,00eaa50528df50804d272baa0dfbf8c6704abd50,backlog,open,S2,storage,Production complexity hotspots in critical paths must be tracked without behavior-changing refactors,,,none,medium,none,medium,none,true,false,true,false,false,production,,,investigate,,,,,"bucket=production-complexity-hotspot; line_text=func linkFileChunkWithContext(ctx context.Context, tx *sql.Tx, fileID int64, chunkID int64, chunkOrder int, incrementRefCount bool) error {"
CK-110-1346,Method Derive has a cyclomatic complexity of 16 (limit is 8),codacy,1b740bc43ffc9ff3edabc78974c868c4,internal/repository/capabilities/derive.go,20,Lizard_ccn-medium,Complexity,,Warning,Lizard,40a1210ffc8c23dc4a717ce32627c89658e0f608,v1.10.6,open,S2,codacy,Production complexity hotspots in critical paths must be tracked without behavior-changing refactors,,,none,none,none,none,none,true,false,true,false,false,production,,,investigate,,,,,"bucket=production-complexity-hotspot; line_text=func Derive(ctx context.Context, dbconn *sql.DB) (RepositoryCapabilities, error) {"
CK-110-1347,Method extract_metrics has a cyclomatic complexity of 9 (limit is 8),codacy,132ebcbbaa04583396d1934221c1f56e,scripts/compare_phase8_dedup_results.py,20,Lizard_ccn-medium,Complexity,,Warning,Lizard,2ab9fd3bd69f2a1e6c9741871aa10c229f126899,v1.10.6,open,S2,tooling,Release and benchmark scripts must not mask failures or mishandle unsafe inputs,,,low,none,none,low,none,false,true,false,false,false,script,,,investigate,,,,,bucket=script-tooling-risk; line_text=def extract_metrics(doc: dict) -> dict:
CK-110-1348,Method TestPostgresFreshBootstrapCreatesPhaseOneV8Schema has a cyclomatic complexity of 39 (limit is 8),codacy,7d65874c84901faba04872bcebbfd5c,internal/db/migrations_test.go,1272,Lizard_ccn-medium,Complexity,,Warning,Lizard,69d3d6f7e494463c2eb98c9a03fca7449781ea14,backlog,open,S3,migration,Test complexity findings must be reviewed without weakening invariant coverage,,,none,none,none,none,none,false,false,false,true,false,test,,,investigate,,,,,bucket=test-complexity-hotspot; line_text=func TestPostgresFreshBootstrapCreatesPhaseOneV8Schema(t *testing.T) {
CK-110-1349,All queries must target RAC_* tables.Query does not reference RAC_* table.,codacy,b5d75040cb5ef7f9cf8b4a04415988d9,db/schema_postgres.sql,168,Semgrep_codacy.generic.sql.rac-table-access,Security,SQLInjection,High,Opengrep,,backlog,open,S1,migration,Dynamic SQL scanner findings must be reviewed for parameterization or safe identifier constraints,,,none,none,medium,none,none,true,false,true,false,false,production,,,investigate,,,,,bucket=production-security-candidate; line_text=BEFORE UPDATE ON logical_file
CK-110-1350,"Undefined acronym ""GC"" — define on first use or add to glossary.",codacy,3c87ab5fe64a682e918a7d8512a5d17e,SECURITY.md,13,Agentlinter_clarity_undefined-term,Comprehensibility,,Info,Agentlinter,40a1210ffc8c23dc4a717ce32627c89658e0f608,v1.10.6,open,S4,codacy,Documentation style findings must be classified without blocking correctness releases,,,none,none,none,none,none,false,false,false,false,true,docs,,,investigate,,,,,"bucket=docs-style; line_text=restore determinism, GC safety, and snapshot semantics."
CK-110-1351,Method check_regression has 75 lines of code (limit is 50),codacy,22a53e186c0da83dcbf17bcbbf56d055,scripts/validate_regression_thresholds.py,186,Lizard_nloc-medium,Complexity,,Warning,Lizard,c8a0ecd16ba5c9f84d1cccb32fc75f2c281139e1,v1.10.6,open,S2,tooling,Release and benchmark scripts must not mask failures or mishandle unsafe inputs,,,low,none,none,low,none,false,true,false,false,false,script,,,investigate,,,,,bucket=script-tooling-risk; line_text=def check_regression(
CK-110-1352,Insecure dependency golang/stdlib@v1.23.0 (CVE-2026-32280: crypto/x509: crypto/tls: golang: Go: Denial of Serv,codacy,8e643df86fe2fe116c898f052f6284c,go.mod,3,Trivy_vulnerability_high,Security,InsecureModulesLibraries,High,Trivy,40a1210ffc8c23dc4a717ce32627c89658e0f608,v1.10.2,open,S1,dependencies,Supported Go toolchain must not carry known unplanned CVEs,,,none,none,medium,none,none,true,true,true,false,false,production,,,fix,,,,,bucket=dependency-cve; line_text=go 1.23
CK-110-1353,Method snapshotGraphInvariantCode has a cyclomatic complexity of 9 (limit is 8),codacy,6520b0c027f2d672439b9243d1b0d1e3,internal/verify/verify_snapshot.go,34,Lizard_ccn-medium,Complexity,,Warning,Lizard,40a1210ffc8c23dc4a717ce32627c89658e0f608,backlog,open,S2,verify,Production complexity hotspots in critical paths must be tracked without behavior-changing refactors,,,none,medium,none,medium,none,true,false,true,false,false,production,,,investigate,,,,,bucket=production-complexity-hotspot; line_text=func snapshotGraphInvariantCode(summary SnapshotReachabilityIntegritySummary) string {
CK-110-1354,Method seedVerifyLegacyBlockFixture has a cyclomatic complexity of 9 (limit is 8),codacy,1e555ff2e5c8f6a145683419ddfdbdea,internal/verify/verify_system_test.go,797,Lizard_ccn-medium,Complexity,,Warning,Lizard,40a1210ffc8c23dc4a717ce32627c89658e0f608,backlog,open,S3,verify,Test complexity findings must be reviewed without weakening invariant coverage,,,none,none,none,none,none,false,false,false,true,false,test,,,investigate,,,,,"bucket=test-complexity-hotspot; line_text=func seedVerifyLegacyBlockFixture(t testing.TB, dbconn *sql.DB, containersDir string, payload []byte) int64 {"
CK-110-1355,The application was found setting directory permissions to overly permissive values.,codacy,1f29dd05847654f7baac14d9a5acf01a,internal/benchmark/determinism_test.go,42,Semgrep_go_file-permissions_rule-mkdir,Security,FileAccess,High,Opengrep,ca56c48f078792eb9b7bd2af01af21fee9325194,v1.10.6,open,S3,benchmark,Test-only security scanner findings must be reviewed and suppressed only with rationale,,,none,none,none,none,none,false,false,false,true,false,test,,,investigate,,,,,"bucket=test-security-noise; line_text=if err := os.MkdirAll(sub, 0o755); err != nil {"
CK-110-1356,All queries must target RAC_* tables.Query does not reference RAC_* table.,codacy,222c2c551fd15f64f5c1c1748b370bbf,db/schema_postgres.sql,601,Semgrep_codacy.generic.sql.rac-table-access,Security,SQLInjection,High,Opengrep,ac986ce59c730f02b3c8fecc9ea00374ba27c1a0,backlog,open,S1,migration,Dynamic SQL scanner findings must be reviewed for parameterization or safe identifier constraints,,,none,none,medium,none,none,true,false,true,false,false,production,,,investigate,,,,,bucket=production-security-candidate; line_text=UPDATE schema_version SET version = 15 WHERE version < 15;
CK-110-1357,Expected: 2; Actual: 3,codacy,5e2735d09cc5c7bbf1b86dc7d079fa8f,docs/benchmarking.md,648,markdownlint_MD007,CodeStyle,,Info,markdownlint,40a1210ffc8c23dc4a717ce32627c89658e0f608,backlog,open,S4,docs,Documentation style findings must be classified without blocking correctness releases,,,none,none,none,none,none,false,false,false,false,true,docs,,,investigate,,,,,bucket=docs-style; line_text=- repeated store/restore loops
CK-110-1358,File internal/storage/storage_block_reader_test.go has 1008 non-comment lines of code,codacy,833af26d4ac63140ca84fd186285814b,internal/storage/storage_block_reader_test.go,1,Lizard_file-nloc-medium,Complexity,,Warning,Lizard,40a1210ffc8c23dc4a717ce32627c89658e0f608,v1.10.3,open,S3,packed-storage,Test complexity findings must be reviewed without weakening invariant coverage,,,none,none,none,none,none,false,false,false,true,false,test,,,investigate,,,,,bucket=test-complexity-hotspot; line_text=package storage
CK-110-1359,The application was found setting file permissions to overly permissive values.,codacy,1d60e01c65fdb636fc8c9cfe61505260,internal/container/container_test.go,295,Semgrep_go_file-permissions_rule-fileperm,Security,FileAccess,High,Opengrep,ba7fa662f9cad616344a5e00709b60dc4d0f3ea7,backlog,open,S3,storage,Test-only security scanner findings must be reviewed and suppressed only with rationale,,,none,none,none,none,none,false,false,false,true,false,test,,,investigate,,,,,"bucket=test-security-noise; line_text=f, err := os.OpenFile(path, os.O_WRONLY|os.O_APPEND, 0o666)"
CK-110-1360,Detected file permissions that are set to more than `0600` (user/owner can read and write). Setting file permi,codacy,e2c18688f6d18d39c44f5aea70ea501e,internal/storage/restore.go,953,Semgrep_go.lang.correctness.permissions.file_permission.incorrect-default-permission,Security,FileAccess,High,Opengrep,a9af29f7346b32632086e71606b7ac59e839c1e2,v1.10.5,open,S1,restore,Filesystem permission scanner findings must be reviewed by runtime area and threat model,,,none,medium,medium,medium,none,true,false,true,false,false,production,,,investigate,,,,,"bucket=production-security-candidate; line_text=if err := os.MkdirAll(filepath.Dir(outputPath), 0755); err != nil {"
CK-110-1361,File internal/db/migrations.go has 876 non-comment lines of code,codacy,e4bfef89470712760139ad4ad13e0396,internal/db/migrations.go,1,Lizard_file-nloc-medium,Complexity,,Warning,Lizard,40a1210ffc8c23dc4a717ce32627c89658e0f608,backlog,open,S2,migration,Production complexity hotspots in critical paths must be tracked without behavior-changing refactors,,,none,none,none,none,none,true,false,true,false,false,production,,,investigate,,,,,bucket=production-complexity-hotspot; line_text=package db
CK-110-1362,The application was found setting directory permissions to overly permissive values.,codacy,dfdec291cf97a5c6d2868ebec9b1a123,tests/adversarial/g4_non_destructive_gc_adversarial_test.go,206,Semgrep_go_file-permissions_rule-mkdir,Security,FileAccess,High,Opengrep,40a1210ffc8c23dc4a717ce32627c89658e0f608,v1.10.4,open,S3,gc,Test-only security scanner findings must be reviewed and suppressed only with rationale,,,none,none,none,none,none,false,false,false,true,false,test,,,investigate,,,,,"bucket=test-security-noise; line_text=if err := os.MkdirAll(restoreDir, 0o755); err != nil {"
CK-110-1363,SQL Injection is a critical vulnerability that can lead to data or system compromise.,codacy,72e1508ef3f57b30616501d46e9e3216,internal/db/migrations_test.go,1543,Semgrep_go_sql_rule-concat-sqli,Security,SQLInjection,Error,Opengrep,3af49a6c3bab6e69e3b3bd4eeed7eacee2c1edfb,backlog,open,S3,migration,Test-only security scanner findings must be reviewed and suppressed only with rationale,,,none,none,none,none,none,false,false,false,true,false,test,,,investigate,,,,,"bucket=test-security-noise; line_text=if _, err := dbconn.Exec(schemaSQL); err != nil {"
CK-110-1364,Method TestStorageBlockReaderLoadBlockMetadataRejectsInvalidCompressionContract has 56 lines of code (limit is,codacy,2495a0c45fab09fdcf3c651c7d2c03f4,internal/storage/storage_block_reader_test.go,266,Lizard_nloc-medium,Complexity,,Warning,Lizard,40a1210ffc8c23dc4a717ce32627c89658e0f608,v1.10.3,open,S3,packed-storage,Test complexity findings must be reviewed without weakening invariant coverage,,,none,none,none,none,none,false,false,false,true,false,test,,,investigate,,,,,bucket=test-complexity-hotspot; line_text=func TestStorageBlockReaderLoadBlockMetadataRejectsInvalidCompressionContract(t *testing.T) {
CK-110-1365,The application was found setting directory permissions to overly permissive values.,codacy,fca647210c77a7e614e22b3656e7ed4f,tests/adversarial/g1_step11_restore_determinism_test.go,95,Semgrep_go_file-permissions_rule-mkdir,Security,FileAccess,High,Opengrep,267df133bd52cd8ce905ef6c64b8c6c9306985b1,v1.10.5,open,S3,restore,Test-only security scanner findings must be reviewed and suppressed only with rationale,,,none,none,none,none,none,false,false,false,true,false,test,,,investigate,,,,,"bucket=test-security-noise; line_text=if err := os.MkdirAll(restoreRoot, 0o755); err != nil {"
CK-110-1366,Method TestPostgresV7SnapshotMigrationToV8WithoutDataLoss has a cyclomatic complexity of 52 (limit is 8),codacy,6e7c6be8511c939a591b1ef40be9e243,internal/db/migrations_test.go,1574,Lizard_ccn-medium,Complexity,,Warning,Lizard,7f694cbfbd19c4d06fe733d66e595b149e59901a,backlog,open,S3,migration,Test complexity findings must be reviewed without weakening invariant coverage,,,none,none,none,none,none,false,false,false,true,false,test,,,investigate,,,,,bucket=test-complexity-hotspot; line_text=func TestPostgresV7SnapshotMigrationToV8WithoutDataLoss(t *testing.T) {
CK-110-1367,Method TestInspectLogicalFileBasic has 54 lines of code (limit is 50),codacy,a24465e0625d9850f114e40623a5bb1,internal/observability/inspect_test.go,34,Lizard_nloc-medium,Complexity,,Warning,Lizard,40a1210ffc8c23dc4a717ce32627c89658e0f608,v1.10.6,open,S3,codacy,Test complexity findings must be reviewed without weakening invariant coverage,,,none,none,none,none,none,false,false,false,true,false,test,,,investigate,,,,,bucket=test-complexity-hotspot; line_text=func TestInspectLogicalFileBasic(t *testing.T) {
CK-110-1368,Method CreateSnapshotWithOptions has a cyclomatic complexity of 47 (limit is 8),codacy,68eb8e9584dccaeb74207f9e3cb52393,internal/snapshot/snapshot.go,1327,Lizard_ccn-medium,Complexity,,Warning,Lizard,40a1210ffc8c23dc4a717ce32627c89658e0f608,backlog,open,S2,snapshot,Production complexity hotspots in critical paths must be tracked without behavior-changing refactors,,,none,none,none,none,none,true,false,true,false,false,production,,,investigate,,,,,bucket=production-complexity-hotspot; line_text=func CreateSnapshotWithOptions(
CK-110-1369,The application was found setting directory permissions to overly permissive values.,codacy,b8054aa3d7f8b7d2c9ecd0286d4cb515,tests/adversarial/g14_g17_snapshot_retention_adversarial_test.go,122,Semgrep_go_file-permissions_rule-mkdir,Security,FileAccess,High,Opengrep,e675ba781b33cb0a643d74df46df9e78fa50484c,backlog,open,S3,snapshot,Test-only security scanner findings must be reviewed and suppressed only with rationale,,,none,none,none,none,none,false,false,false,true,false,test,,,investigate,,,,,"bucket=test-security-noise; line_text=if err := os.MkdirAll(outDir, 0o755); err != nil {"
CK-110-1370,Method TestSharedRetentionSurvivesSnapshotDeleteWhenCurrentExists has a cyclomatic complexity of 12 (limit is ,codacy,b4bb62b9b733b4c6500efb5b1198dee4,internal/retention/reachability_test.go,608,Lizard_ccn-medium,Complexity,,Warning,Lizard,40a1210ffc8c23dc4a717ce32627c89658e0f608,v1.10.6,open,S3,codacy,Test complexity findings must be reviewed without weakening invariant coverage,,,none,none,none,none,none,false,false,false,true,false,test,,,investigate,,,,,bucket=test-complexity-hotspot; line_text=func TestSharedRetentionSurvivesSnapshotDeleteWhenCurrentExists(t *testing.T) {
CK-110-1371,The application dynamically constructs file or path information.,codacy,6b463aae733500feb1fe97ad215c4aea,internal/container/container.go,471,Semgrep_go_filesystem_rule-fileread,Security,FileAccess,Error,Opengrep,40a1210ffc8c23dc4a717ce32627c89658e0f608,backlog,open,S1,storage,Dynamic filesystem path findings must be reviewed for root containment and trust boundaries,,,none,medium,medium,medium,none,true,false,true,false,false,production,,,investigate,,,,,"bucket=production-security-candidate; line_text=f, err := os.OpenFile(fullPath, os.O_CREATE|os.O_WRONLY|os.O_TRUNC, 0666)"
CK-110-1372,Method TestVerifyFileStandardRejectsChunkWithEmptyChunkerVersion has a cyclomatic complexity of 9 (limit is 8),codacy,ecd3c9edec92aa20ca00708fe2123e4c,internal/verify/verify_file_test.go,60,Lizard_ccn-medium,Complexity,,Warning,Lizard,40a1210ffc8c23dc4a717ce32627c89658e0f608,backlog,open,S3,verify,Test complexity findings must be reviewed without weakening invariant coverage,,,none,none,none,none,none,false,false,false,true,false,test,,,investigate,,,,,bucket=test-complexity-hotspot; line_text=func TestVerifyFileStandardRejectsChunkWithEmptyChunkerVersion(t *testing.T) {
CK-110-1373,The application was found setting file permissions to overly permissive values.,codacy,3060f37cb77ec52a92fb0e259c8e8432,tests/utils/common.go,739,Semgrep_go_file-permissions_rule-fileperm,Security,FileAccess,High,Opengrep,40a1210ffc8c23dc4a717ce32627c89658e0f608,v1.10.2,open,S3,filesystem,Test-only security scanner findings must be reviewed and suppressed only with rationale,,,none,none,none,none,none,false,false,false,true,false,test,,,investigate,,,,,"bucket=test-security-noise; line_text=if err := os.WriteFile(p, config, 0o644); err != nil {"
CK-110-1374,Method main has 101 lines of code (limit is 50),codacy,dec28e7e01f41d784f5cc093a6464c26,scripts/validate_regression_thresholds.py,294,Lizard_nloc-medium,Complexity,,Warning,Lizard,c8a0ecd16ba5c9f84d1cccb32fc75f2c281139e1,v1.10.6,open,S2,tooling,Release and benchmark scripts must not mask failures or mishandle unsafe inputs,,,low,none,none,low,none,false,true,false,false,false,script,,,investigate,,,,,bucket=script-tooling-risk; line_text=def main():
CK-110-1375,Detected file permissions that are set to more than `0600` (user/owner can read and write). Setting file permi,codacy,ca168bb80fda23f257625f812c97ffbb,tests/adversarial/g5_atomic_restore_adversarial_test.go,119,Semgrep_go.lang.correctness.permissions.file_permission.incorrect-default-permission,Security,FileAccess,High,Opengrep,40a1210ffc8c23dc4a717ce32627c89658e0f608,v1.10.5,open,S3,restore,Test-only security scanner findings must be reviewed and suppressed only with rationale,,,none,none,none,none,none,false,false,false,true,false,test,,,investigate,,,,,"bucket=test-security-noise; line_text=if err := os.MkdirAll(targetPath, 0o755); err != nil {"
CK-110-1376,Lists should be surrounded by blank lines,codacy,6a1ca858b566c3818470c377c63e0960,docs/BENCHMARK_CORPORA.md,257,markdownlint_MD032,CodeStyle,,Info,markdownlint,40a1210ffc8c23dc4a717ce32627c89658e0f608,backlog,open,S4,docs,Documentation style findings must be classified without blocking correctness releases,,,none,none,none,none,none,false,false,false,false,true,docs,,,investigate,,,,,bucket=docs-style; line_text=- Add corpus type variations (different compression levels)
CK-110-1377,SQL Injection is a critical vulnerability that can lead to data or system compromise.,codacy,34112e81ec2642dc2ec00d6fcf29cb93,internal/db/migrations_test.go,1891,Semgrep_go_sql_rule-concat-sqli,Security,SQLInjection,Error,Opengrep,7f694cbfbd19c4d06fe733d66e595b149e59901a,backlog,open,S3,migration,Test-only security scanner findings must be reviewed and suppressed only with rationale,,,none,none,none,none,none,false,false,false,true,false,test,,,investigate,,,,,bucket=test-security-noise; line_text=if err := dbconn.QueryRow(`SELECT to_regclass('public.idx_snapshot_file_path_id') IS NOT NULL`).Scan(&hasPathIDIndex); err != nil {
CK-110-1378,Method TestRunGCDryRunBecomesEligibleAfterSnapshotDelete has a cyclomatic complexity of 10 (limit is 8),codacy,cdb1cacbbd8fa2f7f7177e2c5d468c7a,internal/maintenance/gc_test.go,523,Lizard_ccn-medium,Complexity,,Warning,Lizard,839cb21b606a646298b12e3f665a76a5bb85a2a3,v1.10.4,open,S3,gc,Test complexity findings must be reviewed without weakening invariant coverage,,,none,none,none,none,none,false,false,false,true,false,test,,,investigate,,,,,bucket=test-complexity-hotspot; line_text=func TestRunGCDryRunBecomesEligibleAfterSnapshotDelete(t *testing.T) {
CK-110-1379,Method TestStep11ContainerWithMixedPhysicalUnitsRetainedWhileEitherKindLive has 90 lines of code (limit is 50),codacy,17d610c30c8e014d9898a5f866d6454c,internal/maintenance/gc_step11_test.go,525,Lizard_nloc-medium,Complexity,,Warning,Lizard,40a1210ffc8c23dc4a717ce32627c89658e0f608,v1.10.4,open,S3,gc,Test complexity findings must be reviewed without weakening invariant coverage,,,none,none,none,none,none,false,false,false,true,false,test,,,investigate,,,,,bucket=test-complexity-hotspot; line_text=func TestStep11ContainerWithMixedPhysicalUnitsRetainedWhileEitherKindLive(t *testing.T) {
CK-110-1380,Method  has a cyclomatic complexity of 9 (limit is 8),codacy,bc57bfaa2c1ce094a3e07ec415d728d9,internal/verify/verify_block_pipeline_test.go,394,Lizard_ccn-medium,Complexity,,Warning,Lizard,40a1210ffc8c23dc4a717ce32627c89658e0f608,backlog,open,S3,verify,Test complexity findings must be reviewed without weakening invariant coverage,,,none,none,none,none,none,false,false,false,true,false,test,,,investigate,,,,,"bucket=test-complexity-hotspot; line_text=buildCase := func(t *testing.T, blockID int64, payload []byte, codec string, compressionCodec string, legacyHashes bool) mixedCase {"
CK-110-1381,Expected: 1; Actual: 0; Below,codacy,21f3014ef9096060d9f7ee2e2881953e,docs/STEP64_METRICS_VALIDATION.md,156,markdownlint_MD022,CodeStyle,,Info,markdownlint,40a1210ffc8c23dc4a717ce32627c89658e0f608,backlog,open,S4,docs,Documentation style findings must be classified without blocking correctness releases,,,none,none,none,none,none,false,false,false,false,true,docs,,,investigate,,,,,bucket=docs-style; line_text=### Documentation
CK-110-1382,Method main has a cyclomatic complexity of 18 (limit is 8),codacy,9e80cad40a44c1827c0c73b1ef70b728,scripts/compare_phase8_dedup_results.py,43,Lizard_ccn-medium,Complexity,,Warning,Lizard,2ab9fd3bd69f2a1e6c9741871aa10c229f126899,v1.10.6,open,S2,tooling,Release and benchmark scripts must not mask failures or mishandle unsafe inputs,,,low,none,none,low,none,false,true,false,false,false,script,,,investigate,,,,,bucket=script-tooling-risk; line_text=def main() -> int:
CK-110-1383,Lists should be surrounded by blank lines,codacy,400113df09e4ea4d81696735676fb529,docs/STEP64_METRICS_VALIDATION.md,93,markdownlint_MD032,CodeStyle,,Info,markdownlint,40a1210ffc8c23dc4a717ce32627c89658e0f608,backlog,open,S4,docs,Documentation style findings must be classified without blocking correctness releases,,,none,none,none,none,none,false,false,false,false,true,docs,,,investigate,,,,,bucket=docs-style; line_text=- `TestMetricsAreUnderstandable` validates semantic clarity
CK-110-1384,SQL Injection is a critical vulnerability that can lead to data or system compromise.,codacy,93d055ea4776ded75385c7ec1cc4aea1,tests/adversarial/g14_g17_snapshot_retention_adversarial_test.go,523,Semgrep_go_sql_rule-concat-sqli,Security,SQLInjection,Error,Opengrep,40a1210ffc8c23dc4a717ce32627c89658e0f608,backlog,open,S3,snapshot,Test-only security scanner findings must be reviewed and suppressed only with rationale,,,none,none,none,none,none,false,false,false,true,false,test,,,investigate,,,,,"bucket=test-security-noise; line_text=if _, err := dbconn.Exec(`"
CK-110-1385,Method TestAdversarialG14SnapshotSurvivesCrashAndRecovery has a cyclomatic complexity of 10 (limit is 8),codacy,62c75906518a6c34f005725cb50d57a5,tests/adversarial/g14_g17_snapshot_retention_adversarial_test.go,507,Lizard_ccn-medium,Complexity,,Warning,Lizard,40a1210ffc8c23dc4a717ce32627c89658e0f608,backlog,open,S3,snapshot,Test complexity findings must be reviewed without weakening invariant coverage,,,none,none,none,none,none,false,false,false,true,false,test,,,investigate,,,,,bucket=test-complexity-hotspot; line_text=func TestAdversarialG14SnapshotSurvivesCrashAndRecovery(t *testing.T) {
CK-110-1386,Method expandDeep has 72 lines of code (limit is 50),codacy,1cfe755a4a257d99d515e13bacee5ad1,internal/observability/inspect.go,579,Lizard_nloc-medium,Complexity,,Warning,Lizard,40a1210ffc8c23dc4a717ce32627c89658e0f608,v1.10.6,open,S2,codacy,Production complexity hotspots in critical paths must be tracked without behavior-changing refactors,,,none,none,none,none,none,true,false,true,false,false,production,,,investigate,,,,,"bucket=production-complexity-hotspot; line_text=func (s *Service) expandDeep(ctx context.Context, root graph.NodeID, opts InspectOptions) ([]Relation, error) {"
CK-110-1387,Multiple headings with the same content,codacy,1758f0bcd99b7ef01474823e5b0c716a,docs/benchmarking.md,481,markdownlint_MD024,BestPractice,,Warning,markdownlint,40a1210ffc8c23dc4a717ce32627c89658e0f608,backlog,open,S4,docs,Documentation style findings must be classified without blocking correctness releases,,,none,none,none,none,none,false,false,false,false,true,docs,,,investigate,,,,,bucket=docs-style; line_text=### Implementation
CK-110-1388,The application dynamically constructs file or path information.,codacy,5831047fed13724adaff1370ca2cb7d3,internal/verify/verify_system_test.go,559,Semgrep_go_filesystem_rule-fileread,Security,FileAccess,Error,Opengrep,40a1210ffc8c23dc4a717ce32627c89658e0f608,backlog,open,S3,verify,Test-only security scanner findings must be reviewed and suppressed only with rationale,,,none,none,none,none,none,false,false,false,true,false,test,,,investigate,,,,,"bucket=test-security-noise; line_text=f, err := os.OpenFile(path, os.O_RDWR, 0644)"
CK-110-1389,Method TestPhase7MixedVerifyAfterUpgradeIntegration has 119 lines of code (limit is 50),codacy,98a76718fa2aa6b39ccda1377da67908,tests/integration/v18_migration_compatibility_integration_test.go,619,Lizard_nloc-medium,Complexity,,Warning,Lizard,40a1210ffc8c23dc4a717ce32627c89658e0f608,v1.10.6,open,S3,codacy,Test complexity findings must be reviewed without weakening invariant coverage,,,none,none,none,none,none,false,false,false,true,false,test,,,investigate,,,,,bucket=test-complexity-hotspot; line_text=func TestPhase7MixedVerifyAfterUpgradeIntegration(t *testing.T) {
CK-110-1390,Lists should be surrounded by blank lines,codacy,dbd1f4ab06f0f10e4a83359321b9c8fc,docs/benchmarking.md,1372,markdownlint_MD032,CodeStyle,,Info,markdownlint,40a1210ffc8c23dc4a717ce32627c89658e0f608,backlog,open,S4,docs,Documentation style findings must be classified without blocking correctness releases,,,none,none,none,none,none,false,false,false,false,true,docs,,,investigate,,,,,bucket=docs-style; line_text=- For `compression_codec='none'` blocks: compressed_size = plaintext_size
CK-110-1391,Method TestRunMigrationsMigratesLegacySnapshotV7ToV8WithoutDataLoss has a cyclomatic complexity of 51 (limit i,codacy,ee6582dca500a558947be39b889a507f,internal/db/migrations_test.go,521,Lizard_ccn-medium,Complexity,,Warning,Lizard,33f7e3db20e88ba7c4736919ea34a4454dde9403,backlog,open,S3,migration,Test complexity findings must be reviewed without weakening invariant coverage,,,none,none,none,none,none,false,false,false,true,false,test,,,investigate,,,,,bucket=test-complexity-hotspot; line_text=func TestRunMigrationsMigratesLegacySnapshotV7ToV8WithoutDataLoss(t *testing.T) {
CK-110-1392,Method TestInspectChunkBasic has a cyclomatic complexity of 11 (limit is 8),codacy,8cc37f722baa84b36585a73cceb02165,internal/observability/inspect_test.go,208,Lizard_ccn-medium,Complexity,,Warning,Lizard,40a1210ffc8c23dc4a717ce32627c89658e0f608,v1.10.6,open,S3,codacy,Test complexity findings must be reviewed without weakening invariant coverage,,,none,none,none,none,none,false,false,false,true,false,test,,,investigate,,,,,bucket=test-complexity-hotspot; line_text=func TestInspectChunkBasic(t *testing.T) {
CK-110-1393,Method validateReusableLogicalFileGraphWithContext has a cyclomatic complexity of 18 (limit is 8),codacy,90dc0b831f8adea800cdf8bf150cc848,internal/storage/store.go,1245,Lizard_ccn-medium,Complexity,,Warning,Lizard,ef2ddad01f6d10d6c075d3ae2df7682a5d8a237d,backlog,open,S2,storage,Production complexity hotspots in critical paths must be tracked without behavior-changing refactors,,,none,medium,none,medium,none,true,false,true,false,false,production,,,investigate,,,,,"bucket=production-complexity-hotspot; line_text=func validateReusableLogicalFileGraphWithContext(ctx context.Context, dbconn *sql.DB, fileID int64, containersDir string) error {"
CK-110-1394,Method TestCrossVersionDedupCompatibility has a cyclomatic complexity of 19 (limit is 8),codacy,5c2adf9c7652491381ede83124cd9994,internal/storage/store_v2chunker_test.go,419,Lizard_ccn-medium,Complexity,,Warning,Lizard,03c5e204ee5187399063a0156dca5caa3053a818,backlog,open,S3,storage,Test complexity findings must be reviewed without weakening invariant coverage,,,none,none,none,none,none,false,false,false,true,false,test,,,investigate,,,,,bucket=test-complexity-hotspot; line_text=func TestCrossVersionDedupCompatibility(t *testing.T) {
CK-110-1395,SQL Injection is a critical vulnerability that can lead to data or system compromise.,codacy,407b45e0184f9c6d290e6c47fd2e99a4,internal/graph/reachability_test.go,490,Semgrep_go_sql_rule-concat-sqli,Security,SQLInjection,Error,Opengrep,662965066392590c71376f6860b0ada0bf23cd4e,v1.10.2,open,S3,security,Test-only security scanner findings must be reviewed and suppressed only with rationale,,,none,none,none,none,none,false,false,false,true,false,test,,,investigate,,,,,"bucket=test-security-noise; line_text=rows, err := dbconn.QueryContext(ctx, query, args...)"
CK-110-1396,Method TestRestoreFileByStoredPathPrefixMode has 105 lines of code (limit is 50),codacy,18f3e6fda5b485814478c21bc45e6b5b,internal/storage/restore_test.go,761,Lizard_nloc-medium,Complexity,,Warning,Lizard,283637309fd6a847cbd8691173e71984d7269ae2,v1.10.5,open,S3,restore,Test complexity findings must be reviewed without weakening invariant coverage,,,none,none,none,none,none,false,false,false,true,false,test,,,investigate,,,,,bucket=test-complexity-hotspot; line_text=func TestRestoreFileByStoredPathPrefixMode(t *testing.T) {
CK-110-1397,String-formatted SQL query detected.,codacy,898dab7288f21d52665073a1176746bc,internal/db/migrations_test.go,1313,Semgrep_go.lang.security.audit.database.string-formatted-query.string-formatted-query,Security,SQLInjection,Error,Opengrep,69d3d6f7e494463c2eb98c9a03fca7449781ea14,backlog,open,S3,migration,Test-only security scanner findings must be reviewed and suppressed only with rationale,,,none,none,none,none,none,false,false,false,true,false,test,,,investigate,,,,,"bucket=test-security-noise; line_text=_, _ = adminDB.Exec(fmt.Sprintf(""DROP DATABASE IF EXISTS %s"", testDBName))"
CK-110-1398,The application was found setting directory permissions to overly permissive values.,codacy,2d38d31101a5f389851c4312c65c7bf,tests/integration/v19_legacy_upgrade_path_integration_test.go,293,Semgrep_go_file-permissions_rule-mkdir,Security,FileAccess,High,Opengrep,40a1210ffc8c23dc4a717ce32627c89658e0f608,v1.10.2,open,S3,filesystem,Test-only security scanner findings must be reviewed and suppressed only with rationale,,,none,none,none,none,none,false,false,false,true,false,test,,,investigate,,,,,"bucket=test-security-noise; line_text=if err := os.MkdirAll(filepath.Dir(path), 0o755); err != nil {"
CK-110-1399,Method TestTraverseNoCyclesInfiniteLoops has a cyclomatic complexity of 14 (limit is 8),codacy,cee14eb38cefa0cac24fe4a1905e7fd,internal/graph/traversal_test.go,215,Lizard_ccn-medium,Complexity,,Warning,Lizard,40a1210ffc8c23dc4a717ce32627c89658e0f608,v1.10.6,open,S3,codacy,Test complexity findings must be reviewed without weakening invariant coverage,,,none,none,none,none,none,false,false,false,true,false,test,,,investigate,,,,,bucket=test-complexity-hotspot; line_text=func TestTraverseNoCyclesInfiniteLoops(t *testing.T) {
CK-110-1400,Expected: 1; Actual: 0; Below,codacy,caa850428c20df96378234201545be62,docs/STEP64_METRICS_VALIDATION.md,38,markdownlint_MD022,CodeStyle,,Info,markdownlint,40a1210ffc8c23dc4a717ce32627c89658e0f608,backlog,open,S4,docs,Documentation style findings must be classified without blocking correctness releases,,,none,none,none,none,none,false,false,false,false,true,docs,,,investigate,,,,,bucket=docs-style; line_text=#### 5. Structural Metrics (3 metrics)
CK-110-1401,The application dynamically constructs file or path information.,codacy,39e17e4984c2f5cfdff3006953cfd7dc,internal/maintenance/gc_step11_test.go,400,Semgrep_go_filesystem_rule-fileread,Security,FileAccess,Error,Opengrep,2abed90b7cfb17095e1a457c41e1682e0997e45c,v1.10.4,open,S3,gc,Test-only security scanner findings must be reviewed and suppressed only with rationale,,,none,none,none,none,none,false,false,false,true,false,test,,,investigate,,,,,"bucket=test-security-noise; line_text=restored, err := os.ReadFile(restoreTarget)"
CK-110-1402,SQL Injection is a critical vulnerability that can lead to data or system compromise.,codacy,633f6044b4a696de7744f1b995370931,internal/gc/plan_test.go,489,Semgrep_go_sql_rule-concat-sqli,Security,SQLInjection,Error,Opengrep,33f5ea558cf6e2f0f5323f4944575d4b62856360,v1.10.4,open,S3,gc,Test-only security scanner findings must be reviewed and suppressed only with rationale,,,none,none,none,none,none,false,false,false,true,false,test,,,investigate,,,,,"bucket=test-security-noise; line_text=if _, err := dbconn.Exec(`INSERT INTO snapshot_file (snapshot_id, path_id, logical_file_id) VALUES ('snap-a', ?, ?), ('snap-b', ?, ?)`, pathID, fileID, pathID, fileID); err != nil "
CK-110-1403,The 'id' field $X was used multiple times.,codacy,70654b59812e7f97f3861be7c2d8b751,.golangci.yml,26,Semgrep_yaml.semgrep.duplicate-id.duplicate-id,ErrorProne,,High,Opengrep,adaa71871887453e11ef44cab512ef5f468bd4ab,v1.10.4,open,S4,gc,Codacy finding must be classified before enforcement,,,none,medium,none,medium,none,false,false,true,false,false,production,,,investigate,,,,,bucket=scanner-false-positive-candidate; line_text=path: _test\.go
CK-110-1404,Method prepareChunksWithContext has a cyclomatic complexity of 9 (limit is 8),codacy,3a9500b78bce37b6968e2316446a59f0,internal/storage/store.go,900,Lizard_ccn-medium,Complexity,,Warning,Lizard,7d5c1f5219768e25599daa833eef03a54e35ad9f,backlog,open,S2,storage,Production complexity hotspots in critical paths must be tracked without behavior-changing refactors,,,none,medium,none,medium,none,true,false,true,false,false,production,,,investigate,,,,,"bucket=production-complexity-hotspot; line_text=func prepareChunksWithContext(ctx context.Context, results []chunk.Result, chunkerVersion string) ([]preparedChunk, error) {"
CK-110-1405,OS command injection is a critical vulnerability that can lead to a full system compromise as it may allow an ,codacy,9e69fba41d3d717843357160fc8f1d61,tests/adversarial/g6_concurrent_operations_adversarial_test.go,93,Semgrep_go_subproc_rule-subproc,Security,CommandInjection,Error,Opengrep,26b4a9e34b38cfe95895c8383915d72c722ee24c,v1.10.6,open,S1,codacy,Command execution findings must be reviewed for trusted executable and argument boundaries,,,none,none,medium,none,none,false,false,false,true,false,test,,,investigate,,,,,"bucket=production-security-candidate; line_text=cmd := exec.Command(binPath, ""store"", ""--codec"", codec, path, ""--output"", ""json"")"
CK-110-1406,Method TestStoreAllowsCrossVersionChunkReuseWithoutOverwritingOriginMetadata has 82 lines of code (limit is 50,codacy,7f9631f741332c8120483894ec0e1d83,internal/storage/store_v2chunker_test.go,523,Lizard_nloc-medium,Complexity,,Warning,Lizard,40a1210ffc8c23dc4a717ce32627c89658e0f608,backlog,open,S3,storage,Test complexity findings must be reviewed without weakening invariant coverage,,,none,none,none,none,none,false,false,false,true,false,test,,,investigate,,,,,bucket=test-complexity-hotspot; line_text=func TestStoreAllowsCrossVersionChunkReuseWithoutOverwritingOriginMetadata(t *testing.T) {
CK-110-1407,The application was found setting directory permissions to overly permissive values.,codacy,1856b1c71ce9e6e2fc9e9f163af472ff,tests/adversarial/g6_concurrent_operations_adversarial_test.go,169,Semgrep_go_file-permissions_rule-mkdir,Security,FileAccess,High,Opengrep,40a1210ffc8c23dc4a717ce32627c89658e0f608,v1.10.2,open,S3,filesystem,Test-only security scanner findings must be reviewed and suppressed only with rationale,,,none,none,none,none,none,false,false,false,true,false,test,,,investigate,,,,,"bucket=test-security-noise; line_text=if err := os.MkdirAll(inputDir, 0o755); err != nil {"
CK-110-1408,SQL Injection is a critical vulnerability that can lead to data or system compromise.,codacy,9a31e3096c221cf3b539e99b698aaa53,internal/snapshot/path_resolver.go,104,Semgrep_go_sql_rule-concat-sqli,Security,SQLInjection,Error,Opengrep,9293bba2044da6b03da8eac3152bbac3d2c7bcbd,backlog,open,S1,snapshot,Dynamic SQL scanner findings must be reviewed for parameterization or safe identifier constraints,,,none,none,medium,none,none,true,false,true,false,false,production,,,investigate,,,,,"bucket=production-security-candidate; line_text=rows, err := exec.QueryContext(ctx,"
CK-110-1409,Method TestStep610MixedRepositoryStability has 119 lines of code (limit is 50),codacy,166ac9fbceee83e1900e0f57a6575af7,tests/adversarial/g610_mixed_repository_stability_test.go,48,Lizard_nloc-medium,Complexity,,Warning,Lizard,40a1210ffc8c23dc4a717ce32627c89658e0f608,v1.10.6,open,S3,codacy,Test complexity findings must be reviewed without weakening invariant coverage,,,none,none,none,none,none,false,false,false,true,false,test,,,investigate,,,,,bucket=test-complexity-hotspot; line_text=func TestStep610MixedRepositoryStability(t *testing.T) {
CK-110-1410,The application dynamically constructs file or path information.,codacy,bf0bc9d4e9cb2321a2899f34d168822f,tests/adversarial/g610_mixed_repository_stability_test.go,290,Semgrep_go_filesystem_rule-fileread,Security,FileAccess,Error,Opengrep,40a1210ffc8c23dc4a717ce32627c89658e0f608,v1.10.2,open,S3,filesystem,Test-only security scanner findings must be reviewed and suppressed only with rationale,,,none,none,none,none,none,false,false,false,true,false,test,,,investigate,,,,,"bucket=test-security-noise; line_text=b, err := os.ReadFile(outPath)"
CK-110-1411,"The result of command substitution $(...) or `...`, if unquoted, is split on whitespace or other separators sp",codacy,522d7dd043baebe86a713829385045ed,scripts/smoke.sh,1211,Semgrep_bash.lang.correctness.unquoted-expansion.unquoted-command-substitution-in-command,ErrorProne,,High,Opengrep,70be43fd64fe009851901054047c6b88b7aacfa8,v1.10.6,open,S2,tooling,Release and benchmark scripts must not mask failures or mishandle unsafe inputs,,,low,none,none,low,none,false,true,false,false,false,script,,,investigate,,,,,"bucket=script-tooling-risk; line_text=REAL_PHYSICAL_SIZE_BYTES=$(( $(echo ""$STATS_AFTER_PAYLOAD"" | jq -r '.data.containers.live_block_bytes // .data.live_block_bytes // 0') - $(echo ""$STATS_BEFORE_PAYLOAD"" | jq -r '.da"
CK-110-1412,Insecure dependency golang/stdlib@v1.23.0 (CVE-2025-22870: golang.org/x/net/proxy: golang.org/x/net/http/httpp,codacy,6ba4ced7ca36760bd16121d939ba63a6,go.mod,3,Trivy_vulnerability_medium,Security,InsecureModulesLibraries,Warning,Trivy,40a1210ffc8c23dc4a717ce32627c89658e0f608,v1.10.2,open,S1,dependencies,Supported Go toolchain must not carry known unplanned CVEs,,,none,none,medium,none,none,true,true,true,false,false,production,,,fix,,,,,bucket=dependency-cve; line_text=go 1.23
CK-110-1413,The application was found setting file permissions to overly permissive values.,codacy,3bbd62d05443f4898c920ca21d0549de,tests/adversarial/g9_batch_semantics_adversarial_test.go,322,Semgrep_go_file-permissions_rule-fileperm,Security,FileAccess,High,Opengrep,913e28d3525dd1f7b119bffb866744db28cc7d00,v1.10.2,open,S3,filesystem,Test-only security scanner findings must be reviewed and suppressed only with rationale,,,none,none,none,none,none,false,false,false,true,false,test,,,investigate,,,,,"bucket=test-security-noise; line_text=if err := os.WriteFile(inputFile, []byte(content), 0o644); err != nil {"
CK-110-1414,Method TestInspectChunkRelationsIncludeLegacyBlockMetadata has 72 lines of code (limit is 50),codacy,65c8b3e097e7fac35dc384cdc2650820,internal/observability/inspect_test.go,336,Lizard_nloc-medium,Complexity,,Warning,Lizard,40a1210ffc8c23dc4a717ce32627c89658e0f608,v1.10.6,open,S3,codacy,Test complexity findings must be reviewed without weakening invariant coverage,,,none,none,none,none,none,false,false,false,true,false,test,,,investigate,,,,,bucket=test-complexity-hotspot; line_text=func TestInspectChunkRelationsIncludeLegacyBlockMetadata(t *testing.T) {
CK-110-1415,Method RenderSimulation has a cyclomatic complexity of 59 (limit is 8),codacy,a6120f10795d9dc10b207e8f04b3eb19,internal/cli/render/simulate.go,12,Lizard_ccn-medium,Complexity,,Warning,Lizard,40a1210ffc8c23dc4a717ce32627c89658e0f608,v1.10.6,open,S2,codacy,Production complexity hotspots in critical paths must be tracked without behavior-changing refactors,,,none,none,none,none,none,true,false,true,false,false,production,,,investigate,,,,,"bucket=production-complexity-hotspot; line_text=func (HumanRenderer) RenderSimulation(w io.Writer, r *SimulationResult) error {"
CK-110-1416,Method runSQLiteSnapshotMigration has 155 lines of code (limit is 50),codacy,5dbb2b3f2733998d59be7cc3c37b5d47,internal/db/migrations.go,274,Lizard_nloc-medium,Complexity,,Warning,Lizard,1859c1b26148f0e60249b827682682d89b0183ed,backlog,open,S2,migration,Production complexity hotspots in critical paths must be tracked without behavior-changing refactors,,,none,none,none,none,none,true,false,true,false,false,production,,,investigate,,,,,"bucket=production-complexity-hotspot; line_text=func runSQLiteSnapshotMigration(dbconn sqliteContextExecutor, ctx context.Context) error {"
CK-110-1417,Method TestRemoveFailsWhenLogicalFileIsRetainedBySnapshot has a cyclomatic complexity of 13 (limit is 8),codacy,9dfb5c62d7e4c7a833bea64087ddb349,internal/storage/remove_test.go,59,Lizard_ccn-medium,Complexity,,Warning,Lizard,40a1210ffc8c23dc4a717ce32627c89658e0f608,backlog,open,S3,storage,Test complexity findings must be reviewed without weakening invariant coverage,,,none,none,none,none,none,false,false,false,true,false,test,,,investigate,,,,,bucket=test-complexity-hotspot; line_text=func TestRemoveFailsWhenLogicalFileIsRetainedBySnapshot(t *testing.T) {
CK-110-1418,OS command injection is a critical vulnerability that can lead to a full system compromise as it may allow an ,codacy,d41e21a2c9100916a37944b7a3460871,tests/integration/v18_migration_compatibility_integration_test.go,1942,Semgrep_go_subproc_rule-subproc,Security,CommandInjection,Error,Opengrep,,v1.10.6,open,S1,codacy,Command execution findings must be reviewed for trusted executable and argument boundaries,,,none,none,medium,none,none,false,false,false,true,false,test,,,investigate,,,,,"bucket=production-security-candidate; line_text=cmd := exec.Command(name, args...)"
CK-110-1419,Detected file permissions that are set to more than `0600` (user/owner can read and write). Setting file permi,codacy,78223be4642aa2a4154f4bd39a507330,tests/integration/v19_legacy_upgrade_path_integration_test.go,210,Semgrep_go.lang.correctness.permissions.file_permission.incorrect-default-permission,Security,FileAccess,High,Opengrep,40a1210ffc8c23dc4a717ce32627c89658e0f608,v1.10.2,open,S3,filesystem,Test-only security scanner findings must be reviewed and suppressed only with rationale,,,none,none,none,none,none,false,false,false,true,false,test,,,investigate,,,,,"bucket=test-security-noise; line_text=if err := os.MkdirAll(restoreDir, 0o755); err != nil {"
CK-110-1420,SQL Injection is a critical vulnerability that can lead to data or system compromise.,codacy,eb3d7b99bea5b5719b0c876a368d39fb,internal/db/migrations_test.go,1740,Semgrep_go_sql_rule-concat-sqli,Security,SQLInjection,Error,Opengrep,7f694cbfbd19c4d06fe733d66e595b149e59901a,backlog,open,S3,migration,Test-only security scanner findings must be reviewed and suppressed only with rationale,,,none,none,none,none,none,false,false,false,true,false,test,,,investigate,,,,,bucket=test-security-noise; line_text=if err := dbconn.QueryRow(`
CK-110-1421,Method detectInteriorGaps has 54 lines of code (limit is 50),codacy,4cf8ce1728cc197140fd49162f88efd1,internal/recovery/system_recovery.go,565,Lizard_nloc-medium,Complexity,,Warning,Lizard,40a1210ffc8c23dc4a717ce32627c89658e0f608,v1.10.5,open,S2,recovery,Production complexity hotspots in critical paths must be tracked without behavior-changing refactors,,,none,medium,none,medium,medium,true,false,true,false,false,production,,,investigate,,,,,"bucket=production-complexity-hotspot; line_text=func detectInteriorGaps(ctx context.Context, dbconn *sql.DB, containerID int64, completedStatus string) (string, error) {"
CK-110-1422,Method TestRestoreFailsOnPlaintextSizeMismatch has 64 lines of code (limit is 50),codacy,8fbf9aa4a624c23486d4cc35388531e4,internal/storage/restore_test.go,1241,Lizard_nloc-medium,Complexity,,Warning,Lizard,fe4d43231f57197106af1f0776ab8d1028d671be,v1.10.5,open,S3,restore,Test complexity findings must be reviewed without weakening invariant coverage,,,none,none,none,none,none,false,false,false,true,false,test,,,investigate,,,,,bucket=test-complexity-hotspot; line_text=func TestRestoreFailsOnPlaintextSizeMismatch(t *testing.T) {
CK-110-1423,SQL Injection is a critical vulnerability that can lead to data or system compromise.,codacy,a305f752a1f74bd16421dab78d184957,internal/db/migrations_test.go,1766,Semgrep_go_sql_rule-concat-sqli,Security,SQLInjection,Error,Opengrep,7f694cbfbd19c4d06fe733d66e595b149e59901a,backlog,open,S3,migration,Test-only security scanner findings must be reviewed and suppressed only with rationale,,,none,none,none,none,none,false,false,false,true,false,test,,,investigate,,,,,bucket=test-security-noise; line_text=if err := dbconn.QueryRow(`SELECT COUNT(*) FROM snapshot_file`).Scan(&postRowCount); err != nil {
CK-110-1424,Method TestStep612LegacyUpgradePathNoRewriteIntegration has a cyclomatic complexity of 32 (limit is 8),codacy,2368d06311b8faa317fd8305df242125,tests/integration/v19_legacy_upgrade_path_integration_test.go,54,Lizard_ccn-medium,Complexity,,Warning,Lizard,40a1210ffc8c23dc4a717ce32627c89658e0f608,v1.10.2,open,S3,filesystem,Test complexity findings must be reviewed without weakening invariant coverage,,,none,none,none,none,none,false,false,false,true,false,test,,,investigate,,,,,bucket=test-complexity-hotspot; line_text=func TestStep612LegacyUpgradePathNoRewriteIntegration(t *testing.T) {
CK-110-1425,Method TestTraverseVisitsAllNodesOnce has a cyclomatic complexity of 17 (limit is 8),codacy,5648607a33937986dffa1b6f13c80e9b,internal/graph/traversal_test.go,63,Lizard_ccn-medium,Complexity,,Warning,Lizard,40a1210ffc8c23dc4a717ce32627c89658e0f608,v1.10.6,open,S3,codacy,Test complexity findings must be reviewed without weakening invariant coverage,,,none,none,none,none,none,false,false,false,true,false,test,,,investigate,,,,,bucket=test-complexity-hotspot; line_text=func TestTraverseVisitsAllNodesOnce(t *testing.T) {
CK-110-1426,Method TestMetricsAreUnderstandable has a cyclomatic complexity of 11 (limit is 8),codacy,246d1d7320fb3ab3bce19f65743b2c23,internal/benchmark/metrics_test.go,386,Lizard_ccn-medium,Complexity,,Warning,Lizard,40a1210ffc8c23dc4a717ce32627c89658e0f608,v1.10.6,open,S3,benchmark,Test complexity findings must be reviewed without weakening invariant coverage,,,none,none,none,none,none,false,false,false,true,false,test,,,investigate,,,,,bucket=test-complexity-hotspot; line_text=func TestMetricsAreUnderstandable(t *testing.T) {
CK-110-1427,The application dynamically constructs file or path information.,codacy,ad54037112d9d33ed91989c93e9f26d6,tests/adversarial/g14_g17_snapshot_retention_adversarial_test.go,598,Semgrep_go_filesystem_rule-fileread,Security,FileAccess,Error,Opengrep,40a1210ffc8c23dc4a717ce32627c89658e0f608,backlog,open,S3,snapshot,Test-only security scanner findings must be reviewed and suppressed only with rationale,,,none,none,none,none,none,false,false,false,true,false,test,,,investigate,,,,,"bucket=test-security-noise; line_text=f, err := os.OpenFile(containerPath, os.O_RDWR, 0)"
CK-110-1428,File internal/container/container.go has 537 non-comment lines of code,codacy,1a113a65f02813daa31c9cd50fe5dcff,internal/container/container.go,1,Lizard_file-nloc-medium,Complexity,,Warning,Lizard,40a1210ffc8c23dc4a717ce32627c89658e0f608,backlog,open,S2,storage,Production complexity hotspots in critical paths must be tracked without behavior-changing refactors,,,none,medium,none,medium,none,true,false,true,false,false,production,,,investigate,,,,,bucket=production-complexity-hotspot; line_text=package container
CK-110-1429,Detected file permissions that are set to more than `0600` (user/owner can read and write). Setting file permi,codacy,4f276da18b4737be234741687c1fadbc,tests/integration/read_path_regression_test.go,90,Semgrep_go.lang.correctness.permissions.file_permission.incorrect-default-permission,Security,FileAccess,High,Opengrep,1d85d20bc67c2b2e35f6c1329d4c42803b898e7c,v1.10.2,open,S3,filesystem,Test-only security scanner findings must be reviewed and suppressed only with rationale,,,none,none,none,none,none,false,false,false,true,false,test,,,investigate,,,,,"bucket=test-security-noise; line_text=if err := os.MkdirAll(inputDir, 0o755); err != nil {"
CK-110-1430,Method TestContainerHasLivePhysicalUnitsSupportsLegacyPackedAndMixed has 93 lines of code (limit is 50),codacy,e8428c820cef570571a5ee777ed1fd97,internal/maintenance/gc_packed_test.go,516,Lizard_nloc-medium,Complexity,,Warning,Lizard,40a1210ffc8c23dc4a717ce32627c89658e0f608,v1.10.4,open,S3,gc,Test complexity findings must be reviewed without weakening invariant coverage,,,none,none,none,none,none,false,false,false,true,false,test,,,investigate,,,,,bucket=test-complexity-hotspot; line_text=func TestContainerHasLivePhysicalUnitsSupportsLegacyPackedAndMixed(t *testing.T) {
CK-110-1431,Expected: 2; Actual: 3,codacy,9265334158917c11c61b8ec994590947,docs/benchmarking.md,1558,markdownlint_MD007,CodeStyle,,Info,markdownlint,40a1210ffc8c23dc4a717ce32627c89658e0f608,backlog,open,S4,docs,Documentation style findings must be classified without blocking correctness releases,,,none,none,none,none,none,false,false,false,false,true,docs,,,investigate,,,,,bucket=docs-style; line_text=- Evidence: `docs/internal/storage_compatibility_matrix.md`
CK-110-1432,The application was found setting file permissions to overly permissive values.,codacy,c5ce857edca3ad353358003b2fbef2cd,tests/utils/common.go,951,Semgrep_go_file-permissions_rule-fileperm,Security,FileAccess,High,Opengrep,40a1210ffc8c23dc4a717ce32627c89658e0f608,v1.10.2,open,S3,filesystem,Test-only security scanner findings must be reviewed and suppressed only with rationale,,,none,none,none,none,none,false,false,false,true,false,test,,,investigate,,,,,"bucket=test-security-noise; line_text=return os.WriteFile(target, data, 0o644)"
CK-110-1433,The application dynamically constructs file or path information.,codacy,ae10ab409a579fcdd249495ed097d90,internal/container/container.go,84,Semgrep_go_filesystem_rule-fileread,Security,FileAccess,Error,Opengrep,46b5d64074781d24fcecc6b9e3dba243a429ea89,backlog,open,S1,storage,Dynamic filesystem path findings must be reviewed for root containment and trust boundaries,,,none,medium,medium,medium,none,true,false,true,false,false,production,,,investigate,,,,,"bucket=production-security-candidate; line_text=f, err = os.OpenFile(path, os.O_RDONLY, 0644)"
CK-110-1434,Method commitPreparedChunksWithContext has a cyclomatic complexity of 36 (limit is 8),codacy,fe8dae2ca62f2b327d1ed47c4c618ae4,internal/storage/store.go,182,Lizard_ccn-medium,Complexity,,Warning,Lizard,00ce6f9f191f5c501da32ab6b96a4274f39da810,backlog,open,S2,storage,Production complexity hotspots in critical paths must be tracked without behavior-changing refactors,,,none,medium,none,medium,none,true,false,true,false,false,production,,,investigate,,,,,bucket=production-complexity-hotspot; line_text=func commitPreparedChunksWithContext(
CK-110-1435,SQL Injection is a critical vulnerability that can lead to data or system compromise.,codacy,cd341f5ef4fdee2712d5242635817255,internal/storage/store.go,498,Semgrep_go_sql_rule-concat-sqli,Security,SQLInjection,Error,Opengrep,3dccceb24c62541646b0a0fec06fb8fd9177b45e,backlog,open,S1,storage,Dynamic SQL scanner findings must be reviewed for parameterization or safe identifier constraints,,,none,medium,medium,medium,none,true,false,true,false,false,production,,,investigate,,,,,"bucket=production-security-candidate; line_text=if _, err := tx.ExecContext(ctx, `UPDATE chunk SET status = $1 WHERE id = $2`, filestate.ChunkCompleted, claimedChunkID); err != nil {"
CK-110-1436,Detected file permissions that are set to more than `0600` (user/owner can read and write). Setting file permi,codacy,528ea491892701113f7b8d7faeaffef5,tests/adversarial/v110_s0_chunk_reuse_bounds_stabilization_test.go,176,Semgrep_go.lang.correctness.permissions.file_permission.incorrect-default-permission,Security,FileAccess,High,Opengrep,40a1210ffc8c23dc4a717ce32627c89658e0f608,backlog,open,S3,storage,Test-only security scanner findings must be reviewed and suppressed only with rationale,,,none,none,none,none,none,false,false,false,true,false,test,,,investigate,,,,,"bucket=test-security-noise; line_text=if err := os.MkdirAll(container.ContainersDir, 0o755); err != nil {"
CK-110-1437,Method mapMaintenanceStats has 80 lines of code (limit is 50),codacy,ba57244ace354d57abd73ea579e52f06,internal/observability/stats.go,89,Lizard_nloc-medium,Complexity,,Warning,Lizard,40a1210ffc8c23dc4a717ce32627c89658e0f608,v1.10.6,open,S2,codacy,Production complexity hotspots in critical paths must be tracked without behavior-changing refactors,,,none,none,none,none,none,true,false,true,false,false,production,,,investigate,,,,,"bucket=production-complexity-hotspot; line_text=func (s *Service) mapMaintenanceStats(raw *maintenance.StatsResult, opts StatsOptions) *StatsResult {"
CK-110-1438,Lists should be surrounded by blank lines,codacy,63b9d414d933f1da98077ffd78587bb7,docs/benchmarking.md,1400,markdownlint_MD032,CodeStyle,,Info,markdownlint,40a1210ffc8c23dc4a717ce32627c89658e0f608,backlog,open,S4,docs,Documentation style findings must be classified without blocking correctness releases,,,none,none,none,none,none,false,false,false,false,true,docs,,,investigate,,,,,bucket=docs-style; line_text=1. **Transform ordering** — Block encoding → hashing → compression → encryption → persistence
CK-110-1439,Lists should be surrounded by blank lines,codacy,56fe77bc8bf5d169f67e911350148b4d,docs/BENCHMARK_METRICS.md,121,markdownlint_MD032,CodeStyle,,Info,markdownlint,40a1210ffc8c23dc4a717ce32627c89658e0f608,backlog,open,S4,docs,Documentation style findings must be classified without blocking correctness releases,,,none,none,none,none,none,false,false,false,false,true,docs,,,investigate,,,,,"bucket=docs-style; line_text=- Mixed repositories: some pre-compressed, some highly compressible"
CK-110-1440,Method ParseStorageContext has 70 lines of code (limit is 50),codacy,6a0f98613ea1c5d0d311795ab65d629,internal/storage/context.go,141,Lizard_nloc-medium,Complexity,,Warning,Lizard,40a1210ffc8c23dc4a717ce32627c89658e0f608,backlog,open,S2,storage,Production complexity hotspots in critical paths must be tracked without behavior-changing refactors,,,none,medium,none,medium,none,true,false,true,false,false,production,,,investigate,,,,,"bucket=production-complexity-hotspot; line_text=func ParseStorageContext(value string) (StorageContext, error) {"
CK-110-1441,Method setupStoredPathRestoreFixture has 116 lines of code (limit is 50),codacy,f5d32e9a816a3833c53a471fdcef956a,internal/storage/restore_test.go,2338,Lizard_nloc-medium,Complexity,,Warning,Lizard,00fa3577ee6f51f8c1b82f07dc2f4782cf07fdb7,v1.10.5,open,S3,restore,Test complexity findings must be reviewed without weakening invariant coverage,,,none,none,none,none,none,false,false,false,true,false,test,,,investigate,,,,,bucket=test-complexity-hotspot; line_text=func setupStoredPathRestoreFixture(
CK-110-1442,Detected non-static command inside Command.,codacy,268eb5c9a5422a94b5d6e5e08d351c53,internal/benchmark/scenarios.go,449,Semgrep_go.lang.security.audit.dangerous-exec-command.dangerous-exec-command,Security,CommandInjection,Error,Opengrep,36a734258f88b2bad6595ae8611fe52e13b2a519,v1.10.6,open,S1,benchmark,Command execution findings must be reviewed for trusted executable and argument boundaries,,,none,none,medium,none,none,false,false,false,true,false,benchmark,,,investigate,,,,,"bucket=production-security-candidate; line_text=cmd := exec.Command(spec.Executable, spec.Args...)"
CK-110-1443,Method pinLogicalFileRestoreChunksWithContext has a cyclomatic complexity of 15 (limit is 8),codacy,bd3a95eaaf2257deaf5a2608c3d1f91,internal/storage/restore.go,498,Lizard_ccn-medium,Complexity,,Warning,Lizard,40a1210ffc8c23dc4a717ce32627c89658e0f608,v1.10.5,open,S2,restore,Production complexity hotspots in critical paths must be tracked without behavior-changing refactors,,,none,medium,none,medium,none,true,false,true,false,false,production,,,investigate,,,,,"bucket=production-complexity-hotspot; line_text=func pinLogicalFileRestoreChunksWithContext(ctx context.Context, dbconn *sql.DB, fileID int64) (string, string, []restoreChunkRow, []int64, error) {"
