ck_id,matrix_id,title,source,source_file,source_line,status,severity,domain,decision,phase_owner,notes
CK-110-0001,CK-110-M066,Method TestRestoreOptionsOverwriteFalseRejectsExistingDestination has 91 lines of code (limit is 50),codacy,internal/storage/restore_test.go,2132,triaged,S3,restore,exclude,Phase 4,v1.10.4 candidate issue linked from selected matrix row
CK-110-0002,CK-110-M047,Method TestLoadSQLiteSchemaNormalizesLegacySchemaVersionHistory has a cyclomatic complexity of 11 (limit is 8),codacy,internal/db/migrations_test.go,476,triaged,S3,migration,exclude,Phase 4,v1.10.4 candidate issue linked from selected matrix row
CK-110-0003,CK-110-M062,Method TestRunGCDryRunCurrentAndSnapshotSharedRetentionSurvivesCurrentDelete has a cyclomatic complexity of 12,codacy,internal/maintenance/gc_test.go,737,triaged,S3,gc,defer,Phase 3,v1.10.4 candidate issue linked from selected matrix row
CK-110-0004,CK-110-M051,Method TestStoreFileNormalizesSymlinkAndRealPathToSingleIdentity has 54 lines of code (limit is 50),codacy,internal/storage/physical_file_repository_test.go,414,triaged,S3,storage,exclude,Phase 3,v1.10.4 candidate issue linked from selected matrix row
CK-110-0005,CK-110-M047,Method TestRunMigrationsFailsOnLegacyUnsupportedStorageBlockCompressionCodec has 75 lines of code (limit is 50,codacy,internal/db/migrations_test.go,997,triaged,S3,migration,exclude,Phase 4,v1.10.4 candidate issue linked from selected matrix row
CK-110-0006,CK-110-M036,Method RepairLogicalRefCountsResultWithDB has 65 lines of code (limit is 50),codacy,internal/maintenance/repair_refcounts.go,23,triaged,S2,gc,include,Phase 3,v1.10.4 candidate issue linked from selected matrix row
CK-110-0007,CK-110-M063,Detected file permissions that are set to more than `0600` (user/owner can read and write). Setting file permi,codacy,tests/adversarial/g69_gc_safety_matrix_test.go,162,triaged,S3,gc,defer,Phase 3,v1.10.4 candidate issue linked from selected matrix row
CK-110-0008,CK-110-M025,Method CreateSnapshotWithOptions has 199 lines of code (limit is 50),codacy,internal/snapshot/snapshot.go,1327,triaged,S2,snapshot,exclude,Phase 2,v1.10.4 candidate issue linked from selected matrix row
CK-110-0009,CK-110-M050,SQL Injection is a critical vulnerability that can lead to data or system compromise.,codacy,internal/snapshot/snapshot_bench_test.go,72,triaged,S3,snapshot,exclude,Phase 2,v1.10.4 candidate issue linked from selected matrix row
CK-110-0010,CK-110-M072,Expected: 2; Actual: 3,codacy,docs/benchmarking.md,649,triaged,S4,docs,exclude,Phase 3,v1.10.4 candidate issue linked from selected matrix row
CK-110-0011,CK-110-M052,Detected file permissions that are set to more than `0600` (user/owner can read and write). Setting file permi,codacy,tests/adversarial/v110_s0_chunk_reuse_bounds_stabilization_test.go,54,triaged,S3,storage,exclude,Phase 3,v1.10.4 candidate issue linked from selected matrix row
CK-110-0012,CK-110-M009,Insecure dependency golang/stdlib@v1.23.0 (CVE-2025-58185: encoding/asn1: Parsing DER payload can cause memory,codacy,go.mod,3,triaged,S1,dependencies,exclude,Phase 4,v1.10.4 candidate issue linked from selected matrix row
CK-110-0013,CK-110-M012,SQL Injection is a critical vulnerability that can lead to data or system compromise.,codacy,internal/observability/stats.go,418,triaged,S1,security,exclude,Phase 4,v1.10.4 candidate issue linked from selected matrix row
CK-110-0014,CK-110-M012,SQL Injection is a critical vulnerability that can lead to data or system compromise.,codacy,internal/repository/capabilities/derive.go,340,triaged,S1,security,exclude,Phase 4,v1.10.4 candidate issue linked from selected matrix row
CK-110-0015,CK-110-M072,Expected: 1; Actual: 0; Below,codacy,docs/STEP64_METRICS_VALIDATION.md,29,triaged,S4,docs,exclude,Phase 3,v1.10.4 candidate issue linked from selected matrix row
CK-110-0016,CK-110-M025,Method LoadDeleteLineagePreview has 60 lines of code (limit is 50),codacy,internal/snapshot/delete_lineage_preview.go,23,triaged,S2,snapshot,exclude,Phase 2,v1.10.4 candidate issue linked from selected matrix row
CK-110-0017,CK-110-M067,The application was found setting file permissions to overly permissive values.,codacy,tests/adversarial/g1_deterministic_restore_adversarial_test.go,131,triaged,S3,restore,exclude,Phase 4,v1.10.4 candidate issue linked from selected matrix row
CK-110-0018,CK-110-M059,String-formatted SQL query detected.,codacy,internal/observability/inspect_test.go,1017,triaged,S3,security,exclude,Phase 2,v1.10.4 candidate issue linked from selected matrix row
CK-110-0019,CK-110-M071,Do not use `math/rand`. Use `crypto/rand` instead.,codacy,tests/adversarial/g611_adversarial_compression_longrun_test.go,9,triaged,S3,codacy,exclude,Phase 4,v1.10.4 candidate issue linked from selected matrix row
CK-110-0020,CK-110-M026,Method readAndValidateContainerHeader has a cyclomatic complexity of 10 (limit is 8),codacy,internal/container/format.go,111,triaged,S2,storage,exclude,Phase 3,v1.10.4 candidate issue linked from selected matrix row
CK-110-0021,CK-110-M052,The application was found setting file permissions to overly permissive values.,codacy,internal/storage/phase1_compat_matrix_test.go,535,triaged,S3,storage,exclude,Phase 3,v1.10.4 candidate issue linked from selected matrix row
CK-110-0022,CK-110-M069,Detected file permissions that are set to more than `0600` (user/owner can read and write). Setting file permi,codacy,internal/benchmark/determinism_test.go,42,triaged,S3,benchmark,exclude,Phase 4,v1.10.4 candidate issue linked from selected matrix row
CK-110-0023,CK-110-M057,The application dynamically constructs file or path information.,codacy,internal/iodebug/counters_test.go,68,triaged,S3,filesystem,exclude,Phase 4,v1.10.4 candidate issue linked from selected matrix row
CK-110-0024,CK-110-M068,Method TestStandardCorpora has a cyclomatic complexity of 21 (limit is 8),codacy,internal/benchmark/corpus_test.go,12,triaged,S3,benchmark,exclude,Phase 3,v1.10.4 candidate issue linked from selected matrix row
CK-110-0025,CK-110-M063,Detected file permissions that are set to more than `0600` (user/owner can read and write). Setting file permi,codacy,tests/adversarial/g4_non_destructive_gc_adversarial_test.go,206,triaged,S3,gc,defer,Phase 3,v1.10.4 candidate issue linked from selected matrix row
CK-110-0026,CK-110-M072,Lists should be surrounded by blank lines,codacy,docs/BENCHMARK_METRICS.md,324,triaged,S4,docs,exclude,Phase 3,v1.10.4 candidate issue linked from selected matrix row
CK-110-0027,CK-110-M044,Method initCommand has 96 lines of code (limit is 50),codacy,cmd/coldkeep/init.go,14,triaged,S2,codacy,exclude,Phase 4,v1.10.4 candidate issue linked from selected matrix row
CK-110-0028,CK-110-M059,SQL Injection is a critical vulnerability that can lead to data or system compromise.,codacy,internal/observability/service_test.go,257,triaged,S3,security,exclude,Phase 2,v1.10.4 candidate issue linked from selected matrix row
CK-110-0029,CK-110-M038,File internal/storage/restore.go has 976 non-comment lines of code,codacy,internal/storage/restore.go,1,triaged,S1,restore,exclude,Phase 4,v1.10.4 candidate issue linked from selected matrix row
CK-110-0030,CK-110-M025,Method ListSnapshots has a cyclomatic complexity of 13 (limit is 8),codacy,internal/snapshot/snapshot.go,465,triaged,S2,snapshot,exclude,Phase 2,v1.10.4 candidate issue linked from selected matrix row
CK-110-0031,CK-110-M060,Method TestStorageBlockReaderCompressedHashMismatchEncryptedBeforeDecompress has a cyclomatic complexity of 10,codacy,internal/storage/storage_block_reader_test.go,600,deferred,S3,packed-storage,exclude,Phase 2,v1.10.4 candidate issue linked from selected matrix row
CK-110-0032,CK-110-M038,Method restoreFileWithDBAndDir has a cyclomatic complexity of 70 (limit is 8),codacy,internal/storage/restore.go,890,triaged,S1,restore,exclude,Phase 4,v1.10.4 candidate issue linked from selected matrix row
CK-110-0033,CK-110-M048,SQL Injection is a critical vulnerability that can lead to data or system compromise.,codacy,internal/db/migrations_test.go,1709,triaged,S3,migration,exclude,Phase 4,v1.10.4 candidate issue linked from selected matrix row
CK-110-0034,CK-110-M051,Method TestFeatureGatedCompressionSwitchDoesNotMigrateExistingBlocksStep513 has 69 lines of code (limit is 50),codacy,internal/storage/store_compression_feature_gate_test.go,729,triaged,S3,storage,exclude,Phase 3,v1.10.4 candidate issue linked from selected matrix row
CK-110-0035,CK-110-M044,Method inspectLogicalFile has a cyclomatic complexity of 11 (limit is 8),codacy,internal/observability/inspect.go,252,triaged,S2,codacy,exclude,Phase 4,v1.10.4 candidate issue linked from selected matrix row
CK-110-0036,CK-110-M062,Method TestSimulateGCMatchesActualGCDeletion has 91 lines of code (limit is 50),codacy,internal/maintenance/gc_parity_test.go,58,triaged,S3,gc,defer,Phase 3,v1.10.4 candidate issue linked from selected matrix row
CK-110-0037,CK-110-M063,The application was found setting file permissions to overly permissive values.,codacy,internal/maintenance/gc_parity_test.go,80,triaged,S3,gc,defer,Phase 3,v1.10.4 candidate issue linked from selected matrix row
CK-110-0038,CK-110-M021,Do not use `math/rand`. Use `crypto/rand` instead.,codacy,internal/chunk/benchmark/datasets.go,7,triaged,S1,benchmark,exclude,Phase 3,v1.10.4 candidate issue linked from selected matrix row
CK-110-0039,CK-110-M025,Method LoadSnapshotPathsByID has a cyclomatic complexity of 13 (limit is 8),codacy,internal/snapshot/path_resolver.go,79,triaged,S2,snapshot,exclude,Phase 2,v1.10.4 candidate issue linked from selected matrix row
CK-110-0040,CK-110-M012,SQL Injection is a critical vulnerability that can lead to data or system compromise.,codacy,internal/observability/stats.go,355,triaged,S1,security,exclude,Phase 4,v1.10.4 candidate issue linked from selected matrix row
CK-110-0041,CK-110-M066,Method TestRestoreFileByStoredPathPrefixMode has a cyclomatic complexity of 14 (limit is 8),codacy,internal/storage/restore_test.go,761,triaged,S3,restore,exclude,Phase 4,v1.10.4 candidate issue linked from selected matrix row
CK-110-0042,CK-110-M052,Detected file permissions that are set to more than `0600` (user/owner can read and write). Setting file permi,codacy,internal/storage/phase1_compat_matrix_test.go,114,triaged,S3,storage,exclude,Phase 3,v1.10.4 candidate issue linked from selected matrix row
CK-110-0043,CK-110-M072,Lists should be surrounded by blank lines,codacy,docs/STEP64_METRICS_VALIDATION.md,113,triaged,S4,docs,exclude,Phase 3,v1.10.4 candidate issue linked from selected matrix row
CK-110-0044,CK-110-M066,Method TestRestoreFailsOnChunkOrderDiscontinuity has 109 lines of code (limit is 50),codacy,internal/storage/restore_test.go,1532,triaged,S3,restore,exclude,Phase 4,v1.10.4 candidate issue linked from selected matrix row
CK-110-0045,CK-110-M057,The application was found setting directory permissions to overly permissive values.,codacy,tests/utils/common.go,944,triaged,S3,filesystem,exclude,Phase 4,v1.10.4 candidate issue linked from selected matrix row
CK-110-0046,CK-110-M018,OS command injection is a critical vulnerability that can lead to a full system compromise as it may allow an ,codacy,internal/benchmark/scenarios.go,449,triaged,S1,benchmark,exclude,Phase 4,v1.10.4 candidate issue linked from selected matrix row
CK-110-0047,CK-110-M026,Method AppendPayload has a cyclomatic complexity of 18 (limit is 8),codacy,internal/container/local_writer.go,114,triaged,S2,storage,exclude,Phase 3,v1.10.4 candidate issue linked from selected matrix row
CK-110-0048,CK-110-M068,Method TestDefaultDatasetsDeterministicAcrossCalls has a cyclomatic complexity of 10 (limit is 8),codacy,internal/chunk/benchmark/benchmark_test.go,84,triaged,S3,benchmark,exclude,Phase 3,v1.10.4 candidate issue linked from selected matrix row
CK-110-0049,CK-110-M019,The application dynamically constructs file or path information.,codacy,internal/benchmark/runner.go,139,triaged,S1,benchmark,exclude,Phase 4,v1.10.4 candidate issue linked from selected matrix row
CK-110-0050,CK-110-M066,Method TestRestoreFailsOnCreateTempFilePermissionDenied has a cyclomatic complexity of 14 (limit is 8),codacy,internal/storage/restore_test.go,1825,triaged,S3,restore,exclude,Phase 4,v1.10.4 candidate issue linked from selected matrix row
CK-110-0051,CK-110-M060,Method  has 53 lines of code (limit is 50),codacy,internal/storage/storage_block_reader_test.go,1056,deferred,S3,packed-storage,exclude,Phase 2,v1.10.4 candidate issue linked from selected matrix row
CK-110-0052,CK-110-M062,Method TestStep11PackedOnlyDeadBlockDeletionRunGCAndVerify has 55 lines of code (limit is 50),codacy,internal/maintenance/gc_step11_test.go,154,triaged,S3,gc,defer,Phase 3,v1.10.4 candidate issue linked from selected matrix row
CK-110-0053,CK-110-M072,Lists should be surrounded by blank lines,codacy,docs/benchmarking.md,1427,triaged,S4,docs,exclude,Phase 3,v1.10.4 candidate issue linked from selected matrix row
CK-110-0054,CK-110-M066,Method  has a cyclomatic complexity of 9 (limit is 8),codacy,tests/adversarial/g1_deterministic_restore_adversarial_test.go,141,triaged,S3,restore,exclude,Phase 4,v1.10.4 candidate issue linked from selected matrix row
CK-110-0055,CK-110-M067,The application dynamically constructs file or path information.,codacy,internal/storage/restore_test.go,2225,triaged,S3,restore,exclude,Phase 4,v1.10.4 candidate issue linked from selected matrix row
CK-110-0056,CK-110-M058,"By not specifying a USER, a program in the container may run as 'root'. This is a security hazard.",codacy,Dockerfile,38,triaged,S3,security,exclude,Phase 4,v1.10.4 candidate issue linked from selected matrix row
CK-110-0057,CK-110-M062,Method TestRunStatsResultEmptyRepository has a cyclomatic complexity of 14 (limit is 8),codacy,internal/maintenance/stats_test.go,215,triaged,S3,gc,defer,Phase 3,v1.10.4 candidate issue linked from selected matrix row
CK-110-0058,CK-110-M009,Insecure dependency golang/stdlib@v1.23.0 (CVE-2026-27139: os: FileInfo can escape from a Root in golang os mo,codacy,go.mod,3,triaged,S1,dependencies,exclude,Phase 4,v1.10.4 candidate issue linked from selected matrix row
CK-110-0059,CK-110-M054,Method TestVerifyRepositorySupportsMixedBlockTypeMatrixInSingleRun has 65 lines of code (limit is 50),codacy,internal/verify/verify_system_test.go,904,triaged,S3,verify,exclude,Phase 4,v1.10.4 candidate issue linked from selected matrix row
CK-110-0060,CK-110-M072,Expected: 2; Actual: 3,codacy,docs/benchmarking.md,652,triaged,S4,docs,exclude,Phase 3,v1.10.4 candidate issue linked from selected matrix row
CK-110-0061,CK-110-M051,Method TestGetLogicalFileInfoWithDBFound has a cyclomatic complexity of 11 (limit is 8),codacy,internal/storage/remove_test.go,167,triaged,S3,storage,exclude,Phase 3,v1.10.4 candidate issue linked from selected matrix row
CK-110-0062,CK-110-M044,Method enrichStatsWithGraph has a cyclomatic complexity of 13 (limit is 8),codacy,internal/observability/stats.go,218,triaged,S2,codacy,exclude,Phase 4,v1.10.4 candidate issue linked from selected matrix row
CK-110-0063,CK-110-M027,Method verifyLegacyChunkHashes has 107 lines of code (limit is 50),codacy,internal/verify/verify_repository.go,795,triaged,S2,verify,exclude,Phase 2,v1.10.4 candidate issue linked from selected matrix row
CK-110-0064,CK-110-M059,SQL Injection is a critical vulnerability that can lead to data or system compromise.,codacy,internal/observability/service_test.go,36,triaged,S3,security,exclude,Phase 2,v1.10.4 candidate issue linked from selected matrix row
CK-110-0065,CK-110-M072,Lists should be surrounded by blank lines,codacy,docs/BENCHMARK_METRICS.md,172,triaged,S4,docs,exclude,Phase 3,v1.10.4 candidate issue linked from selected matrix row
CK-110-0066,CK-110-M067,The application was found setting directory permissions to overly permissive values.,codacy,tests/adversarial/g1_step11_restore_determinism_test.go,35,triaged,S3,restore,exclude,Phase 4,v1.10.4 candidate issue linked from selected matrix row
CK-110-0067,CK-110-M070,Method TestDeriveFreshSQLiteRepositoryCapabilities has a cyclomatic complexity of 13 (limit is 8),codacy,internal/repository/capabilities/derive_test.go,13,triaged,S3,codacy,exclude,Phase 2,v1.10.4 candidate issue linked from selected matrix row
CK-110-0068,CK-110-M026,File internal/storage/store.go has 2588 non-comment lines of code,codacy,internal/storage/store.go,1,triaged,S2,storage,exclude,Phase 3,v1.10.4 candidate issue linked from selected matrix row
CK-110-0069,CK-110-M002,SQL Injection is a critical vulnerability that can lead to data or system compromise.,codacy,internal/snapshot/path_resolver.go,228,triaged,S1,snapshot,exclude,Phase 2,v1.10.4 candidate issue linked from selected matrix row
CK-110-0070,CK-110-M047,Method TestPostgresFreshBootstrapCreatesPhaseOneV8Schema has 172 lines of code (limit is 50),codacy,internal/db/migrations_test.go,1272,triaged,S3,migration,exclude,Phase 4,v1.10.4 candidate issue linked from selected matrix row
CK-110-0071,CK-110-M051,Method assertFullCoverage has a cyclomatic complexity of 9 (limit is 8),codacy,internal/chunk/chunker_comparison_test.go,26,triaged,S3,storage,exclude,Phase 3,v1.10.4 candidate issue linked from selected matrix row
CK-110-0072,CK-110-M066,Method TestRestoreFailsOnPayloadReadShortRead has 70 lines of code (limit is 50),codacy,internal/storage/restore_test.go,1660,triaged,S3,restore,exclude,Phase 4,v1.10.4 candidate issue linked from selected matrix row
CK-110-0073,CK-110-M027,Method checkFileChunkOrdering has a cyclomatic complexity of 12 (limit is 8),codacy,internal/verify/verify_file.go,21,triaged,S2,verify,exclude,Phase 2,v1.10.4 candidate issue linked from selected matrix row
CK-110-0074,CK-110-M059,SQL Injection is a critical vulnerability that can lead to data or system compromise.,codacy,internal/graph/reachability_test.go,412,triaged,S3,security,exclude,Phase 2,v1.10.4 candidate issue linked from selected matrix row
CK-110-0075,CK-110-M062,Method TestReachabilityRootsDocumentation has 76 lines of code (limit is 50),codacy,internal/gc/plan_test.go,795,triaged,S3,gc,defer,Phase 3,v1.10.4 candidate issue linked from selected matrix row
CK-110-0076,CK-110-M057,The application was found setting directory permissions to overly permissive values.,codacy,tests/integration/v18_migration_compatibility_integration_test.go,826,triaged,S3,filesystem,exclude,Phase 4,v1.10.4 candidate issue linked from selected matrix row
CK-110-0077,CK-110-M057,The application was found setting file permissions to overly permissive values.,codacy,tests/adversarial/g8_system_invariants_lifecycle_adversarial_test.go,371,triaged,S3,filesystem,exclude,Phase 4,v1.10.4 candidate issue linked from selected matrix row
CK-110-0078,CK-110-M038,Method pinLogicalFileRestoreChunksWithContext has 108 lines of code (limit is 50),codacy,internal/storage/restore.go,498,triaged,S1,restore,exclude,Phase 4,v1.10.4 candidate issue linked from selected matrix row
CK-110-0079,CK-110-M021,Do not use `math/rand`. Use `crypto/rand` instead.,codacy,internal/benchmark/dataset.go,5,triaged,S1,benchmark,exclude,Phase 3,v1.10.4 candidate issue linked from selected matrix row
CK-110-0080,CK-110-M051,Method TestRepositoryCompressionConfigControlsNewWritesNotReads has a cyclomatic complexity of 28 (limit is 8),codacy,internal/storage/repository_config_test.go,619,triaged,S3,storage,exclude,Phase 3,v1.10.4 candidate issue linked from selected matrix row
CK-110-0081,CK-110-M052,Do not use `math/rand`. Use `crypto/rand` instead.,codacy,internal/storage/compression/zstd_test.go,7,triaged,S3,storage,exclude,Phase 3,v1.10.4 candidate issue linked from selected matrix row
CK-110-0082,CK-110-M064,Method TestQuarantineOrphanContainersResyncsExistingQuarantineSizeDrift has a cyclomatic complexity of 12 (lim,codacy,internal/recovery/system_recovery_test.go,89,triaged,S3,recovery,exclude,Phase 4,v1.10.4 candidate issue linked from selected matrix row
CK-110-0083,CK-110-M037,Method quarantineOrphanContainers has 103 lines of code (limit is 50),codacy,internal/recovery/system_recovery.go,437,triaged,S1,recovery,exclude,Phase 4,v1.10.4 candidate issue linked from selected matrix row
CK-110-0084,CK-110-M045,"The result of command substitution $(...) or `...`, if unquoted, is split on whitespace or other separators sp",codacy,scripts/smoke.sh,1209,triaged,S1,tooling,exclude,Phase 4,v1.10.4 candidate issue linked from selected matrix row
CK-110-0085,CK-110-M066,Method TestRestoreFileByStoredPathOverrideMode has 104 lines of code (limit is 50),codacy,internal/storage/restore_test.go,878,triaged,S3,restore,exclude,Phase 4,v1.10.4 candidate issue linked from selected matrix row
CK-110-0086,CK-110-M054,Method assertDecryptStageVerifyFailure has a cyclomatic complexity of 14 (limit is 8),codacy,internal/verify/verify_corruption_fixtures_test.go,145,triaged,S3,verify,exclude,Phase 4,v1.10.4 candidate issue linked from selected matrix row
CK-110-0087,CK-110-M026,Method claimChunkWithContext has a cyclomatic complexity of 36 (limit is 8),codacy,internal/storage/store.go,1919,triaged,S2,storage,exclude,Phase 3,v1.10.4 candidate issue linked from selected matrix row
CK-110-0088,CK-110-M072,Multiple headings with the same content,codacy,docs/benchmarking.md,472,triaged,S4,docs,exclude,Phase 3,v1.10.4 candidate issue linked from selected matrix row
CK-110-0089,CK-110-M047,Method TestLoadSQLiteSchemaCreatesPhaseOneV8FreshBootstrap has a cyclomatic complexity of 27 (limit is 8),codacy,internal/db/migrations_test.go,339,triaged,S3,migration,exclude,Phase 4,v1.10.4 candidate issue linked from selected matrix row
CK-110-0090,CK-110-M070,Method TestTraverseVisitsAllNodesOnce has 69 lines of code (limit is 50),codacy,internal/graph/traversal_test.go,63,triaged,S3,codacy,exclude,Phase 2,v1.10.4 candidate issue linked from selected matrix row
CK-110-0091,CK-110-M026,Method ChunkFile has a cyclomatic complexity of 11 (limit is 8),codacy,internal/chunk/simplecdc/chunker.go,36,triaged,S2,storage,exclude,Phase 3,v1.10.4 candidate issue linked from selected matrix row
CK-110-0092,CK-110-M056,Method TestBackwardCompatMixedChunkerRestoreIntegration has 51 lines of code (limit is 50),codacy,tests/integration/read_path_regression_test.go,265,triaged,S3,filesystem,exclude,Phase 2,v1.10.4 candidate issue linked from selected matrix row
CK-110-0093,CK-110-M072,Lists should be surrounded by blank lines,codacy,docs/BENCHMARK_METRICS.md,320,triaged,S4,docs,exclude,Phase 3,v1.10.4 candidate issue linked from selected matrix row
CK-110-0094,CK-110-M059,String-formatted SQL query detected.,codacy,tests/adversarial/g6_concurrent_operations_adversarial_test.go,438,triaged,S3,security,exclude,Phase 2,v1.10.4 candidate issue linked from selected matrix row
CK-110-0095,CK-110-M056,Method TestBackwardCompatV15CLIWorkflowIntegration has a cyclomatic complexity of 19 (limit is 8),codacy,tests/integration/read_path_regression_test.go,454,triaged,S3,filesystem,exclude,Phase 2,v1.10.4 candidate issue linked from selected matrix row
CK-110-0096,CK-110-M020,The application was found setting directory permissions to overly permissive values.,codacy,internal/benchmark/dataset.go,34,triaged,S1,benchmark,exclude,Phase 3,v1.10.4 candidate issue linked from selected matrix row
CK-110-0097,CK-110-M009,Insecure dependency golang/stdlib@v1.23.0 (CVE-2025-58189: crypto/tls: go crypto/tls ALPN negotiation error co,codacy,go.mod,3,triaged,S1,dependencies,exclude,Phase 4,v1.10.4 candidate issue linked from selected matrix row
CK-110-0098,CK-110-M051,Method TestFeatureGatedCompressionSwitchDoesNotMigrateExistingBlocksStep513 has a cyclomatic complexity of 17 ,codacy,internal/storage/store_compression_feature_gate_test.go,729,triaged,S3,storage,exclude,Phase 3,v1.10.4 candidate issue linked from selected matrix row
CK-110-0099,CK-110-M045,Method main has a cyclomatic complexity of 14 (limit is 8),codacy,scripts/validate_regression_thresholds.py,294,triaged,S1,tooling,exclude,Phase 4,v1.10.4 candidate issue linked from selected matrix row
CK-110-0100,CK-110-M070,Method  has a cyclomatic complexity of 25 (limit is 8),codacy,tests/adversarial/g8_system_invariants_lifecycle_adversarial_test.go,227,triaged,S3,codacy,exclude,Phase 2,v1.10.4 candidate issue linked from selected matrix row
CK-110-0101,CK-110-M050,Detected file permissions that are set to more than `0600` (user/owner can read and write). Setting file permi,codacy,tests/adversarial/g14_g17_snapshot_retention_adversarial_test.go,156,triaged,S3,snapshot,exclude,Phase 2,v1.10.4 candidate issue linked from selected matrix row
CK-110-0102,CK-110-M051,Method  has 55 lines of code (limit is 50),codacy,internal/storage/store_compression_feature_gate_test.go,464,triaged,S3,storage,exclude,Phase 3,v1.10.4 candidate issue linked from selected matrix row
CK-110-0103,CK-110-M009,Insecure dependency golang/stdlib@v1.23.0 (CVE-2025-61724: net/textproto: Excessive CPU consumption in Reader.,codacy,go.mod,3,triaged,S1,dependencies,exclude,Phase 4,v1.10.4 candidate issue linked from selected matrix row
CK-110-0104,CK-110-M070,Method TestGetReachableChunksDeduplicatesSharedChunks has a cyclomatic complexity of 11 (limit is 8),codacy,internal/graph/reachability_test.go,230,triaged,S3,codacy,exclude,Phase 2,v1.10.4 candidate issue linked from selected matrix row
CK-110-0105,CK-110-M063,The application dynamically constructs file or path information.,codacy,internal/maintenance/gc_step11_test.go,500,triaged,S3,gc,defer,Phase 3,v1.10.4 candidate issue linked from selected matrix row
CK-110-0106,CK-110-M066,Method TestPinLogicalFileRestoreChunksReturnsOrderedChunkRows has 63 lines of code (limit is 50),codacy,internal/storage/restore_test.go,144,triaged,S3,restore,exclude,Phase 4,v1.10.4 candidate issue linked from selected matrix row
CK-110-0107,CK-110-M052,The application was found setting file permissions to overly permissive values.,codacy,internal/storage/phase1_compat_matrix_test.go,121,triaged,S3,storage,exclude,Phase 3,v1.10.4 candidate issue linked from selected matrix row
CK-110-0108,CK-110-M072,Lists should be surrounded by blank lines,codacy,docs/STEP64_METRICS_VALIDATION.md,14,triaged,S4,docs,exclude,Phase 3,v1.10.4 candidate issue linked from selected matrix row
CK-110-0109,CK-110-M048,SQL Injection is a critical vulnerability that can lead to data or system compromise.,codacy,internal/db/migrations_test.go,1875,triaged,S3,migration,exclude,Phase 4,v1.10.4 candidate issue linked from selected matrix row
CK-110-0110,CK-110-M070,Method TestPhase7MixedVerifyAfterUpgradeIntegration has a cyclomatic complexity of 24 (limit is 8),codacy,tests/integration/v18_migration_compatibility_integration_test.go,619,triaged,S3,codacy,exclude,Phase 2,v1.10.4 candidate issue linked from selected matrix row
CK-110-0111,CK-110-M062,Method TestStep11DryRunPackedReclaimableMatchesActualGC has a cyclomatic complexity of 14 (limit is 8),codacy,internal/maintenance/gc_step11_parity_test.go,17,triaged,S3,gc,defer,Phase 3,v1.10.4 candidate issue linked from selected matrix row
CK-110-0112,CK-110-M009,Insecure dependency golang/stdlib@v1.23.0 (CVE-2025-58186: golang.org/net/http: Lack of limit when parsing coo,codacy,go.mod,3,triaged,S1,dependencies,exclude,Phase 4,v1.10.4 candidate issue linked from selected matrix row
CK-110-0113,CK-110-M027,Method VerifyFileStandardWithContainersDir has 102 lines of code (limit is 50),codacy,internal/verify/verify_file.go,118,triaged,S2,verify,exclude,Phase 2,v1.10.4 candidate issue linked from selected matrix row
CK-110-0114,CK-110-M070,Method TestCrossConsistency_InspectBidirectional has a cyclomatic complexity of 13 (limit is 8),codacy,internal/observability/cross_consistency_test.go,72,triaged,S3,codacy,exclude,Phase 2,v1.10.4 candidate issue linked from selected matrix row
CK-110-0115,CK-110-M066,Method TestRestoreOptionsOverwriteFalseRejectsExistingDestination has a cyclomatic complexity of 14 (limit is ,codacy,internal/storage/restore_test.go,2132,triaged,S3,restore,exclude,Phase 4,v1.10.4 candidate issue linked from selected matrix row
CK-110-0116,CK-110-M057,Detected file permissions that are set to more than `0600` (user/owner can read and write). Setting file permi,codacy,tests/utils/common.go,944,triaged,S3,filesystem,exclude,Phase 4,v1.10.4 candidate issue linked from selected matrix row
CK-110-0117,CK-110-M070,Method TestRenderStatsJSONWritesResultPayload has a cyclomatic complexity of 21 (limit is 8),codacy,internal/cli/render/stats_test.go,13,triaged,S3,codacy,exclude,Phase 2,v1.10.4 candidate issue linked from selected matrix row
CK-110-0118,CK-110-M004,SQL Injection is a critical vulnerability that can lead to data or system compromise.,codacy,internal/storage/store.go,2254,triaged,S1,storage,exclude,Phase 4,v1.10.4 candidate issue linked from selected matrix row
CK-110-0119,CK-110-M048,SQL Injection is a critical vulnerability that can lead to data or system compromise.,codacy,internal/db/migrations_test.go,570,triaged,S3,migration,exclude,Phase 4,v1.10.4 candidate issue linked from selected matrix row
CK-110-0120,CK-110-M072,Lists should be surrounded by blank lines,codacy,docs/benchmarking.md,1344,triaged,S4,docs,exclude,Phase 3,v1.10.4 candidate issue linked from selected matrix row
CK-110-0121,CK-110-M009,Insecure dependency golang/stdlib@v1.23.0 (CVE-2025-47906: os/exec: Unexpected paths returned from LookPath in,codacy,go.mod,3,triaged,S1,dependencies,exclude,Phase 4,v1.10.4 candidate issue linked from selected matrix row
CK-110-0122,CK-110-M044,Method inspectLogicalFile has 57 lines of code (limit is 50),codacy,internal/observability/inspect.go,252,triaged,S2,codacy,exclude,Phase 4,v1.10.4 candidate issue linked from selected matrix row
CK-110-0123,CK-110-M051,Method TestPhase1CompatMetadataWrittenOnce has a cyclomatic complexity of 10 (limit is 8),codacy,internal/storage/phase1_compat_matrix_test.go,621,triaged,S3,storage,exclude,Phase 3,v1.10.4 candidate issue linked from selected matrix row
CK-110-0124,CK-110-M044,Method loadChunkBlockMetadata has 114 lines of code (limit is 50),codacy,internal/observability/inspect.go,843,triaged,S2,codacy,exclude,Phase 4,v1.10.4 candidate issue linked from selected matrix row
CK-110-0125,CK-110-M072,Column: 1,codacy,docs/internal/storage_contract_v1_9.md,106,triaged,S4,docs,exclude,Phase 3,v1.10.4 candidate issue linked from selected matrix row
CK-110-0126,CK-110-M051,Method TestSimulatedWriterAppendPayloadCreatesAndRotatesContainer has 59 lines of code (limit is 50),codacy,internal/container/simulated_writer_test.go,47,triaged,S3,storage,exclude,Phase 3,v1.10.4 candidate issue linked from selected matrix row
CK-110-0127,CK-110-M054,Method assertBlockDecodeStageVerifyFailure has a cyclomatic complexity of 11 (limit is 8),codacy,internal/verify/verify_corruption_fixtures_test.go,284,triaged,S3,verify,exclude,Phase 4,v1.10.4 candidate issue linked from selected matrix row
CK-110-0128,CK-110-M052,The application was found setting directory permissions to overly permissive values.,codacy,tests/adversarial/v110_s0_chunk_reuse_bounds_stabilization_test.go,361,triaged,S3,storage,exclude,Phase 3,v1.10.4 candidate issue linked from selected matrix row
CK-110-0129,CK-110-M067,The application dynamically constructs file or path information.,codacy,tests/adversarial/g67_deterministic_restore_matrix_test.go,207,triaged,S3,restore,exclude,Phase 4,v1.10.4 candidate issue linked from selected matrix row
CK-110-0130,CK-110-M027,Method checkSealedContainersHash has a cyclomatic complexity of 10 (limit is 8),codacy,internal/verify/verify_container.go,193,triaged,S2,verify,exclude,Phase 2,v1.10.4 candidate issue linked from selected matrix row
CK-110-0131,CK-110-M048,SQL Injection is a critical vulnerability that can lead to data or system compromise.,codacy,internal/db/migrations_test.go,1304,triaged,S3,migration,exclude,Phase 4,v1.10.4 candidate issue linked from selected matrix row
CK-110-0132,CK-110-M044,Method inspectChunk has 83 lines of code (limit is 50),codacy,internal/observability/inspect.go,314,triaged,S2,codacy,exclude,Phase 4,v1.10.4 candidate issue linked from selected matrix row
CK-110-0133,CK-110-M001,All queries must target RAC_* tables.Query does not reference RAC_* table.,codacy,db/schema_postgres.sql,173,triaged,S1,migration,exclude,Phase 4,v1.10.4 candidate issue linked from selected matrix row
CK-110-0134,CK-110-M054,Method TestVerifySystemFullDetectsMissingContainerFileForReferencedChunk has a cyclomatic complexity of 9 (lim,codacy,internal/verify/verify_regression_test.go,225,triaged,S3,verify,exclude,Phase 4,v1.10.4 candidate issue linked from selected matrix row
CK-110-0135,CK-110-M057,Detected file permissions that are set to more than `0600` (user/owner can read and write). Setting file permi,codacy,tests/adversarial/g7_deep_corruption_adversarial_test.go,116,triaged,S3,filesystem,exclude,Phase 4,v1.10.4 candidate issue linked from selected matrix row
CK-110-0136,CK-110-M044,Method simulateGC has a cyclomatic complexity of 9 (limit is 8),codacy,internal/observability/simulate.go,26,triaged,S2,codacy,exclude,Phase 4,v1.10.4 candidate issue linked from selected matrix row
CK-110-0137,CK-110-M038,Method applyPhysicalMetadata has a cyclomatic complexity of 13 (limit is 8),codacy,internal/storage/restore.go,1350,triaged,S1,restore,exclude,Phase 4,v1.10.4 candidate issue linked from selected matrix row
CK-110-0138,CK-110-M070,Method TestPhase8MetadataMigrationIntegration has a cyclomatic complexity of 48 (limit is 8),codacy,tests/integration/v18_migration_compatibility_integration_test.go,1438,triaged,S3,codacy,exclude,Phase 2,v1.10.4 candidate issue linked from selected matrix row
CK-110-0139,CK-110-M066,Method TestRestoreFailsOnAESGCMDecodeFailure has a cyclomatic complexity of 11 (limit is 8),codacy,internal/storage/restore_test.go,1315,triaged,S3,restore,exclude,Phase 4,v1.10.4 candidate issue linked from selected matrix row
CK-110-0140,CK-110-M024,Method runSQLitePhysicalFileMigration has 72 lines of code (limit is 50),codacy,internal/db/migrations.go,194,triaged,S2,migration,exclude,Phase 4,v1.10.4 candidate issue linked from selected matrix row
CK-110-0141,CK-110-M067,The application was found setting directory permissions to overly permissive values.,codacy,tests/adversarial/g1_step11_restore_determinism_test.go,49,triaged,S3,restore,exclude,Phase 4,v1.10.4 candidate issue linked from selected matrix row
CK-110-0142,CK-110-M006,Detected file permissions that are set to more than `0600` (user/owner can read and write). Setting file permi,codacy,internal/container/container.go,452,triaged,S1,storage,exclude,Phase 4,v1.10.4 candidate issue linked from selected matrix row
CK-110-0143,CK-110-M035,Method loadBlockMetadata has 70 lines of code (limit is 50),codacy,internal/storage/storage_block_reader.go,251,accepted,S2,packed-storage,exclude,Phase 2,v1.10.4 candidate issue linked from selected matrix row
CK-110-0144,CK-110-M026,Method getOrCreateOpenContainerInDirExcluding has a cyclomatic complexity of 14 (limit is 8),codacy,internal/container/container.go,374,triaged,S2,storage,exclude,Phase 3,v1.10.4 candidate issue linked from selected matrix row
CK-110-0145,CK-110-M035,Method mapVerifyPipelineFailure has a cyclomatic complexity of 9 (limit is 8),codacy,internal/storage/storage_block_reader.go,192,accepted,S2,packed-storage,exclude,Phase 2,v1.10.4 candidate issue linked from selected matrix row
CK-110-0146,CK-110-M048,SQL Injection is a critical vulnerability that can lead to data or system compromise.,codacy,internal/db/migrations_test.go,1860,triaged,S3,migration,exclude,Phase 4,v1.10.4 candidate issue linked from selected matrix row
CK-110-0147,CK-110-M009,Insecure dependency golang/stdlib@v1.23.0 (CVE-2026-39836: Panic in Dial and LookupPort when handling NUL byte,codacy,go.mod,3,triaged,S1,dependencies,exclude,Phase 4,v1.10.4 candidate issue linked from selected matrix row
CK-110-0148,CK-110-M062,Method TestStep11SnapshotRetainsPackedBlockAndRestoreSucceeds has a cyclomatic complexity of 15 (limit is 8),codacy,internal/maintenance/gc_step11_test.go,319,triaged,S3,gc,defer,Phase 3,v1.10.4 candidate issue linked from selected matrix row
CK-110-0149,CK-110-M044,Method EncodeBlock has a cyclomatic complexity of 10 (limit is 8),codacy,internal/blocks/block_format_v1.go,110,triaged,S2,codacy,exclude,Phase 4,v1.10.4 candidate issue linked from selected matrix row
CK-110-0150,CK-110-M045,Method build_summary has a cyclomatic complexity of 13 (limit is 8),codacy,scripts/summarize_phase8_blocksize.py,60,triaged,S1,tooling,exclude,Phase 4,v1.10.4 candidate issue linked from selected matrix row
CK-110-0151,CK-110-M066,Method TestRestoreFailureDoesNotCorruptDestination has 85 lines of code (limit is 50),codacy,internal/storage/restore_test.go,2027,triaged,S3,restore,exclude,Phase 4,v1.10.4 candidate issue linked from selected matrix row
CK-110-0152,CK-110-M051,Method NewTestRepository has a cyclomatic complexity of 10 (limit is 8),codacy,internal/storage/test_repository_fixture_test.go,39,triaged,S3,storage,exclude,Phase 3,v1.10.4 candidate issue linked from selected matrix row
CK-110-0153,CK-110-M021,Do not use `math/rand`. Use `crypto/rand` instead.,codacy,internal/benchmark/corpus.go,9,triaged,S1,benchmark,exclude,Phase 3,v1.10.4 candidate issue linked from selected matrix row
CK-110-0154,CK-110-M009,Insecure dependency golang/stdlib@v1.23.0 (CVE-2025-61725: net/mail: Excessive CPU consumption in ParseAddress,codacy,go.mod,3,triaged,S1,dependencies,exclude,Phase 4,v1.10.4 candidate issue linked from selected matrix row
CK-110-0155,CK-110-M052,The application dynamically constructs file or path information.,codacy,internal/storage/store_v2chunker_test.go,478,triaged,S3,storage,exclude,Phase 3,v1.10.4 candidate issue linked from selected matrix row
CK-110-0156,CK-110-M026,Method claimLogicalFileWithContext has a cyclomatic complexity of 32 (limit is 8),codacy,internal/storage/store.go,1692,triaged,S2,storage,exclude,Phase 3,v1.10.4 candidate issue linked from selected matrix row
CK-110-0157,CK-110-M049,Method TestAdversarialG16SnapshotQueryContractChaos has a cyclomatic complexity of 10 (limit is 8),codacy,tests/adversarial/g14_g17_snapshot_retention_adversarial_test.go,402,triaged,S3,snapshot,exclude,Phase 2,v1.10.4 candidate issue linked from selected matrix row
CK-110-0158,CK-110-M057,The application dynamically constructs file or path information.,codacy,tests/adversarial/g7_deep_corruption_adversarial_test.go,360,triaged,S3,filesystem,exclude,Phase 4,v1.10.4 candidate issue linked from selected matrix row
CK-110-0159,CK-110-M057,The application was found setting directory permissions to overly permissive values.,codacy,tests/adversarial/g3_no_data_loss_valid_sequences_adversarial_test.go,123,triaged,S3,filesystem,exclude,Phase 4,v1.10.4 candidate issue linked from selected matrix row
CK-110-0160,CK-110-M001,All queries must target RAC_* tables.Query does not reference RAC_* table.,codacy,db/schema_postgres.sql,158,triaged,S1,migration,exclude,Phase 4,v1.10.4 candidate issue linked from selected matrix row
CK-110-0161,CK-110-M052,Detected file permissions that are set to more than `0600` (user/owner can read and write). Setting file permi,codacy,internal/storage/phase1_compat_matrix_test.go,56,triaged,S3,storage,exclude,Phase 3,v1.10.4 candidate issue linked from selected matrix row
CK-110-0162,CK-110-M036,Method computePackedSimulationMetrics has 58 lines of code (limit is 50),codacy,internal/gc/plan.go,347,triaged,S2,gc,include,Phase 3,v1.10.4 candidate issue linked from selected matrix row
CK-110-0163,CK-110-M070,Method TestSimulateGCAssumptionsIncludeDeletedSnapshots has a cyclomatic complexity of 10 (limit is 8),codacy,internal/observability/service_test.go,525,triaged,S3,codacy,exclude,Phase 2,v1.10.4 candidate issue linked from selected matrix row
CK-110-0164,CK-110-M070,Method TestPhase7MixedGCAfterUpgradeIntegration has 258 lines of code (limit is 50),codacy,tests/integration/v18_migration_compatibility_integration_test.go,760,triaged,S3,codacy,exclude,Phase 2,v1.10.4 candidate issue linked from selected matrix row
CK-110-0165,CK-110-M067,Detected file permissions that are set to more than `0600` (user/owner can read and write). Setting file permi,codacy,tests/adversarial/g1_step11_restore_determinism_test.go,95,triaged,S3,restore,exclude,Phase 4,v1.10.4 candidate issue linked from selected matrix row
CK-110-0166,CK-110-M067,The application dynamically constructs file or path information.,codacy,internal/storage/restore_test.go,2015,triaged,S3,restore,exclude,Phase 4,v1.10.4 candidate issue linked from selected matrix row
CK-110-0167,CK-110-M048,SQL Injection is a critical vulnerability that can lead to data or system compromise.,codacy,internal/db/migrations_test.go,1675,triaged,S3,migration,exclude,Phase 4,v1.10.4 candidate issue linked from selected matrix row
CK-110-0168,CK-110-M057,The application was found setting file permissions to overly permissive values.,codacy,tests/adversarial/g6_concurrent_operations_adversarial_test.go,371,triaged,S3,filesystem,exclude,Phase 4,v1.10.4 candidate issue linked from selected matrix row
CK-110-0169,CK-110-M067,The application was found setting directory permissions to overly permissive values.,codacy,tests/adversarial/g67_deterministic_restore_matrix_test.go,68,triaged,S3,restore,exclude,Phase 4,v1.10.4 candidate issue linked from selected matrix row
CK-110-0170,CK-110-M025,Method LoadDeleteLineagePreview has a cyclomatic complexity of 14 (limit is 8),codacy,internal/snapshot/delete_lineage_preview.go,23,triaged,S2,snapshot,exclude,Phase 2,v1.10.4 candidate issue linked from selected matrix row
CK-110-0171,CK-110-M023,OS command injection is a critical vulnerability that can lead to a full system compromise as it may allow an ,codacy,tests/utils/common.go,121,triaged,S1,codacy,exclude,Phase 4,v1.10.4 candidate issue linked from selected matrix row
CK-110-0172,CK-110-M045,Method main has 93 lines of code (limit is 50),codacy,scripts/compare_phase8_gc_results.py,54,triaged,S1,tooling,exclude,Phase 4,v1.10.4 candidate issue linked from selected matrix row
CK-110-0173,CK-110-M027,Method verifyChunkPhysicalLocationRules has a cyclomatic complexity of 14 (limit is 8),codacy,internal/verify/verify_repository.go,291,triaged,S2,verify,exclude,Phase 2,v1.10.4 candidate issue linked from selected matrix row
CK-110-0174,CK-110-M051,Method  has a cyclomatic complexity of 9 (limit is 8),codacy,internal/storage/store_compression_feature_gate_test.go,832,triaged,S3,storage,exclude,Phase 3,v1.10.4 candidate issue linked from selected matrix row
CK-110-0175,CK-110-M070,Method TestInspectContainerBasic has a cyclomatic complexity of 10 (limit is 8),codacy,internal/observability/inspect_test.go,257,triaged,S3,codacy,exclude,Phase 2,v1.10.4 candidate issue linked from selected matrix row
CK-110-0176,CK-110-M070,Method TestListFilesReturnsCurrentStatePhysicalPaths has a cyclomatic complexity of 14 (limit is 8),codacy,internal/listing/list_test.go,52,triaged,S3,codacy,exclude,Phase 2,v1.10.4 candidate issue linked from selected matrix row
CK-110-0177,CK-110-M070,Method RunFixtureFolderRestoreAll has 96 lines of code (limit is 50),codacy,tests/utils/common.go,1091,triaged,S3,codacy,exclude,Phase 2,v1.10.4 candidate issue linked from selected matrix row
CK-110-0178,CK-110-M063,"Detected string concatenation with a non-literal variable in a ""database/sql"" Go SQL statement.",codacy,internal/maintenance/stats_test.go,32,triaged,S3,gc,defer,Phase 3,v1.10.4 candidate issue linked from selected matrix row
CK-110-0179,CK-110-M062,Method TestStep11PackedBlockPartiallyLiveRetainedRestoreAndVerify has a cyclomatic complexity of 16 (limit is ,codacy,internal/maintenance/gc_step11_test.go,221,triaged,S3,gc,defer,Phase 3,v1.10.4 candidate issue linked from selected matrix row
CK-110-0180,CK-110-M070,Method TestInspectTraceEmitsDeepTraversalEvents has a cyclomatic complexity of 12 (limit is 8),codacy,internal/observability/inspect_test.go,1187,triaged,S3,codacy,exclude,Phase 2,v1.10.4 candidate issue linked from selected matrix row
CK-110-0181,CK-110-M009,Insecure dependency golang/stdlib@v1.23.0 (CVE-2025-61726: golang: net/url: Memory exhaustion in query paramet,codacy,go.mod,3,triaged,S1,dependencies,exclude,Phase 4,v1.10.4 candidate issue linked from selected matrix row
CK-110-0182,CK-110-M006,Detected file permissions that are set to more than `0600` (user/owner can read and write). Setting file permi,codacy,internal/container/local_writer.go,357,triaged,S1,storage,exclude,Phase 4,v1.10.4 candidate issue linked from selected matrix row
CK-110-0183,CK-110-M059,SQL Injection is a critical vulnerability that can lead to data or system compromise.,codacy,tests/adversarial/g7_deep_corruption_adversarial_test.go,156,triaged,S3,security,exclude,Phase 2,v1.10.4 candidate issue linked from selected matrix row
CK-110-0184,CK-110-M004,SQL Injection is a critical vulnerability that can lead to data or system compromise.,codacy,internal/storage/repository_config.go,215,triaged,S1,storage,exclude,Phase 4,v1.10.4 candidate issue linked from selected matrix row
CK-110-0185,CK-110-M012,String-formatted SQL query detected.,codacy,internal/observability/stats.go,398,triaged,S1,security,exclude,Phase 4,v1.10.4 candidate issue linked from selected matrix row
CK-110-0186,CK-110-M076,"Instruction starts with ambiguous pronoun: ""it does not attempt to defend against an attacker who can ch""",codacy,SECURITY.md,29,triaged,S4,codacy,exclude,REVIEW,v1.10.4 candidate issue linked from selected matrix row
CK-110-0187,CK-110-M022,An action sourced from a third-party repository on GitHub is not pinned to a full length commit SHA. Pinning a,codacy,.github/workflows/ci.yml,72,triaged,S1,ci,exclude,Phase 4,v1.10.4 candidate issue linked from selected matrix row
CK-110-0188,CK-110-M072,Lists should be surrounded by blank lines,codacy,docs/benchmarking.md,1314,triaged,S4,docs,exclude,Phase 3,v1.10.4 candidate issue linked from selected matrix row
CK-110-0189,CK-110-M049,Method seedBenchmarkPhysicalFiles has 52 lines of code (limit is 50),codacy,internal/snapshot/snapshot_bench_test.go,30,triaged,S3,snapshot,exclude,Phase 2,v1.10.4 candidate issue linked from selected matrix row
CK-110-0190,CK-110-M070,Method TestStep613StatsRatiosMathematicallyCorrect has a cyclomatic complexity of 10 (limit is 8),codacy,tests/integration/v19_stats_semantics_integration_test.go,120,triaged,S3,codacy,exclude,Phase 2,v1.10.4 candidate issue linked from selected matrix row
CK-110-0191,CK-110-M026,Method cleanupLogicalFileChunkMappingsWithContext has a cyclomatic complexity of 13 (limit is 8),codacy,internal/storage/store.go,1058,triaged,S2,storage,exclude,Phase 3,v1.10.4 candidate issue linked from selected matrix row
CK-110-0192,CK-110-M037,File internal/recovery/system_recovery.go has 556 non-comment lines of code,codacy,internal/recovery/system_recovery.go,1,triaged,S1,recovery,exclude,Phase 4,v1.10.4 candidate issue linked from selected matrix row
CK-110-0193,CK-110-M038,Method restoreFileWithDBAndDir has 295 lines of code (limit is 50),codacy,internal/storage/restore.go,890,triaged,S1,restore,exclude,Phase 4,v1.10.4 candidate issue linked from selected matrix row
CK-110-0194,CK-110-M076,70 instruction items with no priority signals. The agent can't distinguish critical from optional.,codacy,SECURITY.md,1,triaged,S4,codacy,exclude,REVIEW,v1.10.4 candidate issue linked from selected matrix row
CK-110-0195,CK-110-M052,The application dynamically constructs file or path information.,codacy,internal/storage/store_compression_feature_gate_test.go,631,triaged,S3,storage,exclude,Phase 3,v1.10.4 candidate issue linked from selected matrix row
CK-110-0196,CK-110-M062,Method TestAdversarialG4PinnedChunkWithZeroLiveRefsSurvivesGC has 69 lines of code (limit is 50),codacy,tests/adversarial/g4_non_destructive_gc_adversarial_test.go,111,triaged,S3,gc,defer,Phase 3,v1.10.4 candidate issue linked from selected matrix row
CK-110-0197,CK-110-M070,Method TestPhase7UpgradeAndAddNewDataIntegration has 153 lines of code (limit is 50),codacy,tests/integration/v18_migration_compatibility_integration_test.go,398,triaged,S3,codacy,exclude,Phase 2,v1.10.4 candidate issue linked from selected matrix row
CK-110-0198,CK-110-M063,The application dynamically constructs file or path information.,codacy,internal/maintenance/gc_step11_test.go,306,triaged,S3,gc,defer,Phase 3,v1.10.4 candidate issue linked from selected matrix row
CK-110-0199,CK-110-M068,Method TestStandardCorpora has 62 lines of code (limit is 50),codacy,internal/benchmark/corpus_test.go,12,triaged,S3,benchmark,exclude,Phase 3,v1.10.4 candidate issue linked from selected matrix row
CK-110-0200,CK-110-M026,Method lockAndRefreshActiveContainer has a cyclomatic complexity of 14 (limit is 8),codacy,internal/container/local_writer.go,386,triaged,S2,storage,exclude,Phase 3,v1.10.4 candidate issue linked from selected matrix row
CK-110-0201,CK-110-M063,SQL Injection is a critical vulnerability that can lead to data or system compromise.,codacy,internal/maintenance/stats_bench_test.go,54,triaged,S3,gc,defer,Phase 3,v1.10.4 candidate issue linked from selected matrix row
CK-110-0202,CK-110-M072,Expected: 1; Actual: 0; Below,codacy,docs/BENCHMARK_CORPORA.md,64,triaged,S4,docs,exclude,Phase 3,v1.10.4 candidate issue linked from selected matrix row
CK-110-0203,CK-110-M062,Method TestContainerHasLivePhysicalUnitsFalseWhenNoLiveLegacyOrPacked has a cyclomatic complexity of 10 (limit,codacy,internal/maintenance/gc_packed_test.go,624,triaged,S3,gc,defer,Phase 3,v1.10.4 candidate issue linked from selected matrix row
CK-110-0204,CK-110-M011,The application was found setting file permissions to overly permissive values.,codacy,internal/iodebug/counters.go,155,triaged,S1,filesystem,exclude,Phase 4,v1.10.4 candidate issue linked from selected matrix row
CK-110-0205,CK-110-M027,Method verifyChunkBlockRefs has a cyclomatic complexity of 12 (limit is 8),codacy,internal/verify/verify_repository.go,209,triaged,S2,verify,exclude,Phase 2,v1.10.4 candidate issue linked from selected matrix row
CK-110-0206,CK-110-M070,Method TestInspectSnapshotBasic has a cyclomatic complexity of 13 (limit is 8),codacy,internal/observability/inspect_test.go,162,triaged,S3,codacy,exclude,Phase 2,v1.10.4 candidate issue linked from selected matrix row
CK-110-0207,CK-110-M025,Method ResolveSnapshotPaths has 108 lines of code (limit is 50),codacy,internal/snapshot/path_resolver.go,150,triaged,S2,snapshot,exclude,Phase 2,v1.10.4 candidate issue linked from selected matrix row
CK-110-0208,CK-110-M070,Method  has a cyclomatic complexity of 12 (limit is 8),codacy,tests/adversarial/g2_inconsistent_state_adversarial_test.go,102,triaged,S3,codacy,exclude,Phase 2,v1.10.4 candidate issue linked from selected matrix row
CK-110-0209,CK-110-M070,Method TestBlockBuilderBuildMultiChunk has a cyclomatic complexity of 17 (limit is 8),codacy,internal/blocks/block_builder_test.go,9,triaged,S3,codacy,exclude,Phase 2,v1.10.4 candidate issue linked from selected matrix row
CK-110-0210,CK-110-M066,Method TestRestoreFailsWhenOutputParentPathIsFile has 75 lines of code (limit is 50),codacy,internal/storage/restore_test.go,1740,triaged,S3,restore,exclude,Phase 4,v1.10.4 candidate issue linked from selected matrix row
CK-110-0211,CK-110-M057,The application was found setting file permissions to overly permissive values.,codacy,tests/adversarial/g9_batch_semantics_adversarial_test.go,36,triaged,S3,filesystem,exclude,Phase 4,v1.10.4 candidate issue linked from selected matrix row
CK-110-0212,CK-110-M048,SQL Injection is a critical vulnerability that can lead to data or system compromise.,codacy,internal/db/migrations_test.go,1867,triaged,S3,migration,exclude,Phase 4,v1.10.4 candidate issue linked from selected matrix row
CK-110-0213,CK-110-M051,Method TestRemoveFileByIDCascadesPhysicalFileMappings has a cyclomatic complexity of 13 (limit is 8),codacy,internal/storage/remove_test.go,561,triaged,S3,storage,exclude,Phase 3,v1.10.4 candidate issue linked from selected matrix row
CK-110-0214,CK-110-M070,Method TestCrossConsistency_SimulateGCContainersMatchGCPlan has a cyclomatic complexity of 10 (limit is 8),codacy,internal/observability/cross_consistency_test.go,242,triaged,S3,codacy,exclude,Phase 2,v1.10.4 candidate issue linked from selected matrix row
CK-110-0215,CK-110-M003,Detected file permissions that are set to more than `0600` (user/owner can read and write). Setting file permi,codacy,internal/snapshot/snapshot.go,1256,triaged,S1,snapshot,exclude,Phase 2,v1.10.4 candidate issue linked from selected matrix row
CK-110-0216,CK-110-M027,Method CheckChunkerVersionMetadataIntegrity has 85 lines of code (limit is 50),codacy,internal/verify/verify_metadata.go,32,triaged,S2,verify,exclude,Phase 2,v1.10.4 candidate issue linked from selected matrix row
CK-110-0217,CK-110-M036,Method BuildPlan has a cyclomatic complexity of 18 (limit is 8),codacy,internal/gc/plan.go,122,triaged,S2,gc,include,Phase 3,v1.10.4 candidate issue linked from selected matrix row
CK-110-0218,CK-110-M044,Method GCRoots has a cyclomatic complexity of 10 (limit is 8),codacy,internal/graph/reachability.go,90,triaged,S2,codacy,exclude,Phase 4,v1.10.4 candidate issue linked from selected matrix row
CK-110-0219,CK-110-M057,The application was found setting directory permissions to overly permissive values.,codacy,tests/integration/v18_migration_compatibility_integration_test.go,360,triaged,S3,filesystem,exclude,Phase 4,v1.10.4 candidate issue linked from selected matrix row
CK-110-0220,CK-110-M045,Method get_threshold has a cyclomatic complexity of 14 (limit is 8),codacy,scripts/validate_regression_thresholds.py,67,triaged,S1,tooling,exclude,Phase 4,v1.10.4 candidate issue linked from selected matrix row
CK-110-0221,CK-110-M072,Expected: 1; Actual: 0; Below,codacy,docs/BENCHMARK_CORPORA.md,267,triaged,S4,docs,exclude,Phase 3,v1.10.4 candidate issue linked from selected matrix row
CK-110-0222,CK-110-M070,Method TestPhase7LegacyOnlyRestoreAndVerifyIntegration has 108 lines of code (limit is 50),codacy,tests/integration/v18_migration_compatibility_integration_test.go,270,triaged,S3,codacy,exclude,Phase 2,v1.10.4 candidate issue linked from selected matrix row
CK-110-0223,CK-110-M051,Method TestStoreFileMaintainsPhysicalFileAndLogicalRefCountInvariants has a cyclomatic complexity of 20 (limit,codacy,internal/storage/physical_file_repository_test.go,176,triaged,S3,storage,exclude,Phase 3,v1.10.4 candidate issue linked from selected matrix row
CK-110-0224,CK-110-M069,The application dynamically constructs file or path information.,codacy,internal/benchmark/corpus_test.go,333,triaged,S3,benchmark,exclude,Phase 4,v1.10.4 candidate issue linked from selected matrix row
CK-110-0225,CK-110-M070,Method TestStep611CompressionLongRunMemoryGrowthBounded has a cyclomatic complexity of 11 (limit is 8),codacy,tests/adversarial/g611_adversarial_compression_longrun_test.go,160,triaged,S3,codacy,exclude,Phase 2,v1.10.4 candidate issue linked from selected matrix row
CK-110-0226,CK-110-M070,Method TestInspectChunkForwardRelationsIncludesContainer has a cyclomatic complexity of 10 (limit is 8),codacy,internal/observability/inspect_test.go,1051,triaged,S3,codacy,exclude,Phase 2,v1.10.4 candidate issue linked from selected matrix row
CK-110-0227,CK-110-M072,Lists should be surrounded by blank lines,codacy,docs/BENCHMARK_METRICS.md,177,triaged,S4,docs,exclude,Phase 3,v1.10.4 candidate issue linked from selected matrix row
CK-110-0228,CK-110-M070,Method TestInspectContainerRelationsIncludeMixedBlockMetadata has a cyclomatic complexity of 27 (limit is 8),codacy,internal/observability/inspect_test.go,415,triaged,S3,codacy,exclude,Phase 2,v1.10.4 candidate issue linked from selected matrix row
CK-110-0229,CK-110-M062,Method insertPackedStorageBlockFixtureWithCompression has a cyclomatic complexity of 9 (limit is 8),codacy,internal/maintenance/gc_test.go,969,triaged,S3,gc,defer,Phase 3,v1.10.4 candidate issue linked from selected matrix row
CK-110-0230,CK-110-M070,Method TestGetReachableChunksFromSnapshots has a cyclomatic complexity of 15 (limit is 8),codacy,internal/graph/reachability_test.go,30,triaged,S3,codacy,exclude,Phase 2,v1.10.4 candidate issue linked from selected matrix row
CK-110-0231,CK-110-M062,Method TestRunGCSnapshotRetainsPackedBlockAndRestoreSucceedsWhenLiveNamespaceRemoved has a cyclomatic complexi,codacy,internal/maintenance/gc_test.go,796,triaged,S3,gc,defer,Phase 3,v1.10.4 candidate issue linked from selected matrix row
CK-110-0232,CK-110-M069,The application was found setting file permissions to overly permissive values.,codacy,internal/benchmark/determinism_test.go,48,triaged,S3,benchmark,exclude,Phase 4,v1.10.4 candidate issue linked from selected matrix row
CK-110-0233,CK-110-M062,Method seedStatsBenchmarkDataset has 69 lines of code (limit is 50),codacy,internal/maintenance/stats_bench_test.go,29,triaged,S3,gc,defer,Phase 3,v1.10.4 candidate issue linked from selected matrix row
CK-110-0234,CK-110-M070,Method TestInspectDoesNotMutateState has a cyclomatic complexity of 17 (limit is 8),codacy,internal/observability/inspect_test.go,972,triaged,S3,codacy,exclude,Phase 2,v1.10.4 candidate issue linked from selected matrix row
CK-110-0235,CK-110-M052,The application dynamically constructs file or path information.,codacy,internal/storage/store_v2chunker_test.go,189,triaged,S3,storage,exclude,Phase 3,v1.10.4 candidate issue linked from selected matrix row
CK-110-0236,CK-110-M048,SQL Injection is a critical vulnerability that can lead to data or system compromise.,codacy,internal/db/migrations_test.go,1679,triaged,S3,migration,exclude,Phase 4,v1.10.4 candidate issue linked from selected matrix row
CK-110-0237,CK-110-M070,Method  has a cyclomatic complexity of 13 (limit is 8),codacy,tests/adversarial/g9_batch_semantics_adversarial_test.go,509,triaged,S3,codacy,exclude,Phase 2,v1.10.4 candidate issue linked from selected matrix row
CK-110-0238,CK-110-M044,Method RenderInspect has a cyclomatic complexity of 16 (limit is 8),codacy,internal/cli/render/inspect.go,14,triaged,S2,codacy,exclude,Phase 4,v1.10.4 candidate issue linked from selected matrix row
CK-110-0239,CK-110-M072,Multiple headings with the same content,codacy,docs/benchmarking.md,1408,triaged,S4,docs,exclude,Phase 3,v1.10.4 candidate issue linked from selected matrix row
CK-110-0240,CK-110-M051,Method TestPrepareChunksWithContextDeterminismSameFile has a cyclomatic complexity of 10 (limit is 8),codacy,internal/storage/store_prepare_chunks_test.go,73,triaged,S3,storage,exclude,Phase 3,v1.10.4 candidate issue linked from selected matrix row
CK-110-0241,CK-110-M006,Detected file permissions that are set to more than `0600` (user/owner can read and write). Setting file permi,codacy,internal/container/container.go,86,triaged,S1,storage,exclude,Phase 4,v1.10.4 candidate issue linked from selected matrix row
CK-110-0242,CK-110-M052,The application was found setting file permissions to overly permissive values.,codacy,tests/adversarial/v110_s0_chunk_reuse_bounds_stabilization_test.go,81,triaged,S3,storage,exclude,Phase 3,v1.10.4 candidate issue linked from selected matrix row
CK-110-0243,CK-110-M051,Method TestStoreAllowsCrossVersionChunkReuseWithoutOverwritingOriginMetadata has a cyclomatic complexity of 16,codacy,internal/storage/store_v2chunker_test.go,523,triaged,S3,storage,exclude,Phase 3,v1.10.4 candidate issue linked from selected matrix row
CK-110-0244,CK-110-M070,Method TestCrossConsistency_SimulateGCMatchesGCPlanExactly has 66 lines of code (limit is 50),codacy,internal/observability/cross_consistency_test.go,156,triaged,S3,codacy,exclude,Phase 2,v1.10.4 candidate issue linked from selected matrix row
CK-110-0245,CK-110-M026,Method validateReusableLogicalFileSemanticsWithContext has a cyclomatic complexity of 22 (limit is 8),codacy,internal/storage/store.go,1440,triaged,S2,storage,exclude,Phase 3,v1.10.4 candidate issue linked from selected matrix row
CK-110-0246,CK-110-M072,Lists should be surrounded by blank lines,codacy,docs/BENCHMARK_METRICS.md,303,triaged,S4,docs,exclude,Phase 3,v1.10.4 candidate issue linked from selected matrix row
CK-110-0247,CK-110-M059,SQL Injection is a critical vulnerability that can lead to data or system compromise.,codacy,internal/graph/reachability_test.go,362,triaged,S3,security,exclude,Phase 2,v1.10.4 candidate issue linked from selected matrix row
CK-110-0248,CK-110-M066,Method  has a cyclomatic complexity of 13 (limit is 8),codacy,tests/adversarial/g5_atomic_restore_adversarial_test.go,232,triaged,S3,restore,exclude,Phase 4,v1.10.4 candidate issue linked from selected matrix row
CK-110-0249,CK-110-M070,Method TestTraceDoesNotMutateState has 73 lines of code (limit is 50),codacy,internal/observability/stats_test.go,731,triaged,S3,codacy,exclude,Phase 2,v1.10.4 candidate issue linked from selected matrix row
CK-110-0250,CK-110-M009,Insecure dependency golang/stdlib@v1.23.0 (CVE-2026-39823: CVE-2026-27142 fixed a vulnerability in which URLs ,codacy,go.mod,3,triaged,S1,dependencies,exclude,Phase 4,v1.10.4 candidate issue linked from selected matrix row
CK-110-0251,CK-110-M057,The application was found setting file permissions to overly permissive values.,codacy,tests/utils/common.go,775,triaged,S3,filesystem,exclude,Phase 4,v1.10.4 candidate issue linked from selected matrix row
CK-110-0252,CK-110-M066,Method TestRestoreChunkPinningKeepsChunkLiveDuringRemove has a cyclomatic complexity of 17 (limit is 8),codacy,internal/storage/restore_test.go,37,triaged,S3,restore,exclude,Phase 4,v1.10.4 candidate issue linked from selected matrix row
CK-110-0253,CK-110-M070,Method TestMapStatsResultMapsMaintenanceResultToStableModel has a cyclomatic complexity of 26 (limit is 8),codacy,internal/observability/stats_test.go,27,triaged,S3,codacy,exclude,Phase 2,v1.10.4 candidate issue linked from selected matrix row
CK-110-0254,CK-110-M047,Method TestRunMigrationsBackfillsChunkerVersionForLegacyLogicalFileAndChunkRows has 178 lines of code (limit i,codacy,internal/db/migrations_test.go,1077,triaged,S3,migration,exclude,Phase 4,v1.10.4 candidate issue linked from selected matrix row
CK-110-0255,CK-110-M067,Detected file permissions that are set to more than `0600` (user/owner can read and write). Setting file permi,codacy,internal/storage/restore_test.go,1910,triaged,S3,restore,exclude,Phase 4,v1.10.4 candidate issue linked from selected matrix row
CK-110-0256,CK-110-M027,Method verifyChunkPhysicalLocationRules has 51 lines of code (limit is 50),codacy,internal/verify/verify_repository.go,291,triaged,S2,verify,exclude,Phase 2,v1.10.4 candidate issue linked from selected matrix row
CK-110-0257,CK-110-M049,Method TestLoadDeleteLineagePreviewComputesLineageAndSharing has a cyclomatic complexity of 17 (limit is 8),codacy,internal/snapshot/delete_lineage_preview_test.go,9,triaged,S3,snapshot,exclude,Phase 2,v1.10.4 candidate issue linked from selected matrix row
CK-110-0258,CK-110-M070,Method TestPhase9CLICompatibilityIntegration has a cyclomatic complexity of 31 (limit is 8),codacy,tests/integration/v18_migration_compatibility_integration_test.go,1684,triaged,S3,codacy,exclude,Phase 2,v1.10.4 candidate issue linked from selected matrix row
CK-110-0259,CK-110-M062,Method seedStatsBenchmarkDataset has a cyclomatic complexity of 14 (limit is 8),codacy,internal/maintenance/stats_bench_test.go,29,triaged,S3,gc,defer,Phase 3,v1.10.4 candidate issue linked from selected matrix row
CK-110-0260,CK-110-M051,File internal/storage/remove_test.go has 683 non-comment lines of code,codacy,internal/storage/remove_test.go,1,triaged,S3,storage,exclude,Phase 3,v1.10.4 candidate issue linked from selected matrix row
CK-110-0261,CK-110-M063,The application was found setting file permissions to overly permissive values.,codacy,internal/maintenance/gc_test.go,103,triaged,S3,gc,defer,Phase 3,v1.10.4 candidate issue linked from selected matrix row
CK-110-0262,CK-110-M062,Method TestRunStatsResultIncludesChunkCountsByVersion has a cyclomatic complexity of 18 (limit is 8),codacy,internal/maintenance/stats_test.go,94,triaged,S3,gc,defer,Phase 3,v1.10.4 candidate issue linked from selected matrix row
CK-110-0263,CK-110-M054,Method assertChunkRefsStageVerifyFailure has a cyclomatic complexity of 12 (limit is 8),codacy,internal/verify/verify_corruption_fixtures_test.go,318,triaged,S3,verify,exclude,Phase 4,v1.10.4 candidate issue linked from selected matrix row
CK-110-0264,CK-110-M072,"Expected: 5; Actual: 7; Too many cells, extra data will be missing",codacy,docs/STORAGE_SEMANTICS_v1.9_ENGINE_QUICK_REFERENCE.md,47,triaged,S4,docs,exclude,Phase 3,v1.10.4 candidate issue linked from selected matrix row
CK-110-0265,CK-110-M027,Method checkChunkOffsets has a cyclomatic complexity of 12 (limit is 8),codacy,internal/verify/verify_chunk.go,286,triaged,S2,verify,exclude,Phase 2,v1.10.4 candidate issue linked from selected matrix row
CK-110-0266,CK-110-M056,File tests/adversarial/g9_batch_semantics_adversarial_test.go has 550 non-comment lines of code,codacy,tests/adversarial/g9_batch_semantics_adversarial_test.go,1,triaged,S3,filesystem,exclude,Phase 2,v1.10.4 candidate issue linked from selected matrix row
CK-110-0267,CK-110-M027,Method physicalGraphInvariantCode has a cyclomatic complexity of 10 (limit is 8),codacy,internal/verify/verify_physical.go,27,triaged,S2,verify,exclude,Phase 2,v1.10.4 candidate issue linked from selected matrix row
CK-110-0268,CK-110-M009,Insecure dependency golang/stdlib@v1.23.0 (CVE-2025-61727: golang: crypto/x509: excluded subdomain constraint ,codacy,go.mod,3,triaged,S1,dependencies,exclude,Phase 4,v1.10.4 candidate issue linked from selected matrix row
CK-110-0269,CK-110-M066,Method TestRestoreFailsWhenAESGCMTransformerKeyIsMissing has a cyclomatic complexity of 11 (limit is 8),codacy,internal/storage/restore_test.go,1450,triaged,S3,restore,exclude,Phase 4,v1.10.4 candidate issue linked from selected matrix row
CK-110-0270,CK-110-M009,Insecure dependency golang/stdlib@v1.23.0 (CVE-2026-27142: html/template: URLs in meta content attribute actio,codacy,go.mod,3,triaged,S1,dependencies,exclude,Phase 4,v1.10.4 candidate issue linked from selected matrix row
CK-110-0271,CK-110-M075,The 'id' field $X was used multiple times.,codacy,.golangci.yml,24,triaged,S4,gc,exclude,Phase 3,v1.10.4 candidate issue linked from selected matrix row
CK-110-0272,CK-110-M060,Method TestStorageBlockReaderLogicalHashMismatchRemainsCanonical has a cyclomatic complexity of 9 (limit is 8),codacy,internal/storage/storage_block_reader_test.go,649,deferred,S3,packed-storage,exclude,Phase 2,v1.10.4 candidate issue linked from selected matrix row
CK-110-0273,CK-110-M051,Method TestLockContainerRowNowaitWithRetryUsesSavepointRollbackBetweenLockRetries has a cyclomatic complexity ,codacy,internal/container/local_writer_test.go,119,triaged,S3,storage,exclude,Phase 3,v1.10.4 candidate issue linked from selected matrix row
CK-110-0274,CK-110-M048,"Detected string concatenation with a non-literal variable in a ""database/sql"" Go SQL statement.",codacy,internal/db/migrations_test.go,1313,triaged,S3,migration,exclude,Phase 4,v1.10.4 candidate issue linked from selected matrix row
CK-110-0275,CK-110-M068,Method TestCorpusRegistryRecoveryFromCorruption has a cyclomatic complexity of 9 (limit is 8),codacy,internal/benchmark/corpus_registry_test.go,29,triaged,S3,benchmark,exclude,Phase 3,v1.10.4 candidate issue linked from selected matrix row
CK-110-0276,CK-110-M027,Method checkChunkOffsetValidity has 72 lines of code (limit is 50),codacy,internal/verify/verify_chunk.go,409,triaged,S2,verify,exclude,Phase 2,v1.10.4 candidate issue linked from selected matrix row
CK-110-0277,CK-110-M024,Method runSQLiteStorageTransformMetadataMigration has 90 lines of code (limit is 50),codacy,internal/db/migrations.go,649,triaged,S2,migration,exclude,Phase 4,v1.10.4 candidate issue linked from selected matrix row
CK-110-0278,CK-110-M051,Method TestStoreFileNormalizesSymlinkAndRealPathToSingleIdentity has a cyclomatic complexity of 14 (limit is 8,codacy,internal/storage/physical_file_repository_test.go,414,triaged,S3,storage,exclude,Phase 3,v1.10.4 candidate issue linked from selected matrix row
CK-110-0279,CK-110-M075,The 'id' field $X was used multiple times.,codacy,.golangci.yml,25,triaged,S4,gc,exclude,Phase 3,v1.10.4 candidate issue linked from selected matrix row
CK-110-0280,CK-110-M063,SQL Injection is a critical vulnerability that can lead to data or system compromise.,codacy,internal/gc/plan_test.go,43,triaged,S3,gc,defer,Phase 3,v1.10.4 candidate issue linked from selected matrix row
CK-110-0281,CK-110-M062,Method TestStep11MixedLegacyAndPackedRepoRestoreRemainingAndVerify has 102 lines of code (limit is 50),codacy,internal/maintenance/gc_step11_test.go,409,triaged,S3,gc,defer,Phase 3,v1.10.4 candidate issue linked from selected matrix row
CK-110-0282,CK-110-M004,SQL Injection is a critical vulnerability that can lead to data or system compromise.,codacy,internal/container/container.go,440,triaged,S1,storage,exclude,Phase 4,v1.10.4 candidate issue linked from selected matrix row
CK-110-0283,CK-110-M059,SQL Injection is a critical vulnerability that can lead to data or system compromise.,codacy,internal/observability/service_test.go,106,triaged,S3,security,exclude,Phase 2,v1.10.4 candidate issue linked from selected matrix row
CK-110-0284,CK-110-M056,Method TestStep612LegacyUpgradePathNoRewriteIntegration has 175 lines of code (limit is 50),codacy,tests/integration/v19_legacy_upgrade_path_integration_test.go,54,triaged,S3,filesystem,exclude,Phase 2,v1.10.4 candidate issue linked from selected matrix row
CK-110-0285,CK-110-M009,"Insecure dependency golang/stdlib@v1.23.0 (CVE-2026-39820: Well-crafted inputs reaching ParseAddress, ParseAdd",codacy,go.mod,3,triaged,S1,dependencies,exclude,Phase 4,v1.10.4 candidate issue linked from selected matrix row
CK-110-0286,CK-110-M070,Method TestStatsIncludesContainerRecordsOnlyWhenRequested has 55 lines of code (limit is 50),codacy,internal/observability/stats_test.go,552,triaged,S3,codacy,exclude,Phase 2,v1.10.4 candidate issue linked from selected matrix row
CK-110-0287,CK-110-M070,Method TestSimulateGCIncludesWarnings has a cyclomatic complexity of 9 (limit is 8),codacy,internal/observability/service_test.go,653,triaged,S3,codacy,exclude,Phase 2,v1.10.4 candidate issue linked from selected matrix row
CK-110-0288,CK-110-M025,Method RenderSnapshotDiffDetailedHuman has 9 parameters (limit is 8),codacy,internal/cli/render/snapshot_diff.go,35,triaged,S2,snapshot,exclude,Phase 2,v1.10.4 candidate issue linked from selected matrix row
CK-110-0289,CK-110-M066,Method TestRestoreFailsOnChunkHashMismatch has 65 lines of code (limit is 50),codacy,internal/storage/restore_test.go,1140,triaged,S3,restore,exclude,Phase 4,v1.10.4 candidate issue linked from selected matrix row
CK-110-0290,CK-110-M052,The application was found setting file permissions to overly permissive values.,codacy,tests/adversarial/v110_s0_chunk_reuse_bounds_stabilization_test.go,66,triaged,S3,storage,exclude,Phase 3,v1.10.4 candidate issue linked from selected matrix row
CK-110-0291,CK-110-M024,Method runSQLiteStorageBlocksCompressionMetadataMigration has a cyclomatic complexity of 9 (limit is 8),codacy,internal/db/migrations.go,794,triaged,S2,migration,exclude,Phase 4,v1.10.4 candidate issue linked from selected matrix row
CK-110-0292,CK-110-M059,SQL Injection is a critical vulnerability that can lead to data or system compromise.,codacy,internal/observability/inspect_test.go,1017,triaged,S3,security,exclude,Phase 2,v1.10.4 candidate issue linked from selected matrix row
CK-110-0293,CK-110-M057,Detected file permissions that are set to more than `0600` (user/owner can read and write). Setting file permi,codacy,tests/utils/common.go,432,triaged,S3,filesystem,exclude,Phase 4,v1.10.4 candidate issue linked from selected matrix row
CK-110-0294,CK-110-M026,Method replacePhysicalFileLogicalTargetTx has a cyclomatic complexity of 10 (limit is 8),codacy,internal/storage/physical_file_repository.go,262,triaged,S2,storage,exclude,Phase 3,v1.10.4 candidate issue linked from selected matrix row
CK-110-0295,CK-110-M057,Detected file permissions that are set to more than `0600` (user/owner can read and write). Setting file permi,codacy,tests/integration/read_path_regression_test.go,516,triaged,S3,filesystem,exclude,Phase 4,v1.10.4 candidate issue linked from selected matrix row
CK-110-0296,CK-110-M057,Detected file permissions that are set to more than `0600` (user/owner can read and write). Setting file permi,codacy,tests/adversarial/g6_concurrent_operations_adversarial_test.go,172,triaged,S3,filesystem,exclude,Phase 4,v1.10.4 candidate issue linked from selected matrix row
CK-110-0297,CK-110-M026,Method ensurePhysicalFileForPathDefaultPolicyWithTx has a cyclomatic complexity of 10 (limit is 8),codacy,internal/storage/physical_file_repository.go,174,triaged,S2,storage,exclude,Phase 3,v1.10.4 candidate issue linked from selected matrix row
CK-110-0298,CK-110-M070,Method  has a cyclomatic complexity of 9 (limit is 8),codacy,tests/adversarial/g7_deep_corruption_adversarial_test.go,316,triaged,S3,codacy,exclude,Phase 2,v1.10.4 candidate issue linked from selected matrix row
CK-110-0299,CK-110-M027,Method verifyDecodedBlockSegmentsAgainstRefs has 98 lines of code (limit is 50),codacy,internal/verify/verify_repository.go,666,triaged,S2,verify,exclude,Phase 2,v1.10.4 candidate issue linked from selected matrix row
CK-110-0300,CK-110-M070,Method TestAdversarialG13BatchRepairReportIsDeterministicUnderPartialFailure has a cyclomatic complexity of 16,codacy,tests/adversarial/g10_g13_physical_graph_adversarial_test.go,182,triaged,S3,codacy,exclude,Phase 2,v1.10.4 candidate issue linked from selected matrix row
CK-110-0301,CK-110-M027,Method validateDecodedChunkLayout has a cyclomatic complexity of 11 (limit is 8),codacy,internal/verify/verify_block_pipeline.go,215,triaged,S2,verify,exclude,Phase 2,v1.10.4 candidate issue linked from selected matrix row
CK-110-0302,CK-110-M060,Method setupStoredBlockFixtureForReaderCorruption has 53 lines of code (limit is 50),codacy,internal/storage/storage_block_reader_test.go,333,deferred,S3,packed-storage,exclude,Phase 2,v1.10.4 candidate issue linked from selected matrix row
CK-110-0303,CK-110-M054,Method TestVerifyBlockPayloadsStrictModeRequiresExactEncodedChunkTable has a cyclomatic complexity of 14 (limi,codacy,internal/verify/verify_system_test.go,1551,triaged,S3,verify,exclude,Phase 4,v1.10.4 candidate issue linked from selected matrix row
CK-110-0304,CK-110-M001,All queries must target RAC_* tables.Query does not reference RAC_* table.,codacy,db/schema_postgres.sql,502,triaged,S1,migration,exclude,Phase 4,v1.10.4 candidate issue linked from selected matrix row
CK-110-0305,CK-110-M001,All queries must target RAC_* tables.Query does not reference RAC_* table.,codacy,db/schema_postgres.sql,233,triaged,S1,migration,exclude,Phase 4,v1.10.4 candidate issue linked from selected matrix row
CK-110-0306,CK-110-M027,File internal/verify/verify_repository.go has 813 non-comment lines of code,codacy,internal/verify/verify_repository.go,1,triaged,S2,verify,exclude,Phase 2,v1.10.4 candidate issue linked from selected matrix row
CK-110-0307,CK-110-M070,Method TestInspectDoesNotMutateState has 70 lines of code (limit is 50),codacy,internal/observability/inspect_test.go,972,triaged,S3,codacy,exclude,Phase 2,v1.10.4 candidate issue linked from selected matrix row
CK-110-0308,CK-110-M001,String-formatted SQL query detected.,codacy,internal/db/migrations.go,84,triaged,S1,migration,exclude,Phase 4,v1.10.4 candidate issue linked from selected matrix row
CK-110-0309,CK-110-M009,Insecure dependency golang/stdlib@v1.23.0 (CVE-2025-22871: net/http: Request smuggling due to acceptance of in,codacy,go.mod,3,triaged,S1,dependencies,exclude,Phase 4,v1.10.4 candidate issue linked from selected matrix row
CK-110-0310,CK-110-M001,All queries must target RAC_* tables.Query does not reference RAC_* table.,codacy,db/schema_postgres.sql,343,triaged,S1,migration,exclude,Phase 4,v1.10.4 candidate issue linked from selected matrix row
CK-110-0311,CK-110-M009,Insecure dependency golang/stdlib@v1.23.0 (CVE-2024-45341: golang: crypto/x509: crypto/x509: usage of IPv6 zon,codacy,go.mod,3,triaged,S1,dependencies,exclude,Phase 4,v1.10.4 candidate issue linked from selected matrix row
CK-110-0312,CK-110-M049,Method TestAdversarialG14SnapshotSurvivesCrashAndRecovery has 51 lines of code (limit is 50),codacy,tests/adversarial/g14_g17_snapshot_retention_adversarial_test.go,507,triaged,S3,snapshot,exclude,Phase 2,v1.10.4 candidate issue linked from selected matrix row
CK-110-0313,CK-110-M027,Method checkContainersFileExistence has a cyclomatic complexity of 9 (limit is 8),codacy,internal/verify/verify_container.go,45,triaged,S2,verify,exclude,Phase 2,v1.10.4 candidate issue linked from selected matrix row
CK-110-0314,CK-110-M063,The application was found setting file permissions to overly permissive values.,codacy,internal/maintenance/gc_test.go,966,triaged,S3,gc,defer,Phase 3,v1.10.4 candidate issue linked from selected matrix row
CK-110-0315,CK-110-M057,Detected file permissions that are set to more than `0600` (user/owner can read and write). Setting file permi,codacy,tests/integration/v18_migration_compatibility_integration_test.go,360,triaged,S3,filesystem,exclude,Phase 4,v1.10.4 candidate issue linked from selected matrix row
CK-110-0316,CK-110-M044,Method RenderSimulateStoreHuman has a cyclomatic complexity of 11 (limit is 8),codacy,internal/cli/render/simulate_store.go,14,triaged,S2,codacy,exclude,Phase 4,v1.10.4 candidate issue linked from selected matrix row
CK-110-0317,CK-110-M067,The application was found setting directory permissions to overly permissive values.,codacy,tests/adversarial/g1_deterministic_restore_adversarial_test.go,156,triaged,S3,restore,exclude,Phase 4,v1.10.4 candidate issue linked from selected matrix row
CK-110-0318,CK-110-M036,Method computeSnapshotRetentionStats has a cyclomatic complexity of 13 (limit is 8),codacy,internal/maintenance/stats.go,563,triaged,S2,gc,include,Phase 3,v1.10.4 candidate issue linked from selected matrix row
CK-110-0319,CK-110-M072,Expected: 2; Actual: 3,codacy,docs/benchmarking.md,1489,triaged,S4,docs,exclude,Phase 3,v1.10.4 candidate issue linked from selected matrix row
CK-110-0320,CK-110-M070,Method  has a cyclomatic complexity of 16 (limit is 8),codacy,tests/adversarial/g9_batch_semantics_adversarial_test.go,112,triaged,S3,codacy,exclude,Phase 2,v1.10.4 candidate issue linked from selected matrix row
CK-110-0321,CK-110-M026,Method QuarantineContainerInDir has a cyclomatic complexity of 12 (limit is 8),codacy,internal/container/container.go,579,triaged,S2,storage,exclude,Phase 3,v1.10.4 candidate issue linked from selected matrix row
CK-110-0322,CK-110-M044,Method toInt64 has a cyclomatic complexity of 14 (limit is 8),codacy,internal/cli/render/inspect.go,259,triaged,S2,codacy,exclude,Phase 4,v1.10.4 candidate issue linked from selected matrix row
CK-110-0323,CK-110-M057,The application was found setting directory permissions to overly permissive values.,codacy,tests/adversarial/g7_deep_corruption_adversarial_test.go,116,triaged,S3,filesystem,exclude,Phase 4,v1.10.4 candidate issue linked from selected matrix row
CK-110-0324,CK-110-M066,Method TestRestorePinningFailsOnMalformedChunkChunkerVersion has 75 lines of code (limit is 50),codacy,internal/storage/restore_test.go,427,triaged,S3,restore,exclude,Phase 4,v1.10.4 candidate issue linked from selected matrix row
CK-110-0325,CK-110-M072,Expected: 1; Actual: 0; Below,codacy,docs/BENCHMARK_CORPORA.md,47,triaged,S4,docs,exclude,Phase 3,v1.10.4 candidate issue linked from selected matrix row
CK-110-0326,CK-110-M023,Detected non-static command inside Command.,codacy,tests/adversarial/g6_concurrent_operations_adversarial_test.go,93,triaged,S1,codacy,exclude,Phase 4,v1.10.4 candidate issue linked from selected matrix row
CK-110-0327,CK-110-M059,SQL Injection is a critical vulnerability that can lead to data or system compromise.,codacy,tests/integration/v18_migration_compatibility_integration_test.go,116,triaged,S3,security,exclude,Phase 2,v1.10.4 candidate issue linked from selected matrix row
CK-110-0328,CK-110-M062,Method TestCollectBlockStatsCompressionAggregatesMixedRepository has a cyclomatic complexity of 23 (limit is 8,codacy,internal/maintenance/stats_test.go,542,triaged,S3,gc,defer,Phase 3,v1.10.4 candidate issue linked from selected matrix row
CK-110-0329,CK-110-M070,Method TestRenderSimulationJSONUsesStableEnvelope has a cyclomatic complexity of 11 (limit is 8),codacy,internal/cli/render/simulate_test.go,102,triaged,S3,codacy,exclude,Phase 2,v1.10.4 candidate issue linked from selected matrix row
CK-110-0330,CK-110-M022,An action sourced from a third-party repository on GitHub is not pinned to a full length commit SHA. Pinning a,codacy,.github/workflows/ci.yml,61,triaged,S1,ci,exclude,Phase 4,v1.10.4 candidate issue linked from selected matrix row
CK-110-0331,CK-110-M070,Method TestSnapshotReachabilityViaSQLMatchesLegacyLoop has 76 lines of code (limit is 50),codacy,internal/observability/stats_test.go,893,triaged,S3,codacy,exclude,Phase 2,v1.10.4 candidate issue linked from selected matrix row
CK-110-0332,CK-110-M025,Method FormatSnapshotDeleteDryRunOutput has a cyclomatic complexity of 9 (limit is 8),codacy,internal/cli/render/snapshot_delete.go,26,triaged,S2,snapshot,exclude,Phase 2,v1.10.4 candidate issue linked from selected matrix row
CK-110-0333,CK-110-M070,Method TestObservabilityDoesNotMutateState has a cyclomatic complexity of 14 (limit is 8),codacy,internal/observability/stats_test.go,388,triaged,S3,codacy,exclude,Phase 2,v1.10.4 candidate issue linked from selected matrix row
CK-110-0334,CK-110-M016,The application was found setting directory permissions to overly permissive values.,codacy,internal/storage/restore.go,938,triaged,S1,restore,exclude,Phase 4,v1.10.4 candidate issue linked from selected matrix row
CK-110-0335,CK-110-M063,SQL Injection is a critical vulnerability that can lead to data or system compromise.,codacy,internal/gc/plan_test.go,56,triaged,S3,gc,defer,Phase 3,v1.10.4 candidate issue linked from selected matrix row
CK-110-0336,CK-110-M009,Insecure dependency golang/stdlib@v1.23.0 (CVE-2025-22873: os: os: Information disclosure via path traversal u,codacy,go.mod,3,triaged,S1,dependencies,exclude,Phase 4,v1.10.4 candidate issue linked from selected matrix row
CK-110-0337,CK-110-M027,Method verifyLegacyChunkHashes has a cyclomatic complexity of 15 (limit is 8),codacy,internal/verify/verify_repository.go,795,triaged,S2,verify,exclude,Phase 2,v1.10.4 candidate issue linked from selected matrix row
CK-110-0338,CK-110-M020,The application was found setting directory permissions to overly permissive values.,codacy,internal/benchmark/corpus.go,287,triaged,S1,benchmark,exclude,Phase 3,v1.10.4 candidate issue linked from selected matrix row
CK-110-0339,CK-110-M062,Method TestSweepUnreachableChunksDeletesWholePackedBlockWhenAllChunksDead has a cyclomatic complexity of 14 (l,codacy,internal/maintenance/gc_packed_test.go,372,triaged,S3,gc,defer,Phase 3,v1.10.4 candidate issue linked from selected matrix row
CK-110-0340,CK-110-M036,Method CollectBlockStats has a cyclomatic complexity of 23 (limit is 8),codacy,internal/maintenance/stats.go,400,triaged,S2,gc,include,Phase 3,v1.10.4 candidate issue linked from selected matrix row
CK-110-0341,CK-110-M056,File internal/observability/service_test.go has 715 non-comment lines of code,codacy,internal/observability/service_test.go,1,triaged,S3,filesystem,exclude,Phase 2,v1.10.4 candidate issue linked from selected matrix row
CK-110-0342,CK-110-M050,The application was found setting directory permissions to overly permissive values.,codacy,tests/adversarial/g14_g17_snapshot_retention_adversarial_test.go,412,triaged,S3,snapshot,exclude,Phase 2,v1.10.4 candidate issue linked from selected matrix row
CK-110-0343,CK-110-M070,Method  has a cyclomatic complexity of 14 (limit is 8),codacy,tests/adversarial/g9_batch_semantics_adversarial_test.go,405,triaged,S3,codacy,exclude,Phase 2,v1.10.4 candidate issue linked from selected matrix row
CK-110-0344,CK-110-M020,Detected file permissions that are set to more than `0600` (user/owner can read and write). Setting file permi,codacy,internal/benchmark/runner.go,181,triaged,S1,benchmark,exclude,Phase 3,v1.10.4 candidate issue linked from selected matrix row
CK-110-0345,CK-110-M009,Insecure dependency golang/stdlib@v1.23.0 (CVE-2026-32288: archive/tar: golang: Go's archive/tar package: Deni,codacy,go.mod,3,triaged,S1,dependencies,exclude,Phase 4,v1.10.4 candidate issue linked from selected matrix row
CK-110-0346,CK-110-M057,Detected file permissions that are set to more than `0600` (user/owner can read and write). Setting file permi,codacy,tests/adversarial/g8_system_invariants_lifecycle_adversarial_test.go,235,triaged,S3,filesystem,exclude,Phase 4,v1.10.4 candidate issue linked from selected matrix row
CK-110-0347,CK-110-M051,Method TestRemoveByStoredPathDetectsRefCountInvariantMismatchAndRollsBack has a cyclomatic complexity of 11 (l,codacy,internal/storage/remove_test.go,511,triaged,S3,storage,exclude,Phase 3,v1.10.4 candidate issue linked from selected matrix row
CK-110-0348,CK-110-M062,File internal/gc/plan_test.go has 760 non-comment lines of code,codacy,internal/gc/plan_test.go,1,triaged,S3,gc,defer,Phase 3,v1.10.4 candidate issue linked from selected matrix row
CK-110-0349,CK-110-M038,Method resolveRestoreOutputPath has a cyclomatic complexity of 11 (limit is 8),codacy,internal/storage/restore.go,846,triaged,S1,restore,exclude,Phase 4,v1.10.4 candidate issue linked from selected matrix row
CK-110-0350,CK-110-M062,Method TestStep11DryRunPackedReclaimableMatchesActualGC has 69 lines of code (limit is 50),codacy,internal/maintenance/gc_step11_parity_test.go,17,triaged,S3,gc,defer,Phase 3,v1.10.4 candidate issue linked from selected matrix row
CK-110-0351,CK-110-M025,Method LoadSnapshotPathsByID has 53 lines of code (limit is 50),codacy,internal/snapshot/path_resolver.go,79,triaged,S2,snapshot,exclude,Phase 2,v1.10.4 candidate issue linked from selected matrix row
CK-110-0352,CK-110-M057,The application was found setting directory permissions to overly permissive values.,codacy,tests/adversarial/g8_system_invariants_lifecycle_adversarial_test.go,238,triaged,S3,filesystem,exclude,Phase 4,v1.10.4 candidate issue linked from selected matrix row
CK-110-0353,CK-110-M024,Method runSQLiteSnapshotMigration has a cyclomatic complexity of 32 (limit is 8),codacy,internal/db/migrations.go,274,triaged,S2,migration,exclude,Phase 4,v1.10.4 candidate issue linked from selected matrix row
CK-110-0354,CK-110-M057,The application was found setting directory permissions to overly permissive values.,codacy,tests/utils/common.go,1035,triaged,S3,filesystem,exclude,Phase 4,v1.10.4 candidate issue linked from selected matrix row
CK-110-0355,CK-110-M036,Method computeSnapshotRetentionStats has 51 lines of code (limit is 50),codacy,internal/maintenance/stats.go,563,triaged,S2,gc,include,Phase 3,v1.10.4 candidate issue linked from selected matrix row
CK-110-0356,CK-110-M056,File internal/observability/stats_test.go has 946 non-comment lines of code,codacy,internal/observability/stats_test.go,1,triaged,S3,filesystem,exclude,Phase 2,v1.10.4 candidate issue linked from selected matrix row
CK-110-0357,CK-110-M048,SQL Injection is a critical vulnerability that can lead to data or system compromise.,codacy,internal/db/migrations_test.go,1547,triaged,S3,migration,exclude,Phase 4,v1.10.4 candidate issue linked from selected matrix row
CK-110-0358,CK-110-M070,Method TestPrepareTargetsPreservesInputOrder has a cyclomatic complexity of 12 (limit is 8),codacy,internal/batch/resolver_test.go,56,triaged,S3,codacy,exclude,Phase 2,v1.10.4 candidate issue linked from selected matrix row
CK-110-0359,CK-110-M072,Multiple headings with the same content,codacy,docs/benchmarking.md,504,triaged,S4,docs,exclude,Phase 3,v1.10.4 candidate issue linked from selected matrix row
CK-110-0360,CK-110-M066,Method TestRestoreFailsWhenContainerFileMissing has 59 lines of code (limit is 50),codacy,internal/storage/restore_test.go,1073,triaged,S3,restore,exclude,Phase 4,v1.10.4 candidate issue linked from selected matrix row
CK-110-0361,CK-110-M072,Lists should be surrounded by blank lines,codacy,docs/benchmarking.md,1366,triaged,S4,docs,exclude,Phase 3,v1.10.4 candidate issue linked from selected matrix row
CK-110-0362,CK-110-M067,Detected file permissions that are set to more than `0600` (user/owner can read and write). Setting file permi,codacy,tests/adversarial/g1_step11_restore_determinism_test.go,49,triaged,S3,restore,exclude,Phase 4,v1.10.4 candidate issue linked from selected matrix row
CK-110-0363,CK-110-M051,Method TestQuarantineContainerInDirUpdatesSizesToPhysicalFile has 64 lines of code (limit is 50),codacy,internal/container/container_test.go,277,triaged,S3,storage,exclude,Phase 3,v1.10.4 candidate issue linked from selected matrix row
CK-110-0364,CK-110-M069,The application dynamically constructs file or path information.,codacy,internal/benchmark/corpus_test.go,138,triaged,S3,benchmark,exclude,Phase 4,v1.10.4 candidate issue linked from selected matrix row
CK-110-0365,CK-110-M009,Insecure dependency golang/stdlib@v1.23.0 (CVE-2024-34155: go/parser: golang: Calling any of the Parse functio,codacy,go.mod,3,triaged,S1,dependencies,exclude,Phase 4,v1.10.4 candidate issue linked from selected matrix row
CK-110-0366,CK-110-M006,Detected file permissions that are set to more than `0600` (user/owner can read and write). Setting file permi,codacy,internal/container/container.go,471,triaged,S1,storage,exclude,Phase 4,v1.10.4 candidate issue linked from selected matrix row
CK-110-0367,CK-110-M054,Method assertPhysicalStageVerifyFailure has a cyclomatic complexity of 11 (limit is 8),codacy,internal/verify/verify_corruption_fixtures_test.go,114,triaged,S3,verify,exclude,Phase 4,v1.10.4 candidate issue linked from selected matrix row
CK-110-0368,CK-110-M027,Method CheckChunkerVersionMetadataIntegrity has a cyclomatic complexity of 12 (limit is 8),codacy,internal/verify/verify_metadata.go,32,triaged,S2,verify,exclude,Phase 2,v1.10.4 candidate issue linked from selected matrix row
CK-110-0369,CK-110-M024,Method RunMigrations has 67 lines of code (limit is 50),codacy,internal/db/migrations.go,948,triaged,S2,migration,exclude,Phase 4,v1.10.4 candidate issue linked from selected matrix row
CK-110-0370,CK-110-M006,Detected file permissions that are set to more than `0600` (user/owner can read and write). Setting file permi,codacy,internal/container/local_writer.go,97,triaged,S1,storage,exclude,Phase 4,v1.10.4 candidate issue linked from selected matrix row
CK-110-0371,CK-110-M051,Method TestFeatureGatedCompressionDedupIgnoresCompressedAndPhysicalHashesStep74 has 75 lines of code (limit is,codacy,internal/storage/store_compression_feature_gate_test.go,644,triaged,S3,storage,exclude,Phase 3,v1.10.4 candidate issue linked from selected matrix row
CK-110-0372,CK-110-M072,Lists should be surrounded by blank lines,codacy,docs/BENCHMARK_CORPORA.md,38,triaged,S4,docs,exclude,Phase 3,v1.10.4 candidate issue linked from selected matrix row
CK-110-0373,CK-110-M049,Method randomSnapshotQueryArgs has a cyclomatic complexity of 11 (limit is 8),codacy,tests/adversarial/g14_g17_snapshot_retention_adversarial_test.go,307,triaged,S3,snapshot,exclude,Phase 2,v1.10.4 candidate issue linked from selected matrix row
CK-110-0374,CK-110-M072,Lists should be surrounded by blank lines,codacy,docs/benchmarking.md,1434,triaged,S4,docs,exclude,Phase 3,v1.10.4 candidate issue linked from selected matrix row
CK-110-0375,CK-110-M045,'math' imported but unused (F401),codacy,scripts/compare_phase8_dedup_results.py,4,triaged,S1,tooling,exclude,Phase 4,v1.10.4 candidate issue linked from selected matrix row
CK-110-0376,CK-110-M063,"Detected string concatenation with a non-literal variable in a ""database/sql"" Go SQL statement.",codacy,internal/gc/plan_test.go,43,triaged,S3,gc,defer,Phase 3,v1.10.4 candidate issue linked from selected matrix row
CK-110-0377,CK-110-M070,Method TestStep613StatsAccumulation has a cyclomatic complexity of 12 (limit is 8),codacy,tests/integration/v19_stats_semantics_integration_test.go,427,triaged,S3,codacy,exclude,Phase 2,v1.10.4 candidate issue linked from selected matrix row
CK-110-0378,CK-110-M044,Method Stats has 72 lines of code (limit is 50),codacy,internal/observability/stats.go,13,triaged,S2,codacy,exclude,Phase 4,v1.10.4 candidate issue linked from selected matrix row
CK-110-0379,CK-110-M051,Method TestFileContainerBuffersSmallWritesUntilSync has a cyclomatic complexity of 11 (limit is 8),codacy,internal/container/container_test.go,80,triaged,S3,storage,exclude,Phase 3,v1.10.4 candidate issue linked from selected matrix row
CK-110-0380,CK-110-M001,All queries must target RAC_* tables.Query does not reference RAC_* table.,codacy,db/schema_postgres.sql,350,triaged,S1,migration,exclude,Phase 4,v1.10.4 candidate issue linked from selected matrix row
CK-110-0381,CK-110-M063,SQL Injection is a critical vulnerability that can lead to data or system compromise.,codacy,internal/gc/plan_test.go,89,triaged,S3,gc,defer,Phase 3,v1.10.4 candidate issue linked from selected matrix row
CK-110-0382,CK-110-M057,Detected file permissions that are set to more than `0600` (user/owner can read and write). Setting file permi,codacy,tests/adversarial/g8_system_invariants_lifecycle_adversarial_test.go,238,triaged,S3,filesystem,exclude,Phase 4,v1.10.4 candidate issue linked from selected matrix row
CK-110-0383,CK-110-M001,All queries must target RAC_* tables.Query does not reference RAC_* table.,codacy,db/schema_postgres.sql,594,triaged,S1,migration,exclude,Phase 4,v1.10.4 candidate issue linked from selected matrix row
CK-110-0384,CK-110-M072,Lists should be surrounded by blank lines,codacy,docs/BENCHMARK_METRICS.md,146,triaged,S4,docs,exclude,Phase 3,v1.10.4 candidate issue linked from selected matrix row
CK-110-0385,CK-110-M009,Insecure dependency golang/stdlib@v1.23.0 (CVE-2025-4673: net/http: Sensitive headers not cleared on cross-ori,codacy,go.mod,3,triaged,S1,dependencies,exclude,Phase 4,v1.10.4 candidate issue linked from selected matrix row
CK-110-0386,CK-110-M052,The application dynamically constructs file or path information.,codacy,internal/storage/store_v2chunker_test.go,405,triaged,S3,storage,exclude,Phase 3,v1.10.4 candidate issue linked from selected matrix row
CK-110-0387,CK-110-M048,SQL Injection is a critical vulnerability that can lead to data or system compromise.,codacy,internal/db/migrations_test.go,1714,triaged,S3,migration,exclude,Phase 4,v1.10.4 candidate issue linked from selected matrix row
CK-110-0388,CK-110-M063,The application was found setting file permissions to overly permissive values.,codacy,tests/adversarial/g4_non_destructive_gc_adversarial_test.go,289,triaged,S3,gc,defer,Phase 3,v1.10.4 candidate issue linked from selected matrix row
CK-110-0389,CK-110-M051,Method TestFeatureGatedCompressionDuplicateStorePreservesDedupAndCompressionStep512 has 105 lines of code (lim,codacy,internal/storage/store_compression_feature_gate_test.go,528,triaged,S3,storage,exclude,Phase 3,v1.10.4 candidate issue linked from selected matrix row
CK-110-0390,CK-110-M050,Detected file permissions that are set to more than `0600` (user/owner can read and write). Setting file permi,codacy,tests/adversarial/g14_g17_snapshot_retention_adversarial_test.go,439,triaged,S3,snapshot,exclude,Phase 2,v1.10.4 candidate issue linked from selected matrix row
CK-110-0391,CK-110-M070,Method TestStatsIncludesContainerRecordsOnlyWhenRequested has a cyclomatic complexity of 13 (limit is 8),codacy,internal/observability/stats_test.go,552,triaged,S3,codacy,exclude,Phase 2,v1.10.4 candidate issue linked from selected matrix row
CK-110-0392,CK-110-M057,Detected file permissions that are set to more than `0600` (user/owner can read and write). Setting file permi,codacy,tests/integration/v19_legacy_upgrade_path_integration_test.go,293,triaged,S3,filesystem,exclude,Phase 4,v1.10.4 candidate issue linked from selected matrix row
CK-110-0393,CK-110-M051,File internal/storage/phase1_compat_matrix_test.go has 523 non-comment lines of code,codacy,internal/storage/phase1_compat_matrix_test.go,1,triaged,S3,storage,exclude,Phase 3,v1.10.4 candidate issue linked from selected matrix row
CK-110-0394,CK-110-M054,Method TestVerifyBlockPayloadsStrictModeRequiresExactEncodedChunkTable has 51 lines of code (limit is 50),codacy,internal/verify/verify_system_test.go,1551,triaged,S3,verify,exclude,Phase 4,v1.10.4 candidate issue linked from selected matrix row
CK-110-0395,CK-110-M019,The application dynamically constructs file or path information.,codacy,internal/benchmark/corpus.go,372,triaged,S1,benchmark,exclude,Phase 4,v1.10.4 candidate issue linked from selected matrix row
CK-110-0396,CK-110-M064,Method TestQuarantineOrphanContainersAcceptsDirectQuarantineAfterSizeSync has 67 lines of code (limit is 50),codacy,internal/recovery/system_recovery_test.go,14,triaged,S3,recovery,exclude,Phase 4,v1.10.4 candidate issue linked from selected matrix row
CK-110-0397,CK-110-M070,Method TestStatsReturnsStructuredSections has a cyclomatic complexity of 13 (limit is 8),codacy,internal/observability/stats_test.go,484,triaged,S3,codacy,exclude,Phase 2,v1.10.4 candidate issue linked from selected matrix row
CK-110-0398,CK-110-M057,The application dynamically constructs file or path information.,codacy,tests/utils/common.go,1194,triaged,S3,filesystem,exclude,Phase 4,v1.10.4 candidate issue linked from selected matrix row
CK-110-0399,CK-110-M054,Method assertCompressedHashStageVerifyFailure has a cyclomatic complexity of 12 (limit is 8),codacy,internal/verify/verify_corruption_fixtures_test.go,182,triaged,S3,verify,exclude,Phase 4,v1.10.4 candidate issue linked from selected matrix row
CK-110-0400,CK-110-M057,The application was found setting directory permissions to overly permissive values.,codacy,tests/integration/read_path_regression_test.go,516,triaged,S3,filesystem,exclude,Phase 4,v1.10.4 candidate issue linked from selected matrix row
CK-110-0401,CK-110-M070,Method TestSearchFilesUsesCurrentStatePhysicalPaths has a cyclomatic complexity of 14 (limit is 8),codacy,internal/listing/search_test.go,83,triaged,S3,codacy,exclude,Phase 2,v1.10.4 candidate issue linked from selected matrix row
CK-110-0402,CK-110-M051,Method TestRemoveByStoredPathUnlinksSingleMappingAndKeepsSharedLogicalAlive has 54 lines of code (limit is 50),codacy,internal/storage/remove_test.go,359,triaged,S3,storage,exclude,Phase 3,v1.10.4 candidate issue linked from selected matrix row
CK-110-0403,CK-110-M044,Method inspectRepository has 90 lines of code (limit is 50),codacy,internal/observability/inspect.go,85,triaged,S2,codacy,exclude,Phase 4,v1.10.4 candidate issue linked from selected matrix row
CK-110-0404,CK-110-M047,Method TestRunMigrationsBackfillsChunkerVersionForLegacyLogicalFileAndChunkRows has a cyclomatic complexity of,codacy,internal/db/migrations_test.go,1077,triaged,S3,migration,exclude,Phase 4,v1.10.4 candidate issue linked from selected matrix row
CK-110-0405,CK-110-M049,Method TestAdversarialG14SnapshotRestoreFailsClearlyWhenContainerCorrupted has a cyclomatic complexity of 10 (,codacy,tests/adversarial/g14_g17_snapshot_retention_adversarial_test.go,581,triaged,S3,snapshot,exclude,Phase 2,v1.10.4 candidate issue linked from selected matrix row
CK-110-0406,CK-110-M044,Method expandDeep has a cyclomatic complexity of 12 (limit is 8),codacy,internal/observability/inspect.go,579,triaged,S2,codacy,exclude,Phase 4,v1.10.4 candidate issue linked from selected matrix row
CK-110-0407,CK-110-M027,Method checkFileChunkOrdering has 88 lines of code (limit is 50),codacy,internal/verify/verify_file.go,21,triaged,S2,verify,exclude,Phase 2,v1.10.4 candidate issue linked from selected matrix row
CK-110-0408,CK-110-M072,Expected: 2; Actual: 3,codacy,docs/benchmarking.md,658,triaged,S4,docs,exclude,Phase 3,v1.10.4 candidate issue linked from selected matrix row
CK-110-0409,CK-110-M044,Method enrichStatsWithGraph has 55 lines of code (limit is 50),codacy,internal/observability/stats.go,218,triaged,S2,codacy,exclude,Phase 4,v1.10.4 candidate issue linked from selected matrix row
CK-110-0410,CK-110-M036,Method BuildPlan has 59 lines of code (limit is 50),codacy,internal/gc/plan.go,122,triaged,S2,gc,include,Phase 3,v1.10.4 candidate issue linked from selected matrix row
CK-110-0411,CK-110-M059,SQL Injection is a critical vulnerability that can lead to data or system compromise.,codacy,tests/integration/v18_migration_compatibility_integration_test.go,193,triaged,S3,security,exclude,Phase 2,v1.10.4 candidate issue linked from selected matrix row
CK-110-0412,CK-110-M026,Method Truncate has a cyclomatic complexity of 13 (limit is 8),codacy,internal/container/container.go,204,triaged,S2,storage,exclude,Phase 3,v1.10.4 candidate issue linked from selected matrix row
CK-110-0413,CK-110-M066,Method TestRestoreFileByStoredPathUsesPhysicalPathIdentity has a cyclomatic complexity of 19 (limit is 8),codacy,internal/storage/restore_test.go,530,triaged,S3,restore,exclude,Phase 4,v1.10.4 candidate issue linked from selected matrix row
CK-110-0414,CK-110-M067,The application was found setting file permissions to overly permissive values.,codacy,internal/storage/restore_test.go,1910,triaged,S3,restore,exclude,Phase 4,v1.10.4 candidate issue linked from selected matrix row
CK-110-0415,CK-110-M025,Method FormatSnapshotDeleteDryRunOutput has 54 lines of code (limit is 50),codacy,internal/cli/render/snapshot_delete.go,26,triaged,S2,snapshot,exclude,Phase 2,v1.10.4 candidate issue linked from selected matrix row
CK-110-0416,CK-110-M072,Lists should be surrounded by blank lines,codacy,docs/benchmarking.md,1542,triaged,S4,docs,exclude,Phase 3,v1.10.4 candidate issue linked from selected matrix row
CK-110-0417,CK-110-M036,Method runStatsResultWithDB has a cyclomatic complexity of 35 (limit is 8),codacy,internal/maintenance/stats.go,138,triaged,S2,gc,include,Phase 3,v1.10.4 candidate issue linked from selected matrix row
CK-110-0418,CK-110-M060,Method setupStoredBlockFixtureForReaderCorruption has a cyclomatic complexity of 9 (limit is 8),codacy,internal/storage/storage_block_reader_test.go,333,deferred,S3,packed-storage,exclude,Phase 2,v1.10.4 candidate issue linked from selected matrix row
CK-110-0419,CK-110-M062,Method TestGCReachabilityMatchesLegacy has a cyclomatic complexity of 18 (limit is 8),codacy,internal/maintenance/gc_test.go,610,triaged,S3,gc,defer,Phase 3,v1.10.4 candidate issue linked from selected matrix row
CK-110-0420,CK-110-M072,Lists should be surrounded by blank lines,codacy,docs/benchmarking.md,1358,triaged,S4,docs,exclude,Phase 3,v1.10.4 candidate issue linked from selected matrix row
CK-110-0421,CK-110-M057,The application was found setting file permissions to overly permissive values.,codacy,tests/adversarial/g9_batch_semantics_adversarial_test.go,373,triaged,S3,filesystem,exclude,Phase 4,v1.10.4 candidate issue linked from selected matrix row
CK-110-0422,CK-110-M054,Method TestVerifyFileStandardAcceptsUnknownWellFormedVersions has 63 lines of code (limit is 50),codacy,internal/verify/verify_file_test.go,183,triaged,S3,verify,exclude,Phase 4,v1.10.4 candidate issue linked from selected matrix row
CK-110-0423,CK-110-M027,Method Error has a cyclomatic complexity of 10 (limit is 8),codacy,internal/verify/verify_failure.go,20,triaged,S2,verify,exclude,Phase 2,v1.10.4 candidate issue linked from selected matrix row
CK-110-0424,CK-110-M037,Method quarantineCorruptActiveContainerTails has a cyclomatic complexity of 18 (limit is 8),codacy,internal/recovery/system_recovery.go,321,triaged,S1,recovery,exclude,Phase 4,v1.10.4 candidate issue linked from selected matrix row
CK-110-0425,CK-110-M070,Method TestRenderStatsHumanAndJSONUseSameEfficiencyFields has a cyclomatic complexity of 11 (limit is 8),codacy,internal/cli/render/stats_test.go,336,triaged,S3,codacy,exclude,Phase 2,v1.10.4 candidate issue linked from selected matrix row
CK-110-0426,CK-110-M051,Method TestEnsurePhysicalFileForPathDefaultPolicyWithTx has a cyclomatic complexity of 18 (limit is 8),codacy,internal/storage/physical_file_repository_test.go,38,triaged,S3,storage,exclude,Phase 3,v1.10.4 candidate issue linked from selected matrix row
CK-110-0427,CK-110-M065,"Detected string concatenation with a non-literal variable in a ""database/sql"" Go SQL statement.",codacy,internal/recovery/system_recovery_test.go,47,triaged,S3,recovery,exclude,Phase 4,v1.10.4 candidate issue linked from selected matrix row
CK-110-0428,CK-110-M025,Method executeSnapshotRestorePlan has a cyclomatic complexity of 9 (limit is 8),codacy,internal/snapshot/snapshot.go,1238,triaged,S2,snapshot,exclude,Phase 2,v1.10.4 candidate issue linked from selected matrix row
CK-110-0429,CK-110-M062,Method TestSweepUnreachableChunksMixedPackedBlockKeepsAllRefsAndChunks has 77 lines of code (limit is 50),codacy,internal/maintenance/gc_packed_test.go,283,triaged,S3,gc,defer,Phase 3,v1.10.4 candidate issue linked from selected matrix row
CK-110-0430,CK-110-M070,Method TestStatsDelegatesAndMapsMaintenanceStats has a cyclomatic complexity of 21 (limit is 8),codacy,internal/observability/stats_test.go,237,triaged,S3,codacy,exclude,Phase 2,v1.10.4 candidate issue linked from selected matrix row
CK-110-0431,CK-110-M001,All queries must target RAC_* tables.Query does not reference RAC_* table.,codacy,db/schema_postgres.sql,407,triaged,S1,migration,exclude,Phase 4,v1.10.4 candidate issue linked from selected matrix row
CK-110-0432,CK-110-M022,A gitleaks generic-api-key was detected which attempts to identify hard-coded credentials.,codacy,.github/workflows/ci.yml,87,triaged,S1,ci,exclude,Phase 4,v1.10.4 candidate issue linked from selected matrix row
CK-110-0433,CK-110-M026,Method  has 169 lines of code (limit is 50),codacy,internal/storage/store.go,240,triaged,S2,storage,exclude,Phase 3,v1.10.4 candidate issue linked from selected matrix row
CK-110-0434,CK-110-M070,Method TestInspectSnapshotDeepTraversalExpandsRecursively has 71 lines of code (limit is 50),codacy,internal/observability/inspect_test.go,548,triaged,S3,codacy,exclude,Phase 2,v1.10.4 candidate issue linked from selected matrix row
CK-110-0435,CK-110-M067,The application dynamically constructs file or path information.,codacy,internal/storage/restore_step8_test.go,211,triaged,S3,restore,exclude,Phase 4,v1.10.4 candidate issue linked from selected matrix row
CK-110-0436,CK-110-M070,Method CreateSampleDataset has a cyclomatic complexity of 14 (limit is 8),codacy,tests/utils/common.go,717,triaged,S3,codacy,exclude,Phase 2,v1.10.4 candidate issue linked from selected matrix row
CK-110-0437,CK-110-M024,Method runSQLitePhysicalFileMigration has a cyclomatic complexity of 12 (limit is 8),codacy,internal/db/migrations.go,194,triaged,S2,migration,exclude,Phase 4,v1.10.4 candidate issue linked from selected matrix row
CK-110-0438,CK-110-M051,Method TestPhase2HashLayerParity has a cyclomatic complexity of 9 (limit is 8),codacy,internal/storage/phase1_compat_matrix_test.go,714,triaged,S3,storage,exclude,Phase 3,v1.10.4 candidate issue linked from selected matrix row
CK-110-0439,CK-110-M036,Method planActiveContainerImpact has 150 lines of code (limit is 50),codacy,internal/gc/plan.go,557,triaged,S2,gc,include,Phase 3,v1.10.4 candidate issue linked from selected matrix row
CK-110-0440,CK-110-M070,Method CorruptFirstCompletedChunkByte has 52 lines of code (limit is 50),codacy,tests/utils/common.go,488,triaged,S3,codacy,exclude,Phase 2,v1.10.4 candidate issue linked from selected matrix row
CK-110-0441,CK-110-M062,Method TestBuildPlanAssumeDeletedSnapshotsMakesChunkReclaimable has a cyclomatic complexity of 10 (limit is 8),codacy,internal/gc/plan_test.go,366,triaged,S3,gc,defer,Phase 3,v1.10.4 candidate issue linked from selected matrix row
CK-110-0442,CK-110-M057,Detected file permissions that are set to more than `0600` (user/owner can read and write). Setting file permi,codacy,tests/integration/read_path_regression_test.go,479,triaged,S3,filesystem,exclude,Phase 4,v1.10.4 candidate issue linked from selected matrix row
CK-110-0443,CK-110-M059,String-formatted SQL query detected.,codacy,tests/integration/v18_migration_compatibility_integration_test.go,201,triaged,S3,security,exclude,Phase 2,v1.10.4 candidate issue linked from selected matrix row
CK-110-0444,CK-110-M070,Method TestBuildVersionStatsSortedAndComplete has a cyclomatic complexity of 11 (limit is 8),codacy,internal/observability/stats_test.go,196,triaged,S3,codacy,exclude,Phase 2,v1.10.4 candidate issue linked from selected matrix row
CK-110-0445,CK-110-M057,Detected file permissions that are set to more than `0600` (user/owner can read and write). Setting file permi,codacy,tests/integration/v18_migration_compatibility_integration_test.go,1343,triaged,S3,filesystem,exclude,Phase 4,v1.10.4 candidate issue linked from selected matrix row
CK-110-0446,CK-110-M051,Method assertInvariants has a cyclomatic complexity of 11 (limit is 8),codacy,internal/chunk/fastcdc/chunker_test.go,42,triaged,S3,storage,exclude,Phase 3,v1.10.4 candidate issue linked from selected matrix row
CK-110-0447,CK-110-M051,Method TestApplyPackedBlockTransformsWriteOrderCompressionThenEncryptionThenPhysicalHash has a cyclomatic comp,codacy,internal/storage/store_transform_ordering_contract_test.go,54,triaged,S3,storage,exclude,Phase 3,v1.10.4 candidate issue linked from selected matrix row
CK-110-0448,CK-110-M020,Detected file permissions that are set to more than `0600` (user/owner can read and write). Setting file permi,codacy,internal/benchmark/scenarios.go,349,triaged,S1,benchmark,exclude,Phase 3,v1.10.4 candidate issue linked from selected matrix row
CK-110-0449,CK-110-M051,Method TestFeatureGatedCompressionDedupIgnoresCompressedAndPhysicalHashesStep74 has a cyclomatic complexity of,codacy,internal/storage/store_compression_feature_gate_test.go,644,triaged,S3,storage,exclude,Phase 3,v1.10.4 candidate issue linked from selected matrix row
CK-110-0450,CK-110-M070,Method TestStatsDelegatesAndMapsMaintenanceStats has 83 lines of code (limit is 50),codacy,internal/observability/stats_test.go,237,triaged,S3,codacy,exclude,Phase 2,v1.10.4 candidate issue linked from selected matrix row
CK-110-0451,CK-110-M036,Method planContainerImpact has 132 lines of code (limit is 50),codacy,internal/gc/plan.go,413,triaged,S2,gc,include,Phase 3,v1.10.4 candidate issue linked from selected matrix row
CK-110-0452,CK-110-M027,Method verifyFileContainersAndOffsets has 96 lines of code (limit is 50),codacy,internal/verify/verify_file.go,246,triaged,S2,verify,exclude,Phase 2,v1.10.4 candidate issue linked from selected matrix row
CK-110-0453,CK-110-M072,Emphasis used instead of a heading,codacy,docs/benchmarking.md,301,triaged,S4,docs,exclude,Phase 3,v1.10.4 candidate issue linked from selected matrix row
CK-110-0454,CK-110-M070,Method RunFixtureFolderRestoreAll has a cyclomatic complexity of 19 (limit is 8),codacy,tests/utils/common.go,1091,triaged,S3,codacy,exclude,Phase 2,v1.10.4 candidate issue linked from selected matrix row
CK-110-0455,CK-110-M004,SQL Injection is a critical vulnerability that can lead to data or system compromise.,codacy,internal/storage/store.go,2166,triaged,S1,storage,exclude,Phase 4,v1.10.4 candidate issue linked from selected matrix row
CK-110-0456,CK-110-M049,Method TestLoadDeleteLineagePreviewComputesLineageAndSharing has 57 lines of code (limit is 50),codacy,internal/snapshot/delete_lineage_preview_test.go,9,triaged,S3,snapshot,exclude,Phase 2,v1.10.4 candidate issue linked from selected matrix row
CK-110-0457,CK-110-M057,The application was found setting directory permissions to overly permissive values.,codacy,tests/utils/common.go,432,triaged,S3,filesystem,exclude,Phase 4,v1.10.4 candidate issue linked from selected matrix row
CK-110-0458,CK-110-M001,All queries must target RAC_* tables.Query does not reference RAC_* table.,codacy,db/schema_sqlite.sql,7,triaged,S1,migration,exclude,Phase 4,v1.10.4 candidate issue linked from selected matrix row
CK-110-0459,CK-110-M076,Overly complex sentence (41 words). Break into shorter instructions.,codacy,SECURITY.md,128,triaged,S4,codacy,exclude,REVIEW,v1.10.4 candidate issue linked from selected matrix row
CK-110-0460,CK-110-M070,Method TestStep613StatsRatioBoundaries has a cyclomatic complexity of 9 (limit is 8),codacy,tests/integration/v19_stats_semantics_integration_test.go,326,triaged,S3,codacy,exclude,Phase 2,v1.10.4 candidate issue linked from selected matrix row
CK-110-0461,CK-110-M001,"Detected string concatenation with a non-literal variable in a ""database/sql"" Go SQL statement.",codacy,internal/db/db.go,124,triaged,S1,migration,exclude,Phase 4,v1.10.4 candidate issue linked from selected matrix row
CK-110-0462,CK-110-M059,SQL Injection is a critical vulnerability that can lead to data or system compromise.,codacy,tests/integration/v18_migration_compatibility_integration_test.go,190,triaged,S3,security,exclude,Phase 2,v1.10.4 candidate issue linked from selected matrix row
CK-110-0463,CK-110-M045,Unused import math,codacy,scripts/compare_phase8_dedup_results.py,4,triaged,S1,tooling,exclude,Phase 4,v1.10.4 candidate issue linked from selected matrix row
CK-110-0464,CK-110-M063,Detected file permissions that are set to more than `0600` (user/owner can read and write). Setting file permi,codacy,tests/adversarial/g4_non_destructive_gc_adversarial_test.go,203,triaged,S3,gc,defer,Phase 3,v1.10.4 candidate issue linked from selected matrix row
CK-110-0465,CK-110-M059,SQL Injection is a critical vulnerability that can lead to data or system compromise.,codacy,internal/observability/service_test.go,133,triaged,S3,security,exclude,Phase 2,v1.10.4 candidate issue linked from selected matrix row
CK-110-0466,CK-110-M057,The application was found setting file permissions to overly permissive values.,codacy,tests/utils/common.go,772,triaged,S3,filesystem,exclude,Phase 4,v1.10.4 candidate issue linked from selected matrix row
CK-110-0467,CK-110-M071,Do not use `math/rand`. Use `crypto/rand` instead.,codacy,internal/graph/reachability_test.go,7,triaged,S3,codacy,exclude,Phase 4,v1.10.4 candidate issue linked from selected matrix row
CK-110-0468,CK-110-M072,Lists should be surrounded by blank lines,codacy,docs/STEP64_METRICS_VALIDATION.md,157,triaged,S4,docs,exclude,Phase 3,v1.10.4 candidate issue linked from selected matrix row
CK-110-0469,CK-110-M055,String-formatted SQL query detected.,codacy,internal/verify/verify_corruption_fixtures_test.go,65,triaged,S3,verify,exclude,Phase 4,v1.10.4 candidate issue linked from selected matrix row
CK-110-0470,CK-110-M026,Method validateReusableLogicalFileGraphWithContext has 118 lines of code (limit is 50),codacy,internal/storage/store.go,1245,triaged,S2,storage,exclude,Phase 3,v1.10.4 candidate issue linked from selected matrix row
CK-110-0471,CK-110-M072,Expected: 1; Actual: 0; Below,codacy,docs/STEP64_METRICS_VALIDATION.md,143,triaged,S4,docs,exclude,Phase 3,v1.10.4 candidate issue linked from selected matrix row
CK-110-0472,CK-110-M009,Insecure dependency golang/stdlib@v1.23.0 (CVE-2025-47912: net/url: Insufficient validation of bracketed IPv6 ,codacy,go.mod,3,triaged,S1,dependencies,exclude,Phase 4,v1.10.4 candidate issue linked from selected matrix row
CK-110-0473,CK-110-M038,Method restoreFromDescriptorWithStorageContextResultOptions has a cyclomatic complexity of 10 (limit is 8),codacy,internal/storage/restore.go,799,triaged,S1,restore,exclude,Phase 4,v1.10.4 candidate issue linked from selected matrix row
CK-110-0474,CK-110-M067,The application was found setting file permissions to overly permissive values.,codacy,internal/storage/restore_test.go,1813,triaged,S3,restore,exclude,Phase 4,v1.10.4 candidate issue linked from selected matrix row
CK-110-0475,CK-110-M072,Lists should be surrounded by blank lines,codacy,docs/benchmarking.md,1494,triaged,S4,docs,exclude,Phase 3,v1.10.4 candidate issue linked from selected matrix row
CK-110-0476,CK-110-M057,The application was found setting directory permissions to overly permissive values.,codacy,tests/adversarial/g9_batch_semantics_adversarial_test.go,86,triaged,S3,filesystem,exclude,Phase 4,v1.10.4 candidate issue linked from selected matrix row
CK-110-0477,CK-110-M072,Lists should be surrounded by blank lines,codacy,docs/STEP64_METRICS_VALIDATION.md,30,triaged,S4,docs,exclude,Phase 3,v1.10.4 candidate issue linked from selected matrix row
CK-110-0478,CK-110-M027,Method verifyFileChunkHashes has 137 lines of code (limit is 50),codacy,internal/verify/verify_file.go,374,triaged,S2,verify,exclude,Phase 2,v1.10.4 candidate issue linked from selected matrix row
CK-110-0479,CK-110-M020,Detected file permissions that are set to more than `0600` (user/owner can read and write). Setting file permi,codacy,internal/benchmark/scenarios.go,383,triaged,S1,benchmark,exclude,Phase 3,v1.10.4 candidate issue linked from selected matrix row
CK-110-0480,CK-110-M072,Lists should be surrounded by blank lines,codacy,docs/STORAGE_SEMANTICS_v1.9_ENGINE_QUICK_REFERENCE.md,176,triaged,S4,docs,exclude,Phase 3,v1.10.4 candidate issue linked from selected matrix row
CK-110-0481,CK-110-M001,All queries must target RAC_* tables.Query does not reference RAC_* table.,codacy,db/schema_postgres.sql,198,triaged,S1,migration,exclude,Phase 4,v1.10.4 candidate issue linked from selected matrix row
CK-110-0482,CK-110-M072,Expected: 2; Actual: 3,codacy,docs/benchmarking.md,1487,triaged,S4,docs,exclude,Phase 3,v1.10.4 candidate issue linked from selected matrix row
CK-110-0483,CK-110-M070,Method TestSimulateGCDeterministicAcrossCalls has a cyclomatic complexity of 12 (limit is 8),codacy,internal/observability/service_test.go,427,triaged,S3,codacy,exclude,Phase 2,v1.10.4 candidate issue linked from selected matrix row
CK-110-0484,CK-110-M004,SQL Injection is a critical vulnerability that can lead to data or system compromise.,codacy,internal/storage/store.go,2205,triaged,S1,storage,exclude,Phase 4,v1.10.4 candidate issue linked from selected matrix row
CK-110-0485,CK-110-M070,Method TestSimulateGCJSONRoundTrip has a cyclomatic complexity of 9 (limit is 8),codacy,internal/observability/service_test.go,395,triaged,S3,codacy,exclude,Phase 2,v1.10.4 candidate issue linked from selected matrix row
CK-110-0486,CK-110-M066,Method TestRestoreFailsOnChunkHashMismatch has a cyclomatic complexity of 11 (limit is 8),codacy,internal/storage/restore_test.go,1140,triaged,S3,restore,exclude,Phase 4,v1.10.4 candidate issue linked from selected matrix row
CK-110-0487,CK-110-M009,Insecure dependency golang/stdlib@v1.23.0 (CVE-2026-39826: If a trusted template author were to write a <scrip,codacy,go.mod,3,triaged,S1,dependencies,exclude,Phase 4,v1.10.4 candidate issue linked from selected matrix row
CK-110-0488,CK-110-M063,SQL Injection is a critical vulnerability that can lead to data or system compromise.,codacy,internal/gc/plan_test.go,383,triaged,S3,gc,defer,Phase 3,v1.10.4 candidate issue linked from selected matrix row
CK-110-0489,CK-110-M025,Method ListSnapshotFiles has a cyclomatic complexity of 12 (limit is 8),codacy,internal/snapshot/snapshot.go,547,triaged,S2,snapshot,exclude,Phase 2,v1.10.4 candidate issue linked from selected matrix row
CK-110-0490,CK-110-M054,File internal/verify/verify_corruption_fixtures_test.go has 734 non-comment lines of code,codacy,internal/verify/verify_corruption_fixtures_test.go,1,triaged,S3,verify,exclude,Phase 4,v1.10.4 candidate issue linked from selected matrix row
CK-110-0491,CK-110-M052,The application was found setting directory permissions to overly permissive values.,codacy,internal/storage/phase1_compat_matrix_test.go,56,triaged,S3,storage,exclude,Phase 3,v1.10.4 candidate issue linked from selected matrix row
CK-110-0492,CK-110-M027,Method verifyFileChunkHashes has a cyclomatic complexity of 19 (limit is 8),codacy,internal/verify/verify_file.go,374,triaged,S2,verify,exclude,Phase 2,v1.10.4 candidate issue linked from selected matrix row
CK-110-0493,CK-110-M055,SQL Injection is a critical vulnerability that can lead to data or system compromise.,codacy,internal/verify/verify_corruption_fixtures_test.go,66,triaged,S3,verify,exclude,Phase 4,v1.10.4 candidate issue linked from selected matrix row
CK-110-0494,CK-110-M009,Insecure dependency golang/stdlib@v1.23.0 (CVE-2025-61723: encoding/pem: Quadratic complexity when parsing som,codacy,go.mod,3,triaged,S1,dependencies,exclude,Phase 4,v1.10.4 candidate issue linked from selected matrix row
CK-110-0495,CK-110-M070,Method TestGetReachableChunksMatchesLegacyAcrossRandomizedFixtures has a cyclomatic complexity of 26 (limit is,codacy,internal/graph/reachability_test.go,350,triaged,S3,codacy,exclude,Phase 2,v1.10.4 candidate issue linked from selected matrix row
CK-110-0496,CK-110-M044,Method Inspect has 64 lines of code (limit is 50),codacy,internal/observability/inspect.go,17,triaged,S2,codacy,exclude,Phase 4,v1.10.4 candidate issue linked from selected matrix row
CK-110-0497,CK-110-M002,SQL Injection is a critical vulnerability that can lead to data or system compromise.,codacy,internal/snapshot/path_resolver.go,241,triaged,S1,snapshot,exclude,Phase 2,v1.10.4 candidate issue linked from selected matrix row
CK-110-0498,CK-110-M052,Do not use `math/rand`. Use `crypto/rand` instead.,codacy,tests/adversarial/v110_s0_chunk_reuse_bounds_stabilization_test.go,8,triaged,S3,storage,exclude,Phase 3,v1.10.4 candidate issue linked from selected matrix row
CK-110-0499,CK-110-M062,Method TestSweepUnreachableChunksMetadataOrderTransactionSafety has 69 lines of code (limit is 50),codacy,internal/maintenance/gc_packed_test.go,435,triaged,S3,gc,defer,Phase 3,v1.10.4 candidate issue linked from selected matrix row
CK-110-0500,CK-110-M051,Method TestStoreFileCaseSensitivity has a cyclomatic complexity of 14 (limit is 8),codacy,internal/storage/physical_file_repository_test.go,479,triaged,S3,storage,exclude,Phase 3,v1.10.4 candidate issue linked from selected matrix row
CK-110-0501,CK-110-M070,Method TestPhase7BuildFixtureWithActualV17BinaryIntegration has a cyclomatic complexity of 14 (limit is 8),codacy,tests/integration/v18_migration_compatibility_integration_test.go,1080,triaged,S3,codacy,exclude,Phase 2,v1.10.4 candidate issue linked from selected matrix row
CK-110-0502,CK-110-M063,SQL Injection is a critical vulnerability that can lead to data or system compromise.,codacy,internal/gc/plan_test.go,834,triaged,S3,gc,defer,Phase 3,v1.10.4 candidate issue linked from selected matrix row
CK-110-0503,CK-110-M062,Method TestBuildPlanPartiallyDeadContainerDistinguishesLogicalVsPhysical has a cyclomatic complexity of 13 (li,codacy,internal/gc/plan_test.go,513,triaged,S3,gc,defer,Phase 3,v1.10.4 candidate issue linked from selected matrix row
CK-110-0504,CK-110-M049,Method seedBenchmarkPhysicalFiles has a cyclomatic complexity of 9 (limit is 8),codacy,internal/snapshot/snapshot_bench_test.go,30,triaged,S3,snapshot,exclude,Phase 2,v1.10.4 candidate issue linked from selected matrix row
CK-110-0505,CK-110-M070,Method  has a cyclomatic complexity of 12 (limit is 8),codacy,tests/adversarial/g9_batch_semantics_adversarial_test.go,367,triaged,S3,codacy,exclude,Phase 2,v1.10.4 candidate issue linked from selected matrix row
CK-110-0506,CK-110-M027,Method checkReferenceCounts has 55 lines of code (limit is 50),codacy,internal/verify/verify_chunk.go,15,triaged,S2,verify,exclude,Phase 2,v1.10.4 candidate issue linked from selected matrix row
CK-110-0507,CK-110-M051,Method TestRemoveFailsWhenLogicalFileIsRetainedBySnapshot has 58 lines of code (limit is 50),codacy,internal/storage/remove_test.go,59,triaged,S3,storage,exclude,Phase 3,v1.10.4 candidate issue linked from selected matrix row
CK-110-0508,CK-110-M054,Method assertDecompressStageVerifyFailure has a cyclomatic complexity of 13 (limit is 8),codacy,internal/verify/verify_corruption_fixtures_test.go,216,triaged,S3,verify,exclude,Phase 4,v1.10.4 candidate issue linked from selected matrix row
CK-110-0509,CK-110-M070,Method TestRetentionByLogicalIDNotPath has a cyclomatic complexity of 9 (limit is 8),codacy,internal/retention/reachability_test.go,445,triaged,S3,codacy,exclude,Phase 2,v1.10.4 candidate issue linked from selected matrix row
CK-110-0510,CK-110-M004,SQL Injection is a critical vulnerability that can lead to data or system compromise.,codacy,internal/storage/store.go,2229,triaged,S1,storage,exclude,Phase 4,v1.10.4 candidate issue linked from selected matrix row
CK-110-0511,CK-110-M044,Method readRepositoryDefaults has a cyclomatic complexity of 12 (limit is 8),codacy,internal/repository/capabilities/derive.go,120,triaged,S2,codacy,exclude,Phase 4,v1.10.4 candidate issue linked from selected matrix row
CK-110-0512,CK-110-M026,Method lockContainerRowNowaitWithRetry has 52 lines of code (limit is 50),codacy,internal/container/local_writer.go,227,triaged,S2,storage,exclude,Phase 3,v1.10.4 candidate issue linked from selected matrix row
CK-110-0513,CK-110-M050,Detected file permissions that are set to more than `0600` (user/owner can read and write). Setting file permi,codacy,tests/adversarial/g14_g17_snapshot_retention_adversarial_test.go,412,triaged,S3,snapshot,exclude,Phase 2,v1.10.4 candidate issue linked from selected matrix row
CK-110-0514,CK-110-M057,Detected file permissions that are set to more than `0600` (user/owner can read and write). Setting file permi,codacy,tests/integration/v18_migration_compatibility_integration_test.go,1790,triaged,S3,filesystem,exclude,Phase 4,v1.10.4 candidate issue linked from selected matrix row
CK-110-0515,CK-110-M057,The application was found setting file permissions to overly permissive values.,codacy,tests/adversarial/g7_deep_corruption_adversarial_test.go,333,triaged,S3,filesystem,exclude,Phase 4,v1.10.4 candidate issue linked from selected matrix row
CK-110-0516,CK-110-M009,Insecure dependency golang/stdlib@v1.23.0 (CVE-2025-58183: golang: archive/tar: Unbounded allocation when pars,codacy,go.mod,3,triaged,S1,dependencies,exclude,Phase 4,v1.10.4 candidate issue linked from selected matrix row
CK-110-0517,CK-110-M070,Method TestGetReverseReferencesChunkToLogicalFiles has a cyclomatic complexity of 11 (limit is 8),codacy,internal/graph/references_test.go,8,triaged,S3,codacy,exclude,Phase 2,v1.10.4 candidate issue linked from selected matrix row
CK-110-0518,CK-110-M059,String-formatted SQL query detected.,codacy,internal/observability/stats_test.go,786,triaged,S3,security,exclude,Phase 2,v1.10.4 candidate issue linked from selected matrix row
CK-110-0519,CK-110-M059,"Detected string concatenation with a non-literal variable in a ""database/sql"" Go SQL statement.",codacy,internal/graph/reachability_test.go,490,triaged,S3,security,exclude,Phase 2,v1.10.4 candidate issue linked from selected matrix row
CK-110-0520,CK-110-M062,File internal/maintenance/gc_test.go has 990 non-comment lines of code,codacy,internal/maintenance/gc_test.go,1,triaged,S3,gc,defer,Phase 3,v1.10.4 candidate issue linked from selected matrix row
CK-110-0521,CK-110-M062,Method TestCollectBlockStatsAndRunStatsExposure has 105 lines of code (limit is 50),codacy,internal/maintenance/stats_test.go,428,triaged,S3,gc,defer,Phase 3,v1.10.4 candidate issue linked from selected matrix row
CK-110-0522,CK-110-M059,String-formatted SQL query detected.,codacy,internal/observability/service_test.go,133,triaged,S3,security,exclude,Phase 2,v1.10.4 candidate issue linked from selected matrix row
CK-110-0523,CK-110-M036,Method planActiveContainerImpact has a cyclomatic complexity of 24 (limit is 8),codacy,internal/gc/plan.go,557,triaged,S2,gc,include,Phase 3,v1.10.4 candidate issue linked from selected matrix row
CK-110-0524,CK-110-M047,Method TestRunMigrationsCreatesSnapshotSchemaVersionEight has a cyclomatic complexity of 28 (limit is 8),codacy,internal/db/migrations_test.go,178,triaged,S3,migration,exclude,Phase 4,v1.10.4 candidate issue linked from selected matrix row
CK-110-0525,CK-110-M026,Method Close has a cyclomatic complexity of 9 (limit is 8),codacy,internal/storage/context.go,54,triaged,S2,storage,exclude,Phase 3,v1.10.4 candidate issue linked from selected matrix row
CK-110-0526,CK-110-M072,Lists should be surrounded by blank lines,codacy,docs/BENCHMARK_CORPORA.md,268,triaged,S4,docs,exclude,Phase 3,v1.10.4 candidate issue linked from selected matrix row
CK-110-0527,CK-110-M026,Method  has a cyclomatic complexity of 43 (limit is 8),codacy,internal/storage/store.go,240,triaged,S2,storage,exclude,Phase 3,v1.10.4 candidate issue linked from selected matrix row
CK-110-0528,CK-110-M068,Method TestRecordOutsideMeasureIgnoresAllMetrics has a cyclomatic complexity of 9 (limit is 8),codacy,internal/benchmark/metrics_test.go,424,triaged,S3,benchmark,exclude,Phase 3,v1.10.4 candidate issue linked from selected matrix row
CK-110-0529,CK-110-M051,Method TestStoreResolvesChunkerOncePerOperation has a cyclomatic complexity of 19 (limit is 8),codacy,internal/storage/store_v2chunker_test.go,298,triaged,S3,storage,exclude,Phase 3,v1.10.4 candidate issue linked from selected matrix row
CK-110-0530,CK-110-M027,Method VerifyStoredBlock has a cyclomatic complexity of 23 (limit is 8),codacy,internal/verify/verify_block_pipeline.go,74,triaged,S2,verify,exclude,Phase 2,v1.10.4 candidate issue linked from selected matrix row
CK-110-0531,CK-110-M072,Lists should be surrounded by blank lines,codacy,docs/STEP64_METRICS_VALIDATION.md,73,triaged,S4,docs,exclude,Phase 3,v1.10.4 candidate issue linked from selected matrix row
CK-110-0532,CK-110-M070,Method CreateSampleDataset has 67 lines of code (limit is 50),codacy,tests/utils/common.go,717,triaged,S3,codacy,exclude,Phase 2,v1.10.4 candidate issue linked from selected matrix row
CK-110-0533,CK-110-M019,The application dynamically constructs file or path information.,codacy,internal/benchmark/corpus_registry.go,92,triaged,S1,benchmark,exclude,Phase 4,v1.10.4 candidate issue linked from selected matrix row
CK-110-0534,CK-110-M051,Method TestFeatureGatedCompressionDuplicateStorePreservesDedupAndCompressionStep512 has a cyclomatic complexit,codacy,internal/storage/store_compression_feature_gate_test.go,528,triaged,S3,storage,exclude,Phase 3,v1.10.4 candidate issue linked from selected matrix row
CK-110-0535,CK-110-M067,The application dynamically constructs file or path information.,codacy,internal/storage/restore_test.go,985,triaged,S3,restore,exclude,Phase 4,v1.10.4 candidate issue linked from selected matrix row
CK-110-0536,CK-110-M057,The application was found setting file permissions to overly permissive values.,codacy,tests/integration/v19_legacy_upgrade_path_integration_test.go,301,triaged,S3,filesystem,exclude,Phase 4,v1.10.4 candidate issue linked from selected matrix row
CK-110-0537,CK-110-M070,Method TestGetReverseReferencesLogicalFileToSnapshots has a cyclomatic complexity of 9 (limit is 8),codacy,internal/graph/references_test.go,80,triaged,S3,codacy,exclude,Phase 2,v1.10.4 candidate issue linked from selected matrix row
CK-110-0538,CK-110-M059,SQL Injection is a critical vulnerability that can lead to data or system compromise.,codacy,internal/observability/equivalence_phase7_test.go,346,triaged,S3,security,exclude,Phase 2,v1.10.4 candidate issue linked from selected matrix row
CK-110-0539,CK-110-M027,Method checkChunkOffsets has 97 lines of code (limit is 50),codacy,internal/verify/verify_chunk.go,286,triaged,S2,verify,exclude,Phase 2,v1.10.4 candidate issue linked from selected matrix row
CK-110-0540,CK-110-M072,Lists should be surrounded by blank lines,codacy,docs/STEP64_METRICS_VALIDATION.md,35,triaged,S4,docs,exclude,Phase 3,v1.10.4 candidate issue linked from selected matrix row
CK-110-0541,CK-110-M057,The application was found setting file permissions to overly permissive values.,codacy,internal/batch/loader_test.go,14,triaged,S3,filesystem,exclude,Phase 4,v1.10.4 candidate issue linked from selected matrix row
CK-110-0542,CK-110-M070,Method TestStep68CrossCompressionDedupConsistency has a cyclomatic complexity of 10 (limit is 8),codacy,tests/adversarial/g68_dedup_semantics_matrix_test.go,285,triaged,S3,codacy,exclude,Phase 2,v1.10.4 candidate issue linked from selected matrix row
CK-110-0543,CK-110-M070,Method TestInspectSnapshotDeepTraversalExpandsRecursively has a cyclomatic complexity of 19 (limit is 8),codacy,internal/observability/inspect_test.go,548,triaged,S3,codacy,exclude,Phase 2,v1.10.4 candidate issue linked from selected matrix row
CK-110-0544,CK-110-M058,"By not specifying a USER, a program in the container may run as 'root'. This is a security hazard.",codacy,Dockerfile,37,triaged,S3,security,exclude,Phase 4,v1.10.4 candidate issue linked from selected matrix row
CK-110-0545,CK-110-M056,Method TestReadPathRestoreNewlyStoredFileAfterPhase3Integration has 57 lines of code (limit is 50),codacy,tests/integration/read_path_regression_test.go,128,triaged,S3,filesystem,exclude,Phase 2,v1.10.4 candidate issue linked from selected matrix row
CK-110-0546,CK-110-M036,File internal/gc/plan.go has 735 non-comment lines of code,codacy,internal/gc/plan.go,1,triaged,S2,gc,include,Phase 3,v1.10.4 candidate issue linked from selected matrix row
CK-110-0547,CK-110-M057,The application was found setting directory permissions to overly permissive values.,codacy,tests/integration/v18_migration_compatibility_integration_test.go,1708,triaged,S3,filesystem,exclude,Phase 4,v1.10.4 candidate issue linked from selected matrix row
CK-110-0548,CK-110-M057,The application dynamically constructs file or path information.,codacy,tests/adversarial/g7_deep_corruption_adversarial_test.go,259,triaged,S3,filesystem,exclude,Phase 4,v1.10.4 candidate issue linked from selected matrix row
CK-110-0549,CK-110-M052,"Detected string concatenation with a non-literal variable in a ""database/sql"" Go SQL statement.",codacy,internal/container/local_writer_test.go,274,triaged,S3,storage,exclude,Phase 3,v1.10.4 candidate issue linked from selected matrix row
CK-110-0550,CK-110-M036,File internal/maintenance/gc.go has 693 non-comment lines of code,codacy,internal/maintenance/gc.go,1,triaged,S2,gc,include,Phase 3,v1.10.4 candidate issue linked from selected matrix row
CK-110-0551,CK-110-M020,Detected file permissions that are set to more than `0600` (user/owner can read and write). Setting file permi,codacy,internal/benchmark/dataset.go,34,triaged,S1,benchmark,exclude,Phase 3,v1.10.4 candidate issue linked from selected matrix row
CK-110-0552,CK-110-M025,Method DiffSnapshots has a cyclomatic complexity of 27 (limit is 8),codacy,internal/snapshot/snapshot.go,883,triaged,S2,snapshot,exclude,Phase 2,v1.10.4 candidate issue linked from selected matrix row
CK-110-0553,CK-110-M057,The application was found setting directory permissions to overly permissive values.,codacy,tests/adversarial/g10_g13_physical_graph_adversarial_test.go,57,triaged,S3,filesystem,exclude,Phase 4,v1.10.4 candidate issue linked from selected matrix row
CK-110-0554,CK-110-M027,Method verifyDecodedBlockSegmentsAgainstRefs has a cyclomatic complexity of 27 (limit is 8),codacy,internal/verify/verify_repository.go,666,triaged,S2,verify,exclude,Phase 2,v1.10.4 candidate issue linked from selected matrix row
CK-110-0555,CK-110-M057,The application was found setting file permissions to overly permissive values.,codacy,tests/utils/common.go,341,triaged,S3,filesystem,exclude,Phase 4,v1.10.4 candidate issue linked from selected matrix row
CK-110-0556,CK-110-M059,SQL Injection is a critical vulnerability that can lead to data or system compromise.,codacy,internal/observability/equivalence_phase7_test.go,339,triaged,S3,security,exclude,Phase 2,v1.10.4 candidate issue linked from selected matrix row
CK-110-0557,CK-110-M051,Method TestRemoveByStoredPathLastReferenceSetsRefCountToZero has a cyclomatic complexity of 9 (limit is 8),codacy,internal/storage/remove_test.go,420,triaged,S3,storage,exclude,Phase 3,v1.10.4 candidate issue linked from selected matrix row
CK-110-0558,CK-110-M048,SQL Injection is a critical vulnerability that can lead to data or system compromise.,codacy,internal/db/migrations_test.go,1903,triaged,S3,migration,exclude,Phase 4,v1.10.4 candidate issue linked from selected matrix row
CK-110-0559,CK-110-M001,All queries must target RAC_* tables.Query does not reference RAC_* table.,codacy,db/schema_postgres.sql,238,triaged,S1,migration,exclude,Phase 4,v1.10.4 candidate issue linked from selected matrix row
CK-110-0560,CK-110-M025,Method DiffSnapshotsSummarySQL has a cyclomatic complexity of 12 (limit is 8),codacy,internal/snapshot/snapshot.go,794,triaged,S2,snapshot,exclude,Phase 2,v1.10.4 candidate issue linked from selected matrix row
CK-110-0561,CK-110-M026,Method validateReusableCompletedChunkWithContext has 93 lines of code (limit is 50),codacy,internal/storage/store.go,1122,triaged,S2,storage,exclude,Phase 3,v1.10.4 candidate issue linked from selected matrix row
CK-110-0562,CK-110-M057,Detected file permissions that are set to more than `0600` (user/owner can read and write). Setting file permi,codacy,tests/adversarial/g7_deep_corruption_adversarial_test.go,113,triaged,S3,filesystem,exclude,Phase 4,v1.10.4 candidate issue linked from selected matrix row
CK-110-0563,CK-110-M072,Expected: 1; Actual: 0; Below,codacy,docs/BENCHMARK_CORPORA.md,32,triaged,S4,docs,exclude,Phase 3,v1.10.4 candidate issue linked from selected matrix row
CK-110-0564,CK-110-M027,Method verifyStorageBlocks has a cyclomatic complexity of 12 (limit is 8),codacy,internal/verify/verify_repository.go,121,triaged,S2,verify,exclude,Phase 2,v1.10.4 candidate issue linked from selected matrix row
CK-110-0565,CK-110-M070,Method  has a cyclomatic complexity of 14 (limit is 8),codacy,tests/adversarial/g9_batch_semantics_adversarial_test.go,565,triaged,S3,codacy,exclude,Phase 2,v1.10.4 candidate issue linked from selected matrix row
CK-110-0566,CK-110-M054,Method seedVerifyPackedBlockFixture has a cyclomatic complexity of 13 (limit is 8),codacy,internal/verify/verify_system_test.go,710,triaged,S3,verify,exclude,Phase 4,v1.10.4 candidate issue linked from selected matrix row
CK-110-0567,CK-110-M072,Expected: 1; Actual: 0; Below,codacy,docs/STEP64_METRICS_VALIDATION.md,24,triaged,S4,docs,exclude,Phase 3,v1.10.4 candidate issue linked from selected matrix row
CK-110-0568,CK-110-M023,Detected non-static command inside Command.,codacy,tests/utils/common.go,121,triaged,S1,codacy,exclude,Phase 4,v1.10.4 candidate issue linked from selected matrix row
CK-110-0569,CK-110-M072,Expected: 2; Actual: 3,codacy,docs/benchmarking.md,655,triaged,S4,docs,exclude,Phase 3,v1.10.4 candidate issue linked from selected matrix row
CK-110-0570,CK-110-M067,The application was found setting directory permissions to overly permissive values.,codacy,tests/adversarial/g5_atomic_restore_adversarial_test.go,111,triaged,S3,restore,exclude,Phase 4,v1.10.4 candidate issue linked from selected matrix row
CK-110-0571,CK-110-M044,Method sumLogicalFileSizesByReferenceIDs has a cyclomatic complexity of 15 (limit is 8),codacy,internal/observability/inspect.go,1112,triaged,S2,codacy,exclude,Phase 4,v1.10.4 candidate issue linked from selected matrix row
CK-110-0572,CK-110-M066,Method setupStoredPathRestoreFixture has a cyclomatic complexity of 14 (limit is 8),codacy,internal/storage/restore_test.go,2338,triaged,S3,restore,exclude,Phase 4,v1.10.4 candidate issue linked from selected matrix row
CK-110-0573,CK-110-M072,Expected: 1; Actual: 0; Below,codacy,docs/STEP64_METRICS_VALIDATION.md,223,triaged,S4,docs,exclude,Phase 3,v1.10.4 candidate issue linked from selected matrix row
CK-110-0574,CK-110-M027,Method checkChunkOffsetValidity has a cyclomatic complexity of 15 (limit is 8),codacy,internal/verify/verify_chunk.go,409,triaged,S2,verify,exclude,Phase 2,v1.10.4 candidate issue linked from selected matrix row
CK-110-0575,CK-110-M059,SQL Injection is a critical vulnerability that can lead to data or system compromise.,codacy,internal/observability/service_test.go,125,triaged,S3,security,exclude,Phase 2,v1.10.4 candidate issue linked from selected matrix row
CK-110-0576,CK-110-M059,SQL Injection is a critical vulnerability that can lead to data or system compromise.,codacy,internal/observability/stats_test.go,786,triaged,S3,security,exclude,Phase 2,v1.10.4 candidate issue linked from selected matrix row
CK-110-0577,CK-110-M054,Method TestVerifyRepositorySupportsMixedBlockTypeMatrixInSingleRun has a cyclomatic complexity of 10 (limit is,codacy,internal/verify/verify_system_test.go,904,triaged,S3,verify,exclude,Phase 4,v1.10.4 candidate issue linked from selected matrix row
CK-110-0578,CK-110-M024,Method EnsurePostgresSchema has a cyclomatic complexity of 13 (limit is 8),codacy,internal/db/migrations.go,873,triaged,S2,migration,exclude,Phase 4,v1.10.4 candidate issue linked from selected matrix row
CK-110-0579,CK-110-M024,Method runSQLiteBlockAbstractionFoundationMigration has 58 lines of code (limit is 50),codacy,internal/db/migrations.go,584,triaged,S2,migration,exclude,Phase 4,v1.10.4 candidate issue linked from selected matrix row
CK-110-0580,CK-110-M069,The application dynamically constructs file or path information.,codacy,internal/benchmark/dataset_test.go,35,triaged,S3,benchmark,exclude,Phase 4,v1.10.4 candidate issue linked from selected matrix row
CK-110-0581,CK-110-M054,Method seedVerifyPackedBlockFixture has 78 lines of code (limit is 50),codacy,internal/verify/verify_system_test.go,710,triaged,S3,verify,exclude,Phase 4,v1.10.4 candidate issue linked from selected matrix row
CK-110-0582,CK-110-M057,The application was found setting file permissions to overly permissive values.,codacy,internal/utils_hash/hash_test.go,12,triaged,S3,filesystem,exclude,Phase 4,v1.10.4 candidate issue linked from selected matrix row
CK-110-0583,CK-110-M070,Method TestStep613StatsByteAccountingConsistency has a cyclomatic complexity of 9 (limit is 8),codacy,tests/integration/v19_stats_semantics_integration_test.go,361,triaged,S3,codacy,exclude,Phase 2,v1.10.4 candidate issue linked from selected matrix row
CK-110-0584,CK-110-M057,The application was found setting directory permissions to overly permissive values.,codacy,tests/integration/v18_migration_compatibility_integration_test.go,1343,triaged,S3,filesystem,exclude,Phase 4,v1.10.4 candidate issue linked from selected matrix row
CK-110-0585,CK-110-M062,Method TestSweepUnreachableChunksKeepsPackedBlockWhenAnyChunkIsLive has a cyclomatic complexity of 16 (limit i,codacy,internal/maintenance/gc_packed_test.go,212,triaged,S3,gc,defer,Phase 3,v1.10.4 candidate issue linked from selected matrix row
CK-110-0586,CK-110-M070,Method legacyGetSnapshotStats has 68 lines of code (limit is 50),codacy,internal/observability/equivalence_phase7_test.go,503,triaged,S3,codacy,exclude,Phase 2,v1.10.4 candidate issue linked from selected matrix row
CK-110-0587,CK-110-M071,Do not use `math/rand`. Use `crypto/rand` instead.,codacy,tests/adversarial/g3_no_data_loss_valid_sequences_adversarial_test.go,6,triaged,S3,codacy,exclude,Phase 4,v1.10.4 candidate issue linked from selected matrix row
CK-110-0588,CK-110-M057,Detected file permissions that are set to more than `0600` (user/owner can read and write). Setting file permi,codacy,tests/integration/read_path_regression_test.go,116,triaged,S3,filesystem,exclude,Phase 4,v1.10.4 candidate issue linked from selected matrix row
CK-110-0589,CK-110-M051,Method TestStoreFilePrepareFailureDoesNotPartiallyCommit has a cyclomatic complexity of 10 (limit is 8),codacy,internal/storage/store_cancellation_test.go,122,triaged,S3,storage,exclude,Phase 3,v1.10.4 candidate issue linked from selected matrix row
CK-110-0590,CK-110-M062,Method TestBuildPlanIgnoresTransformLayerHashesForIdentityStep74 has a cyclomatic complexity of 9 (limit is 8),codacy,internal/gc/plan_test.go,249,triaged,S3,gc,defer,Phase 3,v1.10.4 candidate issue linked from selected matrix row
CK-110-0591,CK-110-M059,SQL Injection is a critical vulnerability that can lead to data or system compromise.,codacy,tests/integration/v18_migration_compatibility_integration_test.go,1732,triaged,S3,security,exclude,Phase 2,v1.10.4 candidate issue linked from selected matrix row
CK-110-0592,CK-110-M057,The application was found setting directory permissions to overly permissive values.,codacy,tests/adversarial/g2_inconsistent_state_adversarial_test.go,113,triaged,S3,filesystem,exclude,Phase 4,v1.10.4 candidate issue linked from selected matrix row
CK-110-0593,CK-110-M045,Method check_regression has a cyclomatic complexity of 14 (limit is 8),codacy,scripts/validate_regression_thresholds.py,186,triaged,S1,tooling,exclude,Phase 4,v1.10.4 candidate issue linked from selected matrix row
CK-110-0594,CK-110-M063,The application was found setting file permissions to overly permissive values.,codacy,tests/adversarial/g4_non_destructive_gc_adversarial_test.go,119,triaged,S3,gc,defer,Phase 3,v1.10.4 candidate issue linked from selected matrix row
CK-110-0595,CK-110-M070,Method TestRepositoryCapabilitiesSupportHelpers has a cyclomatic complexity of 12 (limit is 8),codacy,internal/repository/capabilities/model_test.go,5,triaged,S3,codacy,exclude,Phase 2,v1.10.4 candidate issue linked from selected matrix row
CK-110-0596,CK-110-M027,Method VerifySystemDeepWithContainersDir has 81 lines of code (limit is 50),codacy,internal/verify/verify_system.go,208,triaged,S2,verify,exclude,Phase 2,v1.10.4 candidate issue linked from selected matrix row
CK-110-0597,CK-110-M070,Method TestSnapshotRootsExcludeSnapshotIDs has a cyclomatic complexity of 10 (limit is 8),codacy,internal/graph/reachability_test.go,123,triaged,S3,codacy,exclude,Phase 2,v1.10.4 candidate issue linked from selected matrix row
CK-110-0598,CK-110-M052,The application was found setting directory permissions to overly permissive values.,codacy,tests/adversarial/v110_s0_chunk_reuse_bounds_stabilization_test.go,54,triaged,S3,storage,exclude,Phase 3,v1.10.4 candidate issue linked from selected matrix row
CK-110-0599,CK-110-M047,Method TestRunMigrationsCompressionConfigIsIdempotent has a cyclomatic complexity of 9 (limit is 8),codacy,internal/db/migrations_test.go,2210,triaged,S3,migration,exclude,Phase 4,v1.10.4 candidate issue linked from selected matrix row
CK-110-0600,CK-110-M055,The application was found setting file permissions to overly permissive values.,codacy,internal/verify/verify_system_test.go,559,triaged,S3,verify,exclude,Phase 4,v1.10.4 candidate issue linked from selected matrix row
CK-110-0601,CK-110-M026,Method getOrCreateOpenContainerInDirExcluding has 95 lines of code (limit is 50),codacy,internal/container/container.go,374,triaged,S2,storage,exclude,Phase 3,v1.10.4 candidate issue linked from selected matrix row
CK-110-0602,CK-110-M057,The application was found setting file permissions to overly permissive values.,codacy,tests/utils/common.go,747,triaged,S3,filesystem,exclude,Phase 4,v1.10.4 candidate issue linked from selected matrix row
CK-110-0603,CK-110-M072,Lists should be surrounded by blank lines,codacy,docs/BENCHMARK_CORPORA.md,70,triaged,S4,docs,exclude,Phase 3,v1.10.4 candidate issue linked from selected matrix row
CK-110-0604,CK-110-M047,Method TestRunMigrationsAllowsMultiplePhysicalFilesPerLogicalFile has a cyclomatic complexity of 9 (limit is 8,codacy,internal/db/migrations_test.go,2072,triaged,S3,migration,exclude,Phase 4,v1.10.4 candidate issue linked from selected matrix row
CK-110-0605,CK-110-M066,Method TestRestoreOptionsOverwriteTrueReplacesExistingDestination has a cyclomatic complexity of 14 (limit is ,codacy,internal/storage/restore_test.go,2234,triaged,S3,restore,exclude,Phase 4,v1.10.4 candidate issue linked from selected matrix row
CK-110-0606,CK-110-M057,The application was found setting directory permissions to overly permissive values.,codacy,tests/integration/v18_migration_compatibility_integration_test.go,1790,triaged,S3,filesystem,exclude,Phase 4,v1.10.4 candidate issue linked from selected matrix row
CK-110-0607,CK-110-M062,Method TestStep11SnapshotRetainsPackedBlockAndRestoreSucceeds has 77 lines of code (limit is 50),codacy,internal/maintenance/gc_step11_test.go,319,triaged,S3,gc,defer,Phase 3,v1.10.4 candidate issue linked from selected matrix row
CK-110-0608,CK-110-M044,Method initCommand has a cyclomatic complexity of 23 (limit is 8),codacy,cmd/coldkeep/init.go,14,triaged,S2,codacy,exclude,Phase 4,v1.10.4 candidate issue linked from selected matrix row
CK-110-0609,CK-110-M001,All queries must target RAC_* tables.Query does not reference RAC_* table.,codacy,db/schema_postgres.sql,181,triaged,S1,migration,exclude,Phase 4,v1.10.4 candidate issue linked from selected matrix row
CK-110-0610,CK-110-M062,Method TestContainerHasLivePhysicalUnitsSupportsLegacyPackedAndMixed has a cyclomatic complexity of 22 (limit ,codacy,internal/maintenance/gc_packed_test.go,516,triaged,S3,gc,defer,Phase 3,v1.10.4 candidate issue linked from selected matrix row
CK-110-0611,CK-110-M045,f-string is missing placeholders (F541),codacy,scripts/compare_phase8_gc_results.py,140,triaged,S1,tooling,exclude,Phase 4,v1.10.4 candidate issue linked from selected matrix row
CK-110-0612,CK-110-M027,Method checkPinnedChunkStatus has 84 lines of code (limit is 50),codacy,internal/verify/verify_chunk.go,127,triaged,S2,verify,exclude,Phase 2,v1.10.4 candidate issue linked from selected matrix row
CK-110-0613,CK-110-M063,The application dynamically constructs file or path information.,codacy,internal/maintenance/gc_step11_test.go,512,triaged,S3,gc,defer,Phase 3,v1.10.4 candidate issue linked from selected matrix row
CK-110-0614,CK-110-M051,Method TestQuarantineContainerInDirUpdatesSizesToPhysicalFile has a cyclomatic complexity of 15 (limit is 8),codacy,internal/container/container_test.go,277,triaged,S3,storage,exclude,Phase 3,v1.10.4 candidate issue linked from selected matrix row
CK-110-0615,CK-110-M047,Method TestEnsurePostgresSchemaAutoMigratesVersionElevenToTwelve has 79 lines of code (limit is 50),codacy,internal/db/migrations_test.go,1476,triaged,S3,migration,exclude,Phase 4,v1.10.4 candidate issue linked from selected matrix row
CK-110-0616,CK-110-M074,Only 1 file found with 100+ lines. Consider splitting into modular files for better organization.,codacy,SECURITY.md,1,triaged,S4,filesystem,exclude,Phase 4,v1.10.4 candidate issue linked from selected matrix row
CK-110-0617,CK-110-M057,The application was found setting directory permissions to overly permissive values.,codacy,tests/adversarial/g3_no_data_loss_valid_sequences_adversarial_test.go,120,triaged,S3,filesystem,exclude,Phase 4,v1.10.4 candidate issue linked from selected matrix row
CK-110-0618,CK-110-M066,Method TestRestoreFailsOnChunkOrderDiscontinuity has a cyclomatic complexity of 19 (limit is 8),codacy,internal/storage/restore_test.go,1532,triaged,S3,restore,exclude,Phase 4,v1.10.4 candidate issue linked from selected matrix row
CK-110-0619,CK-110-M057,The application dynamically constructs file or path information.,codacy,tests/adversarial/g7_deep_corruption_adversarial_test.go,404,triaged,S3,filesystem,exclude,Phase 4,v1.10.4 candidate issue linked from selected matrix row
CK-110-0620,CK-110-M027,Method checkPinnedChunkStatus has a cyclomatic complexity of 12 (limit is 8),codacy,internal/verify/verify_chunk.go,127,triaged,S2,verify,exclude,Phase 2,v1.10.4 candidate issue linked from selected matrix row
CK-110-0621,CK-110-M070,Method  has 102 lines of code (limit is 50),codacy,internal/observability/equivalence_phase7_test.go,58,triaged,S3,codacy,exclude,Phase 2,v1.10.4 candidate issue linked from selected matrix row
CK-110-0622,CK-110-M070,Method TestMapStatsResultMapsMaintenanceResultToStableModel has 136 lines of code (limit is 50),codacy,internal/observability/stats_test.go,27,triaged,S3,codacy,exclude,Phase 2,v1.10.4 candidate issue linked from selected matrix row
CK-110-0623,CK-110-M057,Detected file permissions that are set to more than `0600` (user/owner can read and write). Setting file permi,codacy,tests/adversarial/g7_deep_corruption_adversarial_test.go,259,triaged,S3,filesystem,exclude,Phase 4,v1.10.4 candidate issue linked from selected matrix row
CK-110-0624,CK-110-M051,Method TestEnsurePhysicalFileForPathDefaultPolicyWithTx has 74 lines of code (limit is 50),codacy,internal/storage/physical_file_repository_test.go,38,triaged,S3,storage,exclude,Phase 3,v1.10.4 candidate issue linked from selected matrix row
CK-110-0625,CK-110-M057,The application was found setting directory permissions to overly permissive values.,codacy,tests/adversarial/g68_dedup_semantics_matrix_test.go,130,triaged,S3,filesystem,exclude,Phase 4,v1.10.4 candidate issue linked from selected matrix row
CK-110-0626,CK-110-M062,Method TestAdversarialG4PinnedChunkWithZeroLiveRefsSurvivesGC has a cyclomatic complexity of 12 (limit is 8),codacy,tests/adversarial/g4_non_destructive_gc_adversarial_test.go,111,triaged,S3,gc,defer,Phase 3,v1.10.4 candidate issue linked from selected matrix row
CK-110-0627,CK-110-M045,Redefining name 'is_hard_fail' from outer scope (line 120),codacy,scripts/validate_regression_thresholds.py,232,triaged,S1,tooling,exclude,Phase 4,v1.10.4 candidate issue linked from selected matrix row
CK-110-0628,CK-110-M057,Detected file permissions that are set to more than `0600` (user/owner can read and write). Setting file permi,codacy,tests/adversarial/g6_concurrent_operations_adversarial_test.go,169,triaged,S3,filesystem,exclude,Phase 4,v1.10.4 candidate issue linked from selected matrix row
CK-110-0629,CK-110-M067,The application was found setting directory permissions to overly permissive values.,codacy,tests/adversarial/g5_atomic_restore_adversarial_test.go,108,triaged,S3,restore,exclude,Phase 4,v1.10.4 candidate issue linked from selected matrix row
CK-110-0630,CK-110-M050,The application was found setting directory permissions to overly permissive values.,codacy,tests/adversarial/g14_g17_snapshot_retention_adversarial_test.go,439,triaged,S3,snapshot,exclude,Phase 2,v1.10.4 candidate issue linked from selected matrix row
CK-110-0631,CK-110-M057,The application was found setting file permissions to overly permissive values.,codacy,tests/integration/v19_stats_semantics_integration_test.go,36,triaged,S3,filesystem,exclude,Phase 4,v1.10.4 candidate issue linked from selected matrix row
CK-110-0632,CK-110-M006,The application was found setting file permissions to overly permissive values.,codacy,internal/container/container.go,471,triaged,S1,storage,exclude,Phase 4,v1.10.4 candidate issue linked from selected matrix row
CK-110-0633,CK-110-M057,The application was found setting directory permissions to overly permissive values.,codacy,tests/utils/common.go,316,triaged,S3,filesystem,exclude,Phase 4,v1.10.4 candidate issue linked from selected matrix row
CK-110-0634,CK-110-M052,The application was found setting file permissions to overly permissive values.,codacy,internal/storage/phase1_compat_matrix_test.go,379,triaged,S3,storage,exclude,Phase 3,v1.10.4 candidate issue linked from selected matrix row
CK-110-0635,CK-110-M045,Method build_summary has 76 lines of code (limit is 50),codacy,scripts/summarize_phase8_blocksize.py,60,triaged,S1,tooling,exclude,Phase 4,v1.10.4 candidate issue linked from selected matrix row
CK-110-0636,CK-110-M057,The application dynamically constructs file or path information.,codacy,tests/utils/common.go,323,triaged,S3,filesystem,exclude,Phase 4,v1.10.4 candidate issue linked from selected matrix row
CK-110-0637,CK-110-M076,"Undefined acronym ""SHA"" — define on first use or add to glossary.",codacy,SECURITY.md,64,triaged,S4,codacy,exclude,REVIEW,v1.10.4 candidate issue linked from selected matrix row
CK-110-0638,CK-110-M062,Method TestSweepUnreachableChunksDeletesWholePackedBlockWhenAllChunksDead has 53 lines of code (limit is 50),codacy,internal/maintenance/gc_packed_test.go,372,triaged,S3,gc,defer,Phase 3,v1.10.4 candidate issue linked from selected matrix row
CK-110-0639,CK-110-M019,The application dynamically constructs file or path information.,codacy,internal/benchmark/corpus.go,334,triaged,S1,benchmark,exclude,Phase 4,v1.10.4 candidate issue linked from selected matrix row
CK-110-0640,CK-110-M072,Expected: 2; Actual: 3,codacy,docs/benchmarking.md,659,triaged,S4,docs,exclude,Phase 3,v1.10.4 candidate issue linked from selected matrix row
CK-110-0641,CK-110-M072,Lists should be surrounded by blank lines,codacy,docs/benchmarking.md,1477,triaged,S4,docs,exclude,Phase 3,v1.10.4 candidate issue linked from selected matrix row
CK-110-0642,CK-110-M045,Method main has 77 lines of code (limit is 50),codacy,scripts/compare_phase8_dedup_results.py,43,triaged,S1,tooling,exclude,Phase 4,v1.10.4 candidate issue linked from selected matrix row
CK-110-0643,CK-110-M025,Method DiffSnapshotsSummarySQL has 66 lines of code (limit is 50),codacy,internal/snapshot/snapshot.go,794,triaged,S2,snapshot,exclude,Phase 2,v1.10.4 candidate issue linked from selected matrix row
CK-110-0644,CK-110-M027,Method isValidMigrationCompanionMapping has 78 lines of code (limit is 50),codacy,internal/verify/verify_repository.go,350,triaged,S2,verify,exclude,Phase 2,v1.10.4 candidate issue linked from selected matrix row
CK-110-0645,CK-110-M026,Method cleanupLogicalFileChunkMappingsWithContext has 59 lines of code (limit is 50),codacy,internal/storage/store.go,1058,triaged,S2,storage,exclude,Phase 3,v1.10.4 candidate issue linked from selected matrix row
CK-110-0646,CK-110-M066,Method setupRestorePinningFixture has a cyclomatic complexity of 11 (limit is 8),codacy,internal/storage/restore_test.go,2467,triaged,S3,restore,exclude,Phase 4,v1.10.4 candidate issue linked from selected matrix row
CK-110-0647,CK-110-M051,Method TestLocalWriterQuarantineContainerResetsStateAndReturnsDBError has a cyclomatic complexity of 11 (limit,codacy,internal/container/local_writer_test.go,456,triaged,S3,storage,exclude,Phase 3,v1.10.4 candidate issue linked from selected matrix row
CK-110-0648,CK-110-M052,The application was found setting file permissions to overly permissive values.,codacy,internal/container/local_writer_test.go,316,triaged,S3,storage,exclude,Phase 3,v1.10.4 candidate issue linked from selected matrix row
CK-110-0649,CK-110-M057,The application was found setting directory permissions to overly permissive values.,codacy,tests/integration/v18_migration_compatibility_integration_test.go,43,triaged,S3,filesystem,exclude,Phase 4,v1.10.4 candidate issue linked from selected matrix row
CK-110-0650,CK-110-M026,Method removePhysicalFileByPathTx has a cyclomatic complexity of 14 (limit is 8),codacy,internal/storage/remove.go,95,triaged,S2,storage,exclude,Phase 3,v1.10.4 candidate issue linked from selected matrix row
CK-110-0651,CK-110-M044,Method sumLogicalFileSizesByReferenceIDs has 55 lines of code (limit is 50),codacy,internal/observability/inspect.go,1112,triaged,S2,codacy,exclude,Phase 4,v1.10.4 candidate issue linked from selected matrix row
CK-110-0652,CK-110-M050,The application was found setting directory permissions to overly permissive values.,codacy,tests/adversarial/g14_g17_snapshot_retention_adversarial_test.go,156,triaged,S3,snapshot,exclude,Phase 2,v1.10.4 candidate issue linked from selected matrix row
CK-110-0653,CK-110-M051,Method collectPlacementsV110S0 has 58 lines of code (limit is 50),codacy,tests/adversarial/v110_s0_chunk_reuse_bounds_stabilization_test.go,382,triaged,S3,storage,exclude,Phase 3,v1.10.4 candidate issue linked from selected matrix row
CK-110-0654,CK-110-M001,All queries must target RAC_* tables.Query does not reference RAC_* table.,codacy,db/schema_postgres.sql,427,triaged,S1,migration,exclude,Phase 4,v1.10.4 candidate issue linked from selected matrix row
CK-110-0655,CK-110-M057,Detected file permissions that are set to more than `0600` (user/owner can read and write). Setting file permi,codacy,tests/utils/common.go,1035,triaged,S3,filesystem,exclude,Phase 4,v1.10.4 candidate issue linked from selected matrix row
CK-110-0656,CK-110-M009,Insecure dependency golang/stdlib@v1.23.0 (CVE-2026-39825: ReverseProxy can forward queries containing paramet,codacy,go.mod,3,triaged,S1,dependencies,exclude,Phase 4,v1.10.4 candidate issue linked from selected matrix row
CK-110-0657,CK-110-M066,Method TestRestoreFailsWhenContainerFileMissing has a cyclomatic complexity of 10 (limit is 8),codacy,internal/storage/restore_test.go,1073,triaged,S3,restore,exclude,Phase 4,v1.10.4 candidate issue linked from selected matrix row
CK-110-0658,CK-110-M044,Method TraverseWithOptions has 70 lines of code (limit is 50),codacy,internal/graph/traversal.go,24,triaged,S2,codacy,exclude,Phase 4,v1.10.4 candidate issue linked from selected matrix row
CK-110-0659,CK-110-M027,Method  has a cyclomatic complexity of 15 (limit is 8),codacy,internal/verify/verify_system.go,293,triaged,S2,verify,exclude,Phase 2,v1.10.4 candidate issue linked from selected matrix row
CK-110-0660,CK-110-M062,Method TestLoadLiveLegacyContainerIDsResolvesFromLiveChunks has a cyclomatic complexity of 10 (limit is 8),codacy,internal/maintenance/gc_packed_test.go,77,triaged,S3,gc,defer,Phase 3,v1.10.4 candidate issue linked from selected matrix row
CK-110-0661,CK-110-M051,Method TestCrossVersionDedupCompatibility has 91 lines of code (limit is 50),codacy,internal/storage/store_v2chunker_test.go,419,triaged,S3,storage,exclude,Phase 3,v1.10.4 candidate issue linked from selected matrix row
CK-110-0662,CK-110-M057,Detected file permissions that are set to more than `0600` (user/owner can read and write). Setting file permi,codacy,tests/integration/v18_migration_compatibility_integration_test.go,43,triaged,S3,filesystem,exclude,Phase 4,v1.10.4 candidate issue linked from selected matrix row
CK-110-0663,CK-110-M027,Method isValidMigrationCompanionMapping has a cyclomatic complexity of 19 (limit is 8),codacy,internal/verify/verify_repository.go,350,triaged,S2,verify,exclude,Phase 2,v1.10.4 candidate issue linked from selected matrix row
CK-110-0664,CK-110-M068,Method ValidateCoverageInvariants has a cyclomatic complexity of 9 (limit is 8),codacy,internal/chunk/benchmark/runner.go,159,triaged,S3,benchmark,exclude,Phase 3,v1.10.4 candidate issue linked from selected matrix row
CK-110-0665,CK-110-M067,Detected file permissions that are set to more than `0600` (user/owner can read and write). Setting file permi,codacy,tests/adversarial/g1_deterministic_restore_adversarial_test.go,156,triaged,S3,restore,exclude,Phase 4,v1.10.4 candidate issue linked from selected matrix row
CK-110-0666,CK-110-M012,SQL Injection is a critical vulnerability that can lead to data or system compromise.,codacy,internal/listing/search.go,84,triaged,S1,security,exclude,Phase 4,v1.10.4 candidate issue linked from selected matrix row
CK-110-0667,CK-110-M001,SQL Injection is a critical vulnerability that can lead to data or system compromise.,codacy,internal/db/db.go,124,triaged,S1,migration,exclude,Phase 4,v1.10.4 candidate issue linked from selected matrix row
CK-110-0668,CK-110-M070,Method TestTraverseDeterministicOrder has 53 lines of code (limit is 50),codacy,internal/graph/traversal_test.go,145,triaged,S3,codacy,exclude,Phase 2,v1.10.4 candidate issue linked from selected matrix row
CK-110-0669,CK-110-M066,Method TestRestoreNonCompletedChunkMappingReturnsNoRestorableChunksError has a cyclomatic complexity of 10 (li,codacy,internal/storage/restore_test.go,1397,triaged,S3,restore,exclude,Phase 4,v1.10.4 candidate issue linked from selected matrix row
CK-110-0670,CK-110-M044,Method simulateGC has 145 lines of code (limit is 50),codacy,internal/observability/simulate.go,26,triaged,S2,codacy,exclude,Phase 4,v1.10.4 candidate issue linked from selected matrix row
CK-110-0671,CK-110-M068,Method StandardCorpora has 195 lines of code (limit is 50),codacy,internal/benchmark/corpus.go,71,triaged,S3,benchmark,exclude,Phase 3,v1.10.4 candidate issue linked from selected matrix row
CK-110-0672,CK-110-M057,The application was found setting directory permissions to overly permissive values.,codacy,tests/utils/common.go,925,triaged,S3,filesystem,exclude,Phase 4,v1.10.4 candidate issue linked from selected matrix row
CK-110-0673,CK-110-M057,Detected file permissions that are set to more than `0600` (user/owner can read and write). Setting file permi,codacy,tests/utils/common.go,925,triaged,S3,filesystem,exclude,Phase 4,v1.10.4 candidate issue linked from selected matrix row
CK-110-0674,CK-110-M063,The application was found setting directory permissions to overly permissive values.,codacy,tests/adversarial/g4_non_destructive_gc_adversarial_test.go,203,triaged,S3,gc,defer,Phase 3,v1.10.4 candidate issue linked from selected matrix row
CK-110-0675,CK-110-M048,"Detected string concatenation with a non-literal variable in a ""database/sql"" Go SQL statement.",codacy,internal/db/migrations_test.go,1308,triaged,S3,migration,exclude,Phase 4,v1.10.4 candidate issue linked from selected matrix row
CK-110-0676,CK-110-M062,Method TestRunStatsResultIncludesChunkCountsByVersion has 72 lines of code (limit is 50),codacy,internal/maintenance/stats_test.go,94,triaged,S3,gc,defer,Phase 3,v1.10.4 candidate issue linked from selected matrix row
CK-110-0677,CK-110-M062,Method TestRunGCMixedCompressionAgnosticPackedReachabilityAndRestoreStep311 has a cyclomatic complexity of 25 ,codacy,internal/maintenance/gc_test.go,1032,triaged,S3,gc,defer,Phase 3,v1.10.4 candidate issue linked from selected matrix row
CK-110-0678,CK-110-M051,Method TestStoreResolvesChunkerOncePerOperation has 104 lines of code (limit is 50),codacy,internal/storage/store_v2chunker_test.go,298,triaged,S3,storage,exclude,Phase 3,v1.10.4 candidate issue linked from selected matrix row
CK-110-0679,CK-110-M072,Lists should be surrounded by blank lines,codacy,docs/BENCHMARK_METRICS.md,312,triaged,S4,docs,exclude,Phase 3,v1.10.4 candidate issue linked from selected matrix row
CK-110-0680,CK-110-M026,Method flushPending has a cyclomatic complexity of 9 (limit is 8),codacy,internal/container/container.go,296,triaged,S2,storage,exclude,Phase 3,v1.10.4 candidate issue linked from selected matrix row
CK-110-0681,CK-110-M059,SQL Injection is a critical vulnerability that can lead to data or system compromise.,codacy,internal/observability/service_test.go,65,triaged,S3,security,exclude,Phase 2,v1.10.4 candidate issue linked from selected matrix row
CK-110-0682,CK-110-M072,Lists should be surrounded by blank lines,codacy,docs/benchmarking.md,333,triaged,S4,docs,exclude,Phase 3,v1.10.4 candidate issue linked from selected matrix row
CK-110-0683,CK-110-M026,Method storeFileWithStorageContextAndRuntimeResultWithPolicy has 92 lines of code (limit is 50),codacy,internal/storage/store.go,2354,triaged,S2,storage,exclude,Phase 3,v1.10.4 candidate issue linked from selected matrix row
CK-110-0684,CK-110-M020,Detected file permissions that are set to more than `0600` (user/owner can read and write). Setting file permi,codacy,internal/benchmark/corpus.go,287,triaged,S1,benchmark,exclude,Phase 3,v1.10.4 candidate issue linked from selected matrix row
CK-110-0685,CK-110-M037,Method quarantineCorruptActiveContainerTails has 99 lines of code (limit is 50),codacy,internal/recovery/system_recovery.go,321,triaged,S1,recovery,exclude,Phase 4,v1.10.4 candidate issue linked from selected matrix row
CK-110-0686,CK-110-M068,Method DefaultDatasets has 58 lines of code (limit is 50),codacy,internal/chunk/benchmark/datasets.go,34,triaged,S3,benchmark,exclude,Phase 3,v1.10.4 candidate issue linked from selected matrix row
CK-110-0687,CK-110-M054,File internal/verify/verify_system_test.go has 1558 non-comment lines of code,codacy,internal/verify/verify_system_test.go,1,triaged,S3,verify,exclude,Phase 4,v1.10.4 candidate issue linked from selected matrix row
CK-110-0688,CK-110-M020,Detected file permissions that are set to more than `0600` (user/owner can read and write). Setting file permi,codacy,internal/chunk/benchmark/runner.go,120,triaged,S1,benchmark,exclude,Phase 3,v1.10.4 candidate issue linked from selected matrix row
CK-110-0689,CK-110-M051,Method TestRemoveByStoredPathUnlinksSingleMappingAndKeepsSharedLogicalAlive has a cyclomatic complexity of 16 ,codacy,internal/storage/remove_test.go,359,triaged,S3,storage,exclude,Phase 3,v1.10.4 candidate issue linked from selected matrix row
CK-110-0690,CK-110-M070,Method TestRenderStatsHumanPrintsChunkerVersionsInSortedOrder has 131 lines of code (limit is 50),codacy,internal/cli/render/stats_test.go,82,triaged,S3,codacy,exclude,Phase 2,v1.10.4 candidate issue linked from selected matrix row
CK-110-0691,CK-110-M072,Expected: 1; Actual: 0; Below,codacy,docs/STEP64_METRICS_VALIDATION.md,135,triaged,S4,docs,exclude,Phase 3,v1.10.4 candidate issue linked from selected matrix row
CK-110-0692,CK-110-M057,The application was found setting directory permissions to overly permissive values.,codacy,tests/integration/v19_legacy_upgrade_path_integration_test.go,153,triaged,S3,filesystem,exclude,Phase 4,v1.10.4 candidate issue linked from selected matrix row
CK-110-0693,CK-110-M075,The 'id' field $X was used multiple times.,codacy,.golangci.yml,23,triaged,S4,gc,exclude,Phase 3,v1.10.4 candidate issue linked from selected matrix row
CK-110-0694,CK-110-M066,Method TestStep67CrossModeDeterminism has a cyclomatic complexity of 11 (limit is 8),codacy,tests/adversarial/g67_deterministic_restore_matrix_test.go,268,triaged,S3,restore,exclude,Phase 4,v1.10.4 candidate issue linked from selected matrix row
CK-110-0695,CK-110-M070,Method testStep68RunDedupScenario has a cyclomatic complexity of 13 (limit is 8),codacy,tests/adversarial/g68_dedup_semantics_matrix_test.go,121,triaged,S3,codacy,exclude,Phase 2,v1.10.4 candidate issue linked from selected matrix row
CK-110-0696,CK-110-M060,Method TestStorageBlockReaderCorruptedChunkRefsDoNotProduceSilentInvalidRestore has a cyclomatic complexity of,codacy,internal/storage/storage_block_reader_test.go,939,deferred,S3,packed-storage,exclude,Phase 2,v1.10.4 candidate issue linked from selected matrix row
CK-110-0697,CK-110-M067,"Detected string concatenation with a non-literal variable in a ""database/sql"" Go SQL statement.",codacy,internal/storage/restore_test.go,171,triaged,S3,restore,exclude,Phase 4,v1.10.4 candidate issue linked from selected matrix row
CK-110-0698,CK-110-M048,SQL Injection is a critical vulnerability that can lead to data or system compromise.,codacy,internal/db/migrations_test.go,1727,triaged,S3,migration,exclude,Phase 4,v1.10.4 candidate issue linked from selected matrix row
CK-110-0699,CK-110-M051,Method TestDefaultChunkerReturnsStableMetadata has a cyclomatic complexity of 13 (limit is 8),codacy,internal/chunk/registry_test.go,137,triaged,S3,storage,exclude,Phase 3,v1.10.4 candidate issue linked from selected matrix row
CK-110-0700,CK-110-M026,Method  has 79 lines of code (limit is 50),codacy,internal/storage/store.go,896,triaged,S2,storage,exclude,Phase 3,v1.10.4 candidate issue linked from selected matrix row
CK-110-0701,CK-110-M009,Insecure dependency golang/stdlib@v1.23.0 (CVE-2026-32289: html/template: golang: html/template: Cross-Site Sc,codacy,go.mod,3,triaged,S1,dependencies,exclude,Phase 4,v1.10.4 candidate issue linked from selected matrix row
CK-110-0702,CK-110-M057,Detected file permissions that are set to more than `0600` (user/owner can read and write). Setting file permi,codacy,tests/adversarial/g68_dedup_semantics_matrix_test.go,130,triaged,S3,filesystem,exclude,Phase 4,v1.10.4 candidate issue linked from selected matrix row
CK-110-0703,CK-110-M070,Method TestTraceDoesNotMutateState has a cyclomatic complexity of 16 (limit is 8),codacy,internal/observability/stats_test.go,731,triaged,S3,codacy,exclude,Phase 2,v1.10.4 candidate issue linked from selected matrix row
CK-110-0704,CK-110-M044,Method inspectSnapshot has 61 lines of code (limit is 50),codacy,internal/observability/inspect.go,184,triaged,S2,codacy,exclude,Phase 4,v1.10.4 candidate issue linked from selected matrix row
CK-110-0705,CK-110-M052,The application dynamically constructs file or path information.,codacy,internal/storage/store_compression_feature_gate_test.go,293,triaged,S3,storage,exclude,Phase 3,v1.10.4 candidate issue linked from selected matrix row
CK-110-0706,CK-110-M026,Method removePhysicalFileByPathTx has 67 lines of code (limit is 50),codacy,internal/storage/remove.go,95,triaged,S2,storage,exclude,Phase 3,v1.10.4 candidate issue linked from selected matrix row
CK-110-0707,CK-110-M070,Method TestPhase7BuildDeterministicV17StyleFixtureIntegration has 126 lines of code (limit is 50),codacy,tests/integration/v18_migration_compatibility_integration_test.go,122,triaged,S3,codacy,exclude,Phase 2,v1.10.4 candidate issue linked from selected matrix row
CK-110-0708,CK-110-M045,A gitleaks generic-api-key was detected which attempts to identify hard-coded credentials.,codacy,scripts/run_phase8_blocksize_matrix.sh,16,triaged,S1,tooling,exclude,Phase 4,v1.10.4 candidate issue linked from selected matrix row
CK-110-0709,CK-110-M063,SQL Injection is a critical vulnerability that can lead to data or system compromise.,codacy,internal/gc/plan_test.go,118,triaged,S3,gc,defer,Phase 3,v1.10.4 candidate issue linked from selected matrix row
CK-110-0710,CK-110-M014,SQL Injection is a critical vulnerability that can lead to data or system compromise.,codacy,internal/maintenance/gc.go,278,triaged,S1,gc,include,Phase 3,v1.10.4 candidate issue linked from selected matrix row
CK-110-0711,CK-110-M057,The application was found setting file permissions to overly permissive values.,codacy,tests/utils/common.go,758,triaged,S3,filesystem,exclude,Phase 4,v1.10.4 candidate issue linked from selected matrix row
CK-110-0712,CK-110-M052,The application was found setting directory permissions to overly permissive values.,codacy,internal/storage/phase1_compat_matrix_test.go,114,triaged,S3,storage,exclude,Phase 3,v1.10.4 candidate issue linked from selected matrix row
CK-110-0713,CK-110-M057,The application was found setting directory permissions to overly permissive values.,codacy,tests/adversarial/g9_batch_semantics_adversarial_test.go,618,triaged,S3,filesystem,exclude,Phase 4,v1.10.4 candidate issue linked from selected matrix row
CK-110-0714,CK-110-M044,Method inspectContainer has 75 lines of code (limit is 50),codacy,internal/observability/inspect.go,403,triaged,S2,codacy,exclude,Phase 4,v1.10.4 candidate issue linked from selected matrix row
CK-110-0715,CK-110-M036,Method verifySystem has a cyclomatic complexity of 9 (limit is 8),codacy,internal/maintenance/verify_command.go,62,triaged,S2,gc,include,Phase 3,v1.10.4 candidate issue linked from selected matrix row
CK-110-0716,CK-110-M059,SQL Injection is a critical vulnerability that can lead to data or system compromise.,codacy,tests/adversarial/g2_inconsistent_state_adversarial_test.go,122,triaged,S3,security,exclude,Phase 2,v1.10.4 candidate issue linked from selected matrix row
CK-110-0717,CK-110-M067,The application was found setting directory permissions to overly permissive values.,codacy,tests/adversarial/g1_deterministic_restore_adversarial_test.go,153,triaged,S3,restore,exclude,Phase 4,v1.10.4 candidate issue linked from selected matrix row
CK-110-0718,CK-110-M052,The application was found setting file permissions to overly permissive values.,codacy,internal/container/container_test.go,241,triaged,S3,storage,exclude,Phase 3,v1.10.4 candidate issue linked from selected matrix row
CK-110-0719,CK-110-M072,Lists should be surrounded by blank lines,codacy,docs/STEP64_METRICS_VALIDATION.md,224,triaged,S4,docs,exclude,Phase 3,v1.10.4 candidate issue linked from selected matrix row
CK-110-0720,CK-110-M070,Method TestListFilesReturnsCurrentStatePhysicalPaths has 62 lines of code (limit is 50),codacy,internal/listing/list_test.go,52,triaged,S3,codacy,exclude,Phase 2,v1.10.4 candidate issue linked from selected matrix row
CK-110-0721,CK-110-M060,Method assertRestoreVerifyStageCompatibility has a cyclomatic complexity of 9 (limit is 8),codacy,internal/storage/storage_block_reader_test.go,1019,deferred,S3,packed-storage,exclude,Phase 2,v1.10.4 candidate issue linked from selected matrix row
CK-110-0722,CK-110-M070,Method TestPhase7SnapshotCompatibilityIntegration has a cyclomatic complexity of 43 (limit is 8),codacy,tests/integration/v18_migration_compatibility_integration_test.go,1148,triaged,S3,codacy,exclude,Phase 2,v1.10.4 candidate issue linked from selected matrix row
CK-110-0723,CK-110-M072,Lists should be surrounded by blank lines,codacy,docs/BENCHMARK_CORPORA.md,158,triaged,S4,docs,exclude,Phase 3,v1.10.4 candidate issue linked from selected matrix row
CK-110-0724,CK-110-M036,Method verifyFile has a cyclomatic complexity of 11 (limit is 8),codacy,internal/maintenance/verify_command.go,88,triaged,S2,gc,include,Phase 3,v1.10.4 candidate issue linked from selected matrix row
CK-110-0725,CK-110-M009,Insecure dependency golang/stdlib@v1.23.0 (CVE-2025-61729: crypto/x509: golang: Denial of Service due to exces,codacy,go.mod,3,triaged,S1,dependencies,exclude,Phase 4,v1.10.4 candidate issue linked from selected matrix row
CK-110-0726,CK-110-M023,OS command injection is a critical vulnerability that can lead to a full system compromise as it may allow an ,codacy,tests/adversarial/g10_g13_physical_graph_adversarial_test.go,17,triaged,S1,codacy,exclude,Phase 4,v1.10.4 candidate issue linked from selected matrix row
CK-110-0727,CK-110-M049,File tests/adversarial/g14_g17_snapshot_retention_adversarial_test.go has 538 non-comment lines of code,codacy,tests/adversarial/g14_g17_snapshot_retention_adversarial_test.go,1,triaged,S3,snapshot,exclude,Phase 2,v1.10.4 candidate issue linked from selected matrix row
CK-110-0728,CK-110-M027,Method verifyDecodedBlockHeaderAndTable has a cyclomatic complexity of 15 (limit is 8),codacy,internal/verify/verify_repository.go,586,triaged,S2,verify,exclude,Phase 2,v1.10.4 candidate issue linked from selected matrix row
CK-110-0729,CK-110-M006,The application was found setting directory permissions to overly permissive values.,codacy,internal/container/container.go,452,triaged,S1,storage,exclude,Phase 4,v1.10.4 candidate issue linked from selected matrix row
CK-110-0730,CK-110-M062,Method TestRunStatsResultIncludesSnapshotRetentionVisibility has a cyclomatic complexity of 13 (limit is 8),codacy,internal/maintenance/stats_test.go,46,triaged,S3,gc,defer,Phase 3,v1.10.4 candidate issue linked from selected matrix row
CK-110-0731,CK-110-M070,Method TestInspectLogicalFileForwardRelations has a cyclomatic complexity of 10 (limit is 8),codacy,internal/observability/inspect_test.go,703,triaged,S3,codacy,exclude,Phase 2,v1.10.4 candidate issue linked from selected matrix row
CK-110-0732,CK-110-M070,Method TestCountersEnabledSnapshotAndFlush has a cyclomatic complexity of 16 (limit is 8),codacy,internal/iodebug/counters_test.go,45,triaged,S3,codacy,exclude,Phase 2,v1.10.4 candidate issue linked from selected matrix row
CK-110-0733,CK-110-M062,Method TestRunStatsResultVersionTotalsMatchDatabaseReality has a cyclomatic complexity of 10 (limit is 8),codacy,internal/maintenance/stats_test.go,375,triaged,S3,gc,defer,Phase 3,v1.10.4 candidate issue linked from selected matrix row
CK-110-0734,CK-110-M009,Insecure dependency golang/stdlib@v1.23.0 (CVE-2025-61728: golang: archive/zip: Excessive CPU consumption when,codacy,go.mod,3,triaged,S1,dependencies,exclude,Phase 4,v1.10.4 candidate issue linked from selected matrix row
CK-110-0735,CK-110-M057,The application was found setting directory permissions to overly permissive values.,codacy,tests/adversarial/g8_system_invariants_lifecycle_adversarial_test.go,235,triaged,S3,filesystem,exclude,Phase 4,v1.10.4 candidate issue linked from selected matrix row
CK-110-0736,CK-110-M070,Method  has 64 lines of code (limit is 50),codacy,tests/adversarial/g2_inconsistent_state_adversarial_test.go,102,triaged,S3,codacy,exclude,Phase 2,v1.10.4 candidate issue linked from selected matrix row
CK-110-0737,CK-110-M070,Method TestPhase8MetadataMigrationIntegration has 199 lines of code (limit is 50),codacy,tests/integration/v18_migration_compatibility_integration_test.go,1438,triaged,S3,codacy,exclude,Phase 2,v1.10.4 candidate issue linked from selected matrix row
CK-110-0738,CK-110-M070,Method AssertDeepVerifyAggregateError has a cyclomatic complexity of 13 (limit is 8),codacy,tests/utils/common.go,559,triaged,S3,codacy,exclude,Phase 2,v1.10.4 candidate issue linked from selected matrix row
CK-110-0739,CK-110-M020,The application was found setting directory permissions to overly permissive values.,codacy,internal/benchmark/runner.go,181,triaged,S1,benchmark,exclude,Phase 3,v1.10.4 candidate issue linked from selected matrix row
CK-110-0740,CK-110-M070,Method  has 55 lines of code (limit is 50),codacy,tests/adversarial/g3_no_data_loss_valid_sequences_adversarial_test.go,176,triaged,S3,codacy,exclude,Phase 2,v1.10.4 candidate issue linked from selected matrix row
CK-110-0741,CK-110-M063,SQL Injection is a critical vulnerability that can lead to data or system compromise.,codacy,internal/gc/plan_test.go,447,triaged,S3,gc,defer,Phase 3,v1.10.4 candidate issue linked from selected matrix row
CK-110-0742,CK-110-M066,Method TestRestoreFailsOnPayloadReadShortRead has a cyclomatic complexity of 11 (limit is 8),codacy,internal/storage/restore_test.go,1660,triaged,S3,restore,exclude,Phase 4,v1.10.4 candidate issue linked from selected matrix row
CK-110-0743,CK-110-M037,Method quarantineOrphanContainers has a cyclomatic complexity of 16 (limit is 8),codacy,internal/recovery/system_recovery.go,437,triaged,S1,recovery,exclude,Phase 4,v1.10.4 candidate issue linked from selected matrix row
CK-110-0744,CK-110-M005,The application dynamically constructs file or path information.,codacy,internal/container/container.go,86,triaged,S1,storage,exclude,Phase 4,v1.10.4 candidate issue linked from selected matrix row
CK-110-0745,CK-110-M072,Expected: 2; Actual: 3,codacy,docs/benchmarking.md,654,triaged,S4,docs,exclude,Phase 3,v1.10.4 candidate issue linked from selected matrix row
CK-110-0746,CK-110-M062,Method TestStep11PackedOnlyDeadBlockDeletionRunGCAndVerify has a cyclomatic complexity of 11 (limit is 8),codacy,internal/maintenance/gc_step11_test.go,154,triaged,S3,gc,defer,Phase 3,v1.10.4 candidate issue linked from selected matrix row
CK-110-0747,CK-110-M001,All queries must target RAC_* tables.Query does not reference RAC_* table.,codacy,db/schema_postgres.sql,459,triaged,S1,migration,exclude,Phase 4,v1.10.4 candidate issue linked from selected matrix row
CK-110-0748,CK-110-M054,Method TestVerifyBlockPayloadsDetectsCompressedHashMismatchStageOnCompressedBlock has a cyclomatic complexity ,codacy,internal/verify/verify_system_test.go,1302,triaged,S3,verify,exclude,Phase 4,v1.10.4 candidate issue linked from selected matrix row
CK-110-0749,CK-110-M004,SQL Injection is a critical vulnerability that can lead to data or system compromise.,codacy,internal/storage/store.go,2186,triaged,S1,storage,exclude,Phase 4,v1.10.4 candidate issue linked from selected matrix row
CK-110-0750,CK-110-M036,File internal/maintenance/stats.go has 535 non-comment lines of code,codacy,internal/maintenance/stats.go,1,triaged,S2,gc,include,Phase 3,v1.10.4 candidate issue linked from selected matrix row
CK-110-0751,CK-110-M066,Method TestRestoreFailureDoesNotCorruptDestination has a cyclomatic complexity of 15 (limit is 8),codacy,internal/storage/restore_test.go,2027,triaged,S3,restore,exclude,Phase 4,v1.10.4 candidate issue linked from selected matrix row
CK-110-0752,CK-110-M010,The application dynamically constructs file or path information.,codacy,internal/iodebug/counters.go,155,triaged,S1,filesystem,exclude,Phase 4,v1.10.4 candidate issue linked from selected matrix row
CK-110-0753,CK-110-M062,Method TestReachabilityRootsDocumentation has a cyclomatic complexity of 16 (limit is 8),codacy,internal/gc/plan_test.go,795,triaged,S3,gc,defer,Phase 3,v1.10.4 candidate issue linked from selected matrix row
CK-110-0754,CK-110-M063,The application was found setting directory permissions to overly permissive values.,codacy,tests/adversarial/g69_gc_safety_matrix_test.go,162,triaged,S3,gc,defer,Phase 3,v1.10.4 candidate issue linked from selected matrix row
CK-110-0755,CK-110-M062,Method TestGCReachabilityMatchesLegacy has 87 lines of code (limit is 50),codacy,internal/maintenance/gc_test.go,610,triaged,S3,gc,defer,Phase 3,v1.10.4 candidate issue linked from selected matrix row
CK-110-0756,CK-110-M069,The application dynamically constructs file or path information.,codacy,internal/benchmark/dataset_test.go,58,triaged,S3,benchmark,exclude,Phase 4,v1.10.4 candidate issue linked from selected matrix row
CK-110-0757,CK-110-M026,Method prepareFileForStoreWithContext has 57 lines of code (limit is 50),codacy,internal/storage/store.go,99,triaged,S2,storage,exclude,Phase 3,v1.10.4 candidate issue linked from selected matrix row
CK-110-0758,CK-110-M070,Method TestSnapshotReachabilityViaSQLMatchesLegacyLoop has a cyclomatic complexity of 19 (limit is 8),codacy,internal/observability/stats_test.go,893,triaged,S3,codacy,exclude,Phase 2,v1.10.4 candidate issue linked from selected matrix row
CK-110-0759,CK-110-M051,Method TestChunkFileSplitsAtMaxChunkSizeWhenRollingMaskNeverMatches has a cyclomatic complexity of 12 (limit i,codacy,internal/chunk/simplecdc/chunker_test.go,10,triaged,S3,storage,exclude,Phase 3,v1.10.4 candidate issue linked from selected matrix row
CK-110-0760,CK-110-M057,The application was found setting file permissions to overly permissive values.,codacy,tests/adversarial/g2_inconsistent_state_adversarial_test.go,266,triaged,S3,filesystem,exclude,Phase 4,v1.10.4 candidate issue linked from selected matrix row
CK-110-0761,CK-110-M054,Method TestVerifyRepositoryRejectsInvalidDualLegacyPackedMapping has a cyclomatic complexity of 10 (limit is 8,codacy,internal/verify/verify_system_test.go,307,triaged,S3,verify,exclude,Phase 4,v1.10.4 candidate issue linked from selected matrix row
CK-110-0762,CK-110-M056,Method TestReadPathRestoreAfterMigrationIntegration has a cyclomatic complexity of 10 (limit is 8),codacy,tests/integration/read_path_regression_test.go,75,triaged,S3,filesystem,exclude,Phase 2,v1.10.4 candidate issue linked from selected matrix row
CK-110-0763,CK-110-M069,The application dynamically constructs file or path information.,codacy,internal/benchmark/dataset_test.go,63,triaged,S3,benchmark,exclude,Phase 4,v1.10.4 candidate issue linked from selected matrix row
CK-110-0764,CK-110-M020,The application was found setting directory permissions to overly permissive values.,codacy,internal/chunk/benchmark/runner.go,120,triaged,S1,benchmark,exclude,Phase 3,v1.10.4 candidate issue linked from selected matrix row
CK-110-0765,CK-110-M047,Method TestEnsurePostgresSchemaAutoMigratesVersionElevenToTwelve has a cyclomatic complexity of 13 (limit is 8,codacy,internal/db/migrations_test.go,1476,triaged,S3,migration,exclude,Phase 4,v1.10.4 candidate issue linked from selected matrix row
CK-110-0766,CK-110-M067,The application dynamically constructs file or path information.,codacy,tests/adversarial/g1_deterministic_restore_adversarial_test.go,382,triaged,S3,restore,exclude,Phase 4,v1.10.4 candidate issue linked from selected matrix row
CK-110-0767,CK-110-M070,Method TestInspectLogicalFileReverseRelations has a cyclomatic complexity of 11 (limit is 8),codacy,internal/observability/inspect_test.go,736,triaged,S3,codacy,exclude,Phase 2,v1.10.4 candidate issue linked from selected matrix row
CK-110-0768,CK-110-M057,The application was found setting file permissions to overly permissive values.,codacy,tests/integration/v18_migration_compatibility_integration_test.go,50,triaged,S3,filesystem,exclude,Phase 4,v1.10.4 candidate issue linked from selected matrix row
CK-110-0769,CK-110-M057,Detected file permissions that are set to more than `0600` (user/owner can read and write). Setting file permi,codacy,tests/adversarial/g9_batch_semantics_adversarial_test.go,618,triaged,S3,filesystem,exclude,Phase 4,v1.10.4 candidate issue linked from selected matrix row
CK-110-0770,CK-110-M070,Method  has 54 lines of code (limit is 50),codacy,tests/adversarial/g7_deep_corruption_adversarial_test.go,316,triaged,S3,codacy,exclude,Phase 2,v1.10.4 candidate issue linked from selected matrix row
CK-110-0771,CK-110-M066,Method TestRestorePinningFailsOnMalformedChunkChunkerVersion has a cyclomatic complexity of 11 (limit is 8),codacy,internal/storage/restore_test.go,427,triaged,S3,restore,exclude,Phase 4,v1.10.4 candidate issue linked from selected matrix row
CK-110-0772,CK-110-M070,Method TestInspectContainerIncludesReverseRelations has a cyclomatic complexity of 10 (limit is 8),codacy,internal/observability/inspect_test.go,295,triaged,S3,codacy,exclude,Phase 2,v1.10.4 candidate issue linked from selected matrix row
CK-110-0773,CK-110-M051,Method  has 104 lines of code (limit is 50),codacy,tests/adversarial/v110_s0_chunk_reuse_bounds_stabilization_test.go,45,triaged,S3,storage,exclude,Phase 3,v1.10.4 candidate issue linked from selected matrix row
CK-110-0774,CK-110-M072,Lists should be surrounded by blank lines,codacy,docs/STEP64_METRICS_VALIDATION.md,230,triaged,S4,docs,exclude,Phase 3,v1.10.4 candidate issue linked from selected matrix row
CK-110-0775,CK-110-M070,Method TestGetReachableChunksFromSnapshots has 53 lines of code (limit is 50),codacy,internal/graph/reachability_test.go,30,triaged,S3,codacy,exclude,Phase 2,v1.10.4 candidate issue linked from selected matrix row
CK-110-0776,CK-110-M045,"First line should end with a period, question mark, or exclamation point (not 'r') (D415)",codacy,scripts/validate_regression_thresholds.py,2,triaged,S1,tooling,exclude,Phase 4,v1.10.4 candidate issue linked from selected matrix row
CK-110-0777,CK-110-M054,Method seedVerifyLegacyBlockFixture has 62 lines of code (limit is 50),codacy,internal/verify/verify_system_test.go,797,triaged,S3,verify,exclude,Phase 4,v1.10.4 candidate issue linked from selected matrix row
CK-110-0778,CK-110-M072,Lists should be surrounded by blank lines,codacy,docs/STEP64_METRICS_VALIDATION.md,39,triaged,S4,docs,exclude,Phase 3,v1.10.4 candidate issue linked from selected matrix row
CK-110-0779,CK-110-M057,The application dynamically constructs file or path information.,codacy,tests/adversarial/g9_batch_semantics_adversarial_test.go,516,triaged,S3,filesystem,exclude,Phase 4,v1.10.4 candidate issue linked from selected matrix row
CK-110-0780,CK-110-M057,Detected file permissions that are set to more than `0600` (user/owner can read and write). Setting file permi,codacy,tests/adversarial/g10_g13_physical_graph_adversarial_test.go,60,triaged,S3,filesystem,exclude,Phase 4,v1.10.4 candidate issue linked from selected matrix row
CK-110-0781,CK-110-M070,Method TestTraverseDeterministicOrder has a cyclomatic complexity of 11 (limit is 8),codacy,internal/graph/traversal_test.go,145,triaged,S3,codacy,exclude,Phase 2,v1.10.4 candidate issue linked from selected matrix row
CK-110-0782,CK-110-M047,Method TestRunMigrationsCreatesCompressionConfigDefaults has a cyclomatic complexity of 9 (limit is 8),codacy,internal/db/migrations_test.go,2168,triaged,S3,migration,exclude,Phase 4,v1.10.4 candidate issue linked from selected matrix row
CK-110-0783,CK-110-M070,Method TestComputeReachabilitySummary has a cyclomatic complexity of 13 (limit is 8),codacy,internal/retention/reachability_test.go,182,triaged,S3,codacy,exclude,Phase 2,v1.10.4 candidate issue linked from selected matrix row
CK-110-0784,CK-110-M062,Method TestSweepUnreachableChunksMetadataOrderTransactionSafety has a cyclomatic complexity of 17 (limit is 8),codacy,internal/maintenance/gc_packed_test.go,435,triaged,S3,gc,defer,Phase 3,v1.10.4 candidate issue linked from selected matrix row
CK-110-0785,CK-110-M070,Method  has 54 lines of code (limit is 50),codacy,tests/adversarial/g6_concurrent_operations_adversarial_test.go,161,triaged,S3,codacy,exclude,Phase 2,v1.10.4 candidate issue linked from selected matrix row
CK-110-0786,CK-110-M025,Method planSnapshotRestoreOutputs has 70 lines of code (limit is 50),codacy,internal/snapshot/snapshot.go,1125,triaged,S2,snapshot,exclude,Phase 2,v1.10.4 candidate issue linked from selected matrix row
CK-110-0787,CK-110-M052,The application dynamically constructs file or path information.,codacy,internal/storage/phase1_compat_matrix_test.go,96,triaged,S3,storage,exclude,Phase 3,v1.10.4 candidate issue linked from selected matrix row
CK-110-0788,CK-110-M050,The application was found setting directory permissions to overly permissive values.,codacy,tests/adversarial/g14_g17_snapshot_retention_adversarial_test.go,409,triaged,S3,snapshot,exclude,Phase 2,v1.10.4 candidate issue linked from selected matrix row
CK-110-0789,CK-110-M055,The application dynamically constructs file or path information.,codacy,internal/verify/verify_system_test.go,539,triaged,S3,verify,exclude,Phase 4,v1.10.4 candidate issue linked from selected matrix row
CK-110-0790,CK-110-M068,Method GenerateDataset has a cyclomatic complexity of 10 (limit is 8),codacy,internal/benchmark/dataset.go,30,triaged,S3,benchmark,exclude,Phase 3,v1.10.4 candidate issue linked from selected matrix row
CK-110-0791,CK-110-M026,Method buildStoreFileRuntime has 62 lines of code (limit is 50),codacy,internal/storage/store.go,760,triaged,S2,storage,exclude,Phase 3,v1.10.4 candidate issue linked from selected matrix row
CK-110-0792,CK-110-M051,Method runCompressionSmokeMeasurement has 55 lines of code (limit is 50),codacy,internal/storage/store_compression_feature_gate_test.go,365,triaged,S3,storage,exclude,Phase 3,v1.10.4 candidate issue linked from selected matrix row
CK-110-0793,CK-110-M052,The application dynamically constructs file or path information.,codacy,internal/storage/store_compression_feature_gate_test.go,123,triaged,S3,storage,exclude,Phase 3,v1.10.4 candidate issue linked from selected matrix row
CK-110-0794,CK-110-M070,Method TestSimulateGCMatchesGCPlan has a cyclomatic complexity of 10 (limit is 8),codacy,internal/observability/service_test.go,215,triaged,S3,codacy,exclude,Phase 2,v1.10.4 candidate issue linked from selected matrix row
CK-110-0795,CK-110-M070,Method TestInspectRepositoryBasic has a cyclomatic complexity of 19 (limit is 8),codacy,internal/observability/inspect_test.go,95,triaged,S3,codacy,exclude,Phase 2,v1.10.4 candidate issue linked from selected matrix row
CK-110-0796,CK-110-M057,Detected file permissions that are set to more than `0600` (user/owner can read and write). Setting file permi,codacy,tests/utils/common.go,316,triaged,S3,filesystem,exclude,Phase 4,v1.10.4 candidate issue linked from selected matrix row
CK-110-0797,CK-110-M062,Method TestCollectBlockStatsAndRunStatsExposure has a cyclomatic complexity of 31 (limit is 8),codacy,internal/maintenance/stats_test.go,428,triaged,S3,gc,defer,Phase 3,v1.10.4 candidate issue linked from selected matrix row
CK-110-0798,CK-110-M068,Method TestRunBenchmarkRunsCasesInOrderWithIsolatedContexts has a cyclomatic complexity of 13 (limit is 8),codacy,internal/benchmark/runner_test.go,11,triaged,S3,benchmark,exclude,Phase 3,v1.10.4 candidate issue linked from selected matrix row
CK-110-0799,CK-110-M072,Expected: 1; Actual: 0; Below,codacy,docs/STEP64_METRICS_VALIDATION.md,212,triaged,S4,docs,exclude,Phase 3,v1.10.4 candidate issue linked from selected matrix row
CK-110-0800,CK-110-M057,The application was found setting file permissions to overly permissive values.,codacy,tests/integration/v18_migration_compatibility_integration_test.go,845,triaged,S3,filesystem,exclude,Phase 4,v1.10.4 candidate issue linked from selected matrix row
CK-110-0801,CK-110-M025,Method GetSnapshotStats has a cyclomatic complexity of 15 (limit is 8),codacy,internal/snapshot/snapshot.go,599,triaged,S2,snapshot,exclude,Phase 2,v1.10.4 candidate issue linked from selected matrix row
CK-110-0802,CK-110-M057,The application was found setting directory permissions to overly permissive values.,codacy,tests/adversarial/g7_deep_corruption_adversarial_test.go,113,triaged,S3,filesystem,exclude,Phase 4,v1.10.4 candidate issue linked from selected matrix row
CK-110-0803,CK-110-M001,All queries must target RAC_* tables.Query does not reference RAC_* table.,codacy,db/schema_postgres.sql,432,triaged,S1,migration,exclude,Phase 4,v1.10.4 candidate issue linked from selected matrix row
CK-110-0804,CK-110-M070,Method TestPhase7BuildFixtureWithActualV17BinaryIntegration has 56 lines of code (limit is 50),codacy,tests/integration/v18_migration_compatibility_integration_test.go,1080,triaged,S3,codacy,exclude,Phase 2,v1.10.4 candidate issue linked from selected matrix row
CK-110-0805,CK-110-M036,Method runStatsResultWithDB has 212 lines of code (limit is 50),codacy,internal/maintenance/stats.go,138,triaged,S2,gc,include,Phase 3,v1.10.4 candidate issue linked from selected matrix row
CK-110-0806,CK-110-M070,Method  has a cyclomatic complexity of 11 (limit is 8),codacy,tests/adversarial/g9_batch_semantics_adversarial_test.go,233,triaged,S3,codacy,exclude,Phase 2,v1.10.4 candidate issue linked from selected matrix row
CK-110-0807,CK-110-M060,Method TestStorageBlockReaderEncryptedPlaintextSizeMismatchDetectedWithoutPartialOutput has a cyclomatic compl,codacy,internal/storage/storage_block_reader_test.go,849,deferred,S3,packed-storage,exclude,Phase 2,v1.10.4 candidate issue linked from selected matrix row
CK-110-0808,CK-110-M072,Lists should be surrounded by blank lines,codacy,docs/STEP64_METRICS_VALIDATION.md,21,triaged,S4,docs,exclude,Phase 3,v1.10.4 candidate issue linked from selected matrix row
CK-110-0809,CK-110-M068,Method RunBenchmark has 59 lines of code (limit is 50),codacy,internal/benchmark/runner.go,50,triaged,S3,benchmark,exclude,Phase 3,v1.10.4 candidate issue linked from selected matrix row
CK-110-0810,CK-110-M072,Expected: 2; Actual: 3,codacy,docs/benchmarking.md,653,triaged,S4,docs,exclude,Phase 3,v1.10.4 candidate issue linked from selected matrix row
CK-110-0811,CK-110-M066,Method TestRestoreFailurePreservesExistingOutput has a cyclomatic complexity of 14 (limit is 8),codacy,internal/storage/restore_test.go,1922,triaged,S3,restore,exclude,Phase 4,v1.10.4 candidate issue linked from selected matrix row
CK-110-0812,CK-110-M048,"Detected string concatenation with a non-literal variable in a ""database/sql"" Go SQL statement.",codacy,internal/db/migrations_test.go,570,triaged,S3,migration,exclude,Phase 4,v1.10.4 candidate issue linked from selected matrix row
CK-110-0813,CK-110-M001,String-formatted SQL query detected.,codacy,internal/db/db.go,124,triaged,S1,migration,exclude,Phase 4,v1.10.4 candidate issue linked from selected matrix row
CK-110-0814,CK-110-M057,Detected file permissions that are set to more than `0600` (user/owner can read and write). Setting file permi,codacy,tests/integration/v18_migration_compatibility_integration_test.go,826,triaged,S3,filesystem,exclude,Phase 4,v1.10.4 candidate issue linked from selected matrix row
CK-110-0815,CK-110-M047,Method TestRunMigrationsBackfillsPhysicalFileForLegacyLogicalFiles has 108 lines of code (limit is 50),codacy,internal/db/migrations_test.go,1952,triaged,S3,migration,exclude,Phase 4,v1.10.4 candidate issue linked from selected matrix row
CK-110-0816,CK-110-M056,File internal/observability/inspect_test.go has 1154 non-comment lines of code,codacy,internal/observability/inspect_test.go,1,triaged,S3,filesystem,exclude,Phase 2,v1.10.4 candidate issue linked from selected matrix row
CK-110-0817,CK-110-M062,Method TestRunStatsResultBucketsUnknownChunkerMetadata has a cyclomatic complexity of 9 (limit is 8),codacy,internal/maintenance/stats_test.go,172,triaged,S3,gc,defer,Phase 3,v1.10.4 candidate issue linked from selected matrix row
CK-110-0818,CK-110-M054,Method TestVerifyRepositoryRejectsInvalidDualLegacyPackedMapping has 64 lines of code (limit is 50),codacy,internal/verify/verify_system_test.go,307,triaged,S3,verify,exclude,Phase 4,v1.10.4 candidate issue linked from selected matrix row
CK-110-0819,CK-110-M063,SQL Injection is a critical vulnerability that can lead to data or system compromise.,codacy,internal/gc/plan_test.go,157,triaged,S3,gc,defer,Phase 3,v1.10.4 candidate issue linked from selected matrix row
CK-110-0820,CK-110-M070,Method TestRenderStatsJSONWritesResultPayload has 66 lines of code (limit is 50),codacy,internal/cli/render/stats_test.go,13,triaged,S3,codacy,exclude,Phase 2,v1.10.4 candidate issue linked from selected matrix row
CK-110-0821,CK-110-M068,Method  has 67 lines of code (limit is 50),codacy,internal/verify/verify_performance_benchmark_test.go,143,triaged,S3,benchmark,exclude,Phase 3,v1.10.4 candidate issue linked from selected matrix row
CK-110-0822,CK-110-M048,"Detected string concatenation with a non-literal variable in a ""database/sql"" Go SQL statement.",codacy,internal/db/migrations_test.go,1304,triaged,S3,migration,exclude,Phase 4,v1.10.4 candidate issue linked from selected matrix row
CK-110-0823,CK-110-M072,Lists should be surrounded by blank lines,codacy,docs/BENCHMARK_CORPORA.md,300,triaged,S4,docs,exclude,Phase 3,v1.10.4 candidate issue linked from selected matrix row
CK-110-0824,CK-110-M057,The application was found setting directory permissions to overly permissive values.,codacy,tests/integration/v19_legacy_upgrade_path_integration_test.go,210,triaged,S3,filesystem,exclude,Phase 4,v1.10.4 candidate issue linked from selected matrix row
CK-110-0825,CK-110-M026,Method ensurePhysicalFileForPathDefaultPolicyWithTx has 59 lines of code (limit is 50),codacy,internal/storage/physical_file_repository.go,174,triaged,S2,storage,exclude,Phase 3,v1.10.4 candidate issue linked from selected matrix row
CK-110-0826,CK-110-M070,Method verifyInvariantConvergenceG8 has a cyclomatic complexity of 13 (limit is 8),codacy,tests/adversarial/g8_system_invariants_lifecycle_adversarial_test.go,111,triaged,S3,codacy,exclude,Phase 2,v1.10.4 candidate issue linked from selected matrix row
CK-110-0827,CK-110-M047,Method TestLoadSQLiteSchemaCreatesPhaseOneV8FreshBootstrap has 87 lines of code (limit is 50),codacy,internal/db/migrations_test.go,339,triaged,S3,migration,exclude,Phase 4,v1.10.4 candidate issue linked from selected matrix row
CK-110-0828,CK-110-M026,Method ChunkFile has a cyclomatic complexity of 9 (limit is 8),codacy,internal/chunk/fastcdc/chunker.go,46,triaged,S2,storage,exclude,Phase 3,v1.10.4 candidate issue linked from selected matrix row
CK-110-0829,CK-110-M045,Multi-line docstring summary should start at the first line (D212),codacy,scripts/validate_regression_thresholds.py,2,triaged,S1,tooling,exclude,Phase 4,v1.10.4 candidate issue linked from selected matrix row
CK-110-0830,CK-110-M001,All queries must target RAC_* tables.Query does not reference RAC_* table.,codacy,db/schema_postgres.sql,21,triaged,S1,migration,exclude,Phase 4,v1.10.4 candidate issue linked from selected matrix row
CK-110-0831,CK-110-M060,Method TestStorageBlockReaderLogicalHashMismatchOnCompressedFixture has a cyclomatic complexity of 9 (limit is,codacy,internal/storage/storage_block_reader_test.go,964,deferred,S3,packed-storage,exclude,Phase 2,v1.10.4 candidate issue linked from selected matrix row
CK-110-0832,CK-110-M070,Method RunFixtureFolderEndToEnd has a cyclomatic complexity of 20 (limit is 8),codacy,tests/utils/common.go,979,triaged,S3,codacy,exclude,Phase 2,v1.10.4 candidate issue linked from selected matrix row
CK-110-0833,CK-110-M056,Method TestReadPathRestoreNewlyStoredFileAfterPhase3Integration has a cyclomatic complexity of 12 (limit is 8),codacy,tests/integration/read_path_regression_test.go,128,triaged,S3,filesystem,exclude,Phase 2,v1.10.4 candidate issue linked from selected matrix row
CK-110-0834,CK-110-M001,All queries must target RAC_* tables.Query does not reference RAC_* table.,codacy,db/schema_postgres.sql,46,triaged,S1,migration,exclude,Phase 4,v1.10.4 candidate issue linked from selected matrix row
CK-110-0835,CK-110-M059,SQL Injection is a critical vulnerability that can lead to data or system compromise.,codacy,tests/adversarial/g6_concurrent_operations_adversarial_test.go,473,triaged,S3,security,exclude,Phase 2,v1.10.4 candidate issue linked from selected matrix row
CK-110-0836,CK-110-M047,Method TestRunMigrationsBackfillsPhysicalFileForLegacyLogicalFiles has a cyclomatic complexity of 22 (limit is,codacy,internal/db/migrations_test.go,1952,triaged,S3,migration,exclude,Phase 4,v1.10.4 candidate issue linked from selected matrix row
CK-110-0837,CK-110-M027,Method VerifyFileStandardWithContainersDir has a cyclomatic complexity of 21 (limit is 8),codacy,internal/verify/verify_file.go,118,triaged,S2,verify,exclude,Phase 2,v1.10.4 candidate issue linked from selected matrix row
CK-110-0838,CK-110-M044,Method SnapshotRoots has a cyclomatic complexity of 11 (limit is 8),codacy,internal/graph/reachability.go,45,triaged,S2,codacy,exclude,Phase 4,v1.10.4 candidate issue linked from selected matrix row
CK-110-0839,CK-110-M026,Method validateReusableCompletedChunkWithContext has a cyclomatic complexity of 17 (limit is 8),codacy,internal/storage/store.go,1122,triaged,S2,storage,exclude,Phase 3,v1.10.4 candidate issue linked from selected matrix row
CK-110-0840,CK-110-M004,SQL Injection is a critical vulnerability that can lead to data or system compromise.,codacy,internal/container/simulated_writer.go,150,triaged,S1,storage,exclude,Phase 4,v1.10.4 candidate issue linked from selected matrix row
CK-110-0841,CK-110-M067,The application dynamically constructs file or path information.,codacy,internal/storage/restore_test.go,2617,triaged,S3,restore,exclude,Phase 4,v1.10.4 candidate issue linked from selected matrix row
CK-110-0842,CK-110-M037,Method recoverSealingContainers has a cyclomatic complexity of 11 (limit is 8),codacy,internal/recovery/system_recovery.go,174,triaged,S1,recovery,exclude,Phase 4,v1.10.4 candidate issue linked from selected matrix row
CK-110-0843,CK-110-M072,Lists should be surrounded by blank lines,codacy,docs/benchmarking.md,1500,triaged,S4,docs,exclude,Phase 3,v1.10.4 candidate issue linked from selected matrix row
CK-110-0844,CK-110-M062,File internal/maintenance/stats_test.go has 559 non-comment lines of code,codacy,internal/maintenance/stats_test.go,1,triaged,S3,gc,defer,Phase 3,v1.10.4 candidate issue linked from selected matrix row
CK-110-0845,CK-110-M048,SQL Injection is a critical vulnerability that can lead to data or system compromise.,codacy,internal/db/migrations_test.go,1883,triaged,S3,migration,exclude,Phase 4,v1.10.4 candidate issue linked from selected matrix row
CK-110-0846,CK-110-M051,Method TestRemoveFileByIDZerosRefCountDuringCascade has a cyclomatic complexity of 11 (limit is 8),codacy,internal/storage/remove_test.go,634,triaged,S3,storage,exclude,Phase 3,v1.10.4 candidate issue linked from selected matrix row
CK-110-0847,CK-110-M070,Method TestInspectRepositoryBasic has 64 lines of code (limit is 50),codacy,internal/observability/inspect_test.go,95,triaged,S3,codacy,exclude,Phase 2,v1.10.4 candidate issue linked from selected matrix row
CK-110-0848,CK-110-M025,Method GetSnapshotStats has 70 lines of code (limit is 50),codacy,internal/snapshot/snapshot.go,599,triaged,S2,snapshot,exclude,Phase 2,v1.10.4 candidate issue linked from selected matrix row
CK-110-0849,CK-110-M067,Detected file permissions that are set to more than `0600` (user/owner can read and write). Setting file permi,codacy,tests/adversarial/g1_deterministic_restore_adversarial_test.go,153,triaged,S3,restore,exclude,Phase 4,v1.10.4 candidate issue linked from selected matrix row
CK-110-0850,CK-110-M066,Method testStep67MatrixVariant has a cyclomatic complexity of 20 (limit is 8),codacy,tests/adversarial/g67_deterministic_restore_matrix_test.go,59,triaged,S3,restore,exclude,Phase 4,v1.10.4 candidate issue linked from selected matrix row
CK-110-0851,CK-110-M048,SQL Injection is a critical vulnerability that can lead to data or system compromise.,codacy,internal/db/migrations_test.go,1864,triaged,S3,migration,exclude,Phase 4,v1.10.4 candidate issue linked from selected matrix row
CK-110-0852,CK-110-M072,Multiple headings with the same content,codacy,docs/benchmarking.md,716,triaged,S4,docs,exclude,Phase 3,v1.10.4 candidate issue linked from selected matrix row
CK-110-0853,CK-110-M070,Method  has a cyclomatic complexity of 15 (limit is 8),codacy,tests/adversarial/g9_batch_semantics_adversarial_test.go,316,triaged,S3,codacy,exclude,Phase 2,v1.10.4 candidate issue linked from selected matrix row
CK-110-0854,CK-110-M051,Method TestFileContainerMethodsFailWhenClosed has a cyclomatic complexity of 10 (limit is 8),codacy,internal/container/container_test.go,38,triaged,S3,storage,exclude,Phase 3,v1.10.4 candidate issue linked from selected matrix row
CK-110-0855,CK-110-M057,The application was found setting file permissions to overly permissive values.,codacy,tests/adversarial/g2_inconsistent_state_adversarial_test.go,472,triaged,S3,filesystem,exclude,Phase 4,v1.10.4 candidate issue linked from selected matrix row
CK-110-0856,CK-110-M057,The application was found setting file permissions to overly permissive values.,codacy,tests/integration/v18_migration_compatibility_integration_test.go,838,triaged,S3,filesystem,exclude,Phase 4,v1.10.4 candidate issue linked from selected matrix row
CK-110-0857,CK-110-M044,Method Derive has 77 lines of code (limit is 50),codacy,internal/repository/capabilities/derive.go,20,triaged,S2,codacy,exclude,Phase 4,v1.10.4 candidate issue linked from selected matrix row
CK-110-0858,CK-110-M025,Method Match has a cyclomatic complexity of 24 (limit is 8),codacy,internal/snapshot/snapshot.go,207,triaged,S2,snapshot,exclude,Phase 2,v1.10.4 candidate issue linked from selected matrix row
CK-110-0859,CK-110-M072,Lists should be surrounded by blank lines,codacy,docs/benchmarking.md,1321,triaged,S4,docs,exclude,Phase 3,v1.10.4 candidate issue linked from selected matrix row
CK-110-0860,CK-110-M066,Method TestBuildRestoreRecipeGraphSemanticsIgnoreTransformLayerHashesStep74 has 66 lines of code (limit is 50),codacy,internal/storage/restore_test.go,2769,triaged,S3,restore,exclude,Phase 4,v1.10.4 candidate issue linked from selected matrix row
CK-110-0861,CK-110-M066,Method TestRestorePinningFailsOnEmptyChunkChunkerVersion has 75 lines of code (limit is 50),codacy,internal/storage/restore_test.go,343,triaged,S3,restore,exclude,Phase 4,v1.10.4 candidate issue linked from selected matrix row
CK-110-0862,CK-110-M051,Method TestStoreFileCaseSensitivity has 53 lines of code (limit is 50),codacy,internal/storage/physical_file_repository_test.go,479,triaged,S3,storage,exclude,Phase 3,v1.10.4 candidate issue linked from selected matrix row
CK-110-0863,CK-110-M066,Method TestRestoreFailurePreservesExistingOutput has 83 lines of code (limit is 50),codacy,internal/storage/restore_test.go,1922,triaged,S3,restore,exclude,Phase 4,v1.10.4 candidate issue linked from selected matrix row
CK-110-0864,CK-110-M065,The application was found setting file permissions to overly permissive values.,codacy,internal/recovery/system_recovery_test.go,106,triaged,S3,recovery,exclude,Phase 4,v1.10.4 candidate issue linked from selected matrix row
CK-110-0865,CK-110-M072,Expected: 2; Actual: 3,codacy,docs/benchmarking.md,1488,triaged,S4,docs,exclude,Phase 3,v1.10.4 candidate issue linked from selected matrix row
CK-110-0866,CK-110-M048,SQL Injection is a critical vulnerability that can lead to data or system compromise.,codacy,internal/db/migrations_test.go,1774,triaged,S3,migration,exclude,Phase 4,v1.10.4 candidate issue linked from selected matrix row
CK-110-0867,CK-110-M056,File internal/retention/reachability_test.go has 539 non-comment lines of code,codacy,internal/retention/reachability_test.go,1,triaged,S3,filesystem,exclude,Phase 2,v1.10.4 candidate issue linked from selected matrix row
CK-110-0868,CK-110-M057,Detected file permissions that are set to more than `0600` (user/owner can read and write). Setting file permi,codacy,tests/adversarial/g3_no_data_loss_valid_sequences_adversarial_test.go,123,triaged,S3,filesystem,exclude,Phase 4,v1.10.4 candidate issue linked from selected matrix row
CK-110-0869,CK-110-M036,Method planContainerImpact has a cyclomatic complexity of 25 (limit is 8),codacy,internal/gc/plan.go,413,triaged,S2,gc,include,Phase 3,v1.10.4 candidate issue linked from selected matrix row
CK-110-0870,CK-110-M057,The application was found setting directory permissions to overly permissive values.,codacy,tests/adversarial/g9_batch_semantics_adversarial_test.go,105,triaged,S3,filesystem,exclude,Phase 4,v1.10.4 candidate issue linked from selected matrix row
CK-110-0871,CK-110-M066,Method TestPinLogicalFileRestoreChunksReturnsOrderedChunkRows has a cyclomatic complexity of 12 (limit is 8),codacy,internal/storage/restore_test.go,144,triaged,S3,restore,exclude,Phase 4,v1.10.4 candidate issue linked from selected matrix row
CK-110-0872,CK-110-M054,Method seedVerifyCompressedPackedBlockFixture has 108 lines of code (limit is 50),codacy,internal/verify/verify_system_test.go,589,triaged,S3,verify,exclude,Phase 4,v1.10.4 candidate issue linked from selected matrix row
CK-110-0873,CK-110-M072,Expected: 2; Actual: 3,codacy,docs/benchmarking.md,650,triaged,S4,docs,exclude,Phase 3,v1.10.4 candidate issue linked from selected matrix row
CK-110-0874,CK-110-M026,Method markLogicalFileForRebuildWithPolicyWithContext has a cyclomatic complexity of 10 (limit is 8),codacy,internal/storage/store.go,1609,triaged,S2,storage,exclude,Phase 3,v1.10.4 candidate issue linked from selected matrix row
CK-110-0875,CK-110-M066,Method TestRestoreFailsOnCreateTempFilePermissionDenied has 81 lines of code (limit is 50),codacy,internal/storage/restore_test.go,1825,triaged,S3,restore,exclude,Phase 4,v1.10.4 candidate issue linked from selected matrix row
CK-110-0876,CK-110-M044,Method loadChunkBlockMetadata has a cyclomatic complexity of 13 (limit is 8),codacy,internal/observability/inspect.go,843,triaged,S2,codacy,exclude,Phase 4,v1.10.4 candidate issue linked from selected matrix row
CK-110-0877,CK-110-M072,Multiple headings with the same content,codacy,docs/benchmarking.md,463,triaged,S4,docs,exclude,Phase 3,v1.10.4 candidate issue linked from selected matrix row
CK-110-0878,CK-110-M072,Expected: 1; Actual: 0; Below,codacy,docs/STEP64_METRICS_VALIDATION.md,217,triaged,S4,docs,exclude,Phase 3,v1.10.4 candidate issue linked from selected matrix row
CK-110-0879,CK-110-M026,Method claimChunkWithContext has 155 lines of code (limit is 50),codacy,internal/storage/store.go,1919,triaged,S2,storage,exclude,Phase 3,v1.10.4 candidate issue linked from selected matrix row
CK-110-0880,CK-110-M072,Expected: 2; Actual: 3,codacy,docs/benchmarking.md,1562,triaged,S4,docs,exclude,Phase 3,v1.10.4 candidate issue linked from selected matrix row
CK-110-0881,CK-110-M070,Method TestCrossConsistency_SimulateGCMatchesGCPlanExactly has a cyclomatic complexity of 15 (limit is 8),codacy,internal/observability/cross_consistency_test.go,156,triaged,S3,codacy,exclude,Phase 2,v1.10.4 candidate issue linked from selected matrix row
CK-110-0882,CK-110-M062,Method TestStep11MixedLegacyAndPackedRepoRestoreRemainingAndVerify has a cyclomatic complexity of 17 (limit is,codacy,internal/maintenance/gc_step11_test.go,409,triaged,S3,gc,defer,Phase 3,v1.10.4 candidate issue linked from selected matrix row
CK-110-0883,CK-110-M020,The application was found setting directory permissions to overly permissive values.,codacy,internal/benchmark/scenarios.go,349,triaged,S1,benchmark,exclude,Phase 3,v1.10.4 candidate issue linked from selected matrix row
CK-110-0884,CK-110-M047,Method TestRunMigrationsMigratesLegacySnapshotV7ToV8WithoutDataLoss has 263 lines of code (limit is 50),codacy,internal/db/migrations_test.go,521,triaged,S3,migration,exclude,Phase 4,v1.10.4 candidate issue linked from selected matrix row
CK-110-0885,CK-110-M026,Method Append has a cyclomatic complexity of 11 (limit is 8),codacy,internal/container/container.go,136,triaged,S2,storage,exclude,Phase 3,v1.10.4 candidate issue linked from selected matrix row
CK-110-0886,CK-110-M063,The application was found setting file permissions to overly permissive values.,codacy,internal/maintenance/gc_test.go,373,triaged,S3,gc,defer,Phase 3,v1.10.4 candidate issue linked from selected matrix row
CK-110-0887,CK-110-M062,Method TestRunGCSucceedsAfterRepairLogicalRefCounts has a cyclomatic complexity of 11 (limit is 8),codacy,internal/maintenance/gc_test.go,272,triaged,S3,gc,defer,Phase 3,v1.10.4 candidate issue linked from selected matrix row
CK-110-0888,CK-110-M052,The application was found setting directory permissions to overly permissive values.,codacy,tests/adversarial/v110_s0_chunk_reuse_bounds_stabilization_test.go,176,triaged,S3,storage,exclude,Phase 3,v1.10.4 candidate issue linked from selected matrix row
CK-110-0889,CK-110-M067,The application was found setting file permissions to overly permissive values.,codacy,internal/storage/restore_test.go,1995,triaged,S3,restore,exclude,Phase 4,v1.10.4 candidate issue linked from selected matrix row
CK-110-0890,CK-110-M001,All queries must target RAC_* tables.Query does not reference RAC_* table.,codacy,db/schema_postgres.sql,20,triaged,S1,migration,exclude,Phase 4,v1.10.4 candidate issue linked from selected matrix row
CK-110-0891,CK-110-M072,Expected: 1; Actual: 0; Below,codacy,docs/STEP64_METRICS_VALIDATION.md,129,triaged,S4,docs,exclude,Phase 3,v1.10.4 candidate issue linked from selected matrix row
CK-110-0892,CK-110-M072,Lists should be surrounded by blank lines,codacy,docs/STEP64_METRICS_VALIDATION.md,151,triaged,S4,docs,exclude,Phase 3,v1.10.4 candidate issue linked from selected matrix row
CK-110-0893,CK-110-M070,Method  has a cyclomatic complexity of 12 (limit is 8),codacy,tests/adversarial/g6_concurrent_operations_adversarial_test.go,161,triaged,S3,codacy,exclude,Phase 2,v1.10.4 candidate issue linked from selected matrix row
CK-110-0894,CK-110-M051,Method TestGetLogicalFileInspectInfoWithDBFound has a cyclomatic complexity of 12 (limit is 8),codacy,internal/storage/remove_test.go,266,triaged,S3,storage,exclude,Phase 3,v1.10.4 candidate issue linked from selected matrix row
CK-110-0895,CK-110-M070,Method TestPhase9CLICompatibilityIntegration has 211 lines of code (limit is 50),codacy,tests/integration/v18_migration_compatibility_integration_test.go,1684,triaged,S3,codacy,exclude,Phase 2,v1.10.4 candidate issue linked from selected matrix row
CK-110-0896,CK-110-M024,Method runSQLiteStorageTransformMetadataMigration has a cyclomatic complexity of 16 (limit is 8),codacy,internal/db/migrations.go,649,triaged,S2,migration,exclude,Phase 4,v1.10.4 candidate issue linked from selected matrix row
CK-110-0897,CK-110-M044,Method parsePaginationArgs has a cyclomatic complexity of 9 (limit is 8),codacy,internal/listing/query.go,19,triaged,S2,codacy,exclude,Phase 4,v1.10.4 candidate issue linked from selected matrix row
CK-110-0898,CK-110-M049,Method  has a cyclomatic complexity of 15 (limit is 8),codacy,internal/snapshot/snapshot_fuzz_test.go,18,triaged,S3,snapshot,exclude,Phase 2,v1.10.4 candidate issue linked from selected matrix row
CK-110-0899,CK-110-M072,Expected: 2; Actual: 3,codacy,docs/benchmarking.md,1564,triaged,S4,docs,exclude,Phase 3,v1.10.4 candidate issue linked from selected matrix row
CK-110-0900,CK-110-M070,Method TestExecutePreparedFailFastStopsOnlyOnExecutionFailure has a cyclomatic complexity of 9 (limit is 8),codacy,internal/batch/executor_test.go,38,triaged,S3,codacy,exclude,Phase 2,v1.10.4 candidate issue linked from selected matrix row
CK-110-0901,CK-110-M051,Method TestStoreFileReplacePolicyRetargetsSamePathDifferentContent has a cyclomatic complexity of 15 (limit is,codacy,internal/storage/physical_file_repository_test.go,268,triaged,S3,storage,exclude,Phase 3,v1.10.4 candidate issue linked from selected matrix row
CK-110-0902,CK-110-M027,Method CheckSnapshotReachabilityIntegrity has a cyclomatic complexity of 30 (limit is 8),codacy,internal/verify/verify_snapshot.go,50,triaged,S2,verify,exclude,Phase 2,v1.10.4 candidate issue linked from selected matrix row
CK-110-0903,CK-110-M072,Lists should be surrounded by blank lines,codacy,docs/benchmarking.md,1483,triaged,S4,docs,exclude,Phase 3,v1.10.4 candidate issue linked from selected matrix row
CK-110-0904,CK-110-M057,Detected file permissions that are set to more than `0600` (user/owner can read and write). Setting file permi,codacy,tests/adversarial/g3_no_data_loss_valid_sequences_adversarial_test.go,120,triaged,S3,filesystem,exclude,Phase 4,v1.10.4 candidate issue linked from selected matrix row
CK-110-0905,CK-110-M052,The application dynamically constructs file or path information.,codacy,internal/container/container_test.go,116,triaged,S3,storage,exclude,Phase 3,v1.10.4 candidate issue linked from selected matrix row
CK-110-0906,CK-110-M009,"Insecure dependency golang/stdlib@v1.23.0 (CVE-2024-34158: go/build/constraint: golang: Calling Parse on a ""//",codacy,go.mod,3,triaged,S1,dependencies,exclude,Phase 4,v1.10.4 candidate issue linked from selected matrix row
CK-110-0907,CK-110-M070,Method  has a cyclomatic complexity of 15 (limit is 8),codacy,tests/adversarial/g9_batch_semantics_adversarial_test.go,164,triaged,S3,codacy,exclude,Phase 2,v1.10.4 candidate issue linked from selected matrix row
CK-110-0908,CK-110-M045,Method main has a cyclomatic complexity of 16 (limit is 8),codacy,scripts/compare_phase8_gc_results.py,54,triaged,S1,tooling,exclude,Phase 4,v1.10.4 candidate issue linked from selected matrix row
CK-110-0909,CK-110-M070,Method testStep68RunDedupScenario has 86 lines of code (limit is 50),codacy,tests/adversarial/g68_dedup_semantics_matrix_test.go,121,triaged,S3,codacy,exclude,Phase 2,v1.10.4 candidate issue linked from selected matrix row
CK-110-0910,CK-110-M007,Do not use `math/rand`. Use `crypto/rand` instead.,codacy,internal/container/local_writer.go,9,triaged,S1,storage,exclude,Phase 4,v1.10.4 candidate issue linked from selected matrix row
CK-110-0911,CK-110-M070,Method TestGetReachableChunks has 62 lines of code (limit is 50),codacy,internal/graph/reachability_test.go,279,triaged,S3,codacy,exclude,Phase 2,v1.10.4 candidate issue linked from selected matrix row
CK-110-0912,CK-110-M045,Multi-line docstring summary should start at the first line (D212),codacy,scripts/compare_phase8_gc_results.py,3,triaged,S1,tooling,exclude,Phase 4,v1.10.4 candidate issue linked from selected matrix row
CK-110-0913,CK-110-M051,Method TestStoreFileMaintainsPhysicalFileAndLogicalRefCountInvariants has 78 lines of code (limit is 50),codacy,internal/storage/physical_file_repository_test.go,176,triaged,S3,storage,exclude,Phase 3,v1.10.4 candidate issue linked from selected matrix row
CK-110-0914,CK-110-M045,"Expression of type ""None"" cannot be assigned to parameter of type ""str""   ""None"" is not assignable to ""str"" (r",codacy,scripts/validate_regression_thresholds.py,122,triaged,S1,tooling,exclude,Phase 4,v1.10.4 candidate issue linked from selected matrix row
CK-110-0915,CK-110-M051,Method TestRemoveFileByIDAndRemoveByStoredPathAreSymmetric has a cyclomatic complexity of 21 (limit is 8),codacy,internal/storage/remove_test.go,694,triaged,S3,storage,exclude,Phase 3,v1.10.4 candidate issue linked from selected matrix row
CK-110-0916,CK-110-M035,Method loadBlockMetadata has a cyclomatic complexity of 10 (limit is 8),codacy,internal/storage/storage_block_reader.go,251,accepted,S2,packed-storage,exclude,Phase 2,v1.10.4 candidate issue linked from selected matrix row
CK-110-0917,CK-110-M067,The application was found setting file permissions to overly permissive values.,codacy,tests/adversarial/g1_step11_restore_determinism_test.go,38,triaged,S3,restore,exclude,Phase 4,v1.10.4 candidate issue linked from selected matrix row
CK-110-0918,CK-110-M052,Detected file permissions that are set to more than `0600` (user/owner can read and write). Setting file permi,codacy,tests/adversarial/v110_s0_chunk_reuse_bounds_stabilization_test.go,361,triaged,S3,storage,exclude,Phase 3,v1.10.4 candidate issue linked from selected matrix row
CK-110-0919,CK-110-M072,Lists should be surrounded by blank lines,codacy,docs/BENCHMARK_METRICS.md,316,triaged,S4,docs,exclude,Phase 3,v1.10.4 candidate issue linked from selected matrix row
CK-110-0920,CK-110-M067,Detected file permissions that are set to more than `0600` (user/owner can read and write). Setting file permi,codacy,tests/adversarial/g5_atomic_restore_adversarial_test.go,111,triaged,S3,restore,exclude,Phase 4,v1.10.4 candidate issue linked from selected matrix row
CK-110-0921,CK-110-M072,Lists should be surrounded by blank lines,codacy,docs/benchmarking.md,1413,triaged,S4,docs,exclude,Phase 3,v1.10.4 candidate issue linked from selected matrix row
CK-110-0922,CK-110-M062,Method TestStep11PackedBlockPartiallyLiveRetainedRestoreAndVerify has 85 lines of code (limit is 50),codacy,internal/maintenance/gc_step11_test.go,221,triaged,S3,gc,defer,Phase 3,v1.10.4 candidate issue linked from selected matrix row
CK-110-0923,CK-110-M068,Method withDefaults has a cyclomatic complexity of 14 (limit is 8),codacy,internal/benchmark/scenarios.go,73,triaged,S3,benchmark,exclude,Phase 3,v1.10.4 candidate issue linked from selected matrix row
CK-110-0924,CK-110-M072,Expected: 1; Actual: 0; Below,codacy,docs/STEP64_METRICS_VALIDATION.md,13,triaged,S4,docs,exclude,Phase 3,v1.10.4 candidate issue linked from selected matrix row
CK-110-0925,CK-110-M057,Detected file permissions that are set to more than `0600` (user/owner can read and write). Setting file permi,codacy,tests/integration/read_path_regression_test.go,228,triaged,S3,filesystem,exclude,Phase 4,v1.10.4 candidate issue linked from selected matrix row
CK-110-0926,CK-110-M070,Method TestInspectDeepTraversalLimited has a cyclomatic complexity of 13 (limit is 8),codacy,internal/observability/inspect_test.go,802,triaged,S3,codacy,exclude,Phase 2,v1.10.4 candidate issue linked from selected matrix row
CK-110-0927,CK-110-M049,Method TestAdversarialG15CorruptedSnapshotMetadataDetectionConservativeGC has 85 lines of code (limit is 50),codacy,tests/adversarial/g14_g17_snapshot_retention_adversarial_test.go,207,triaged,S3,snapshot,exclude,Phase 2,v1.10.4 candidate issue linked from selected matrix row
CK-110-0928,CK-110-M072,Lists should be surrounded by blank lines,codacy,docs/STEP64_METRICS_VALIDATION.md,213,triaged,S4,docs,exclude,Phase 3,v1.10.4 candidate issue linked from selected matrix row
CK-110-0929,CK-110-M069,The application was found setting file permissions to overly permissive values.,codacy,internal/benchmark/determinism_test.go,22,triaged,S3,benchmark,exclude,Phase 4,v1.10.4 candidate issue linked from selected matrix row
CK-110-0930,CK-110-M066,File internal/storage/restore_test.go has 2487 non-comment lines of code,codacy,internal/storage/restore_test.go,1,triaged,S3,restore,exclude,Phase 4,v1.10.4 candidate issue linked from selected matrix row
CK-110-0931,CK-110-M044,Method SearchFilesResultWithDB has 89 lines of code (limit is 50),codacy,internal/listing/search.go,14,triaged,S2,codacy,exclude,Phase 4,v1.10.4 candidate issue linked from selected matrix row
CK-110-0932,CK-110-M054,Method assertLogicalHashStageVerifyFailure has a cyclomatic complexity of 12 (limit is 8),codacy,internal/verify/verify_corruption_fixtures_test.go,250,triaged,S3,verify,exclude,Phase 4,v1.10.4 candidate issue linked from selected matrix row
CK-110-0933,CK-110-M066,Method  has 57 lines of code (limit is 50),codacy,tests/adversarial/g1_deterministic_restore_adversarial_test.go,335,triaged,S3,restore,exclude,Phase 4,v1.10.4 candidate issue linked from selected matrix row
CK-110-0934,CK-110-M076,"Undefined acronym ""FOR"" — define on first use or add to glossary.",codacy,SECURITY.md,106,triaged,S4,codacy,exclude,REVIEW,v1.10.4 candidate issue linked from selected matrix row
CK-110-0935,CK-110-M070,Method testStep68DedupMatrixVariant has a cyclomatic complexity of 11 (limit is 8),codacy,tests/adversarial/g68_dedup_semantics_matrix_test.go,48,triaged,S3,codacy,exclude,Phase 2,v1.10.4 candidate issue linked from selected matrix row
CK-110-0936,CK-110-M057,The application was found setting directory permissions to overly permissive values.,codacy,tests/adversarial/g10_g13_physical_graph_adversarial_test.go,60,triaged,S3,filesystem,exclude,Phase 4,v1.10.4 candidate issue linked from selected matrix row
CK-110-0937,CK-110-M070,Method TestSimulateGCEmptyRepo has a cyclomatic complexity of 15 (limit is 8),codacy,internal/observability/service_test.go,479,triaged,S3,codacy,exclude,Phase 2,v1.10.4 candidate issue linked from selected matrix row
CK-110-0938,CK-110-M006,The application was found setting file permissions to overly permissive values.,codacy,internal/container/container.go,86,triaged,S1,storage,exclude,Phase 4,v1.10.4 candidate issue linked from selected matrix row
CK-110-0939,CK-110-M015,The application dynamically constructs file or path information.,codacy,internal/storage/restore.go,1332,triaged,S1,restore,exclude,Phase 4,v1.10.4 candidate issue linked from selected matrix row
CK-110-0940,CK-110-M070,Method TestRenderSimulationJSONIsDeterministic has a cyclomatic complexity of 9 (limit is 8),codacy,internal/cli/render/simulate_test.go,146,triaged,S3,codacy,exclude,Phase 2,v1.10.4 candidate issue linked from selected matrix row
CK-110-0941,CK-110-M009,Insecure dependency golang/stdlib@v1.23.0 (CVE-2024-45336: golang: net/http: net/http: sensitive headers incor,codacy,go.mod,3,triaged,S1,dependencies,exclude,Phase 4,v1.10.4 candidate issue linked from selected matrix row
CK-110-0942,CK-110-M036,Method buildPlanFromUnreachable has 65 lines of code (limit is 50),codacy,internal/gc/plan.go,277,triaged,S2,gc,include,Phase 3,v1.10.4 candidate issue linked from selected matrix row
CK-110-0943,CK-110-M066,Method TestRestoreChunkPinningKeepsChunkLiveDuringRemove has 95 lines of code (limit is 50),codacy,internal/storage/restore_test.go,37,triaged,S3,restore,exclude,Phase 4,v1.10.4 candidate issue linked from selected matrix row
CK-110-0944,CK-110-M059,SQL Injection is a critical vulnerability that can lead to data or system compromise.,codacy,tests/integration/v18_migration_compatibility_integration_test.go,230,triaged,S3,security,exclude,Phase 2,v1.10.4 candidate issue linked from selected matrix row
CK-110-0945,CK-110-M027,Method verifyBlockPayloadsMode has a cyclomatic complexity of 13 (limit is 8),codacy,internal/verify/verify_repository.go,443,triaged,S2,verify,exclude,Phase 2,v1.10.4 candidate issue linked from selected matrix row
CK-110-0946,CK-110-M052,The application was found setting file permissions to overly permissive values.,codacy,tests/adversarial/v110_s0_chunk_reuse_bounds_stabilization_test.go,375,triaged,S3,storage,exclude,Phase 3,v1.10.4 candidate issue linked from selected matrix row
CK-110-0947,CK-110-M057,The application was found setting file permissions to overly permissive values.,codacy,tests/adversarial/g6_concurrent_operations_adversarial_test.go,311,triaged,S3,filesystem,exclude,Phase 4,v1.10.4 candidate issue linked from selected matrix row
CK-110-0948,CK-110-M001,SQL Injection is a critical vulnerability that can lead to data or system compromise.,codacy,internal/db/migrations.go,84,triaged,S1,migration,exclude,Phase 4,v1.10.4 candidate issue linked from selected matrix row
CK-110-0949,CK-110-M060,Method TestStorageBlockReaderLoadBlockMetadataIncludesTransformAwareFields has a cyclomatic complexity of 15 (,codacy,internal/storage/storage_block_reader_test.go,207,deferred,S3,packed-storage,exclude,Phase 2,v1.10.4 candidate issue linked from selected matrix row
CK-110-0950,CK-110-M070,Method TestObservabilityDoesNotMutateState has 62 lines of code (limit is 50),codacy,internal/observability/stats_test.go,388,triaged,S3,codacy,exclude,Phase 2,v1.10.4 candidate issue linked from selected matrix row
CK-110-0951,CK-110-M044,Method DecodeBlock has a cyclomatic complexity of 11 (limit is 8),codacy,internal/blocks/block_format_v1.go,239,triaged,S2,codacy,exclude,Phase 4,v1.10.4 candidate issue linked from selected matrix row
CK-110-0952,CK-110-M070,Method verifyInvariantConvergenceG8 has 80 lines of code (limit is 50),codacy,tests/adversarial/g8_system_invariants_lifecycle_adversarial_test.go,111,triaged,S3,codacy,exclude,Phase 2,v1.10.4 candidate issue linked from selected matrix row
CK-110-0953,CK-110-M057,The application was found setting directory permissions to overly permissive values.,codacy,tests/integration/read_path_regression_test.go,479,triaged,S3,filesystem,exclude,Phase 4,v1.10.4 candidate issue linked from selected matrix row
CK-110-0954,CK-110-M026,Method buildStoreFileRuntime has a cyclomatic complexity of 17 (limit is 8),codacy,internal/storage/store.go,760,triaged,S2,storage,exclude,Phase 3,v1.10.4 candidate issue linked from selected matrix row
CK-110-0955,CK-110-M068,Method createMixedSizeDataset has a cyclomatic complexity of 9 (limit is 8),codacy,internal/benchmark/scenarios.go,339,triaged,S3,benchmark,exclude,Phase 3,v1.10.4 candidate issue linked from selected matrix row
CK-110-0956,CK-110-M044,Method inspectContainer has a cyclomatic complexity of 10 (limit is 8),codacy,internal/observability/inspect.go,403,triaged,S2,codacy,exclude,Phase 4,v1.10.4 candidate issue linked from selected matrix row
CK-110-0957,CK-110-M066,Method  has 53 lines of code (limit is 50),codacy,tests/adversarial/g5_atomic_restore_adversarial_test.go,232,triaged,S3,restore,exclude,Phase 4,v1.10.4 candidate issue linked from selected matrix row
CK-110-0958,CK-110-M072,Column: 1,codacy,docs/internal/storage_contract_v1_9.md,104,triaged,S4,docs,exclude,Phase 3,v1.10.4 candidate issue linked from selected matrix row
CK-110-0959,CK-110-M072,Expected: 1; Actual: 0; Below,codacy,docs/BENCHMARK_CORPORA.md,17,triaged,S4,docs,exclude,Phase 3,v1.10.4 candidate issue linked from selected matrix row
CK-110-0960,CK-110-M076,"Undefined acronym ""NOT"" — define on first use or add to glossary.",codacy,SECURITY.md,138,triaged,S4,codacy,exclude,REVIEW,v1.10.4 candidate issue linked from selected matrix row
CK-110-0961,CK-110-M070,Method TestInspectChunkReverseRelations has a cyclomatic complexity of 10 (limit is 8),codacy,internal/observability/inspect_test.go,769,triaged,S3,codacy,exclude,Phase 2,v1.10.4 candidate issue linked from selected matrix row
CK-110-0962,CK-110-M062,Method TestBuildPlanIncludesFullyDeadActiveContainersInPhysicalReclaim has a cyclomatic complexity of 10 (limi,codacy,internal/gc/plan_test.go,565,triaged,S3,gc,defer,Phase 3,v1.10.4 candidate issue linked from selected matrix row
CK-110-0963,CK-110-M062,Method testStep69SingleRepoClass has a cyclomatic complexity of 23 (limit is 8),codacy,tests/adversarial/g69_gc_safety_matrix_test.go,73,triaged,S3,gc,defer,Phase 3,v1.10.4 candidate issue linked from selected matrix row
CK-110-0964,CK-110-M057,Detected file permissions that are set to more than `0600` (user/owner can read and write). Setting file permi,codacy,tests/adversarial/g10_g13_physical_graph_adversarial_test.go,57,triaged,S3,filesystem,exclude,Phase 4,v1.10.4 candidate issue linked from selected matrix row
CK-110-0965,CK-110-M070,Method TestGCRootsMergesCurrentAndSnapshotRoots has a cyclomatic complexity of 9 (limit is 8),codacy,internal/graph/reachability_test.go,193,triaged,S3,codacy,exclude,Phase 2,v1.10.4 candidate issue linked from selected matrix row
CK-110-0966,CK-110-M057,Detected file permissions that are set to more than `0600` (user/owner can read and write). Setting file permi,codacy,tests/adversarial/g2_inconsistent_state_adversarial_test.go,110,triaged,S3,filesystem,exclude,Phase 4,v1.10.4 candidate issue linked from selected matrix row
CK-110-0967,CK-110-M070,Method legacyDiffSnapshots has a cyclomatic complexity of 16 (limit is 8),codacy,internal/observability/equivalence_phase7_test.go,585,triaged,S3,codacy,exclude,Phase 2,v1.10.4 candidate issue linked from selected matrix row
CK-110-0968,CK-110-M026,Method commitPreparedChunksWithContext has 10 parameters (limit is 8),codacy,internal/storage/store.go,182,triaged,S2,storage,exclude,Phase 3,v1.10.4 candidate issue linked from selected matrix row
CK-110-0969,CK-110-M045,Missing dashed underline after section ('Returns') (D407),codacy,scripts/validate_regression_thresholds.py,74,triaged,S1,tooling,exclude,Phase 4,v1.10.4 candidate issue linked from selected matrix row
CK-110-0970,CK-110-M044,Method RenderStats has a cyclomatic complexity of 80 (limit is 8),codacy,internal/cli/render/stats.go,70,triaged,S2,codacy,exclude,Phase 4,v1.10.4 candidate issue linked from selected matrix row
CK-110-0971,CK-110-M044,Method inspectRepository has a cyclomatic complexity of 10 (limit is 8),codacy,internal/observability/inspect.go,85,triaged,S2,codacy,exclude,Phase 4,v1.10.4 candidate issue linked from selected matrix row
CK-110-0972,CK-110-M068,Method generateCorpusContent has a cyclomatic complexity of 9 (limit is 8),codacy,internal/benchmark/corpus.go,395,triaged,S3,benchmark,exclude,Phase 3,v1.10.4 candidate issue linked from selected matrix row
CK-110-0973,CK-110-M048,SQL Injection is a critical vulnerability that can lead to data or system compromise.,codacy,internal/db/migrations_test.go,1671,triaged,S3,migration,exclude,Phase 4,v1.10.4 candidate issue linked from selected matrix row
CK-110-0974,CK-110-M072,Lists should be surrounded by blank lines,codacy,docs/STEP64_METRICS_VALIDATION.md,144,triaged,S4,docs,exclude,Phase 3,v1.10.4 candidate issue linked from selected matrix row
CK-110-0975,CK-110-M006,The application was found setting file permissions to overly permissive values.,codacy,internal/container/container.go,84,triaged,S1,storage,exclude,Phase 4,v1.10.4 candidate issue linked from selected matrix row
CK-110-0976,CK-110-M004,SQL Injection is a critical vulnerability that can lead to data or system compromise.,codacy,internal/storage/store.go,2827,triaged,S1,storage,exclude,Phase 4,v1.10.4 candidate issue linked from selected matrix row
CK-110-0977,CK-110-M062,Method TestContainerHasLivePhysicalUnitsUsesLivePackedBlockIDsForContainerRetention has a cyclomatic complexit,codacy,internal/maintenance/gc_packed_test.go,674,triaged,S3,gc,defer,Phase 3,v1.10.4 candidate issue linked from selected matrix row
CK-110-0978,CK-110-M057,Detected file permissions that are set to more than `0600` (user/owner can read and write). Setting file permi,codacy,tests/integration/v18_migration_compatibility_integration_test.go,1708,triaged,S3,filesystem,exclude,Phase 4,v1.10.4 candidate issue linked from selected matrix row
CK-110-0979,CK-110-M051,Method TestFileContainerTruncateDiscardsPendingWritesWithoutSync has a cyclomatic complexity of 9 (limit is 8),codacy,internal/container/container_test.go,148,triaged,S3,storage,exclude,Phase 3,v1.10.4 candidate issue linked from selected matrix row
CK-110-0980,CK-110-M062,Method TestStep11ContainerWithMixedPhysicalUnitsRetainedWhileEitherKindLive has a cyclomatic complexity of 15 ,codacy,internal/maintenance/gc_step11_test.go,525,triaged,S3,gc,defer,Phase 3,v1.10.4 candidate issue linked from selected matrix row
CK-110-0981,CK-110-M048,SQL Injection is a critical vulnerability that can lead to data or system compromise.,codacy,internal/db/migrations_test.go,1732,triaged,S3,migration,exclude,Phase 4,v1.10.4 candidate issue linked from selected matrix row
CK-110-0982,CK-110-M057,Detected file permissions that are set to more than `0600` (user/owner can read and write). Setting file permi,codacy,tests/adversarial/g2_inconsistent_state_adversarial_test.go,259,triaged,S3,filesystem,exclude,Phase 4,v1.10.4 candidate issue linked from selected matrix row
CK-110-0983,CK-110-M026,Method shouldRunSemanticReuseValidationWithContext has a cyclomatic complexity of 9 (limit is 8),codacy,internal/storage/store.go,1389,triaged,S2,storage,exclude,Phase 3,v1.10.4 candidate issue linked from selected matrix row
CK-110-0984,CK-110-M059,"Detected string concatenation with a non-literal variable in a ""database/sql"" Go SQL statement.",codacy,internal/retention/reachability_test.go,31,triaged,S3,security,exclude,Phase 2,v1.10.4 candidate issue linked from selected matrix row
CK-110-0985,CK-110-M051,Method TestRemoveFileByIDCascadesPhysicalFileMappings has 56 lines of code (limit is 50),codacy,internal/storage/remove_test.go,561,triaged,S3,storage,exclude,Phase 3,v1.10.4 candidate issue linked from selected matrix row
CK-110-0986,CK-110-M001,All queries must target RAC_* tables.Query does not reference RAC_* table.,codacy,db/schema_postgres.sql,583,triaged,S1,migration,exclude,Phase 4,v1.10.4 candidate issue linked from selected matrix row
CK-110-0987,CK-110-M012,SQL Injection is a critical vulnerability that can lead to data or system compromise.,codacy,internal/observability/inspect.go,1146,triaged,S1,security,exclude,Phase 4,v1.10.4 candidate issue linked from selected matrix row
CK-110-0988,CK-110-M063,The application was found setting file permissions to overly permissive values.,codacy,tests/adversarial/g4_non_destructive_gc_adversarial_test.go,343,triaged,S3,gc,defer,Phase 3,v1.10.4 candidate issue linked from selected matrix row
CK-110-0989,CK-110-M072,Lists should be surrounded by blank lines,codacy,docs/benchmarking.md,1506,triaged,S4,docs,exclude,Phase 3,v1.10.4 candidate issue linked from selected matrix row
CK-110-0990,CK-110-M044,Method loadContainerBlockMetadata has 113 lines of code (limit is 50),codacy,internal/observability/inspect.go,965,triaged,S2,codacy,exclude,Phase 4,v1.10.4 candidate issue linked from selected matrix row
CK-110-0991,CK-110-M064,Method TestQuarantineOrphanContainersAcceptsDirectQuarantineAfterSizeSync has a cyclomatic complexity of 17 (l,codacy,internal/recovery/system_recovery_test.go,14,triaged,S3,recovery,exclude,Phase 4,v1.10.4 candidate issue linked from selected matrix row
CK-110-0992,CK-110-M044,Method collectObservedFromStorageBlocks has a cyclomatic complexity of 10 (limit is 8),codacy,internal/repository/capabilities/derive.go,221,triaged,S2,codacy,exclude,Phase 4,v1.10.4 candidate issue linked from selected matrix row
CK-110-0993,CK-110-M067,The application was found setting directory permissions to overly permissive values.,codacy,tests/adversarial/g5_atomic_restore_adversarial_test.go,119,triaged,S3,restore,exclude,Phase 4,v1.10.4 candidate issue linked from selected matrix row
CK-110-0994,CK-110-M057,Detected file permissions that are set to more than `0600` (user/owner can read and write). Setting file permi,codacy,tests/adversarial/g2_inconsistent_state_adversarial_test.go,113,triaged,S3,filesystem,exclude,Phase 4,v1.10.4 candidate issue linked from selected matrix row
CK-110-0995,CK-110-M051,Method  has a cyclomatic complexity of 13 (limit is 8),codacy,internal/storage/store_prepare_chunks_test.go,386,triaged,S3,storage,exclude,Phase 3,v1.10.4 candidate issue linked from selected matrix row
CK-110-0996,CK-110-M051,Method TestStoreFileNormalizesRelativeAndAbsolutePathsToSingleIdentity has a cyclomatic complexity of 17 (limi,codacy,internal/storage/physical_file_repository_test.go,338,triaged,S3,storage,exclude,Phase 3,v1.10.4 candidate issue linked from selected matrix row
CK-110-0997,CK-110-M001,All queries must target RAC_* tables.Query does not reference RAC_* table.,codacy,db/schema_postgres.sql,163,triaged,S1,migration,exclude,Phase 4,v1.10.4 candidate issue linked from selected matrix row
CK-110-0998,CK-110-M052,The application was found setting file permissions to overly permissive values.,codacy,internal/storage/phase1_compat_matrix_test.go,481,triaged,S3,storage,exclude,Phase 3,v1.10.4 candidate issue linked from selected matrix row
CK-110-0999,CK-110-M059,SQL Injection is a critical vulnerability that can lead to data or system compromise.,codacy,internal/graph/reachability_test.go,431,triaged,S3,security,exclude,Phase 2,v1.10.4 candidate issue linked from selected matrix row
CK-110-1000,CK-110-M044,Method summaryValueString has a cyclomatic complexity of 10 (limit is 8),codacy,internal/cli/render/inspect.go,189,triaged,S2,codacy,exclude,Phase 4,v1.10.4 candidate issue linked from selected matrix row
CK-110-1001,CK-110-M009,Insecure dependency golang/stdlib@v1.23.0 (CVE-2025-61730: During the TLS 1.3 handshake if multiple messages a,codacy,go.mod,3,triaged,S1,dependencies,exclude,Phase 4,v1.10.4 candidate issue linked from selected matrix row
CK-110-1002,CK-110-M025,Method planSnapshotRestoreOutputs has a cyclomatic complexity of 24 (limit is 8),codacy,internal/snapshot/snapshot.go,1125,triaged,S2,snapshot,exclude,Phase 2,v1.10.4 candidate issue linked from selected matrix row
CK-110-1003,CK-110-M057,The application dynamically constructs file or path information.,codacy,tests/utils/common.go,520,triaged,S3,filesystem,exclude,Phase 4,v1.10.4 candidate issue linked from selected matrix row
CK-110-1004,CK-110-M070,Method TestSimulateStoreReportAggregatesExpectedMetrics has a cyclomatic complexity of 11 (limit is 8),codacy,internal/observability/simulate_store_test.go,10,triaged,S3,codacy,exclude,Phase 2,v1.10.4 candidate issue linked from selected matrix row
CK-110-1005,CK-110-M057,Detected file permissions that are set to more than `0600` (user/owner can read and write). Setting file permi,codacy,tests/integration/v19_stats_semantics_integration_test.go,74,triaged,S3,filesystem,exclude,Phase 4,v1.10.4 candidate issue linked from selected matrix row
CK-110-1006,CK-110-M055,SQL Injection is a critical vulnerability that can lead to data or system compromise.,codacy,internal/verify/verify_corruption_fixtures_test.go,91,triaged,S3,verify,exclude,Phase 4,v1.10.4 candidate issue linked from selected matrix row
CK-110-1007,CK-110-M057,The application was found setting directory permissions to overly permissive values.,codacy,tests/adversarial/g611_adversarial_compression_longrun_test.go,229,triaged,S3,filesystem,exclude,Phase 4,v1.10.4 candidate issue linked from selected matrix row
CK-110-1008,CK-110-M072,Lists should be surrounded by blank lines,codacy,docs/BENCHMARK_CORPORA.md,53,triaged,S4,docs,exclude,Phase 3,v1.10.4 candidate issue linked from selected matrix row
CK-110-1009,CK-110-M052,The application dynamically constructs file or path information.,codacy,internal/storage/store_v2chunker_test.go,490,triaged,S3,storage,exclude,Phase 3,v1.10.4 candidate issue linked from selected matrix row
CK-110-1010,CK-110-M070,Method  has a cyclomatic complexity of 13 (limit is 8),codacy,tests/adversarial/g9_batch_semantics_adversarial_test.go,275,triaged,S3,codacy,exclude,Phase 2,v1.10.4 candidate issue linked from selected matrix row
CK-110-1011,CK-110-M054,Method  has 63 lines of code (limit is 50),codacy,internal/verify/verify_block_pipeline_test.go,394,triaged,S3,verify,exclude,Phase 4,v1.10.4 candidate issue linked from selected matrix row
CK-110-1012,CK-110-M025,Method DiffSnapshots has 89 lines of code (limit is 50),codacy,internal/snapshot/snapshot.go,883,triaged,S2,snapshot,exclude,Phase 2,v1.10.4 candidate issue linked from selected matrix row
CK-110-1013,CK-110-M071,Do not use `math/rand`. Use `crypto/rand` instead.,codacy,tests/adversarial/g8_system_invariants_lifecycle_adversarial_test.go,6,triaged,S3,codacy,exclude,Phase 4,v1.10.4 candidate issue linked from selected matrix row
CK-110-1014,CK-110-M009,Insecure dependency golang/stdlib@v1.23.0 (CVE-2024-34156: encoding/gob: golang: Calling Decoder.Decode on a m,codacy,go.mod,3,triaged,S1,dependencies,exclude,Phase 4,v1.10.4 candidate issue linked from selected matrix row
CK-110-1015,CK-110-M020,Detected file permissions that are set to more than `0600` (user/owner can read and write). Setting file permi,codacy,internal/benchmark/scenarios.go,171,triaged,S1,benchmark,exclude,Phase 3,v1.10.4 candidate issue linked from selected matrix row
CK-110-1016,CK-110-M070,Method TestExecutePreparedPreservesInputOrderAndFailFast has a cyclomatic complexity of 9 (limit is 8),codacy,internal/batch/executor_test.go,5,triaged,S3,codacy,exclude,Phase 2,v1.10.4 candidate issue linked from selected matrix row
CK-110-1017,CK-110-M059,"Detected string concatenation with a non-literal variable in a ""database/sql"" Go SQL statement.",codacy,internal/observability/service_test.go,36,triaged,S3,security,exclude,Phase 2,v1.10.4 candidate issue linked from selected matrix row
CK-110-1018,CK-110-M044,Method sumChunkSizesByID has a cyclomatic complexity of 14 (limit is 8),codacy,internal/observability/stats.go,325,triaged,S2,codacy,exclude,Phase 4,v1.10.4 candidate issue linked from selected matrix row
CK-110-1019,CK-110-M048,SQL Injection is a critical vulnerability that can lead to data or system compromise.,codacy,internal/db/migrations_test.go,1837,triaged,S3,migration,exclude,Phase 4,v1.10.4 candidate issue linked from selected matrix row
CK-110-1020,CK-110-M002,SQL Injection is a critical vulnerability that can lead to data or system compromise.,codacy,internal/snapshot/snapshot.go,505,triaged,S1,snapshot,exclude,Phase 2,v1.10.4 candidate issue linked from selected matrix row
CK-110-1021,CK-110-M055,Detected file permissions that are set to more than `0600` (user/owner can read and write). Setting file permi,codacy,internal/verify/verify_system_test.go,559,triaged,S3,verify,exclude,Phase 4,v1.10.4 candidate issue linked from selected matrix row
CK-110-1022,CK-110-M045,"Section name should end with a newline ('Returns', not 'Returns:') (D406)",codacy,scripts/validate_regression_thresholds.py,74,triaged,S1,tooling,exclude,Phase 4,v1.10.4 candidate issue linked from selected matrix row
CK-110-1023,CK-110-M048,"Detected string concatenation with a non-literal variable in a ""database/sql"" Go SQL statement.",codacy,internal/db/migrations_test.go,148,triaged,S3,migration,exclude,Phase 4,v1.10.4 candidate issue linked from selected matrix row
CK-110-1024,CK-110-M067,The application was found setting directory permissions to overly permissive values.,codacy,tests/adversarial/g1_step11_restore_determinism_test.go,105,triaged,S3,restore,exclude,Phase 4,v1.10.4 candidate issue linked from selected matrix row
CK-110-1025,CK-110-M066,Method TestRestoreFailsWhenOutputParentPathIsFile has a cyclomatic complexity of 12 (limit is 8),codacy,internal/storage/restore_test.go,1740,triaged,S3,restore,exclude,Phase 4,v1.10.4 candidate issue linked from selected matrix row
CK-110-1026,CK-110-M066,Method TestRestoreFailsOnAESGCMDecodeFailure has 71 lines of code (limit is 50),codacy,internal/storage/restore_test.go,1315,triaged,S3,restore,exclude,Phase 4,v1.10.4 candidate issue linked from selected matrix row
CK-110-1027,CK-110-M063,The application dynamically constructs file or path information.,codacy,internal/maintenance/gc_test.go,1180,triaged,S3,gc,defer,Phase 3,v1.10.4 candidate issue linked from selected matrix row
CK-110-1028,CK-110-M009,Insecure dependency golang/stdlib@v1.23.0 (CVE-2026-32282: golang: internal/syscall/unix: Root.Chmod can follo,codacy,go.mod,3,triaged,S1,dependencies,exclude,Phase 4,v1.10.4 candidate issue linked from selected matrix row
CK-110-1029,CK-110-M057,Detected file permissions that are set to more than `0600` (user/owner can read and write). Setting file permi,codacy,tests/adversarial/g9_batch_semantics_adversarial_test.go,105,triaged,S3,filesystem,exclude,Phase 4,v1.10.4 candidate issue linked from selected matrix row
CK-110-1030,CK-110-M026,Method claimLogicalFileWithContext has 144 lines of code (limit is 50),codacy,internal/storage/store.go,1692,triaged,S2,storage,exclude,Phase 3,v1.10.4 candidate issue linked from selected matrix row
CK-110-1031,CK-110-M068,Method TestGenerateDatasetMixedHasBothStableAndNoisySegments has a cyclomatic complexity of 9 (limit is 8),codacy,internal/benchmark/dataset_test.go,112,triaged,S3,benchmark,exclude,Phase 3,v1.10.4 candidate issue linked from selected matrix row
CK-110-1032,CK-110-M066,Method TestRestoreFailsOnPlaintextSizeMismatch has a cyclomatic complexity of 11 (limit is 8),codacy,internal/storage/restore_test.go,1241,triaged,S3,restore,exclude,Phase 4,v1.10.4 candidate issue linked from selected matrix row
CK-110-1033,CK-110-M056,File tests/integration/v18_migration_compatibility_integration_test.go has 1633 non-comment lines of code,codacy,tests/integration/v18_migration_compatibility_integration_test.go,1,triaged,S3,filesystem,exclude,Phase 2,v1.10.4 candidate issue linked from selected matrix row
CK-110-1034,CK-110-M025,Method RenderSnapshotDiffDetailedHuman has a cyclomatic complexity of 20 (limit is 8),codacy,internal/cli/render/snapshot_diff.go,35,triaged,S2,snapshot,exclude,Phase 2,v1.10.4 candidate issue linked from selected matrix row
CK-110-1035,CK-110-M057,The application was found setting file permissions to overly permissive values.,codacy,tests/utils/common.go,724,triaged,S3,filesystem,exclude,Phase 4,v1.10.4 candidate issue linked from selected matrix row
CK-110-1036,CK-110-M070,Method legacyDiffSnapshots has 58 lines of code (limit is 50),codacy,internal/observability/equivalence_phase7_test.go,585,triaged,S3,codacy,exclude,Phase 2,v1.10.4 candidate issue linked from selected matrix row
CK-110-1037,CK-110-M036,Method CollectBlockStats has 110 lines of code (limit is 50),codacy,internal/maintenance/stats.go,400,triaged,S2,gc,include,Phase 3,v1.10.4 candidate issue linked from selected matrix row
CK-110-1038,CK-110-M066,Method TestRestoreFileByStoredPathOverrideMode has a cyclomatic complexity of 14 (limit is 8),codacy,internal/storage/restore_test.go,878,triaged,S3,restore,exclude,Phase 4,v1.10.4 candidate issue linked from selected matrix row
CK-110-1039,CK-110-M009,"Insecure dependency golang/stdlib@v1.23.0 (CVE-2026-33814: When processing HTTP/2 SETTINGS frames, transport w",codacy,go.mod,3,triaged,S1,dependencies,exclude,Phase 4,v1.10.4 candidate issue linked from selected matrix row
CK-110-1040,CK-110-M009,Insecure dependency golang/stdlib@v1.23.0 (CVE-2026-32281: crypto/x509: golang: Go crypto/x509: Denial of Serv,codacy,go.mod,3,triaged,S1,dependencies,exclude,Phase 4,v1.10.4 candidate issue linked from selected matrix row
CK-110-1041,CK-110-M027,Method verifyStorageBlocks has 75 lines of code (limit is 50),codacy,internal/verify/verify_repository.go,121,triaged,S2,verify,exclude,Phase 2,v1.10.4 candidate issue linked from selected matrix row
CK-110-1042,CK-110-M002,SQL Injection is a critical vulnerability that can lead to data or system compromise.,codacy,internal/snapshot/path_resolver.go,180,triaged,S1,snapshot,exclude,Phase 2,v1.10.4 candidate issue linked from selected matrix row
CK-110-1043,CK-110-M070,Method  has a cyclomatic complexity of 9 (limit is 8),codacy,tests/adversarial/g611_adversarial_compression_longrun_test.go,45,triaged,S3,codacy,exclude,Phase 2,v1.10.4 candidate issue linked from selected matrix row
CK-110-1044,CK-110-M063,The application dynamically constructs file or path information.,codacy,tests/adversarial/g69_gc_safety_matrix_test.go,412,triaged,S3,gc,defer,Phase 3,v1.10.4 candidate issue linked from selected matrix row
CK-110-1045,CK-110-M062,Method TestBuildPlanDeleteSnapshotKeepsChunkReachableWhenOtherSnapshotStillProtectsIt has a cyclomatic complex,codacy,internal/gc/plan_test.go,471,triaged,S3,gc,defer,Phase 3,v1.10.4 candidate issue linked from selected matrix row
CK-110-1046,CK-110-M066,Method TestRestoreFileByStoredPathUsesPhysicalPathIdentity has 120 lines of code (limit is 50),codacy,internal/storage/restore_test.go,530,triaged,S3,restore,exclude,Phase 4,v1.10.4 candidate issue linked from selected matrix row
CK-110-1047,CK-110-M016,The application was found setting directory permissions to overly permissive values.,codacy,internal/storage/restore.go,953,triaged,S1,restore,exclude,Phase 4,v1.10.4 candidate issue linked from selected matrix row
CK-110-1048,CK-110-M067,The application dynamically constructs file or path information.,codacy,internal/storage/restore_test.go,683,triaged,S3,restore,exclude,Phase 4,v1.10.4 candidate issue linked from selected matrix row
CK-110-1049,CK-110-M070,Method assertStatsCoreEquivalent has a cyclomatic complexity of 14 (limit is 8),codacy,internal/observability/equivalence_phase7_test.go,351,triaged,S3,codacy,exclude,Phase 2,v1.10.4 candidate issue linked from selected matrix row
CK-110-1050,CK-110-M070,Method  has 92 lines of code (limit is 50),codacy,tests/adversarial/g8_system_invariants_lifecycle_adversarial_test.go,227,triaged,S3,codacy,exclude,Phase 2,v1.10.4 candidate issue linked from selected matrix row
CK-110-1051,CK-110-M072,Lists should be surrounded by blank lines,codacy,docs/benchmarking.md,1471,triaged,S4,docs,exclude,Phase 3,v1.10.4 candidate issue linked from selected matrix row
CK-110-1052,CK-110-M012,"Detected string concatenation with a non-literal variable in a ""database/sql"" Go SQL statement.",codacy,internal/repository/capabilities/derive.go,340,triaged,S1,security,exclude,Phase 4,v1.10.4 candidate issue linked from selected matrix row
CK-110-1053,CK-110-M020,The application was found setting directory permissions to overly permissive values.,codacy,internal/benchmark/runner.go,185,triaged,S1,benchmark,exclude,Phase 3,v1.10.4 candidate issue linked from selected matrix row
CK-110-1054,CK-110-M047,Method TestRunMigrationsCreatesSnapshotSchemaVersionEight has 99 lines of code (limit is 50),codacy,internal/db/migrations_test.go,178,triaged,S3,migration,exclude,Phase 4,v1.10.4 candidate issue linked from selected matrix row
CK-110-1055,CK-110-M009,"Insecure dependency golang/stdlib@v1.23.0 (CVE-2026-33811: When using LookupCNAME with the cgo DNS resolver, a",codacy,go.mod,3,triaged,S1,dependencies,exclude,Phase 4,v1.10.4 candidate issue linked from selected matrix row
CK-110-1056,CK-110-M069,The application dynamically constructs file or path information.,codacy,internal/benchmark/dataset_test.go,129,triaged,S3,benchmark,exclude,Phase 4,v1.10.4 candidate issue linked from selected matrix row
CK-110-1057,CK-110-M070,Method  has a cyclomatic complexity of 10 (limit is 8),codacy,tests/adversarial/g3_no_data_loss_valid_sequences_adversarial_test.go,112,triaged,S3,codacy,exclude,Phase 2,v1.10.4 candidate issue linked from selected matrix row
CK-110-1058,CK-110-M066,Method TestStep8RestoreCorruptedPackedBlockFailsCleanly has 55 lines of code (limit is 50),codacy,internal/storage/restore_step8_test.go,370,triaged,S3,restore,exclude,Phase 4,v1.10.4 candidate issue linked from selected matrix row
CK-110-1059,CK-110-M045,"The result of command substitution $(...) or `...`, if unquoted, is split on whitespace or other separators sp",codacy,scripts/smoke.sh,1210,triaged,S1,tooling,exclude,Phase 4,v1.10.4 candidate issue linked from selected matrix row
CK-110-1060,CK-110-M056,Method TestBackwardCompatV15CLIWorkflowIntegration has 97 lines of code (limit is 50),codacy,tests/integration/read_path_regression_test.go,454,triaged,S3,filesystem,exclude,Phase 2,v1.10.4 candidate issue linked from selected matrix row
CK-110-1061,CK-110-M067,Detected file permissions that are set to more than `0600` (user/owner can read and write). Setting file permi,codacy,tests/adversarial/g5_atomic_restore_adversarial_test.go,108,triaged,S3,restore,exclude,Phase 4,v1.10.4 candidate issue linked from selected matrix row
CK-110-1062,CK-110-M056,File internal/blocks/block_format_v1_test.go has 511 non-comment lines of code,codacy,internal/blocks/block_format_v1_test.go,1,triaged,S3,filesystem,exclude,Phase 2,v1.10.4 candidate issue linked from selected matrix row
CK-110-1063,CK-110-M044,Method inspectSnapshot has a cyclomatic complexity of 10 (limit is 8),codacy,internal/observability/inspect.go,184,triaged,S2,codacy,exclude,Phase 4,v1.10.4 candidate issue linked from selected matrix row
CK-110-1064,CK-110-M025,Method resolveSnapshotRestoreSelection has a cyclomatic complexity of 21 (limit is 8),codacy,internal/snapshot/snapshot.go,1023,triaged,S2,snapshot,exclude,Phase 2,v1.10.4 candidate issue linked from selected matrix row
CK-110-1065,CK-110-M009,Insecure dependency golang/stdlib@v1.23.0 (CVE-2025-58187: crypto/x509: Quadratic complexity when checking nam,codacy,go.mod,3,triaged,S1,dependencies,exclude,Phase 4,v1.10.4 candidate issue linked from selected matrix row
CK-110-1066,CK-110-M072,Expected: 1; Actual: 0; Below,codacy,docs/STEP64_METRICS_VALIDATION.md,123,triaged,S4,docs,exclude,Phase 3,v1.10.4 candidate issue linked from selected matrix row
CK-110-1067,CK-110-M057,The application was found setting directory permissions to overly permissive values.,codacy,tests/adversarial/g2_inconsistent_state_adversarial_test.go,259,triaged,S3,filesystem,exclude,Phase 4,v1.10.4 candidate issue linked from selected matrix row
CK-110-1068,CK-110-M014,SQL Injection is a critical vulnerability that can lead to data or system compromise.,codacy,internal/maintenance/gc.go,744,triaged,S1,gc,include,Phase 3,v1.10.4 candidate issue linked from selected matrix row
CK-110-1069,CK-110-M003,The application was found setting directory permissions to overly permissive values.,codacy,internal/snapshot/snapshot.go,1256,triaged,S1,snapshot,exclude,Phase 2,v1.10.4 candidate issue linked from selected matrix row
CK-110-1070,CK-110-M062,Method TestSweepUnreachableChunksDeletesPackedMappings has a cyclomatic complexity of 12 (limit is 8),codacy,internal/maintenance/gc_packed_test.go,158,triaged,S3,gc,defer,Phase 3,v1.10.4 candidate issue linked from selected matrix row
CK-110-1071,CK-110-M051,Method TestLocalWriterAppendPayloadRefreshesDBSizeBeforeRotationDecision has 54 lines of code (limit is 50),codacy,internal/container/local_writer_test.go,254,triaged,S3,storage,exclude,Phase 3,v1.10.4 candidate issue linked from selected matrix row
CK-110-1072,CK-110-M072,Expected: 1; Actual: 0; Below,codacy,docs/BENCHMARK_CORPORA.md,256,triaged,S4,docs,exclude,Phase 3,v1.10.4 candidate issue linked from selected matrix row
CK-110-1073,CK-110-M020,The application was found setting directory permissions to overly permissive values.,codacy,internal/benchmark/scenarios.go,171,triaged,S1,benchmark,exclude,Phase 3,v1.10.4 candidate issue linked from selected matrix row
CK-110-1074,CK-110-M072,Expected: 1; Actual: 0; Below,codacy,docs/BENCHMARK_CORPORA.md,262,triaged,S4,docs,exclude,Phase 3,v1.10.4 candidate issue linked from selected matrix row
CK-110-1075,CK-110-M057,The application was found setting directory permissions to overly permissive values.,codacy,tests/adversarial/g6_concurrent_operations_adversarial_test.go,172,triaged,S3,filesystem,exclude,Phase 4,v1.10.4 candidate issue linked from selected matrix row
CK-110-1076,CK-110-M051,Method snapshotBlocksForFile has 67 lines of code (limit is 50),codacy,internal/storage/store_compression_feature_gate_test.go,243,triaged,S3,storage,exclude,Phase 3,v1.10.4 candidate issue linked from selected matrix row
CK-110-1077,CK-110-M070,Method legacyGetSnapshotStats has a cyclomatic complexity of 14 (limit is 8),codacy,internal/observability/equivalence_phase7_test.go,503,triaged,S3,codacy,exclude,Phase 2,v1.10.4 candidate issue linked from selected matrix row
CK-110-1078,CK-110-M070,Method TestInspectDeterministicOutput has a cyclomatic complexity of 11 (limit is 8),codacy,internal/observability/inspect_test.go,866,triaged,S3,codacy,exclude,Phase 2,v1.10.4 candidate issue linked from selected matrix row
CK-110-1079,CK-110-M072,Expected: 1; Actual: 0; Below,codacy,docs/STEP64_METRICS_VALIDATION.md,229,triaged,S4,docs,exclude,Phase 3,v1.10.4 candidate issue linked from selected matrix row
CK-110-1080,CK-110-M072,Lists should be surrounded by blank lines,codacy,docs/BENCHMARK_METRICS.md,139,triaged,S4,docs,exclude,Phase 3,v1.10.4 candidate issue linked from selected matrix row
CK-110-1081,CK-110-M020,Detected file permissions that are set to more than `0600` (user/owner can read and write). Setting file permi,codacy,internal/benchmark/scenarios.go,201,triaged,S1,benchmark,exclude,Phase 3,v1.10.4 candidate issue linked from selected matrix row
CK-110-1082,CK-110-M070,Method TestStatsEnrichesGraphSnapshotReachabilityForNumericSnapshotIDs has a cyclomatic complexity of 12 (limi,codacy,internal/observability/stats_test.go,332,triaged,S3,codacy,exclude,Phase 2,v1.10.4 candidate issue linked from selected matrix row
CK-110-1083,CK-110-M062,Method testStep69SingleRepoClass has 66 lines of code (limit is 50),codacy,tests/adversarial/g69_gc_safety_matrix_test.go,73,triaged,S3,gc,defer,Phase 3,v1.10.4 candidate issue linked from selected matrix row
CK-110-1084,CK-110-M060,Method TestStorageBlockReaderPhysicalHashMismatchOnFlippedByte has a cyclomatic complexity of 11 (limit is 8),codacy,internal/storage/storage_block_reader_test.go,439,deferred,S3,packed-storage,exclude,Phase 2,v1.10.4 candidate issue linked from selected matrix row
CK-110-1085,CK-110-M051,Method TestSimulatedWriterAppendPayloadCreatesAndRotatesContainer has a cyclomatic complexity of 18 (limit is ,codacy,internal/container/simulated_writer_test.go,47,triaged,S3,storage,exclude,Phase 3,v1.10.4 candidate issue linked from selected matrix row
CK-110-1086,CK-110-M070,Method TestInspectChunkRelationsIncludeLegacyBlockMetadata has a cyclomatic complexity of 20 (limit is 8),codacy,internal/observability/inspect_test.go,336,triaged,S3,codacy,exclude,Phase 2,v1.10.4 candidate issue linked from selected matrix row
CK-110-1087,CK-110-M051,Method TestReplacePhysicalFileLogicalTargetTx has a cyclomatic complexity of 13 (limit is 8),codacy,internal/storage/physical_file_repository_test.go,121,triaged,S3,storage,exclude,Phase 3,v1.10.4 candidate issue linked from selected matrix row
CK-110-1088,CK-110-M062,Method TestSweepUnreachableChunksMixedPackedBlockKeepsAllRefsAndChunks has a cyclomatic complexity of 19 (limi,codacy,internal/maintenance/gc_packed_test.go,283,triaged,S3,gc,defer,Phase 3,v1.10.4 candidate issue linked from selected matrix row
CK-110-1089,CK-110-M023,Detected non-static command inside Command.,codacy,tests/integration/v18_migration_compatibility_integration_test.go,1942,triaged,S1,codacy,exclude,Phase 4,v1.10.4 candidate issue linked from selected matrix row
CK-110-1090,CK-110-M062,File internal/maintenance/gc_step11_test.go has 535 non-comment lines of code,codacy,internal/maintenance/gc_step11_test.go,1,triaged,S3,gc,defer,Phase 3,v1.10.4 candidate issue linked from selected matrix row
CK-110-1091,CK-110-M070,Method  has a cyclomatic complexity of 12 (limit is 8),codacy,tests/adversarial/g9_batch_semantics_adversarial_test.go,449,triaged,S3,codacy,exclude,Phase 2,v1.10.4 candidate issue linked from selected matrix row
CK-110-1092,CK-110-M051,File internal/storage/store_compression_feature_gate_test.go has 779 non-comment lines of code,codacy,internal/storage/store_compression_feature_gate_test.go,1,triaged,S3,storage,exclude,Phase 3,v1.10.4 candidate issue linked from selected matrix row
CK-110-1093,CK-110-M067,Detected file permissions that are set to more than `0600` (user/owner can read and write). Setting file permi,codacy,internal/storage/restore_test.go,1903,triaged,S3,restore,exclude,Phase 4,v1.10.4 candidate issue linked from selected matrix row
CK-110-1094,CK-110-M026,Method RemoveFileWithDBResult has 92 lines of code (limit is 50),codacy,internal/storage/remove.go,238,triaged,S2,storage,exclude,Phase 3,v1.10.4 candidate issue linked from selected matrix row
CK-110-1095,CK-110-M072,Lists should be surrounded by blank lines,codacy,docs/benchmarking.md,304,triaged,S4,docs,exclude,Phase 3,v1.10.4 candidate issue linked from selected matrix row
CK-110-1096,CK-110-M062,Method TestCollectBlockStatsCompressionAggregatesMixedRepository has 77 lines of code (limit is 50),codacy,internal/maintenance/stats_test.go,542,triaged,S3,gc,defer,Phase 3,v1.10.4 candidate issue linked from selected matrix row
CK-110-1097,CK-110-M062,Method insertPackedStorageBlockFixtureWithCompression has 54 lines of code (limit is 50),codacy,internal/maintenance/gc_test.go,969,triaged,S3,gc,defer,Phase 3,v1.10.4 candidate issue linked from selected matrix row
CK-110-1098,CK-110-M001,All queries must target RAC_* tables.Query does not reference RAC_* table.,codacy,db/schema_postgres.sql,331,triaged,S1,migration,exclude,Phase 4,v1.10.4 candidate issue linked from selected matrix row
CK-110-1099,CK-110-M057,Detected file permissions that are set to more than `0600` (user/owner can read and write). Setting file permi,codacy,tests/integration/read_path_regression_test.go,366,triaged,S3,filesystem,exclude,Phase 4,v1.10.4 candidate issue linked from selected matrix row
CK-110-1100,CK-110-M027,Method checkSealedContainersHash has 57 lines of code (limit is 50),codacy,internal/verify/verify_container.go,193,triaged,S2,verify,exclude,Phase 2,v1.10.4 candidate issue linked from selected matrix row
CK-110-1101,CK-110-M006,The application was found setting directory permissions to overly permissive values.,codacy,internal/container/local_writer.go,357,triaged,S1,storage,exclude,Phase 4,v1.10.4 candidate issue linked from selected matrix row
CK-110-1102,CK-110-M047,Method TestRunMigrationsAddsTransformAwareStorageBlockMetadataToV12Repositories has a cyclomatic complexity of,codacy,internal/db/migrations_test.go,839,triaged,S3,migration,exclude,Phase 4,v1.10.4 candidate issue linked from selected matrix row
CK-110-1103,CK-110-M044,Method inspectChunk has a cyclomatic complexity of 12 (limit is 8),codacy,internal/observability/inspect.go,314,triaged,S2,codacy,exclude,Phase 4,v1.10.4 candidate issue linked from selected matrix row
CK-110-1104,CK-110-M047,Method TestRunMigrationsAddsTransformAwareStorageBlockMetadataToV12Repositories has 145 lines of code (limit i,codacy,internal/db/migrations_test.go,839,triaged,S3,migration,exclude,Phase 4,v1.10.4 candidate issue linked from selected matrix row
CK-110-1105,CK-110-M026,Method ParseStorageContext has a cyclomatic complexity of 14 (limit is 8),codacy,internal/storage/context.go,141,triaged,S2,storage,exclude,Phase 3,v1.10.4 candidate issue linked from selected matrix row
CK-110-1106,CK-110-M066,Method testStep67MatrixVariant has 104 lines of code (limit is 50),codacy,tests/adversarial/g67_deterministic_restore_matrix_test.go,59,triaged,S3,restore,exclude,Phase 4,v1.10.4 candidate issue linked from selected matrix row
CK-110-1107,CK-110-M070,Method TestTraverseWithOptionsEmitsTraceEvents has a cyclomatic complexity of 10 (limit is 8),codacy,internal/graph/traversal_test.go,279,triaged,S3,codacy,exclude,Phase 2,v1.10.4 candidate issue linked from selected matrix row
CK-110-1108,CK-110-M057,Detected file permissions that are set to more than `0600` (user/owner can read and write). Setting file permi,codacy,tests/adversarial/g610_mixed_repository_stability_test.go,209,triaged,S3,filesystem,exclude,Phase 4,v1.10.4 candidate issue linked from selected matrix row
CK-110-1109,CK-110-M072,Lists should be surrounded by blank lines,codacy,docs/BENCHMARK_METRICS.md,30,triaged,S4,docs,exclude,Phase 3,v1.10.4 candidate issue linked from selected matrix row
CK-110-1110,CK-110-M062,Method TestSimulateGCMatchesActualGCDeletion has a cyclomatic complexity of 20 (limit is 8),codacy,internal/maintenance/gc_parity_test.go,58,triaged,S3,gc,defer,Phase 3,v1.10.4 candidate issue linked from selected matrix row
CK-110-1111,CK-110-M057,The application dynamically constructs file or path information.,codacy,tests/adversarial/g611_adversarial_compression_longrun_test.go,322,triaged,S3,filesystem,exclude,Phase 4,v1.10.4 candidate issue linked from selected matrix row
CK-110-1112,CK-110-M063,The application dynamically constructs file or path information.,codacy,internal/maintenance/gc_test.go,947,triaged,S3,gc,defer,Phase 3,v1.10.4 candidate issue linked from selected matrix row
CK-110-1113,CK-110-M051,Method TestGetLogicalFileInspectInfoWithDBFound has 56 lines of code (limit is 50),codacy,internal/storage/remove_test.go,266,triaged,S3,storage,exclude,Phase 3,v1.10.4 candidate issue linked from selected matrix row
CK-110-1114,CK-110-M057,The application was found setting file permissions to overly permissive values.,codacy,tests/utils/common.go,731,triaged,S3,filesystem,exclude,Phase 4,v1.10.4 candidate issue linked from selected matrix row
CK-110-1115,CK-110-M062,Method TestBuildPlanUnreachableChunkIsReclaimable has a cyclomatic complexity of 10 (limit is 8),codacy,internal/gc/plan_test.go,210,triaged,S3,gc,defer,Phase 3,v1.10.4 candidate issue linked from selected matrix row
CK-110-1116,CK-110-M009,Insecure dependency golang/stdlib@v1.23.0 (CVE-2025-22866: crypto/internal/nistec: golang: Timing sidechannel ,codacy,go.mod,3,triaged,S1,dependencies,exclude,Phase 4,v1.10.4 candidate issue linked from selected matrix row
CK-110-1117,CK-110-M027,Method verifyFileContainersAndOffsets has a cyclomatic complexity of 11 (limit is 8),codacy,internal/verify/verify_file.go,246,triaged,S2,verify,exclude,Phase 2,v1.10.4 candidate issue linked from selected matrix row
CK-110-1118,CK-110-M026,Method QuarantineContainerInDir has 51 lines of code (limit is 50),codacy,internal/container/container.go,579,triaged,S2,storage,exclude,Phase 3,v1.10.4 candidate issue linked from selected matrix row
CK-110-1119,CK-110-M044,Method blockMetadataFromPacked has 13 parameters (limit is 8),codacy,internal/observability/inspect.go,804,triaged,S2,codacy,exclude,Phase 4,v1.10.4 candidate issue linked from selected matrix row
CK-110-1120,CK-110-M057,The application was found setting file permissions to overly permissive values.,codacy,tests/adversarial/g10_g13_physical_graph_adversarial_test.go,153,triaged,S3,filesystem,exclude,Phase 4,v1.10.4 candidate issue linked from selected matrix row
CK-110-1121,CK-110-M001,All queries must target RAC_* tables.Query does not reference RAC_* table.,codacy,db/schema_postgres.sql,315,triaged,S1,migration,exclude,Phase 4,v1.10.4 candidate issue linked from selected matrix row
CK-110-1122,CK-110-M057,The application dynamically constructs file or path information.,codacy,tests/adversarial/g68_dedup_semantics_matrix_test.go,276,triaged,S3,filesystem,exclude,Phase 4,v1.10.4 candidate issue linked from selected matrix row
CK-110-1123,CK-110-M070,Method TestSearchFilesUsesCurrentStatePhysicalPaths has 57 lines of code (limit is 50),codacy,internal/listing/search_test.go,83,triaged,S3,codacy,exclude,Phase 2,v1.10.4 candidate issue linked from selected matrix row
CK-110-1124,CK-110-M057,The application was found setting file permissions to overly permissive values.,codacy,tests/adversarial/g7_deep_corruption_adversarial_test.go,259,triaged,S3,filesystem,exclude,Phase 4,v1.10.4 candidate issue linked from selected matrix row
CK-110-1125,CK-110-M062,Method TestRunGCMixedCompressionAgnosticPackedReachabilityAndRestoreStep311 has 138 lines of code (limit is 50,codacy,internal/maintenance/gc_test.go,1032,triaged,S3,gc,defer,Phase 3,v1.10.4 candidate issue linked from selected matrix row
CK-110-1126,CK-110-M072,Lists should be surrounded by blank lines,codacy,docs/BENCHMARK_METRICS.md,98,triaged,S4,docs,exclude,Phase 3,v1.10.4 candidate issue linked from selected matrix row
CK-110-1127,CK-110-M061,The application dynamically constructs file or path information.,codacy,internal/storage/storage_block_reader_test.go,398,deferred,S3,packed-storage,exclude,Phase 2,v1.10.4 candidate issue linked from selected matrix row
CK-110-1128,CK-110-M062,Method TestRunGCSnapshotRetainsPackedBlockAndRestoreSucceedsWhenLiveNamespaceRemoved has 139 lines of code (li,codacy,internal/maintenance/gc_test.go,796,triaged,S3,gc,defer,Phase 3,v1.10.4 candidate issue linked from selected matrix row
CK-110-1129,CK-110-M001,All queries must target RAC_* tables.Query does not reference RAC_* table.,codacy,db/schema_postgres.sql,419,triaged,S1,migration,exclude,Phase 4,v1.10.4 candidate issue linked from selected matrix row
CK-110-1130,CK-110-M025,Method ResolveSnapshotPaths has a cyclomatic complexity of 26 (limit is 8),codacy,internal/snapshot/path_resolver.go,150,triaged,S2,snapshot,exclude,Phase 2,v1.10.4 candidate issue linked from selected matrix row
CK-110-1131,CK-110-M052,The application was found setting file permissions to overly permissive values.,codacy,internal/container/container_test.go,229,triaged,S3,storage,exclude,Phase 3,v1.10.4 candidate issue linked from selected matrix row
CK-110-1132,CK-110-M052,SQL Injection is a critical vulnerability that can lead to data or system compromise.,codacy,internal/container/local_writer_test.go,597,triaged,S3,storage,exclude,Phase 3,v1.10.4 candidate issue linked from selected matrix row
CK-110-1133,CK-110-M072,Lists should be surrounded by blank lines,codacy,docs/benchmarking.md,1340,triaged,S4,docs,exclude,Phase 3,v1.10.4 candidate issue linked from selected matrix row
CK-110-1134,CK-110-M025,File internal/snapshot/snapshot.go has 1244 non-comment lines of code,codacy,internal/snapshot/snapshot.go,1,triaged,S2,snapshot,exclude,Phase 2,v1.10.4 candidate issue linked from selected matrix row
CK-110-1135,CK-110-M057,The application was found setting file permissions to overly permissive values.,codacy,tests/adversarial/g3_no_data_loss_valid_sequences_adversarial_test.go,200,triaged,S3,filesystem,exclude,Phase 4,v1.10.4 candidate issue linked from selected matrix row
CK-110-1136,CK-110-M011,Detected file permissions that are set to more than `0600` (user/owner can read and write). Setting file permi,codacy,internal/iodebug/counters.go,155,triaged,S1,filesystem,exclude,Phase 4,v1.10.4 candidate issue linked from selected matrix row
CK-110-1137,CK-110-M057,The application was found setting file permissions to overly permissive values.,codacy,tests/integration/v18_migration_compatibility_integration_test.go,849,triaged,S3,filesystem,exclude,Phase 4,v1.10.4 candidate issue linked from selected matrix row
CK-110-1138,CK-110-M027,Method VerifySystemDeepWithContainersDir has a cyclomatic complexity of 11 (limit is 8),codacy,internal/verify/verify_system.go,208,triaged,S2,verify,exclude,Phase 2,v1.10.4 candidate issue linked from selected matrix row
CK-110-1139,CK-110-M076,"Undefined acronym ""AES"" — define on first use or add to glossary.",codacy,SECURITY.md,11,triaged,S4,codacy,exclude,REVIEW,v1.10.4 candidate issue linked from selected matrix row
CK-110-1140,CK-110-M057,The application was found setting directory permissions to overly permissive values.,codacy,tests/integration/read_path_regression_test.go,366,triaged,S3,filesystem,exclude,Phase 4,v1.10.4 candidate issue linked from selected matrix row
CK-110-1141,CK-110-M069,The application dynamically constructs file or path information.,codacy,internal/benchmark/dataset_test.go,125,triaged,S3,benchmark,exclude,Phase 4,v1.10.4 candidate issue linked from selected matrix row
CK-110-1142,CK-110-M066,Method TestRestorePinningFailsOnEmptyChunkChunkerVersion has a cyclomatic complexity of 11 (limit is 8),codacy,internal/storage/restore_test.go,343,triaged,S3,restore,exclude,Phase 4,v1.10.4 candidate issue linked from selected matrix row
CK-110-1143,CK-110-M045,"The result of command substitution $(...) or `...`, if unquoted, is split on whitespace or other separators sp",codacy,scripts/smoke.sh,1208,triaged,S1,tooling,exclude,Phase 4,v1.10.4 candidate issue linked from selected matrix row
CK-110-1144,CK-110-M059,SQL Injection is a critical vulnerability that can lead to data or system compromise.,codacy,internal/observability/service_test.go,260,triaged,S3,security,exclude,Phase 2,v1.10.4 candidate issue linked from selected matrix row
CK-110-1145,CK-110-M051,Method  has a cyclomatic complexity of 22 (limit is 8),codacy,internal/storage/store_compression_feature_gate_test.go,464,triaged,S3,storage,exclude,Phase 3,v1.10.4 candidate issue linked from selected matrix row
CK-110-1146,CK-110-M057,The application was found setting directory permissions to overly permissive values.,codacy,tests/integration/v18_migration_compatibility_integration_test.go,1301,triaged,S3,filesystem,exclude,Phase 4,v1.10.4 candidate issue linked from selected matrix row
CK-110-1147,CK-110-M067,Detected file permissions that are set to more than `0600` (user/owner can read and write). Setting file permi,codacy,tests/adversarial/g67_deterministic_restore_matrix_test.go,68,triaged,S3,restore,exclude,Phase 4,v1.10.4 candidate issue linked from selected matrix row
CK-110-1148,CK-110-M070,Method TestEncodeBlockSerializesHeaderEntriesPayloadLittleEndian has a cyclomatic complexity of 9 (limit is 8),codacy,internal/blocks/block_format_v1_test.go,10,triaged,S3,codacy,exclude,Phase 2,v1.10.4 candidate issue linked from selected matrix row
CK-110-1149,CK-110-M072,Lists should be surrounded by blank lines,codacy,docs/STEP64_METRICS_VALIDATION.md,218,triaged,S4,docs,exclude,Phase 3,v1.10.4 candidate issue linked from selected matrix row
CK-110-1150,CK-110-M027,Method checkContainersFileExistence has 56 lines of code (limit is 50),codacy,internal/verify/verify_container.go,45,triaged,S2,verify,exclude,Phase 2,v1.10.4 candidate issue linked from selected matrix row
CK-110-1151,CK-110-M056,Method equalLegacyBlocksStep612 has a cyclomatic complexity of 11 (limit is 8),codacy,tests/integration/v19_legacy_upgrade_path_integration_test.go,369,triaged,S3,filesystem,exclude,Phase 2,v1.10.4 candidate issue linked from selected matrix row
CK-110-1152,CK-110-M069,The application was found setting file permissions to overly permissive values.,codacy,internal/benchmark/determinism_test.go,71,triaged,S3,benchmark,exclude,Phase 4,v1.10.4 candidate issue linked from selected matrix row
CK-110-1153,CK-110-M049,Method TestAdversarialG15CorruptedSnapshotMetadataDetectionConservativeGC has a cyclomatic complexity of 18 (l,codacy,tests/adversarial/g14_g17_snapshot_retention_adversarial_test.go,207,triaged,S3,snapshot,exclude,Phase 2,v1.10.4 candidate issue linked from selected matrix row
CK-110-1154,CK-110-M021,Do not use `math/rand`. Use `crypto/rand` instead.,codacy,internal/benchmark/scenarios.go,5,triaged,S1,benchmark,exclude,Phase 3,v1.10.4 candidate issue linked from selected matrix row
CK-110-1155,CK-110-M072,Lists should be surrounded by blank lines,codacy,docs/BENCHMARK_METRICS.md,308,triaged,S4,docs,exclude,Phase 3,v1.10.4 candidate issue linked from selected matrix row
CK-110-1156,CK-110-M070,Method TestPhase7LegacyOnlyRestoreAndVerifyIntegration has a cyclomatic complexity of 23 (limit is 8),codacy,tests/integration/v18_migration_compatibility_integration_test.go,270,triaged,S3,codacy,exclude,Phase 2,v1.10.4 candidate issue linked from selected matrix row
CK-110-1157,CK-110-M070,Method TestInspectContainerRelationsIncludeMixedBlockMetadata has 103 lines of code (limit is 50),codacy,internal/observability/inspect_test.go,415,triaged,S3,codacy,exclude,Phase 2,v1.10.4 candidate issue linked from selected matrix row
CK-110-1158,CK-110-M057,The application was found setting directory permissions to overly permissive values.,codacy,tests/adversarial/g2_inconsistent_state_adversarial_test.go,110,triaged,S3,filesystem,exclude,Phase 4,v1.10.4 candidate issue linked from selected matrix row
CK-110-1159,CK-110-M072,Lists should be surrounded by blank lines,codacy,docs/STEP64_METRICS_VALIDATION.md,25,triaged,S4,docs,exclude,Phase 3,v1.10.4 candidate issue linked from selected matrix row
CK-110-1160,CK-110-M068,Method TestChunkerDeterminism_RunDatasetTwice has a cyclomatic complexity of 14 (limit is 8),codacy,internal/chunk/benchmark/benchmark_test.go,351,triaged,S3,benchmark,exclude,Phase 3,v1.10.4 candidate issue linked from selected matrix row
CK-110-1161,CK-110-M072,Lists should be surrounded by blank lines,codacy,docs/BENCHMARK_CORPORA.md,263,triaged,S4,docs,exclude,Phase 3,v1.10.4 candidate issue linked from selected matrix row
CK-110-1162,CK-110-M067,Detected file permissions that are set to more than `0600` (user/owner can read and write). Setting file permi,codacy,tests/adversarial/g67_deterministic_restore_matrix_test.go,297,triaged,S3,restore,exclude,Phase 4,v1.10.4 candidate issue linked from selected matrix row
CK-110-1163,CK-110-M048,SQL Injection is a critical vulnerability that can lead to data or system compromise.,codacy,internal/db/migrations_test.go,1870,triaged,S3,migration,exclude,Phase 4,v1.10.4 candidate issue linked from selected matrix row
CK-110-1164,CK-110-M070,Method TestInspectSnapshotRelations has a cyclomatic complexity of 11 (limit is 8),codacy,internal/observability/inspect_test.go,670,triaged,S3,codacy,exclude,Phase 2,v1.10.4 candidate issue linked from selected matrix row
CK-110-1165,CK-110-M051,Method TestLocalWriterAppendPayloadRefreshesDBSizeBeforeRotationDecision has a cyclomatic complexity of 10 (li,codacy,internal/container/local_writer_test.go,254,triaged,S3,storage,exclude,Phase 3,v1.10.4 candidate issue linked from selected matrix row
CK-110-1166,CK-110-M072,Expected: 2; Actual: 3,codacy,docs/benchmarking.md,1569,triaged,S4,docs,exclude,Phase 3,v1.10.4 candidate issue linked from selected matrix row
CK-110-1167,CK-110-M026,Method RemoveFileWithDBResult has a cyclomatic complexity of 17 (limit is 8),codacy,internal/storage/remove.go,238,triaged,S2,storage,exclude,Phase 3,v1.10.4 candidate issue linked from selected matrix row
CK-110-1168,CK-110-M072,Lists should be surrounded by blank lines,codacy,docs/BENCHMARK_METRICS.md,77,triaged,S4,docs,exclude,Phase 3,v1.10.4 candidate issue linked from selected matrix row
CK-110-1169,CK-110-M009,Insecure dependency golang/stdlib@v1.23.0 (CVE-2025-68121: crypto/tls: crypto/tls: Incorrect certificate valid,codacy,go.mod,3,triaged,S1,dependencies,exclude,Phase 4,v1.10.4 candidate issue linked from selected matrix row
CK-110-1170,CK-110-M057,Detected file permissions that are set to more than `0600` (user/owner can read and write). Setting file permi,codacy,tests/adversarial/g611_adversarial_compression_longrun_test.go,229,triaged,S3,filesystem,exclude,Phase 4,v1.10.4 candidate issue linked from selected matrix row
CK-110-1171,CK-110-M044,Method RenderSimulation has 167 lines of code (limit is 50),codacy,internal/cli/render/simulate.go,12,triaged,S2,codacy,exclude,Phase 4,v1.10.4 candidate issue linked from selected matrix row
CK-110-1172,CK-110-M059,SQL Injection is a critical vulnerability that can lead to data or system compromise.,codacy,internal/graph/reachability_test.go,428,triaged,S3,security,exclude,Phase 2,v1.10.4 candidate issue linked from selected matrix row
CK-110-1173,CK-110-M026,Method AppendPayload has 94 lines of code (limit is 50),codacy,internal/container/local_writer.go,114,triaged,S2,storage,exclude,Phase 3,v1.10.4 candidate issue linked from selected matrix row
CK-110-1174,CK-110-M072,Expected: 2; Actual: 3,codacy,docs/benchmarking.md,647,triaged,S4,docs,exclude,Phase 3,v1.10.4 candidate issue linked from selected matrix row
CK-110-1175,CK-110-M067,The application was found setting file permissions to overly permissive values.,codacy,internal/storage/restore_test.go,2312,triaged,S3,restore,exclude,Phase 4,v1.10.4 candidate issue linked from selected matrix row
CK-110-1176,CK-110-M072,Multiple headings with the same content,codacy,docs/benchmarking.md,450,triaged,S4,docs,exclude,Phase 3,v1.10.4 candidate issue linked from selected matrix row
CK-110-1177,CK-110-M027,Method CheckPhysicalFileGraphIntegrity has a cyclomatic complexity of 16 (limit is 8),codacy,internal/verify/verify_physical.go,44,triaged,S2,verify,exclude,Phase 2,v1.10.4 candidate issue linked from selected matrix row
CK-110-1178,CK-110-M024,Method runSQLiteChunkChunkerVersionMigration has a cyclomatic complexity of 11 (limit is 8),codacy,internal/db/migrations.go,494,triaged,S2,migration,exclude,Phase 4,v1.10.4 candidate issue linked from selected matrix row
CK-110-1179,CK-110-M070,Method TestInspectDeepTraversalLimited has 55 lines of code (limit is 50),codacy,internal/observability/inspect_test.go,802,triaged,S3,codacy,exclude,Phase 2,v1.10.4 candidate issue linked from selected matrix row
CK-110-1180,CK-110-M063,The application was found setting file permissions to overly permissive values.,codacy,internal/maintenance/gc_step11_parity_test.go,42,triaged,S3,gc,defer,Phase 3,v1.10.4 candidate issue linked from selected matrix row
CK-110-1181,CK-110-M026,Method ChunkFile has 54 lines of code (limit is 50),codacy,internal/chunk/simplecdc/chunker.go,36,triaged,S2,storage,exclude,Phase 3,v1.10.4 candidate issue linked from selected matrix row
CK-110-1182,CK-110-M051,Method TestStoreFileReplacePolicyRetargetsSamePathDifferentContent has 59 lines of code (limit is 50),codacy,internal/storage/physical_file_repository_test.go,268,triaged,S3,storage,exclude,Phase 3,v1.10.4 candidate issue linked from selected matrix row
CK-110-1183,CK-110-M062,File internal/maintenance/gc_packed_test.go has 612 non-comment lines of code,codacy,internal/maintenance/gc_packed_test.go,1,triaged,S3,gc,defer,Phase 3,v1.10.4 candidate issue linked from selected matrix row
CK-110-1184,CK-110-M072,Expected: 2; Actual: 3,codacy,docs/benchmarking.md,657,triaged,S4,docs,exclude,Phase 3,v1.10.4 candidate issue linked from selected matrix row
CK-110-1185,CK-110-M051,Method TestRepositoryCompressionConfigControlsNewWritesNotReads has 129 lines of code (limit is 50),codacy,internal/storage/repository_config_test.go,619,triaged,S3,storage,exclude,Phase 3,v1.10.4 candidate issue linked from selected matrix row
CK-110-1186,CK-110-M068,Method  has a cyclomatic complexity of 9 (limit is 8),codacy,internal/verify/verify_performance_benchmark_test.go,143,triaged,S3,benchmark,exclude,Phase 3,v1.10.4 candidate issue linked from selected matrix row
CK-110-1187,CK-110-M001,All queries must target RAC_* tables.Query does not reference RAC_* table.,codacy,db/schema_postgres.sql,314,triaged,S1,migration,exclude,Phase 4,v1.10.4 candidate issue linked from selected matrix row
CK-110-1188,CK-110-M062,Method TestRunGCDryRunRetainsContainerWhenAnotherSnapshotStillReferences has a cyclomatic complexity of 9 (lim,codacy,internal/maintenance/gc_test.go,567,triaged,S3,gc,defer,Phase 3,v1.10.4 candidate issue linked from selected matrix row
CK-110-1189,CK-110-M057,Detected file permissions that are set to more than `0600` (user/owner can read and write). Setting file permi,codacy,tests/adversarial/g9_batch_semantics_adversarial_test.go,86,triaged,S3,filesystem,exclude,Phase 4,v1.10.4 candidate issue linked from selected matrix row
CK-110-1190,CK-110-M062,Method TestBuildPlanPackedDryRunMetrics has 52 lines of code (limit is 50),codacy,internal/gc/plan_test.go,666,triaged,S3,gc,defer,Phase 3,v1.10.4 candidate issue linked from selected matrix row
CK-110-1191,CK-110-M051,File internal/storage/repository_config_test.go has 630 non-comment lines of code,codacy,internal/storage/repository_config_test.go,1,triaged,S3,storage,exclude,Phase 3,v1.10.4 candidate issue linked from selected matrix row
CK-110-1192,CK-110-M067,The application was found setting file permissions to overly permissive values.,codacy,internal/storage/restore_test.go,2211,triaged,S3,restore,exclude,Phase 4,v1.10.4 candidate issue linked from selected matrix row
CK-110-1193,CK-110-M047,Method TestPostgresV7SnapshotMigrationToV8WithoutDataLoss has 297 lines of code (limit is 50),codacy,internal/db/migrations_test.go,1574,triaged,S3,migration,exclude,Phase 4,v1.10.4 candidate issue linked from selected matrix row
CK-110-1194,CK-110-M001,All queries must target RAC_* tables.Query does not reference RAC_* table.,codacy,db/schema_postgres.sql,19,triaged,S1,migration,exclude,Phase 4,v1.10.4 candidate issue linked from selected matrix row
CK-110-1195,CK-110-M051,File internal/container/local_writer_test.go has 676 non-comment lines of code,codacy,internal/container/local_writer_test.go,1,triaged,S3,storage,exclude,Phase 3,v1.10.4 candidate issue linked from selected matrix row
CK-110-1196,CK-110-M001,All queries must target RAC_* tables.Query does not reference RAC_* table.,codacy,db/schema_postgres.sql,262,triaged,S1,migration,exclude,Phase 4,v1.10.4 candidate issue linked from selected matrix row
CK-110-1197,CK-110-M072,Lists should be surrounded by blank lines,codacy,docs/benchmarking.md,1441,triaged,S4,docs,exclude,Phase 3,v1.10.4 candidate issue linked from selected matrix row
CK-110-1198,CK-110-M049,Method TestAdversarialG14SnapshotRetainedGCGuardUnderChurn has a cyclomatic complexity of 9 (limit is 8),codacy,tests/adversarial/g14_g17_snapshot_retention_adversarial_test.go,149,triaged,S3,snapshot,exclude,Phase 2,v1.10.4 candidate issue linked from selected matrix row
CK-110-1199,CK-110-M001,All queries must target RAC_* tables.Query does not reference RAC_* table.,codacy,db/schema_postgres.sql,441,triaged,S1,migration,exclude,Phase 4,v1.10.4 candidate issue linked from selected matrix row
CK-110-1200,CK-110-M067,The application was found setting file permissions to overly permissive values.,codacy,tests/adversarial/g1_deterministic_restore_adversarial_test.go,370,triaged,S3,restore,exclude,Phase 4,v1.10.4 candidate issue linked from selected matrix row
CK-110-1201,CK-110-M020,The application was found setting directory permissions to overly permissive values.,codacy,internal/benchmark/scenarios.go,201,triaged,S1,benchmark,exclude,Phase 3,v1.10.4 candidate issue linked from selected matrix row
CK-110-1202,CK-110-M069,The application dynamically constructs file or path information.,codacy,internal/benchmark/dataset_test.go,31,triaged,S3,benchmark,exclude,Phase 4,v1.10.4 candidate issue linked from selected matrix row
CK-110-1203,CK-110-M070,Method TestPlainTransformerEncodePopulatesDescriptorAndPayload has a cyclomatic complexity of 9 (limit is 8),codacy,internal/blocks/plain_test.go,9,triaged,S3,codacy,exclude,Phase 2,v1.10.4 candidate issue linked from selected matrix row
CK-110-1204,CK-110-M070,Method  has a cyclomatic complexity of 29 (limit is 8),codacy,internal/observability/equivalence_phase7_test.go,58,triaged,S3,codacy,exclude,Phase 2,v1.10.4 candidate issue linked from selected matrix row
CK-110-1205,CK-110-M001,All queries must target RAC_* tables.Query does not reference RAC_* table.,codacy,db/schema_postgres.sql,237,triaged,S1,migration,exclude,Phase 4,v1.10.4 candidate issue linked from selected matrix row
CK-110-1206,CK-110-M060,Method TestStorageBlockReaderLoadBlockMetadataIncludesTransformAwareFields has 53 lines of code (limit is 50),codacy,internal/storage/storage_block_reader_test.go,207,deferred,S3,packed-storage,exclude,Phase 2,v1.10.4 candidate issue linked from selected matrix row
CK-110-1207,CK-110-M036,Method computePackedSimulationMetrics has a cyclomatic complexity of 11 (limit is 8),codacy,internal/gc/plan.go,347,triaged,S2,gc,include,Phase 3,v1.10.4 candidate issue linked from selected matrix row
CK-110-1208,CK-110-M066,Method setupRestorePinningFixture has 87 lines of code (limit is 50),codacy,internal/storage/restore_test.go,2467,triaged,S3,restore,exclude,Phase 4,v1.10.4 candidate issue linked from selected matrix row
CK-110-1209,CK-110-M070,Method TestGetReachableChunks has a cyclomatic complexity of 17 (limit is 8),codacy,internal/graph/reachability_test.go,279,triaged,S3,codacy,exclude,Phase 2,v1.10.4 candidate issue linked from selected matrix row
CK-110-1210,CK-110-M050,SQL Injection is a critical vulnerability that can lead to data or system compromise.,codacy,internal/snapshot/snapshot_bench_test.go,57,triaged,S3,snapshot,exclude,Phase 2,v1.10.4 candidate issue linked from selected matrix row
CK-110-1211,CK-110-M044,Method loadContainerBlockMetadata has a cyclomatic complexity of 13 (limit is 8),codacy,internal/observability/inspect.go,965,triaged,S2,codacy,exclude,Phase 4,v1.10.4 candidate issue linked from selected matrix row
CK-110-1212,CK-110-M031,File internal/observability/inspect.go has 1072 non-comment lines of code,codacy,internal/observability/inspect.go,1,triaged,S2,filesystem,exclude,Phase 4,v1.10.4 candidate issue linked from selected matrix row
CK-110-1213,CK-110-M027,Method CheckPhysicalFileGraphIntegrity has 124 lines of code (limit is 50),codacy,internal/verify/verify_physical.go,44,triaged,S2,verify,exclude,Phase 2,v1.10.4 candidate issue linked from selected matrix row
CK-110-1214,CK-110-M025,Method resolveSnapshotRestoreSelection has 85 lines of code (limit is 50),codacy,internal/snapshot/snapshot.go,1023,triaged,S2,snapshot,exclude,Phase 2,v1.10.4 candidate issue linked from selected matrix row
CK-110-1215,CK-110-M062,Method TestSweepUnreachableChunksKeepsPackedBlockWhenAnyChunkIsLive has 60 lines of code (limit is 50),codacy,internal/maintenance/gc_packed_test.go,212,triaged,S3,gc,defer,Phase 3,v1.10.4 candidate issue linked from selected matrix row
CK-110-1216,CK-110-M057,The application dynamically constructs file or path information.,codacy,tests/adversarial/g7_deep_corruption_adversarial_test.go,189,triaged,S3,filesystem,exclude,Phase 4,v1.10.4 candidate issue linked from selected matrix row
CK-110-1217,CK-110-M001,All queries must target RAC_* tables.Query does not reference RAC_* table.,codacy,db/schema_postgres.sql,498,triaged,S1,migration,exclude,Phase 4,v1.10.4 candidate issue linked from selected matrix row
CK-110-1218,CK-110-M004,SQL Injection is a critical vulnerability that can lead to data or system compromise.,codacy,internal/storage/store.go,2815,triaged,S1,storage,exclude,Phase 4,v1.10.4 candidate issue linked from selected matrix row
CK-110-1219,CK-110-M072,Lists should be surrounded by blank lines,codacy,docs/benchmarking.md,1465,triaged,S4,docs,exclude,Phase 3,v1.10.4 candidate issue linked from selected matrix row
CK-110-1220,CK-110-M016,Detected file permissions that are set to more than `0600` (user/owner can read and write). Setting file permi,codacy,internal/storage/restore.go,938,triaged,S1,restore,exclude,Phase 4,v1.10.4 candidate issue linked from selected matrix row
CK-110-1221,CK-110-M023,Detected non-static command inside Command.,codacy,tests/adversarial/g10_g13_physical_graph_adversarial_test.go,17,triaged,S1,codacy,exclude,Phase 4,v1.10.4 candidate issue linked from selected matrix row
CK-110-1222,CK-110-M025,Method RenderSnapshotListHuman has 51 lines of code (limit is 50),codacy,internal/cli/render/snapshot_list_show.go,11,triaged,S2,snapshot,exclude,Phase 2,v1.10.4 candidate issue linked from selected matrix row
CK-110-1223,CK-110-M045,Missing blank line after last section ('Returns') (D413),codacy,scripts/validate_regression_thresholds.py,74,triaged,S1,tooling,exclude,Phase 4,v1.10.4 candidate issue linked from selected matrix row
CK-110-1224,CK-110-M048,String-formatted SQL query detected.,codacy,internal/db/migrations_test.go,1304,triaged,S3,migration,exclude,Phase 4,v1.10.4 candidate issue linked from selected matrix row
CK-110-1225,CK-110-M069,The application dynamically constructs file or path information.,codacy,internal/benchmark/corpus_test.go,143,triaged,S3,benchmark,exclude,Phase 4,v1.10.4 candidate issue linked from selected matrix row
CK-110-1226,CK-110-M069,Do not use `math/rand`. Use `crypto/rand` instead.,codacy,internal/verify/verify_performance_benchmark_test.go,8,triaged,S3,benchmark,exclude,Phase 4,v1.10.4 candidate issue linked from selected matrix row
CK-110-1227,CK-110-M070,Method TestEncodeDecodePackedBlockV1RoundTripFromChunks has a cyclomatic complexity of 13 (limit is 8),codacy,internal/blocks/block_format_v1_test.go,341,triaged,S3,codacy,exclude,Phase 2,v1.10.4 candidate issue linked from selected matrix row
CK-110-1228,CK-110-M027,Method verifyChunkBlockRefs has 73 lines of code (limit is 50),codacy,internal/verify/verify_repository.go,209,triaged,S2,verify,exclude,Phase 2,v1.10.4 candidate issue linked from selected matrix row
CK-110-1229,CK-110-M025,Method RenderSnapshotDiffDetailedHuman has 67 lines of code (limit is 50),codacy,internal/cli/render/snapshot_diff.go,35,triaged,S2,snapshot,exclude,Phase 2,v1.10.4 candidate issue linked from selected matrix row
CK-110-1230,CK-110-M067,SQL Injection is a critical vulnerability that can lead to data or system compromise.,codacy,internal/storage/restore_test.go,183,triaged,S3,restore,exclude,Phase 4,v1.10.4 candidate issue linked from selected matrix row
CK-110-1231,CK-110-M052,SQL Injection is a critical vulnerability that can lead to data or system compromise.,codacy,internal/container/local_writer_test.go,610,triaged,S3,storage,exclude,Phase 3,v1.10.4 candidate issue linked from selected matrix row
CK-110-1232,CK-110-M057,The application was found setting directory permissions to overly permissive values.,codacy,tests/integration/read_path_regression_test.go,116,triaged,S3,filesystem,exclude,Phase 4,v1.10.4 candidate issue linked from selected matrix row
CK-110-1233,CK-110-M048,SQL Injection is a critical vulnerability that can lead to data or system compromise.,codacy,internal/db/migrations_test.go,148,triaged,S3,migration,exclude,Phase 4,v1.10.4 candidate issue linked from selected matrix row
CK-110-1234,CK-110-M057,Detected file permissions that are set to more than `0600` (user/owner can read and write). Setting file permi,codacy,tests/integration/v19_legacy_upgrade_path_integration_test.go,153,triaged,S3,filesystem,exclude,Phase 4,v1.10.4 candidate issue linked from selected matrix row
CK-110-1235,CK-110-M057,Detected file permissions that are set to more than `0600` (user/owner can read and write). Setting file permi,codacy,tests/integration/v18_migration_compatibility_integration_test.go,1301,triaged,S3,filesystem,exclude,Phase 4,v1.10.4 candidate issue linked from selected matrix row
CK-110-1236,CK-110-M009,Insecure dependency golang/stdlib@v1.23.0 (CVE-2025-0913: Inconsistent handling of O_CREATE|O_EXCL on Unix and,codacy,go.mod,3,triaged,S1,dependencies,exclude,Phase 4,v1.10.4 candidate issue linked from selected matrix row
CK-110-1237,CK-110-M009,Insecure dependency golang/stdlib@v1.23.0 (CVE-2025-58188: crypto/x509: golang: Panic when validating certific,codacy,go.mod,3,triaged,S1,dependencies,exclude,Phase 4,v1.10.4 candidate issue linked from selected matrix row
CK-110-1238,CK-110-M070,Method TestInspectTraceEmitsDeepTraversalEvents has 53 lines of code (limit is 50),codacy,internal/observability/inspect_test.go,1187,triaged,S3,codacy,exclude,Phase 2,v1.10.4 candidate issue linked from selected matrix row
CK-110-1239,CK-110-M068,Method Measure has 57 lines of code (limit is 50),codacy,internal/benchmark/metrics.go,107,triaged,S3,benchmark,exclude,Phase 3,v1.10.4 candidate issue linked from selected matrix row
CK-110-1240,CK-110-M066,Method TestStep67CrossModeDeterminism has 70 lines of code (limit is 50),codacy,tests/adversarial/g67_deterministic_restore_matrix_test.go,268,triaged,S3,restore,exclude,Phase 4,v1.10.4 candidate issue linked from selected matrix row
CK-110-1241,CK-110-M062,Method TestLoadLivePackedBlockIDsResolvesFromLiveChunks has a cyclomatic complexity of 11 (limit is 8),codacy,internal/maintenance/gc_packed_test.go,25,triaged,S3,gc,defer,Phase 3,v1.10.4 candidate issue linked from selected matrix row
CK-110-1242,CK-110-M068,Method RunBenchmark has a cyclomatic complexity of 12 (limit is 8),codacy,internal/benchmark/runner.go,50,triaged,S3,benchmark,exclude,Phase 3,v1.10.4 candidate issue linked from selected matrix row
CK-110-1243,CK-110-M012,String-formatted SQL query detected.,codacy,internal/repository/capabilities/derive.go,340,triaged,S1,security,exclude,Phase 4,v1.10.4 candidate issue linked from selected matrix row
CK-110-1244,CK-110-M054,Method openPreV15MigratedVerifyDB has 184 lines of code (limit is 50),codacy,internal/verify/verify_regression_test.go,18,triaged,S3,verify,exclude,Phase 4,v1.10.4 candidate issue linked from selected matrix row
CK-110-1245,CK-110-M070,Method TestPhase7MixedGCAfterUpgradeIntegration has a cyclomatic complexity of 51 (limit is 8),codacy,tests/integration/v18_migration_compatibility_integration_test.go,760,triaged,S3,codacy,exclude,Phase 2,v1.10.4 candidate issue linked from selected matrix row
CK-110-1246,CK-110-M026,Method commitPreparedFileWithContext has 13 parameters (limit is 8),codacy,internal/storage/store.go,560,triaged,S2,storage,exclude,Phase 3,v1.10.4 candidate issue linked from selected matrix row
CK-110-1247,CK-110-M067,The application was found setting file permissions to overly permissive values.,codacy,tests/adversarial/g1_step11_restore_determinism_test.go,262,triaged,S3,restore,exclude,Phase 4,v1.10.4 candidate issue linked from selected matrix row
CK-110-1248,CK-110-M066,Method insertPackedStorageBlock has 54 lines of code (limit is 50),codacy,internal/storage/restore_step8_test.go,142,triaged,S3,restore,exclude,Phase 4,v1.10.4 candidate issue linked from selected matrix row
CK-110-1249,CK-110-M070,Method TestPhase7SnapshotCompatibilityIntegration has 219 lines of code (limit is 50),codacy,tests/integration/v18_migration_compatibility_integration_test.go,1148,triaged,S3,codacy,exclude,Phase 2,v1.10.4 candidate issue linked from selected matrix row
CK-110-1250,CK-110-M051,Method TestStoreFileNormalizesRelativeAndAbsolutePathsToSingleIdentity has 63 lines of code (limit is 50),codacy,internal/storage/physical_file_repository_test.go,338,triaged,S3,storage,exclude,Phase 3,v1.10.4 candidate issue linked from selected matrix row
CK-110-1251,CK-110-M063,"Detected string concatenation with a non-literal variable in a ""database/sql"" Go SQL statement.",codacy,internal/maintenance/gc_step11_test.go,144,triaged,S3,gc,defer,Phase 3,v1.10.4 candidate issue linked from selected matrix row
CK-110-1252,CK-110-M070,Method  has a cyclomatic complexity of 10 (limit is 8),codacy,tests/integration/v18_migration_compatibility_integration_test.go,545,triaged,S3,codacy,exclude,Phase 2,v1.10.4 candidate issue linked from selected matrix row
CK-110-1253,CK-110-M027,Method  has 126 lines of code (limit is 50),codacy,internal/verify/verify_system.go,293,triaged,S2,verify,exclude,Phase 2,v1.10.4 candidate issue linked from selected matrix row
CK-110-1254,CK-110-M026,Method commitPreparedChunksWithContext has 149 lines of code (limit is 50),codacy,internal/storage/store.go,182,triaged,S2,storage,exclude,Phase 3,v1.10.4 candidate issue linked from selected matrix row
CK-110-1255,CK-110-M070,Method TestRenderStatsHumanPrintsChunkerVersionsInSortedOrder has a cyclomatic complexity of 12 (limit is 8),codacy,internal/cli/render/stats_test.go,82,triaged,S3,codacy,exclude,Phase 2,v1.10.4 candidate issue linked from selected matrix row
CK-110-1256,CK-110-M063,SQL Injection is a critical vulnerability that can lead to data or system compromise.,codacy,internal/gc/plan_test.go,160,triaged,S3,gc,defer,Phase 3,v1.10.4 candidate issue linked from selected matrix row
CK-110-1257,CK-110-M025,Method RenderSnapshotListHuman has a cyclomatic complexity of 15 (limit is 8),codacy,internal/cli/render/snapshot_list_show.go,11,triaged,S2,snapshot,exclude,Phase 2,v1.10.4 candidate issue linked from selected matrix row
CK-110-1258,CK-110-M052,The application dynamically constructs file or path information.,codacy,internal/storage/store_v2chunker_test.go,393,triaged,S3,storage,exclude,Phase 3,v1.10.4 candidate issue linked from selected matrix row
CK-110-1259,CK-110-M027,Method CheckSnapshotReachabilityIntegrity has 196 lines of code (limit is 50),codacy,internal/verify/verify_snapshot.go,50,triaged,S2,verify,exclude,Phase 2,v1.10.4 candidate issue linked from selected matrix row
CK-110-1260,CK-110-M067,The application was found setting directory permissions to overly permissive values.,codacy,internal/storage/restore_test.go,1903,triaged,S3,restore,exclude,Phase 4,v1.10.4 candidate issue linked from selected matrix row
CK-110-1261,CK-110-M025,Method RenderSnapshotShowHuman has a cyclomatic complexity of 16 (limit is 8),codacy,internal/cli/render/snapshot_list_show.go,64,triaged,S2,snapshot,exclude,Phase 2,v1.10.4 candidate issue linked from selected matrix row
CK-110-1262,CK-110-M070,Method TestTraverseNoCyclesInfiniteLoops has 53 lines of code (limit is 50),codacy,internal/graph/traversal_test.go,215,triaged,S3,codacy,exclude,Phase 2,v1.10.4 candidate issue linked from selected matrix row
CK-110-1263,CK-110-M059,SQL Injection is a critical vulnerability that can lead to data or system compromise.,codacy,internal/observability/service_test.go,103,triaged,S3,security,exclude,Phase 2,v1.10.4 candidate issue linked from selected matrix row
CK-110-1264,CK-110-M054,Method openPreV15MigratedVerifyDB has a cyclomatic complexity of 14 (limit is 8),codacy,internal/verify/verify_regression_test.go,18,triaged,S3,verify,exclude,Phase 4,v1.10.4 candidate issue linked from selected matrix row
CK-110-1265,CK-110-M050,Detected file permissions that are set to more than `0600` (user/owner can read and write). Setting file permi,codacy,tests/adversarial/g14_g17_snapshot_retention_adversarial_test.go,409,triaged,S3,snapshot,exclude,Phase 2,v1.10.4 candidate issue linked from selected matrix row
CK-110-1266,CK-110-M026,Method validateReusableLogicalFileSemanticsWithContext has 102 lines of code (limit is 50),codacy,internal/storage/store.go,1440,triaged,S2,storage,exclude,Phase 3,v1.10.4 candidate issue linked from selected matrix row
CK-110-1267,CK-110-M044,Method RenderStats has 243 lines of code (limit is 50),codacy,internal/cli/render/stats.go,70,triaged,S2,codacy,exclude,Phase 4,v1.10.4 candidate issue linked from selected matrix row
CK-110-1268,CK-110-M001,All queries must target RAC_* tables.Query does not reference RAC_* table.,codacy,db/schema_postgres.sql,219,triaged,S1,migration,exclude,Phase 4,v1.10.4 candidate issue linked from selected matrix row
CK-110-1269,CK-110-M027,Method checkCompletedChunkBlockCardinality has 55 lines of code (limit is 50),codacy,internal/verify/verify_chunk.go,223,triaged,S2,verify,exclude,Phase 2,v1.10.4 candidate issue linked from selected matrix row
CK-110-1270,CK-110-M027,Method VerifyStoredBlock has 116 lines of code (limit is 50),codacy,internal/verify/verify_block_pipeline.go,74,triaged,S2,verify,exclude,Phase 2,v1.10.4 candidate issue linked from selected matrix row
CK-110-1271,CK-110-M070,Method TestInspectLogicalFileBasic has a cyclomatic complexity of 15 (limit is 8),codacy,internal/observability/inspect_test.go,34,triaged,S3,codacy,exclude,Phase 2,v1.10.4 candidate issue linked from selected matrix row
CK-110-1272,CK-110-M072,Expected: 1; Actual: 0; Below,codacy,docs/STEP64_METRICS_VALIDATION.md,150,triaged,S4,docs,exclude,Phase 3,v1.10.4 candidate issue linked from selected matrix row
CK-110-1273,CK-110-M067,The application dynamically constructs file or path information.,codacy,internal/storage/restore_test.go,869,triaged,S3,restore,exclude,Phase 4,v1.10.4 candidate issue linked from selected matrix row
CK-110-1274,CK-110-M070,Method TestPhase7UpgradeAndAddNewDataIntegration has a cyclomatic complexity of 25 (limit is 8),codacy,tests/integration/v18_migration_compatibility_integration_test.go,398,triaged,S3,codacy,exclude,Phase 2,v1.10.4 candidate issue linked from selected matrix row
CK-110-1275,CK-110-M051,Method TestRemoveFileByIDAndRemoveByStoredPathAreSymmetric has 90 lines of code (limit is 50),codacy,internal/storage/remove_test.go,694,triaged,S3,storage,exclude,Phase 3,v1.10.4 candidate issue linked from selected matrix row
CK-110-1276,CK-110-M070,Method TestGetReachableChunksMatchesLegacyAcrossRandomizedFixtures has 107 lines of code (limit is 50),codacy,internal/graph/reachability_test.go,350,triaged,S3,codacy,exclude,Phase 2,v1.10.4 candidate issue linked from selected matrix row
CK-110-1277,CK-110-M057,The application was found setting directory permissions to overly permissive values.,codacy,tests/integration/read_path_regression_test.go,90,triaged,S3,filesystem,exclude,Phase 4,v1.10.4 candidate issue linked from selected matrix row
CK-110-1278,CK-110-M057,The application was found setting directory permissions to overly permissive values.,codacy,tests/adversarial/g610_mixed_repository_stability_test.go,209,triaged,S3,filesystem,exclude,Phase 4,v1.10.4 candidate issue linked from selected matrix row
CK-110-1279,CK-110-M067,The application was found setting directory permissions to overly permissive values.,codacy,tests/adversarial/g67_deterministic_restore_matrix_test.go,297,triaged,S3,restore,exclude,Phase 4,v1.10.4 candidate issue linked from selected matrix row
CK-110-1280,CK-110-M026,Method lockContainerRowNowaitWithRetry has a cyclomatic complexity of 16 (limit is 8),codacy,internal/container/local_writer.go,227,triaged,S2,storage,exclude,Phase 3,v1.10.4 candidate issue linked from selected matrix row
CK-110-1281,CK-110-M044,Method sumChunkSizesByID has 51 lines of code (limit is 50),codacy,internal/observability/stats.go,325,triaged,S2,codacy,exclude,Phase 4,v1.10.4 candidate issue linked from selected matrix row
CK-110-1282,CK-110-M052,"Detected string concatenation with a non-literal variable in a ""database/sql"" Go SQL statement.",codacy,internal/container/container_test.go,312,triaged,S3,storage,exclude,Phase 3,v1.10.4 candidate issue linked from selected matrix row
CK-110-1283,CK-110-M048,String-formatted SQL query detected.,codacy,internal/db/migrations_test.go,148,triaged,S3,migration,exclude,Phase 4,v1.10.4 candidate issue linked from selected matrix row
CK-110-1284,CK-110-M009,Insecure dependency golang/stdlib@v1.23.0 (CVE-2026-32283: crypto/tls: golang: Go crypto/tls: Denial of Servic,codacy,go.mod,3,triaged,S1,dependencies,exclude,Phase 4,v1.10.4 candidate issue linked from selected matrix row
CK-110-1285,CK-110-M024,Method RunMigrations has a cyclomatic complexity of 20 (limit is 8),codacy,internal/db/migrations.go,948,triaged,S2,migration,exclude,Phase 4,v1.10.4 candidate issue linked from selected matrix row
CK-110-1286,CK-110-M059,SQL Injection is a critical vulnerability that can lead to data or system compromise.,codacy,internal/graph/reachability_test.go,419,triaged,S3,security,exclude,Phase 2,v1.10.4 candidate issue linked from selected matrix row
CK-110-1287,CK-110-M054,Method seedVerifyCompressedPackedBlockFixture has a cyclomatic complexity of 18 (limit is 8),codacy,internal/verify/verify_system_test.go,589,triaged,S3,verify,exclude,Phase 4,v1.10.4 candidate issue linked from selected matrix row
CK-110-1288,CK-110-M059,"Detected string concatenation with a non-literal variable in a ""database/sql"" Go SQL statement.",codacy,internal/observability/service_test.go,133,triaged,S3,security,exclude,Phase 2,v1.10.4 candidate issue linked from selected matrix row
CK-110-1289,CK-110-M026,Method storeFileWithStorageContextAndRuntimeResultWithPolicy has a cyclomatic complexity of 15 (limit is 8),codacy,internal/storage/store.go,2354,triaged,S2,storage,exclude,Phase 3,v1.10.4 candidate issue linked from selected matrix row
CK-110-1290,CK-110-M070,Method TestPhase7BuildDeterministicV17StyleFixtureIntegration has a cyclomatic complexity of 30 (limit is 8),codacy,tests/integration/v18_migration_compatibility_integration_test.go,122,triaged,S3,codacy,exclude,Phase 2,v1.10.4 candidate issue linked from selected matrix row
CK-110-1291,CK-110-M063,SQL Injection is a critical vulnerability that can lead to data or system compromise.,codacy,internal/gc/plan_test.go,831,triaged,S3,gc,defer,Phase 3,v1.10.4 candidate issue linked from selected matrix row
CK-110-1292,CK-110-M006,The application was found setting directory permissions to overly permissive values.,codacy,internal/container/local_writer.go,97,triaged,S1,storage,exclude,Phase 4,v1.10.4 candidate issue linked from selected matrix row
CK-110-1293,CK-110-M070,Method TestCrossConsistency_StatsAndInspectAgreeOnChunkCount has a cyclomatic complexity of 10 (limit is 8),codacy,internal/observability/cross_consistency_test.go,23,triaged,S3,codacy,exclude,Phase 2,v1.10.4 candidate issue linked from selected matrix row
CK-110-1294,CK-110-M051,Method TestFileContainerSyncSkipsRedundantFsyncWithoutNewWrites has a cyclomatic complexity of 13 (limit is 8),codacy,internal/container/container_test.go,181,triaged,S3,storage,exclude,Phase 3,v1.10.4 candidate issue linked from selected matrix row
CK-110-1295,CK-110-M072,Expected: 1; Actual: 0; Below,codacy,docs/STEP64_METRICS_VALIDATION.md,34,triaged,S4,docs,exclude,Phase 3,v1.10.4 candidate issue linked from selected matrix row
CK-110-1296,CK-110-M037,Method recoverSealingContainers has 79 lines of code (limit is 50),codacy,internal/recovery/system_recovery.go,174,triaged,S1,recovery,exclude,Phase 4,v1.10.4 candidate issue linked from selected matrix row
CK-110-1297,CK-110-M044,Method SearchFilesResultWithDB has a cyclomatic complexity of 18 (limit is 8),codacy,internal/listing/search.go,14,triaged,S2,codacy,exclude,Phase 4,v1.10.4 candidate issue linked from selected matrix row
CK-110-1298,CK-110-M052,The application dynamically constructs file or path information.,codacy,internal/storage/store_prepare_chunks_test.go,431,triaged,S3,storage,exclude,Phase 3,v1.10.4 candidate issue linked from selected matrix row
CK-110-1299,CK-110-M052,Detected file permissions that are set to more than `0600` (user/owner can read and write). Setting file permi,codacy,internal/container/container_test.go,295,triaged,S3,storage,exclude,Phase 3,v1.10.4 candidate issue linked from selected matrix row
CK-110-1300,CK-110-M051,Method  has a cyclomatic complexity of 25 (limit is 8),codacy,tests/adversarial/v110_s0_chunk_reuse_bounds_stabilization_test.go,45,triaged,S3,storage,exclude,Phase 3,v1.10.4 candidate issue linked from selected matrix row
CK-110-1301,CK-110-M072,Lists should be surrounded by blank lines,codacy,docs/STEP64_METRICS_VALIDATION.md,103,triaged,S4,docs,exclude,Phase 3,v1.10.4 candidate issue linked from selected matrix row
CK-110-1302,CK-110-M027,Method verifyBlockPayloadsMode has 110 lines of code (limit is 50),codacy,internal/verify/verify_repository.go,443,triaged,S2,verify,exclude,Phase 2,v1.10.4 candidate issue linked from selected matrix row
CK-110-1303,CK-110-M067,The application dynamically constructs file or path information.,codacy,internal/storage/restore_test.go,647,triaged,S3,restore,exclude,Phase 4,v1.10.4 candidate issue linked from selected matrix row
CK-110-1304,CK-110-M056,File tests/utils/common.go has 1043 non-comment lines of code,codacy,tests/utils/common.go,1,triaged,S3,filesystem,exclude,Phase 2,v1.10.4 candidate issue linked from selected matrix row
CK-110-1305,CK-110-M066,Method TestRestoreFailsWhenAESGCMTransformerKeyIsMissing has 71 lines of code (limit is 50),codacy,internal/storage/restore_test.go,1450,triaged,S3,restore,exclude,Phase 4,v1.10.4 candidate issue linked from selected matrix row
CK-110-1306,CK-110-M067,Detected file permissions that are set to more than `0600` (user/owner can read and write). Setting file permi,codacy,tests/adversarial/g1_step11_restore_determinism_test.go,35,triaged,S3,restore,exclude,Phase 4,v1.10.4 candidate issue linked from selected matrix row
CK-110-1307,CK-110-M020,Detected file permissions that are set to more than `0600` (user/owner can read and write). Setting file permi,codacy,internal/benchmark/runner.go,185,triaged,S1,benchmark,exclude,Phase 3,v1.10.4 candidate issue linked from selected matrix row
CK-110-1308,CK-110-M062,Method  has a cyclomatic complexity of 13 (limit is 8),codacy,tests/adversarial/g4_non_destructive_gc_adversarial_test.go,195,triaged,S3,gc,defer,Phase 3,v1.10.4 candidate issue linked from selected matrix row
CK-110-1309,CK-110-M036,Method RepairLogicalRefCountsResultWithDB has a cyclomatic complexity of 10 (limit is 8),codacy,internal/maintenance/repair_refcounts.go,23,triaged,S2,gc,include,Phase 3,v1.10.4 candidate issue linked from selected matrix row
CK-110-1310,CK-110-M025,Method RenderSnapshotShowHuman has 54 lines of code (limit is 50),codacy,internal/cli/render/snapshot_list_show.go,64,triaged,S2,snapshot,exclude,Phase 2,v1.10.4 candidate issue linked from selected matrix row
CK-110-1311,CK-110-M009,Insecure dependency golang/stdlib@v1.23.0 (CVE-2025-47907: database/sql: Postgres Scan Race Condition) (update,codacy,go.mod,3,triaged,S1,dependencies,exclude,Phase 4,v1.10.4 candidate issue linked from selected matrix row
CK-110-1312,CK-110-M051,Method TestApplyPackedBlockTransformsWriteOrderCompressionThenEncryptionThenPhysicalHash has 58 lines of code ,codacy,internal/storage/store_transform_ordering_contract_test.go,54,triaged,S3,storage,exclude,Phase 3,v1.10.4 candidate issue linked from selected matrix row
CK-110-1313,CK-110-M059,SQL Injection is a critical vulnerability that can lead to data or system compromise.,codacy,internal/observability/equivalence_phase7_test.go,343,triaged,S3,security,exclude,Phase 2,v1.10.4 candidate issue linked from selected matrix row
CK-110-1314,CK-110-M056,File internal/observability/equivalence_phase7_test.go has 597 non-comment lines of code,codacy,internal/observability/equivalence_phase7_test.go,1,triaged,S3,filesystem,exclude,Phase 2,v1.10.4 candidate issue linked from selected matrix row
CK-110-1315,CK-110-M069,The application dynamically constructs file or path information.,codacy,internal/benchmark/corpus_registry_test.go,227,triaged,S3,benchmark,exclude,Phase 4,v1.10.4 candidate issue linked from selected matrix row
CK-110-1316,CK-110-M050,Do not use `math/rand`. Use `crypto/rand` instead.,codacy,tests/adversarial/g14_g17_snapshot_retention_adversarial_test.go,7,triaged,S3,snapshot,exclude,Phase 2,v1.10.4 candidate issue linked from selected matrix row
CK-110-1317,CK-110-M064,Method TestBuildReportMapsAllFields has a cyclomatic complexity of 11 (limit is 8),codacy,internal/recovery/system_recovery_additional_test.go,40,triaged,S3,recovery,exclude,Phase 4,v1.10.4 candidate issue linked from selected matrix row
CK-110-1318,CK-110-M055,String-formatted SQL query detected.,codacy,internal/verify/verify_corruption_fixtures_test.go,90,triaged,S3,verify,exclude,Phase 4,v1.10.4 candidate issue linked from selected matrix row
CK-110-1319,CK-110-M072,Lists should be surrounded by blank lines,codacy,docs/BENCHMARK_METRICS.md,55,triaged,S4,docs,exclude,Phase 3,v1.10.4 candidate issue linked from selected matrix row
CK-110-1320,CK-110-M052,The application dynamically constructs file or path information.,codacy,internal/container/container_test.go,295,triaged,S3,storage,exclude,Phase 3,v1.10.4 candidate issue linked from selected matrix row
CK-110-1321,CK-110-M072,Expected: 2; Actual: 3,codacy,docs/benchmarking.md,1560,triaged,S4,docs,exclude,Phase 3,v1.10.4 candidate issue linked from selected matrix row
CK-110-1322,CK-110-M072,Lists should be surrounded by blank lines,codacy,docs/STEP64_METRICS_VALIDATION.md,83,triaged,S4,docs,exclude,Phase 3,v1.10.4 candidate issue linked from selected matrix row
CK-110-1323,CK-110-M067,Detected file permissions that are set to more than `0600` (user/owner can read and write). Setting file permi,codacy,tests/adversarial/g1_step11_restore_determinism_test.go,105,triaged,S3,restore,exclude,Phase 4,v1.10.4 candidate issue linked from selected matrix row
CK-110-1324,CK-110-M063,SQL Injection is a critical vulnerability that can lead to data or system compromise.,codacy,internal/gc/plan_test.go,121,triaged,S3,gc,defer,Phase 3,v1.10.4 candidate issue linked from selected matrix row
CK-110-1325,CK-110-M061,The application dynamically constructs file or path information.,codacy,internal/storage/storage_block_reader_test.go,415,deferred,S3,packed-storage,exclude,Phase 2,v1.10.4 candidate issue linked from selected matrix row
CK-110-1326,CK-110-M047,File internal/db/migrations_test.go has 1990 non-comment lines of code,codacy,internal/db/migrations_test.go,1,triaged,S3,migration,exclude,Phase 4,v1.10.4 candidate issue linked from selected matrix row
CK-110-1327,CK-110-M050,Detected file permissions that are set to more than `0600` (user/owner can read and write). Setting file permi,codacy,tests/adversarial/g14_g17_snapshot_retention_adversarial_test.go,122,triaged,S3,snapshot,exclude,Phase 2,v1.10.4 candidate issue linked from selected matrix row
CK-110-1328,CK-110-M063,SQL Injection is a critical vulnerability that can lead to data or system compromise.,codacy,internal/maintenance/stats_bench_test.go,84,triaged,S3,gc,defer,Phase 3,v1.10.4 candidate issue linked from selected matrix row
CK-110-1329,CK-110-M009,Insecure dependency golang/stdlib@v1.23.0 (CVE-2026-42499: Pathological inputs could cause DoS through consume,codacy,go.mod,3,triaged,S1,dependencies,exclude,Phase 4,v1.10.4 candidate issue linked from selected matrix row
CK-110-1330,CK-110-M006,Detected file permissions that are set to more than `0600` (user/owner can read and write). Setting file permi,codacy,internal/container/container.go,84,triaged,S1,storage,exclude,Phase 4,v1.10.4 candidate issue linked from selected matrix row
CK-110-1331,CK-110-M020,The application was found setting directory permissions to overly permissive values.,codacy,internal/benchmark/scenarios.go,383,triaged,S1,benchmark,exclude,Phase 3,v1.10.4 candidate issue linked from selected matrix row
CK-110-1332,CK-110-M069,The application was found setting file permissions to overly permissive values.,codacy,internal/benchmark/determinism_test.go,45,triaged,S3,benchmark,exclude,Phase 4,v1.10.4 candidate issue linked from selected matrix row
CK-110-1333,CK-110-M072,Lists should be surrounded by blank lines,codacy,docs/BENCHMARK_CORPORA.md,23,triaged,S4,docs,exclude,Phase 3,v1.10.4 candidate issue linked from selected matrix row
CK-110-1334,CK-110-M072,Lists should be surrounded by blank lines,codacy,docs/benchmarking.md,1328,triaged,S4,docs,exclude,Phase 3,v1.10.4 candidate issue linked from selected matrix row
CK-110-1335,CK-110-M057,The application was found setting directory permissions to overly permissive values.,codacy,tests/integration/read_path_regression_test.go,228,triaged,S3,filesystem,exclude,Phase 4,v1.10.4 candidate issue linked from selected matrix row
CK-110-1336,CK-110-M026,Method RollbackLastAppend has a cyclomatic complexity of 17 (limit is 8),codacy,internal/container/local_writer.go,511,triaged,S2,storage,exclude,Phase 3,v1.10.4 candidate issue linked from selected matrix row
CK-110-1337,CK-110-M057,The application was found setting directory permissions to overly permissive values.,codacy,tests/integration/v19_stats_semantics_integration_test.go,74,triaged,S3,filesystem,exclude,Phase 4,v1.10.4 candidate issue linked from selected matrix row
CK-110-1338,CK-110-M009,Insecure dependency golang/stdlib@v1.23.0 (CVE-2026-25679: net/url: Incorrect parsing of IPv6 host literals in,codacy,go.mod,3,triaged,S1,dependencies,exclude,Phase 4,v1.10.4 candidate issue linked from selected matrix row
CK-110-1339,CK-110-M070,Method RunFixtureFolderEndToEnd has 90 lines of code (limit is 50),codacy,tests/utils/common.go,979,triaged,S3,codacy,exclude,Phase 2,v1.10.4 candidate issue linked from selected matrix row
CK-110-1340,CK-110-M070,Method TestStep610MixedRepositoryStability has a cyclomatic complexity of 24 (limit is 8),codacy,tests/adversarial/g610_mixed_repository_stability_test.go,48,triaged,S3,codacy,exclude,Phase 2,v1.10.4 candidate issue linked from selected matrix row
CK-110-1341,CK-110-M059,SQL Injection is a critical vulnerability that can lead to data or system compromise.,codacy,internal/graph/reachability_test.go,369,triaged,S3,security,exclude,Phase 2,v1.10.4 candidate issue linked from selected matrix row
CK-110-1342,CK-110-M066,Method TestRestoreOptionsOverwriteTrueReplacesExistingDestination has 93 lines of code (limit is 50),codacy,internal/storage/restore_test.go,2234,triaged,S3,restore,exclude,Phase 4,v1.10.4 candidate issue linked from selected matrix row
CK-110-1343,CK-110-M070,Method TestComputeReachabilitySummary has 54 lines of code (limit is 50),codacy,internal/retention/reachability_test.go,182,triaged,S3,codacy,exclude,Phase 2,v1.10.4 candidate issue linked from selected matrix row
CK-110-1344,CK-110-M062,Method TestBuildPlanPackedDryRunMetrics has a cyclomatic complexity of 10 (limit is 8),codacy,internal/gc/plan_test.go,666,triaged,S3,gc,defer,Phase 3,v1.10.4 candidate issue linked from selected matrix row
CK-110-1345,CK-110-M026,Method linkFileChunkWithContext has a cyclomatic complexity of 10 (limit is 8),codacy,internal/storage/store.go,2165,triaged,S2,storage,exclude,Phase 3,v1.10.4 candidate issue linked from selected matrix row
CK-110-1346,CK-110-M044,Method Derive has a cyclomatic complexity of 16 (limit is 8),codacy,internal/repository/capabilities/derive.go,20,triaged,S2,codacy,exclude,Phase 4,v1.10.4 candidate issue linked from selected matrix row
CK-110-1347,CK-110-M045,Method extract_metrics has a cyclomatic complexity of 9 (limit is 8),codacy,scripts/compare_phase8_dedup_results.py,20,triaged,S1,tooling,exclude,Phase 4,v1.10.4 candidate issue linked from selected matrix row
CK-110-1348,CK-110-M047,Method TestPostgresFreshBootstrapCreatesPhaseOneV8Schema has a cyclomatic complexity of 39 (limit is 8),codacy,internal/db/migrations_test.go,1272,triaged,S3,migration,exclude,Phase 4,v1.10.4 candidate issue linked from selected matrix row
CK-110-1349,CK-110-M001,All queries must target RAC_* tables.Query does not reference RAC_* table.,codacy,db/schema_postgres.sql,168,triaged,S1,migration,exclude,Phase 4,v1.10.4 candidate issue linked from selected matrix row
CK-110-1350,CK-110-M076,"Undefined acronym ""GC"" — define on first use or add to glossary.",codacy,SECURITY.md,13,triaged,S4,codacy,exclude,REVIEW,v1.10.4 candidate issue linked from selected matrix row
CK-110-1351,CK-110-M045,Method check_regression has 75 lines of code (limit is 50),codacy,scripts/validate_regression_thresholds.py,186,triaged,S1,tooling,exclude,Phase 4,v1.10.4 candidate issue linked from selected matrix row
CK-110-1352,CK-110-M009,Insecure dependency golang/stdlib@v1.23.0 (CVE-2026-32280: crypto/x509: crypto/tls: golang: Go: Denial of Serv,codacy,go.mod,3,triaged,S1,dependencies,exclude,Phase 4,v1.10.4 candidate issue linked from selected matrix row
CK-110-1353,CK-110-M027,Method snapshotGraphInvariantCode has a cyclomatic complexity of 9 (limit is 8),codacy,internal/verify/verify_snapshot.go,34,triaged,S2,verify,exclude,Phase 2,v1.10.4 candidate issue linked from selected matrix row
CK-110-1354,CK-110-M054,Method seedVerifyLegacyBlockFixture has a cyclomatic complexity of 9 (limit is 8),codacy,internal/verify/verify_system_test.go,797,triaged,S3,verify,exclude,Phase 4,v1.10.4 candidate issue linked from selected matrix row
CK-110-1355,CK-110-M069,The application was found setting directory permissions to overly permissive values.,codacy,internal/benchmark/determinism_test.go,42,triaged,S3,benchmark,exclude,Phase 4,v1.10.4 candidate issue linked from selected matrix row
CK-110-1356,CK-110-M001,All queries must target RAC_* tables.Query does not reference RAC_* table.,codacy,db/schema_postgres.sql,601,triaged,S1,migration,exclude,Phase 4,v1.10.4 candidate issue linked from selected matrix row
CK-110-1357,CK-110-M072,Expected: 2; Actual: 3,codacy,docs/benchmarking.md,648,triaged,S4,docs,exclude,Phase 3,v1.10.4 candidate issue linked from selected matrix row
CK-110-1358,CK-110-M060,File internal/storage/storage_block_reader_test.go has 1008 non-comment lines of code,codacy,internal/storage/storage_block_reader_test.go,1,deferred,S3,packed-storage,exclude,Phase 2,v1.10.4 candidate issue linked from selected matrix row
CK-110-1359,CK-110-M052,The application was found setting file permissions to overly permissive values.,codacy,internal/container/container_test.go,295,triaged,S3,storage,exclude,Phase 3,v1.10.4 candidate issue linked from selected matrix row
CK-110-1360,CK-110-M016,Detected file permissions that are set to more than `0600` (user/owner can read and write). Setting file permi,codacy,internal/storage/restore.go,953,triaged,S1,restore,exclude,Phase 4,v1.10.4 candidate issue linked from selected matrix row
CK-110-1361,CK-110-M024,File internal/db/migrations.go has 876 non-comment lines of code,codacy,internal/db/migrations.go,1,triaged,S2,migration,exclude,Phase 4,v1.10.4 candidate issue linked from selected matrix row
CK-110-1362,CK-110-M063,The application was found setting directory permissions to overly permissive values.,codacy,tests/adversarial/g4_non_destructive_gc_adversarial_test.go,206,triaged,S3,gc,defer,Phase 3,v1.10.4 candidate issue linked from selected matrix row
CK-110-1363,CK-110-M048,SQL Injection is a critical vulnerability that can lead to data or system compromise.,codacy,internal/db/migrations_test.go,1543,triaged,S3,migration,exclude,Phase 4,v1.10.4 candidate issue linked from selected matrix row
CK-110-1364,CK-110-M060,Method TestStorageBlockReaderLoadBlockMetadataRejectsInvalidCompressionContract has 56 lines of code (limit is,codacy,internal/storage/storage_block_reader_test.go,266,deferred,S3,packed-storage,exclude,Phase 2,v1.10.4 candidate issue linked from selected matrix row
CK-110-1365,CK-110-M067,The application was found setting directory permissions to overly permissive values.,codacy,tests/adversarial/g1_step11_restore_determinism_test.go,95,triaged,S3,restore,exclude,Phase 4,v1.10.4 candidate issue linked from selected matrix row
CK-110-1366,CK-110-M047,Method TestPostgresV7SnapshotMigrationToV8WithoutDataLoss has a cyclomatic complexity of 52 (limit is 8),codacy,internal/db/migrations_test.go,1574,triaged,S3,migration,exclude,Phase 4,v1.10.4 candidate issue linked from selected matrix row
CK-110-1367,CK-110-M070,Method TestInspectLogicalFileBasic has 54 lines of code (limit is 50),codacy,internal/observability/inspect_test.go,34,triaged,S3,codacy,exclude,Phase 2,v1.10.4 candidate issue linked from selected matrix row
CK-110-1368,CK-110-M025,Method CreateSnapshotWithOptions has a cyclomatic complexity of 47 (limit is 8),codacy,internal/snapshot/snapshot.go,1327,triaged,S2,snapshot,exclude,Phase 2,v1.10.4 candidate issue linked from selected matrix row
CK-110-1369,CK-110-M050,The application was found setting directory permissions to overly permissive values.,codacy,tests/adversarial/g14_g17_snapshot_retention_adversarial_test.go,122,triaged,S3,snapshot,exclude,Phase 2,v1.10.4 candidate issue linked from selected matrix row
CK-110-1370,CK-110-M070,Method TestSharedRetentionSurvivesSnapshotDeleteWhenCurrentExists has a cyclomatic complexity of 12 (limit is ,codacy,internal/retention/reachability_test.go,608,triaged,S3,codacy,exclude,Phase 2,v1.10.4 candidate issue linked from selected matrix row
CK-110-1371,CK-110-M005,The application dynamically constructs file or path information.,codacy,internal/container/container.go,471,triaged,S1,storage,exclude,Phase 4,v1.10.4 candidate issue linked from selected matrix row
CK-110-1372,CK-110-M054,Method TestVerifyFileStandardRejectsChunkWithEmptyChunkerVersion has a cyclomatic complexity of 9 (limit is 8),codacy,internal/verify/verify_file_test.go,60,triaged,S3,verify,exclude,Phase 4,v1.10.4 candidate issue linked from selected matrix row
CK-110-1373,CK-110-M057,The application was found setting file permissions to overly permissive values.,codacy,tests/utils/common.go,739,triaged,S3,filesystem,exclude,Phase 4,v1.10.4 candidate issue linked from selected matrix row
CK-110-1374,CK-110-M045,Method main has 101 lines of code (limit is 50),codacy,scripts/validate_regression_thresholds.py,294,triaged,S1,tooling,exclude,Phase 4,v1.10.4 candidate issue linked from selected matrix row
CK-110-1375,CK-110-M067,Detected file permissions that are set to more than `0600` (user/owner can read and write). Setting file permi,codacy,tests/adversarial/g5_atomic_restore_adversarial_test.go,119,triaged,S3,restore,exclude,Phase 4,v1.10.4 candidate issue linked from selected matrix row
CK-110-1376,CK-110-M072,Lists should be surrounded by blank lines,codacy,docs/BENCHMARK_CORPORA.md,257,triaged,S4,docs,exclude,Phase 3,v1.10.4 candidate issue linked from selected matrix row
CK-110-1377,CK-110-M048,SQL Injection is a critical vulnerability that can lead to data or system compromise.,codacy,internal/db/migrations_test.go,1891,triaged,S3,migration,exclude,Phase 4,v1.10.4 candidate issue linked from selected matrix row
CK-110-1378,CK-110-M062,Method TestRunGCDryRunBecomesEligibleAfterSnapshotDelete has a cyclomatic complexity of 10 (limit is 8),codacy,internal/maintenance/gc_test.go,523,triaged,S3,gc,defer,Phase 3,v1.10.4 candidate issue linked from selected matrix row
CK-110-1379,CK-110-M062,Method TestStep11ContainerWithMixedPhysicalUnitsRetainedWhileEitherKindLive has 90 lines of code (limit is 50),codacy,internal/maintenance/gc_step11_test.go,525,triaged,S3,gc,defer,Phase 3,v1.10.4 candidate issue linked from selected matrix row
CK-110-1380,CK-110-M054,Method  has a cyclomatic complexity of 9 (limit is 8),codacy,internal/verify/verify_block_pipeline_test.go,394,triaged,S3,verify,exclude,Phase 4,v1.10.4 candidate issue linked from selected matrix row
CK-110-1381,CK-110-M072,Expected: 1; Actual: 0; Below,codacy,docs/STEP64_METRICS_VALIDATION.md,156,triaged,S4,docs,exclude,Phase 3,v1.10.4 candidate issue linked from selected matrix row
CK-110-1382,CK-110-M045,Method main has a cyclomatic complexity of 18 (limit is 8),codacy,scripts/compare_phase8_dedup_results.py,43,triaged,S1,tooling,exclude,Phase 4,v1.10.4 candidate issue linked from selected matrix row
CK-110-1383,CK-110-M072,Lists should be surrounded by blank lines,codacy,docs/STEP64_METRICS_VALIDATION.md,93,triaged,S4,docs,exclude,Phase 3,v1.10.4 candidate issue linked from selected matrix row
CK-110-1384,CK-110-M050,SQL Injection is a critical vulnerability that can lead to data or system compromise.,codacy,tests/adversarial/g14_g17_snapshot_retention_adversarial_test.go,523,triaged,S3,snapshot,exclude,Phase 2,v1.10.4 candidate issue linked from selected matrix row
CK-110-1385,CK-110-M049,Method TestAdversarialG14SnapshotSurvivesCrashAndRecovery has a cyclomatic complexity of 10 (limit is 8),codacy,tests/adversarial/g14_g17_snapshot_retention_adversarial_test.go,507,triaged,S3,snapshot,exclude,Phase 2,v1.10.4 candidate issue linked from selected matrix row
CK-110-1386,CK-110-M044,Method expandDeep has 72 lines of code (limit is 50),codacy,internal/observability/inspect.go,579,triaged,S2,codacy,exclude,Phase 4,v1.10.4 candidate issue linked from selected matrix row
CK-110-1387,CK-110-M072,Multiple headings with the same content,codacy,docs/benchmarking.md,481,triaged,S4,docs,exclude,Phase 3,v1.10.4 candidate issue linked from selected matrix row
CK-110-1388,CK-110-M055,The application dynamically constructs file or path information.,codacy,internal/verify/verify_system_test.go,559,triaged,S3,verify,exclude,Phase 4,v1.10.4 candidate issue linked from selected matrix row
CK-110-1389,CK-110-M070,Method TestPhase7MixedVerifyAfterUpgradeIntegration has 119 lines of code (limit is 50),codacy,tests/integration/v18_migration_compatibility_integration_test.go,619,triaged,S3,codacy,exclude,Phase 2,v1.10.4 candidate issue linked from selected matrix row
CK-110-1390,CK-110-M072,Lists should be surrounded by blank lines,codacy,docs/benchmarking.md,1372,triaged,S4,docs,exclude,Phase 3,v1.10.4 candidate issue linked from selected matrix row
CK-110-1391,CK-110-M047,Method TestRunMigrationsMigratesLegacySnapshotV7ToV8WithoutDataLoss has a cyclomatic complexity of 51 (limit i,codacy,internal/db/migrations_test.go,521,triaged,S3,migration,exclude,Phase 4,v1.10.4 candidate issue linked from selected matrix row
CK-110-1392,CK-110-M070,Method TestInspectChunkBasic has a cyclomatic complexity of 11 (limit is 8),codacy,internal/observability/inspect_test.go,208,triaged,S3,codacy,exclude,Phase 2,v1.10.4 candidate issue linked from selected matrix row
CK-110-1393,CK-110-M026,Method validateReusableLogicalFileGraphWithContext has a cyclomatic complexity of 18 (limit is 8),codacy,internal/storage/store.go,1245,triaged,S2,storage,exclude,Phase 3,v1.10.4 candidate issue linked from selected matrix row
CK-110-1394,CK-110-M051,Method TestCrossVersionDedupCompatibility has a cyclomatic complexity of 19 (limit is 8),codacy,internal/storage/store_v2chunker_test.go,419,triaged,S3,storage,exclude,Phase 3,v1.10.4 candidate issue linked from selected matrix row
CK-110-1395,CK-110-M059,SQL Injection is a critical vulnerability that can lead to data or system compromise.,codacy,internal/graph/reachability_test.go,490,triaged,S3,security,exclude,Phase 2,v1.10.4 candidate issue linked from selected matrix row
CK-110-1396,CK-110-M066,Method TestRestoreFileByStoredPathPrefixMode has 105 lines of code (limit is 50),codacy,internal/storage/restore_test.go,761,triaged,S3,restore,exclude,Phase 4,v1.10.4 candidate issue linked from selected matrix row
CK-110-1397,CK-110-M048,String-formatted SQL query detected.,codacy,internal/db/migrations_test.go,1313,triaged,S3,migration,exclude,Phase 4,v1.10.4 candidate issue linked from selected matrix row
CK-110-1398,CK-110-M057,The application was found setting directory permissions to overly permissive values.,codacy,tests/integration/v19_legacy_upgrade_path_integration_test.go,293,triaged,S3,filesystem,exclude,Phase 4,v1.10.4 candidate issue linked from selected matrix row
CK-110-1399,CK-110-M070,Method TestTraverseNoCyclesInfiniteLoops has a cyclomatic complexity of 14 (limit is 8),codacy,internal/graph/traversal_test.go,215,triaged,S3,codacy,exclude,Phase 2,v1.10.4 candidate issue linked from selected matrix row
CK-110-1400,CK-110-M072,Expected: 1; Actual: 0; Below,codacy,docs/STEP64_METRICS_VALIDATION.md,38,triaged,S4,docs,exclude,Phase 3,v1.10.4 candidate issue linked from selected matrix row
CK-110-1401,CK-110-M063,The application dynamically constructs file or path information.,codacy,internal/maintenance/gc_step11_test.go,400,triaged,S3,gc,defer,Phase 3,v1.10.4 candidate issue linked from selected matrix row
CK-110-1402,CK-110-M063,SQL Injection is a critical vulnerability that can lead to data or system compromise.,codacy,internal/gc/plan_test.go,489,triaged,S3,gc,defer,Phase 3,v1.10.4 candidate issue linked from selected matrix row
CK-110-1403,CK-110-M075,The 'id' field $X was used multiple times.,codacy,.golangci.yml,26,triaged,S4,gc,exclude,Phase 3,v1.10.4 candidate issue linked from selected matrix row
CK-110-1404,CK-110-M026,Method prepareChunksWithContext has a cyclomatic complexity of 9 (limit is 8),codacy,internal/storage/store.go,900,triaged,S2,storage,exclude,Phase 3,v1.10.4 candidate issue linked from selected matrix row
CK-110-1405,CK-110-M023,OS command injection is a critical vulnerability that can lead to a full system compromise as it may allow an ,codacy,tests/adversarial/g6_concurrent_operations_adversarial_test.go,93,triaged,S1,codacy,exclude,Phase 4,v1.10.4 candidate issue linked from selected matrix row
CK-110-1406,CK-110-M051,Method TestStoreAllowsCrossVersionChunkReuseWithoutOverwritingOriginMetadata has 82 lines of code (limit is 50,codacy,internal/storage/store_v2chunker_test.go,523,triaged,S3,storage,exclude,Phase 3,v1.10.4 candidate issue linked from selected matrix row
CK-110-1407,CK-110-M057,The application was found setting directory permissions to overly permissive values.,codacy,tests/adversarial/g6_concurrent_operations_adversarial_test.go,169,triaged,S3,filesystem,exclude,Phase 4,v1.10.4 candidate issue linked from selected matrix row
CK-110-1408,CK-110-M002,SQL Injection is a critical vulnerability that can lead to data or system compromise.,codacy,internal/snapshot/path_resolver.go,104,triaged,S1,snapshot,exclude,Phase 2,v1.10.4 candidate issue linked from selected matrix row
CK-110-1409,CK-110-M070,Method TestStep610MixedRepositoryStability has 119 lines of code (limit is 50),codacy,tests/adversarial/g610_mixed_repository_stability_test.go,48,triaged,S3,codacy,exclude,Phase 2,v1.10.4 candidate issue linked from selected matrix row
CK-110-1410,CK-110-M057,The application dynamically constructs file or path information.,codacy,tests/adversarial/g610_mixed_repository_stability_test.go,290,triaged,S3,filesystem,exclude,Phase 4,v1.10.4 candidate issue linked from selected matrix row
CK-110-1411,CK-110-M045,"The result of command substitution $(...) or `...`, if unquoted, is split on whitespace or other separators sp",codacy,scripts/smoke.sh,1211,triaged,S1,tooling,exclude,Phase 4,v1.10.4 candidate issue linked from selected matrix row
CK-110-1412,CK-110-M009,Insecure dependency golang/stdlib@v1.23.0 (CVE-2025-22870: golang.org/x/net/proxy: golang.org/x/net/http/httpp,codacy,go.mod,3,triaged,S1,dependencies,exclude,Phase 4,v1.10.4 candidate issue linked from selected matrix row
CK-110-1413,CK-110-M057,The application was found setting file permissions to overly permissive values.,codacy,tests/adversarial/g9_batch_semantics_adversarial_test.go,322,triaged,S3,filesystem,exclude,Phase 4,v1.10.4 candidate issue linked from selected matrix row
CK-110-1414,CK-110-M070,Method TestInspectChunkRelationsIncludeLegacyBlockMetadata has 72 lines of code (limit is 50),codacy,internal/observability/inspect_test.go,336,triaged,S3,codacy,exclude,Phase 2,v1.10.4 candidate issue linked from selected matrix row
CK-110-1415,CK-110-M044,Method RenderSimulation has a cyclomatic complexity of 59 (limit is 8),codacy,internal/cli/render/simulate.go,12,triaged,S2,codacy,exclude,Phase 4,v1.10.4 candidate issue linked from selected matrix row
CK-110-1416,CK-110-M024,Method runSQLiteSnapshotMigration has 155 lines of code (limit is 50),codacy,internal/db/migrations.go,274,triaged,S2,migration,exclude,Phase 4,v1.10.4 candidate issue linked from selected matrix row
CK-110-1417,CK-110-M051,Method TestRemoveFailsWhenLogicalFileIsRetainedBySnapshot has a cyclomatic complexity of 13 (limit is 8),codacy,internal/storage/remove_test.go,59,triaged,S3,storage,exclude,Phase 3,v1.10.4 candidate issue linked from selected matrix row
CK-110-1418,CK-110-M023,OS command injection is a critical vulnerability that can lead to a full system compromise as it may allow an ,codacy,tests/integration/v18_migration_compatibility_integration_test.go,1942,triaged,S1,codacy,exclude,Phase 4,v1.10.4 candidate issue linked from selected matrix row
CK-110-1419,CK-110-M057,Detected file permissions that are set to more than `0600` (user/owner can read and write). Setting file permi,codacy,tests/integration/v19_legacy_upgrade_path_integration_test.go,210,triaged,S3,filesystem,exclude,Phase 4,v1.10.4 candidate issue linked from selected matrix row
CK-110-1420,CK-110-M048,SQL Injection is a critical vulnerability that can lead to data or system compromise.,codacy,internal/db/migrations_test.go,1740,triaged,S3,migration,exclude,Phase 4,v1.10.4 candidate issue linked from selected matrix row
CK-110-1421,CK-110-M037,Method detectInteriorGaps has 54 lines of code (limit is 50),codacy,internal/recovery/system_recovery.go,565,triaged,S1,recovery,exclude,Phase 4,v1.10.4 candidate issue linked from selected matrix row
CK-110-1422,CK-110-M066,Method TestRestoreFailsOnPlaintextSizeMismatch has 64 lines of code (limit is 50),codacy,internal/storage/restore_test.go,1241,triaged,S3,restore,exclude,Phase 4,v1.10.4 candidate issue linked from selected matrix row
CK-110-1423,CK-110-M048,SQL Injection is a critical vulnerability that can lead to data or system compromise.,codacy,internal/db/migrations_test.go,1766,triaged,S3,migration,exclude,Phase 4,v1.10.4 candidate issue linked from selected matrix row
CK-110-1424,CK-110-M056,Method TestStep612LegacyUpgradePathNoRewriteIntegration has a cyclomatic complexity of 32 (limit is 8),codacy,tests/integration/v19_legacy_upgrade_path_integration_test.go,54,triaged,S3,filesystem,exclude,Phase 2,v1.10.4 candidate issue linked from selected matrix row
CK-110-1425,CK-110-M070,Method TestTraverseVisitsAllNodesOnce has a cyclomatic complexity of 17 (limit is 8),codacy,internal/graph/traversal_test.go,63,triaged,S3,codacy,exclude,Phase 2,v1.10.4 candidate issue linked from selected matrix row
CK-110-1426,CK-110-M068,Method TestMetricsAreUnderstandable has a cyclomatic complexity of 11 (limit is 8),codacy,internal/benchmark/metrics_test.go,386,triaged,S3,benchmark,exclude,Phase 3,v1.10.4 candidate issue linked from selected matrix row
CK-110-1427,CK-110-M050,The application dynamically constructs file or path information.,codacy,tests/adversarial/g14_g17_snapshot_retention_adversarial_test.go,598,triaged,S3,snapshot,exclude,Phase 2,v1.10.4 candidate issue linked from selected matrix row
CK-110-1428,CK-110-M026,File internal/container/container.go has 537 non-comment lines of code,codacy,internal/container/container.go,1,triaged,S2,storage,exclude,Phase 3,v1.10.4 candidate issue linked from selected matrix row
CK-110-1429,CK-110-M057,Detected file permissions that are set to more than `0600` (user/owner can read and write). Setting file permi,codacy,tests/integration/read_path_regression_test.go,90,triaged,S3,filesystem,exclude,Phase 4,v1.10.4 candidate issue linked from selected matrix row
CK-110-1430,CK-110-M062,Method TestContainerHasLivePhysicalUnitsSupportsLegacyPackedAndMixed has 93 lines of code (limit is 50),codacy,internal/maintenance/gc_packed_test.go,516,triaged,S3,gc,defer,Phase 3,v1.10.4 candidate issue linked from selected matrix row
CK-110-1431,CK-110-M072,Expected: 2; Actual: 3,codacy,docs/benchmarking.md,1558,triaged,S4,docs,exclude,Phase 3,v1.10.4 candidate issue linked from selected matrix row
CK-110-1432,CK-110-M057,The application was found setting file permissions to overly permissive values.,codacy,tests/utils/common.go,951,triaged,S3,filesystem,exclude,Phase 4,v1.10.4 candidate issue linked from selected matrix row
CK-110-1433,CK-110-M005,The application dynamically constructs file or path information.,codacy,internal/container/container.go,84,triaged,S1,storage,exclude,Phase 4,v1.10.4 candidate issue linked from selected matrix row
CK-110-1434,CK-110-M026,Method commitPreparedChunksWithContext has a cyclomatic complexity of 36 (limit is 8),codacy,internal/storage/store.go,182,triaged,S2,storage,exclude,Phase 3,v1.10.4 candidate issue linked from selected matrix row
CK-110-1435,CK-110-M004,SQL Injection is a critical vulnerability that can lead to data or system compromise.,codacy,internal/storage/store.go,498,triaged,S1,storage,exclude,Phase 4,v1.10.4 candidate issue linked from selected matrix row
CK-110-1436,CK-110-M052,Detected file permissions that are set to more than `0600` (user/owner can read and write). Setting file permi,codacy,tests/adversarial/v110_s0_chunk_reuse_bounds_stabilization_test.go,176,triaged,S3,storage,exclude,Phase 3,v1.10.4 candidate issue linked from selected matrix row
CK-110-1437,CK-110-M044,Method mapMaintenanceStats has 80 lines of code (limit is 50),codacy,internal/observability/stats.go,89,triaged,S2,codacy,exclude,Phase 4,v1.10.4 candidate issue linked from selected matrix row
CK-110-1438,CK-110-M072,Lists should be surrounded by blank lines,codacy,docs/benchmarking.md,1400,triaged,S4,docs,exclude,Phase 3,v1.10.4 candidate issue linked from selected matrix row
CK-110-1439,CK-110-M072,Lists should be surrounded by blank lines,codacy,docs/BENCHMARK_METRICS.md,121,triaged,S4,docs,exclude,Phase 3,v1.10.4 candidate issue linked from selected matrix row
CK-110-1440,CK-110-M026,Method ParseStorageContext has 70 lines of code (limit is 50),codacy,internal/storage/context.go,141,triaged,S2,storage,exclude,Phase 3,v1.10.4 candidate issue linked from selected matrix row
CK-110-1441,CK-110-M066,Method setupStoredPathRestoreFixture has 116 lines of code (limit is 50),codacy,internal/storage/restore_test.go,2338,triaged,S3,restore,exclude,Phase 4,v1.10.4 candidate issue linked from selected matrix row
CK-110-1442,CK-110-M018,Detected non-static command inside Command.,codacy,internal/benchmark/scenarios.go,449,triaged,S1,benchmark,exclude,Phase 4,v1.10.4 candidate issue linked from selected matrix row
CK-110-1443,CK-110-M038,Method pinLogicalFileRestoreChunksWithContext has a cyclomatic complexity of 15 (limit is 8),codacy,internal/storage/restore.go,498,triaged,S1,restore,exclude,Phase 4,v1.10.4 candidate issue linked from selected matrix row
CK-110-1444,CK-110-M029,`inspect repository extra` accepts extra positional args,external-audit,docs/release/v1.10/evidence/third_party_coldkeep_v1.9.0_code_analysis.baseline.txt,,fixed,S2,cli,exclude,Phase 2,v1.10.4 candidate issue linked from selected matrix row
CK-110-1445,CK-110-M029,`inspect snapshot <id> extra` also ignores trailing args,external-audit,docs/release/v1.10/evidence/third_party_coldkeep_v1.9.0_code_analysis.baseline.txt,,fixed,S2,cli,exclude,Phase 2,v1.10.4 candidate issue linked from selected matrix row
CK-110-1446,CK-110-M029,`verify system extra` ignores extra positional args,external-audit,docs/release/v1.10/evidence/third_party_coldkeep_v1.9.0_code_analysis.baseline.txt,,fixed,S2,cli,exclude,Phase 2,v1.10.4 candidate issue linked from selected matrix row
CK-110-1447,CK-110-M029,`verify file 123 fast extra` ignores trailing args,external-audit,docs/release/v1.10/evidence/third_party_coldkeep_v1.9.0_code_analysis.baseline.txt,,fixed,S2,cli,exclude,Phase 2,v1.10.4 candidate issue linked from selected matrix row
CK-110-1448,CK-110-M029,`snapshot stats extra` ignores trailing args,external-audit,docs/release/v1.10/evidence/third_party_coldkeep_v1.9.0_code_analysis.baseline.txt,,fixed,S2,cli,exclude,Phase 2,v1.10.4 candidate issue linked from selected matrix row
CK-110-1449,CK-110-M029,`simulate store file1 extra` ignores trailing args,external-audit,docs/release/v1.10/evidence/third_party_coldkeep_v1.9.0_code_analysis.baseline.txt,,fixed,S2,cli,exclude,Phase 2,v1.10.4 candidate issue linked from selected matrix row
CK-110-1450,CK-110-M033,`config get compression-level extra` loads repository before rejecting,external-audit,docs/release/v1.10/evidence/third_party_coldkeep_v1.9.0_code_analysis.baseline.txt,,fixed,S2,validation,exclude,Phase 2,v1.10.4 candidate issue linked from selected matrix row
CK-110-1451,CK-110-M029,`repair ref-counts extra` ignores trailing args,external-audit,docs/release/v1.10/evidence/third_party_coldkeep_v1.9.0_code_analysis.baseline.txt,,fixed,S2,cli,exclude,Phase 2,v1.10.4 candidate issue linked from selected matrix row
CK-110-1452,CK-110-M013,"`search --path """"` becomes an unfiltered search",external-audit,docs/release/v1.10/evidence/third_party_coldkeep_v1.9.0_code_analysis.baseline.txt,,triaged,S1,validation,exclude,Phase 2,v1.10.4 candidate issue linked from selected matrix row
CK-110-1453,CK-110-M013,"`snapshot list --path """"` also becomes unfiltered",external-audit,docs/release/v1.10/evidence/third_party_coldkeep_v1.9.0_code_analysis.baseline.txt,,triaged,S1,validation,exclude,Phase 2,v1.10.4 candidate issue linked from selected matrix row
CK-110-1454,CK-110-M013,"`remove --path """"` can broaden deletion scope",external-audit,docs/release/v1.10/evidence/third_party_coldkeep_v1.9.0_code_analysis.baseline.txt,,triaged,S1,validation,exclude,Phase 2,v1.10.4 candidate issue linked from selected matrix row
CK-110-1455,CK-110-M039,`benchmark compare` does not validate case-name uniqueness across files,external-audit,docs/release/v1.10/evidence/third_party_coldkeep_v1.9.0_code_analysis.baseline.txt,,triaged,S2,benchmark,exclude,Phase 4,v1.10.4 candidate issue linked from selected matrix row
CK-110-1456,CK-110-M039,`benchmark compare` can compare mismatched benchmark types,external-audit,docs/release/v1.10/evidence/third_party_coldkeep_v1.9.0_code_analysis.baseline.txt,,triaged,S2,benchmark,exclude,Phase 4,v1.10.4 candidate issue linked from selected matrix row
CK-110-1457,CK-110-M088,`summarize_phase8_blocksize.py` writes `Infinity`/`NaN` into JSON,external-audit,docs/release/v1.10/evidence/third_party_coldkeep_v1.9.0_code_analysis.baseline.txt,,triaged,S2,benchmark,exclude,Phase 4,v1.10.4 candidate issue linked from selected matrix row
CK-110-1458,CK-110-M046,`run_phase8_restore_sequence.sh` appends results without schema/version marker,external-audit,docs/release/v1.10/evidence/third_party_coldkeep_v1.9.0_code_analysis.baseline.txt,,triaged,S2,tooling,exclude,Phase 4,v1.10.4 candidate issue linked from selected matrix row
CK-110-1459,CK-110-M077,`scripts/compare_phase8_dedup_results.py` accepts duplicate dataset labels,external-audit,docs/release/v1.10/evidence/third_party_coldkeep_v1.9.0_code_analysis.baseline.txt,,triaged,S3,tooling,exclude,Phase 3,v1.10.4 candidate issue linked from selected matrix row
CK-110-1460,CK-110-M084,"`snapshot create --tag "" a ""` preserves surrounding whitespace",external-audit,docs/release/v1.10/evidence/third_party_coldkeep_v1.9.0_code_analysis.baseline.txt,,triaged,S3,tooling,exclude,Phase 2,v1.10.4 candidate issue linked from selected matrix row
CK-110-1461,CK-110-M084,"`snapshot list --tag ""a ""` fails to match stored `""a""`",external-audit,docs/release/v1.10/evidence/third_party_coldkeep_v1.9.0_code_analysis.baseline.txt,,triaged,S3,tooling,exclude,Phase 2,v1.10.4 candidate issue linked from selected matrix row
CK-110-1462,CK-110-M013,"`search --name "" ""` becomes broad wildcard search",external-audit,docs/release/v1.10/evidence/third_party_coldkeep_v1.9.0_code_analysis.baseline.txt,,triaged,S1,validation,exclude,Phase 2,v1.10.4 candidate issue linked from selected matrix row
CK-110-1463,CK-110-M013,`inspect file --limit 0` is accepted,external-audit,docs/release/v1.10/evidence/third_party_coldkeep_v1.9.0_code_analysis.baseline.txt,,triaged,S1,validation,exclude,Phase 2,v1.10.4 candidate issue linked from selected matrix row
CK-110-1464,CK-110-M039,`benchmark compare` allows duplicate current-case rows,external-audit,docs/release/v1.10/evidence/third_party_coldkeep_v1.9.0_code_analysis.baseline.txt,,triaged,S2,benchmark,exclude,Phase 4,v1.10.4 candidate issue linked from selected matrix row
CK-110-1465,CK-110-M042,`benchmark compare` does not validate numeric finiteness in input rows,external-audit,docs/release/v1.10/evidence/third_party_coldkeep_v1.9.0_code_analysis.baseline.txt,,triaged,S2,benchmark,exclude,Phase 4,v1.10.4 candidate issue linked from selected matrix row
CK-110-1466,CK-110-M042,`compare_phase8_dedup_results.py` accepts `--max-delta-ratio inf`,external-audit,docs/release/v1.10/evidence/third_party_coldkeep_v1.9.0_code_analysis.baseline.txt,,triaged,S2,benchmark,exclude,Phase 4,v1.10.4 candidate issue linked from selected matrix row
CK-110-1467,CK-110-M046,`scripts/run_phase8_restore_sequence.sh` can append duplicate CSV headers,external-audit,docs/release/v1.10/evidence/third_party_coldkeep_v1.9.0_code_analysis.baseline.txt,,triaged,S2,tooling,exclude,Phase 4,v1.10.4 candidate issue linked from selected matrix row
CK-110-1468,CK-110-M013,"`search --extension """"` matches everything",external-audit,docs/release/v1.10/evidence/third_party_coldkeep_v1.9.0_code_analysis.baseline.txt,,triaged,S1,validation,exclude,Phase 2,v1.10.4 candidate issue linked from selected matrix row
CK-110-1469,CK-110-M078,`search --extension .TXT` is case-sensitive,external-audit,docs/release/v1.10/evidence/third_party_coldkeep_v1.9.0_code_analysis.baseline.txt,,triaged,S3,tooling,exclude,Phase 4,v1.10.4 candidate issue linked from selected matrix row
CK-110-1470,CK-110-M028,`list --sort size --reverse=false` still reverses,external-audit,docs/release/v1.10/evidence/third_party_coldkeep_v1.9.0_code_analysis.baseline.txt,,fixed,S2,cli,exclude,Phase 2,v1.10.4 candidate issue linked from selected matrix row
CK-110-1471,CK-110-M028,`snapshot list --reverse=false` still reverses,external-audit,docs/release/v1.10/evidence/third_party_coldkeep_v1.9.0_code_analysis.baseline.txt,,fixed,S2,cli,exclude,Phase 2,v1.10.4 candidate issue linked from selected matrix row
CK-110-1472,CK-110-M042,`benchmark compare` accepts negative ratios inside JSON,external-audit,docs/release/v1.10/evidence/third_party_coldkeep_v1.9.0_code_analysis.baseline.txt,,triaged,S2,benchmark,exclude,Phase 4,v1.10.4 candidate issue linked from selected matrix row
CK-110-1473,CK-110-M042,`summarize_phase8_blocksize.py` can divide by zero,external-audit,docs/release/v1.10/evidence/third_party_coldkeep_v1.9.0_code_analysis.baseline.txt,,triaged,S2,benchmark,exclude,Phase 4,v1.10.4 candidate issue linked from selected matrix row
CK-110-1474,CK-110-M046,`compare_phase8_dedup_results.py` trusts CSV headers exactly,external-audit,docs/release/v1.10/evidence/third_party_coldkeep_v1.9.0_code_analysis.baseline.txt,,triaged,S2,tooling,exclude,Phase 4,v1.10.4 candidate issue linked from selected matrix row
CK-110-1475,CK-110-M032,"`snapshot create --tag a,,b` stores empty tag entries",external-audit,docs/release/v1.10/evidence/third_party_coldkeep_v1.9.0_code_analysis.baseline.txt,,triaged,S2,snapshot,exclude,Phase 2,v1.10.4 candidate issue linked from selected matrix row
CK-110-1476,CK-110-M008,`list --json` is rejected,external-audit,docs/release/v1.10/evidence/third_party_coldkeep_v1.9.0_code_analysis.baseline.txt,,fixed,S1,json,exclude,Phase 2,v1.10.4 candidate issue linked from selected matrix row
CK-110-1477,CK-110-M008,`search --json` is rejected,external-audit,docs/release/v1.10/evidence/third_party_coldkeep_v1.9.0_code_analysis.baseline.txt,,fixed,S1,json,exclude,Phase 2,v1.10.4 candidate issue linked from selected matrix row
CK-110-1478,CK-110-M008,`remove --json` is rejected,external-audit,docs/release/v1.10/evidence/third_party_coldkeep_v1.9.0_code_analysis.baseline.txt,,fixed,S1,json,exclude,Phase 2,v1.10.4 candidate issue linked from selected matrix row
CK-110-1479,CK-110-M008,`gc --json` likely rejected,external-audit,docs/release/v1.10/evidence/third_party_coldkeep_v1.9.0_code_analysis.baseline.txt,,fixed,S1,json,exclude,Phase 2,v1.10.4 candidate issue linked from selected matrix row
CK-110-1480,CK-110-M008,`repair --json` likely rejected,external-audit,docs/release/v1.10/evidence/third_party_coldkeep_v1.9.0_code_analysis.baseline.txt,,fixed,S1,json,exclude,Phase 2,v1.10.4 candidate issue linked from selected matrix row
CK-110-1481,CK-110-M008,`config get --json` likely rejected,external-audit,docs/release/v1.10/evidence/third_party_coldkeep_v1.9.0_code_analysis.baseline.txt,,fixed,S1,json,exclude,Phase 2,v1.10.4 candidate issue linked from selected matrix row
CK-110-1482,CK-110-M013,`list --limit 0` is accepted,external-audit,docs/release/v1.10/evidence/third_party_coldkeep_v1.9.0_code_analysis.baseline.txt,,triaged,S1,validation,exclude,Phase 2,v1.10.4 candidate issue linked from selected matrix row
CK-110-1483,CK-110-M043,`run_snapshot_release_gate.sh` does not export `DB_SSLMODE`,external-audit,docs/release/v1.10/evidence/third_party_coldkeep_v1.9.0_code_analysis.baseline.txt,,triaged,S1,ci,exclude,Phase 2,v1.10.4 candidate issue linked from selected matrix row
CK-110-1484,CK-110-M029,`init` accepts extra positional args,external-audit,docs/release/v1.10/evidence/third_party_coldkeep_v1.9.0_code_analysis.baseline.txt,,fixed,S2,cli,exclude,Phase 2,v1.10.4 candidate issue linked from selected matrix row
CK-110-1485,CK-110-M029,`version` accepts extra positional args,external-audit,docs/release/v1.10/evidence/third_party_coldkeep_v1.9.0_code_analysis.baseline.txt,,fixed,S2,cli,exclude,Phase 2,v1.10.4 candidate issue linked from selected matrix row
CK-110-1486,CK-110-M029,`help` accepts extra positional args,external-audit,docs/release/v1.10/evidence/third_party_coldkeep_v1.9.0_code_analysis.baseline.txt,,fixed,S2,cli,exclude,Phase 2,v1.10.4 candidate issue linked from selected matrix row
CK-110-1487,CK-110-M073,`snapshot list` has duplicate unreachable return,external-audit,docs/release/v1.10/evidence/third_party_coldkeep_v1.9.0_code_analysis.baseline.txt,,triaged,S4,tooling,exclude,Phase 2,v1.10.4 candidate issue linked from selected matrix row
CK-110-1488,CK-110-M039,`benchmark compare` silently overwrites duplicate baseline cases,external-audit,docs/release/v1.10/evidence/third_party_coldkeep_v1.9.0_code_analysis.baseline.txt,,triaged,S2,benchmark,exclude,Phase 4,v1.10.4 candidate issue linked from selected matrix row
CK-110-1489,CK-110-M039,`benchmark compare` does not validate baseline envelope status/command,external-audit,docs/release/v1.10/evidence/third_party_coldkeep_v1.9.0_code_analysis.baseline.txt,,triaged,S2,benchmark,exclude,Phase 4,v1.10.4 candidate issue linked from selected matrix row
CK-110-1490,CK-110-M088,`scripts/summarize_phase8_blocksize.py --json-output` can emit non-standard JSON,external-audit,docs/release/v1.10/evidence/third_party_coldkeep_v1.9.0_code_analysis.baseline.txt,,triaged,S2,json,exclude,Phase 4,v1.10.4 candidate issue linked from selected matrix row
CK-110-1491,CK-110-M042,`scripts/compare_phase8_dedup_results.py --max-delta-ratio nan` passes validation,external-audit,docs/release/v1.10/evidence/third_party_coldkeep_v1.9.0_code_analysis.baseline.txt,,triaged,S2,benchmark,exclude,Phase 4,v1.10.4 candidate issue linked from selected matrix row
CK-110-1492,CK-110-M013,"`repair ref-counts --batch --input """"` is accepted",external-audit,docs/release/v1.10/evidence/third_party_coldkeep_v1.9.0_code_analysis.baseline.txt,,triaged,S1,validation,exclude,Phase 2,v1.10.4 candidate issue linked from selected matrix row
CK-110-1493,CK-110-M033,`repair ref-counts --batch --input missing.json` errors late,external-audit,docs/release/v1.10/evidence/third_party_coldkeep_v1.9.0_code_analysis.baseline.txt,,fixed,S2,validation,exclude,Phase 2,v1.10.4 candidate issue linked from selected matrix row
CK-110-1494,CK-110-M039,`benchmark compare` accepts identical file paths,external-audit,docs/release/v1.10/evidence/third_party_coldkeep_v1.9.0_code_analysis.baseline.txt,,triaged,S2,benchmark,exclude,Phase 4,v1.10.4 candidate issue linked from selected matrix row
CK-110-1495,CK-110-M039,"`benchmark compare --threshold 0` rejects, but `--threshold 0.0` path differs",external-audit,docs/release/v1.10/evidence/third_party_coldkeep_v1.9.0_code_analysis.baseline.txt,,triaged,S2,benchmark,exclude,Phase 4,v1.10.4 candidate issue linked from selected matrix row
CK-110-1496,CK-110-M042,`benchmark compare --threshold nan` is accepted,external-audit,docs/release/v1.10/evidence/third_party_coldkeep_v1.9.0_code_analysis.baseline.txt,,triaged,S2,benchmark,exclude,Phase 4,v1.10.4 candidate issue linked from selected matrix row
CK-110-1497,CK-110-M042,`benchmark compare --threshold inf` is accepted,external-audit,docs/release/v1.10/evidence/third_party_coldkeep_v1.9.0_code_analysis.baseline.txt,,triaged,S2,benchmark,exclude,Phase 4,v1.10.4 candidate issue linked from selected matrix row
CK-110-1498,CK-110-M084,`snapshot create --from self` can recurse logically,external-audit,docs/release/v1.10/evidence/third_party_coldkeep_v1.9.0_code_analysis.baseline.txt,,triaged,S3,tooling,exclude,Phase 2,v1.10.4 candidate issue linked from selected matrix row
CK-110-1499,CK-110-M084,`snapshot delete` accepts duplicate IDs silently,external-audit,docs/release/v1.10/evidence/third_party_coldkeep_v1.9.0_code_analysis.baseline.txt,,triaged,S3,tooling,exclude,Phase 2,v1.10.4 candidate issue linked from selected matrix row
CK-110-1500,CK-110-M087,`restore` accepts and ignores `--mode` without `--stored-path`,external-audit,docs/release/v1.10/evidence/third_party_coldkeep_v1.9.0_code_analysis.baseline.txt,,triaged,S1,tooling,exclude,Phase 4,v1.10.4 candidate issue linked from selected matrix row
CK-110-1501,CK-110-M087,`restore` accepts and ignores `--destination` without `--stored-path`,external-audit,docs/release/v1.10/evidence/third_party_coldkeep_v1.9.0_code_analysis.baseline.txt,,triaged,S1,tooling,exclude,Phase 4,v1.10.4 candidate issue linked from selected matrix row
CK-110-1502,CK-110-M017,"`remove --stored-path """" 123` can fall through to ID removal mode",external-audit,docs/release/v1.10/evidence/third_party_coldkeep_v1.9.0_code_analysis.baseline.txt,,triaged,S1,restore,exclude,Phase 2,v1.10.4 candidate issue linked from selected matrix row
CK-110-1503,CK-110-M017,"`restore --stored-path """" ...` has the same empty-flag fallthrough",external-audit,docs/release/v1.10/evidence/third_party_coldkeep_v1.9.0_code_analysis.baseline.txt,,triaged,S1,restore,exclude,Phase 2,v1.10.4 candidate issue linked from selected matrix row
CK-110-1504,CK-110-M079,`repair ref-counts --input file` accepts and ignores `--input`,external-audit,docs/release/v1.10/evidence/third_party_coldkeep_v1.9.0_code_analysis.baseline.txt,,triaged,S3,tooling,include,Phase 4,v1.10.4 candidate issue linked from selected matrix row
CK-110-1505,CK-110-M079,`repair ref-counts --fail-fast` accepts and ignores `--fail-fast`,external-audit,docs/release/v1.10/evidence/third_party_coldkeep_v1.9.0_code_analysis.baseline.txt,,triaged,S3,tooling,include,Phase 4,v1.10.4 candidate issue linked from selected matrix row
CK-110-1506,CK-110-M077,Benchmark comparison ignores missing baseline cases,external-audit,docs/release/v1.10/evidence/third_party_coldkeep_v1.9.0_code_analysis.baseline.txt,,triaged,S3,tooling,exclude,Phase 3,v1.10.4 candidate issue linked from selected matrix row
CK-110-1507,CK-110-M013,Benchmark comparison accepts an empty/invalid baseline envelope,external-audit,docs/release/v1.10/evidence/third_party_coldkeep_v1.9.0_code_analysis.baseline.txt,,triaged,S1,validation,exclude,Phase 2,v1.10.4 candidate issue linked from selected matrix row
CK-110-1508,CK-110-M086,Value flags accept another flag as their value,external-audit,docs/release/v1.10/evidence/third_party_coldkeep_v1.9.0_code_analysis.baseline.txt,,fixed,S3,tooling,exclude,Phase 4,v1.10.4 candidate issue linked from selected matrix row
CK-110-1509,CK-110-M086,Same parser bug affects `--output`,external-audit,docs/release/v1.10/evidence/third_party_coldkeep_v1.9.0_code_analysis.baseline.txt,,fixed,S3,tooling,exclude,Phase 4,v1.10.4 candidate issue linked from selected matrix row
CK-110-1510,CK-110-M078,`search` still does not validate positional args,external-audit,docs/release/v1.10/evidence/third_party_coldkeep_v1.9.0_code_analysis.baseline.txt,,triaged,S3,tooling,exclude,Phase 4,v1.10.4 candidate issue linked from selected matrix row
CK-110-1511,CK-110-M013,"`snapshot create --id """"` silently generates a new ID",external-audit,docs/release/v1.10/evidence/third_party_coldkeep_v1.9.0_code_analysis.baseline.txt,,triaged,S1,validation,exclude,Phase 2,v1.10.4 candidate issue linked from selected matrix row
CK-110-1512,CK-110-M084,`snapshot create --from <missing>` loads DB and only fails later,external-audit,docs/release/v1.10/evidence/third_party_coldkeep_v1.9.0_code_analysis.baseline.txt,,triaged,S3,tooling,exclude,Phase 2,v1.10.4 candidate issue linked from selected matrix row
CK-110-1513,CK-110-M028,`snapshot delete --force=false` deletes,external-audit,docs/release/v1.10/evidence/third_party_coldkeep_v1.9.0_code_analysis.baseline.txt,,fixed,S2,cli,exclude,Phase 2,v1.10.4 candidate issue linked from selected matrix row
CK-110-1514,CK-110-M028,`snapshot delete --dry-run=false` still dry-runs,external-audit,docs/release/v1.10/evidence/third_party_coldkeep_v1.9.0_code_analysis.baseline.txt,,fixed,S2,cli,exclude,Phase 2,v1.10.4 candidate issue linked from selected matrix row
CK-110-1515,CK-110-M034,`inferOutputModeFromArgs()` scans flags after `--`,external-audit,docs/release/v1.10/evidence/third_party_coldkeep_v1.9.0_code_analysis.baseline.txt,,triaged,S2,validation,exclude,Phase 2,v1.10.4 candidate issue linked from selected matrix row
CK-110-1516,CK-110-M029,`simulate store` ignores extra positional args,external-audit,docs/release/v1.10/evidence/third_party_coldkeep_v1.9.0_code_analysis.baseline.txt,,fixed,S2,cli,exclude,Phase 2,v1.10.4 candidate issue linked from selected matrix row
CK-110-1517,CK-110-M029,`simulate gc` ignores extra positional args,external-audit,docs/release/v1.10/evidence/third_party_coldkeep_v1.9.0_code_analysis.baseline.txt,,fixed,S2,cli,exclude,Phase 2,v1.10.4 candidate issue linked from selected matrix row
CK-110-1518,CK-110-M078,`simulate --help --bad-flag` accepts unknown flags,external-audit,docs/release/v1.10/evidence/third_party_coldkeep_v1.9.0_code_analysis.baseline.txt,,triaged,S3,tooling,exclude,Phase 4,v1.10.4 candidate issue linked from selected matrix row
CK-110-1519,CK-110-M013,"`simulate gc --delete-snapshot """"` is accepted",external-audit,docs/release/v1.10/evidence/third_party_coldkeep_v1.9.0_code_analysis.baseline.txt,,triaged,S1,validation,exclude,Phase 2,v1.10.4 candidate issue linked from selected matrix row
CK-110-1520,CK-110-M008,`snapshot stats --json` is rejected,external-audit,docs/release/v1.10/evidence/third_party_coldkeep_v1.9.0_code_analysis.baseline.txt,,fixed,S1,json,exclude,Phase 2,v1.10.4 candidate issue linked from selected matrix row
CK-110-1521,CK-110-M013,`snapshot list --limit 0` is accepted,external-audit,docs/release/v1.10/evidence/third_party_coldkeep_v1.9.0_code_analysis.baseline.txt,,triaged,S1,validation,exclude,Phase 2,v1.10.4 candidate issue linked from selected matrix row
CK-110-1522,CK-110-M085,`verify system fast` is accepted but undocumented,external-audit,docs/release/v1.10/evidence/third_party_coldkeep_v1.9.0_code_analysis.baseline.txt,,triaged,S3,tooling,exclude,Phase 3,v1.10.4 candidate issue linked from selected matrix row
CK-110-1523,CK-110-M088,`simulate store --codec plain --output json` can emit warning to stderr,external-audit,docs/release/v1.10/evidence/third_party_coldkeep_v1.9.0_code_analysis.baseline.txt,,triaged,S2,tooling,exclude,Phase 4,v1.10.4 candidate issue linked from selected matrix row
CK-110-1524,CK-110-M085,`verify file 0` / `verify file -1` are accepted,external-audit,docs/release/v1.10/evidence/third_party_coldkeep_v1.9.0_code_analysis.baseline.txt,,triaged,S3,tooling,exclude,Phase 3,v1.10.4 candidate issue linked from selected matrix row
CK-110-1525,CK-110-M013,"`search --name """"` returns everything",external-audit,docs/release/v1.10/evidence/third_party_coldkeep_v1.9.0_code_analysis.baseline.txt,,triaged,S1,validation,exclude,Phase 2,v1.10.4 candidate issue linked from selected matrix row
CK-110-1526,CK-110-M034,"`list/search/snapshot --limit "" 10 ""` reject whitespace",external-audit,docs/release/v1.10/evidence/third_party_coldkeep_v1.9.0_code_analysis.baseline.txt,,triaged,S2,validation,exclude,Phase 2,v1.10.4 candidate issue linked from selected matrix row
CK-110-1527,CK-110-M084,`snapshot` paths allow Windows drive paths,external-audit,docs/release/v1.10/evidence/third_party_coldkeep_v1.9.0_code_analysis.baseline.txt,,triaged,S3,tooling,exclude,Phase 2,v1.10.4 candidate issue linked from selected matrix row
CK-110-1528,CK-110-M084,`snapshot create --id` accepts IDs with path separators,external-audit,docs/release/v1.10/evidence/third_party_coldkeep_v1.9.0_code_analysis.baseline.txt,,triaged,S3,tooling,exclude,Phase 2,v1.10.4 candidate issue linked from selected matrix row
CK-110-1529,CK-110-M085,`verify file 123 extra` treats `extra` as a verify level,external-audit,docs/release/v1.10/evidence/third_party_coldkeep_v1.9.0_code_analysis.baseline.txt,,triaged,S3,tooling,exclude,Phase 3,v1.10.4 candidate issue linked from selected matrix row
CK-110-1530,CK-110-M080,`store --codec plain` warns to stderr even in JSON mode,external-audit,docs/release/v1.10/evidence/third_party_coldkeep_v1.9.0_code_analysis.baseline.txt,,triaged,S3,tooling,exclude,Phase 4,v1.10.4 candidate issue linked from selected matrix row
CK-110-1531,CK-110-M080,`store-folder --codec plain --output json` has same stderr warning behavior,external-audit,docs/release/v1.10/evidence/third_party_coldkeep_v1.9.0_code_analysis.baseline.txt,,triaged,S3,tooling,exclude,Phase 4,v1.10.4 candidate issue linked from selected matrix row
CK-110-1532,CK-110-M078,`list --sort foo` falls back silently instead of rejecting,external-audit,docs/release/v1.10/evidence/third_party_coldkeep_v1.9.0_code_analysis.baseline.txt,,triaged,S3,tooling,exclude,Phase 4,v1.10.4 candidate issue linked from selected matrix row
CK-110-1533,CK-110-M078,`search --sort foo` has the same silent fallback,external-audit,docs/release/v1.10/evidence/third_party_coldkeep_v1.9.0_code_analysis.baseline.txt,,triaged,S3,tooling,exclude,Phase 4,v1.10.4 candidate issue linked from selected matrix row
CK-110-1534,CK-110-M034,`restore --workers -1` is parsed without consistent validation,external-audit,docs/release/v1.10/evidence/third_party_coldkeep_v1.9.0_code_analysis.baseline.txt,,triaged,S2,validation,exclude,Phase 2,v1.10.4 candidate issue linked from selected matrix row
CK-110-1535,CK-110-M084,`snapshot restore --workers 0` behaves differently from normal restore,external-audit,docs/release/v1.10/evidence/third_party_coldkeep_v1.9.0_code_analysis.baseline.txt,,triaged,S3,tooling,exclude,Phase 2,v1.10.4 candidate issue linked from selected matrix row
CK-110-1536,CK-110-M077,`benchmark run --workers 0` validation differs from operational commands,external-audit,docs/release/v1.10/evidence/third_party_coldkeep_v1.9.0_code_analysis.baseline.txt,,triaged,S3,tooling,exclude,Phase 3,v1.10.4 candidate issue linked from selected matrix row
CK-110-1537,CK-110-M032,"`snapshot create --tag """"` silently stores empty tag entries",external-audit,docs/release/v1.10/evidence/third_party_coldkeep_v1.9.0_code_analysis.baseline.txt,,triaged,S2,snapshot,exclude,Phase 2,v1.10.4 candidate issue linked from selected matrix row
CK-110-1538,CK-110-M078,"`config set compression-level 0` error text says `[1,9]` even when compression is `none`",external-audit,docs/release/v1.10/evidence/third_party_coldkeep_v1.9.0_code_analysis.baseline.txt,,triaged,S3,tooling,exclude,Phase 4,v1.10.4 candidate issue linked from selected matrix row
CK-110-1539,CK-110-M078,`search --extension txt` does exact suffix matching without normalizing leading dot,external-audit,docs/release/v1.10/evidence/third_party_coldkeep_v1.9.0_code_analysis.baseline.txt,,triaged,S3,tooling,exclude,Phase 4,v1.10.4 candidate issue linked from selected matrix row
CK-110-1540,CK-110-M034,`restore --limit 0` is accepted,external-audit,docs/release/v1.10/evidence/third_party_coldkeep_v1.9.0_code_analysis.baseline.txt,,triaged,S2,validation,exclude,Phase 2,v1.10.4 candidate issue linked from selected matrix row
CK-110-1541,CK-110-M034,`snapshot restore --limit 0` behaves inconsistently,external-audit,docs/release/v1.10/evidence/third_party_coldkeep_v1.9.0_code_analysis.baseline.txt,,triaged,S2,validation,exclude,Phase 2,v1.10.4 candidate issue linked from selected matrix row
CK-110-1542,CK-110-M085,`search --limit -1` and `inspect --limit -1` are not consistently rejected,external-audit,docs/release/v1.10/evidence/third_party_coldkeep_v1.9.0_code_analysis.baseline.txt,,triaged,S3,tooling,exclude,Phase 3,v1.10.4 candidate issue linked from selected matrix row
CK-110-1543,CK-110-M079,`remove --limit` is parsed but unused,external-audit,docs/release/v1.10/evidence/third_party_coldkeep_v1.9.0_code_analysis.baseline.txt,,triaged,S3,tooling,include,Phase 4,v1.10.4 candidate issue linked from selected matrix row
CK-110-1544,CK-110-M085,`verify --workers 0` can deadlock/no-op,external-audit,docs/release/v1.10/evidence/third_party_coldkeep_v1.9.0_code_analysis.baseline.txt,,triaged,S3,tooling,exclude,Phase 3,v1.10.4 candidate issue linked from selected matrix row
CK-110-1545,CK-110-M080,`doctor` accepts unrelated flags silently,external-audit,docs/release/v1.10/evidence/third_party_coldkeep_v1.9.0_code_analysis.baseline.txt,,triaged,S3,tooling,exclude,Phase 4,v1.10.4 candidate issue linked from selected matrix row
CK-110-1546,CK-110-M084,`inspect file --id <snapshot-id>` can produce misleading “not found”,external-audit,docs/release/v1.10/evidence/third_party_coldkeep_v1.9.0_code_analysis.baseline.txt,,triaged,S3,tooling,exclude,Phase 2,v1.10.4 candidate issue linked from selected matrix row
CK-110-1547,CK-110-M084,`snapshot list --path ../x` accepts traversal filter,external-audit,docs/release/v1.10/evidence/third_party_coldkeep_v1.9.0_code_analysis.baseline.txt,,triaged,S3,tooling,exclude,Phase 2,v1.10.4 candidate issue linked from selected matrix row
CK-110-1548,CK-110-M078,`coldkeep search report` from README does not work as implied,external-audit,docs/release/v1.10/evidence/third_party_coldkeep_v1.9.0_code_analysis.baseline.txt,,triaged,S3,tooling,exclude,Phase 4,v1.10.4 candidate issue linked from selected matrix row
CK-110-1549,CK-110-M029,`search` does not reject extra positional args,external-audit,docs/release/v1.10/evidence/third_party_coldkeep_v1.9.0_code_analysis.baseline.txt,,fixed,S2,cli,exclude,Phase 2,v1.10.4 candidate issue linked from selected matrix row
CK-110-1550,CK-110-M078,`search --min-size 100 --max-size 10` is not rejected,external-audit,docs/release/v1.10/evidence/third_party_coldkeep_v1.9.0_code_analysis.baseline.txt,,triaged,S3,tooling,exclude,Phase 4,v1.10.4 candidate issue linked from selected matrix row
CK-110-1551,CK-110-M034,`inspect --output json` is missing from startup JSON inference,external-audit,docs/release/v1.10/evidence/third_party_coldkeep_v1.9.0_code_analysis.baseline.txt,,triaged,S2,validation,exclude,Phase 2,v1.10.4 candidate issue linked from selected matrix row
CK-110-1552,CK-110-M085,README omits supported `inspect repository`,external-audit,docs/release/v1.10/evidence/third_party_coldkeep_v1.9.0_code_analysis.baseline.txt,,triaged,S3,tooling,exclude,Phase 3,v1.10.4 candidate issue linked from selected matrix row
CK-110-1553,CK-110-M085,"`inspect --limit "" 10 ""` fails",external-audit,docs/release/v1.10/evidence/third_party_coldkeep_v1.9.0_code_analysis.baseline.txt,,triaged,S3,tooling,exclude,Phase 3,v1.10.4 candidate issue linked from selected matrix row
CK-110-1554,CK-110-M008,`--json` shorthand is only partially implemented,external-audit,docs/release/v1.10/evidence/third_party_coldkeep_v1.9.0_code_analysis.baseline.txt,,fixed,S1,json,exclude,Phase 2,v1.10.4 candidate issue linked from selected matrix row
CK-110-1555,CK-110-M084,`snapshot delete --force --dry-run` is accepted,external-audit,docs/release/v1.10/evidence/third_party_coldkeep_v1.9.0_code_analysis.baseline.txt,,triaged,S3,tooling,exclude,Phase 2,v1.10.4 candidate issue linked from selected matrix row
CK-110-1556,CK-110-M077,`benchmark` is missing from `outputSupportedCommands`,external-audit,docs/release/v1.10/evidence/third_party_coldkeep_v1.9.0_code_analysis.baseline.txt,,triaged,S3,tooling,exclude,Phase 3,v1.10.4 candidate issue linked from selected matrix row
CK-110-1557,CK-110-M034,`version` is also missing from `outputSupportedCommands`,external-audit,docs/release/v1.10/evidence/third_party_coldkeep_v1.9.0_code_analysis.baseline.txt,,triaged,S2,validation,exclude,Phase 2,v1.10.4 candidate issue linked from selected matrix row
CK-110-1558,CK-110-M008,`config --json` fails despite global JSON parser support,external-audit,docs/release/v1.10/evidence/third_party_coldkeep_v1.9.0_code_analysis.baseline.txt,,fixed,S1,json,exclude,Phase 2,v1.10.4 candidate issue linked from selected matrix row
CK-110-1559,CK-110-M008,`snapshot stats --json` fails despite snapshot commands supporting JSON via `--output json`,external-audit,docs/release/v1.10/evidence/third_party_coldkeep_v1.9.0_code_analysis.baseline.txt,,fixed,S1,json,exclude,Phase 2,v1.10.4 candidate issue linked from selected matrix row
CK-110-1560,CK-110-M084,`snapshot delete --dryRun` alias is accepted but not documented,external-audit,docs/release/v1.10/evidence/third_party_coldkeep_v1.9.0_code_analysis.baseline.txt,,triaged,S3,tooling,exclude,Phase 2,v1.10.4 candidate issue linked from selected matrix row
CK-110-1561,CK-110-M079,`remove --dryRun` and `--failFast` aliases are accepted but not documented,external-audit,docs/release/v1.10/evidence/third_party_coldkeep_v1.9.0_code_analysis.baseline.txt,,triaged,S3,tooling,include,Phase 4,v1.10.4 candidate issue linked from selected matrix row
CK-110-1562,CK-110-M077,`benchmark --output json` emits duplicate JSON,external-audit,docs/release/v1.10/evidence/third_party_coldkeep_v1.9.0_code_analysis.baseline.txt,,triaged,S3,tooling,exclude,Phase 3,v1.10.4 candidate issue linked from selected matrix row
CK-110-1563,CK-110-M077,`benchmark run --compare` emits success before comparison failure,external-audit,docs/release/v1.10/evidence/third_party_coldkeep_v1.9.0_code_analysis.baseline.txt,,triaged,S3,tooling,exclude,Phase 3,v1.10.4 candidate issue linked from selected matrix row
CK-110-1564,CK-110-M078,`init --output json` is not JSON,external-audit,docs/release/v1.10/evidence/third_party_coldkeep_v1.9.0_code_analysis.baseline.txt,,triaged,S3,tooling,exclude,Phase 4,v1.10.4 candidate issue linked from selected matrix row
CK-110-1565,CK-110-M080,`help --output json` is also mixed output,external-audit,docs/release/v1.10/evidence/third_party_coldkeep_v1.9.0_code_analysis.baseline.txt,,triaged,S3,tooling,exclude,Phase 4,v1.10.4 candidate issue linked from selected matrix row
CK-110-1566,CK-110-M008,`init --json` is accepted but ignored,external-audit,docs/release/v1.10/evidence/third_party_coldkeep_v1.9.0_code_analysis.baseline.txt,,fixed,S1,json,exclude,Phase 2,v1.10.4 candidate issue linked from selected matrix row
CK-110-1567,CK-110-M013,`runSnapshotCreateCommand` allows empty snapshot IDs via whitespace around `--id`?,external-audit,docs/release/v1.10/evidence/third_party_coldkeep_v1.9.0_code_analysis.baseline.txt,,triaged,S1,validation,exclude,Phase 2,v1.10.4 candidate issue linked from selected matrix row
CK-110-1568,CK-110-M078,`config get compression extra` opens DB before usage rejection,external-audit,docs/release/v1.10/evidence/third_party_coldkeep_v1.9.0_code_analysis.baseline.txt,,triaged,S3,tooling,exclude,Phase 4,v1.10.4 candidate issue linked from selected matrix row
CK-110-1569,CK-110-M080,Correction to my earlier list,external-audit,docs/release/v1.10/evidence/third_party_coldkeep_v1.9.0_code_analysis.baseline.txt,,triaged,S3,tooling,exclude,Phase 4,v1.10.4 candidate issue linked from selected matrix row
CK-110-1570,CK-110-M042,`benchmark run --threshold Inf` is accepted,external-audit,docs/release/v1.10/evidence/third_party_coldkeep_v1.9.0_code_analysis.baseline.txt,,triaged,S2,benchmark,exclude,Phase 4,v1.10.4 candidate issue linked from selected matrix row
CK-110-1571,CK-110-M081,Container quarantine/recovery paths trust DB filenames,external-audit,docs/release/v1.10/evidence/third_party_coldkeep_v1.9.0_code_analysis.baseline.txt,,triaged,S3,tooling,exclude,Phase 3,v1.10.4 candidate issue linked from selected matrix row
CK-110-1572,CK-110-M034,GC orphan scan can traverse outside container dir,external-audit,docs/release/v1.10/evidence/third_party_coldkeep_v1.9.0_code_analysis.baseline.txt,,triaged,S2,validation,exclude,Phase 2,v1.10.4 candidate issue linked from selected matrix row
CK-110-1573,CK-110-M084,`snapshot restore --mode override` can overwrite symlink targets,external-audit,docs/release/v1.10/evidence/third_party_coldkeep_v1.9.0_code_analysis.baseline.txt,,triaged,S3,tooling,exclude,Phase 2,v1.10.4 candidate issue linked from selected matrix row
CK-110-1574,CK-110-M077,Benchmark matrix scripts can report success with zero benchmark output,external-audit,docs/release/v1.10/evidence/third_party_coldkeep_v1.9.0_code_analysis.baseline.txt,,triaged,S3,tooling,exclude,Phase 3,v1.10.4 candidate issue linked from selected matrix row
CK-110-1575,CK-110-M078,`config set compression zstd ` fails,external-audit,docs/release/v1.10/evidence/third_party_coldkeep_v1.9.0_code_analysis.baseline.txt,,triaged,S3,tooling,exclude,Phase 4,v1.10.4 candidate issue linked from selected matrix row
CK-110-1576,CK-110-M028,`parseCommandLine` boolean parsing is incompatible with standard CLI expectations,external-audit,docs/release/v1.10/evidence/third_party_coldkeep_v1.9.0_code_analysis.baseline.txt,,fixed,S2,cli,exclude,Phase 2,v1.10.4 candidate issue linked from selected matrix row
CK-110-1577,CK-110-M081,Container filename trust issue affects multiple subsystems simultaneously,external-audit,docs/release/v1.10/evidence/third_party_coldkeep_v1.9.0_code_analysis.baseline.txt,,triaged,S3,tooling,exclude,Phase 3,v1.10.4 candidate issue linked from selected matrix row
CK-110-1578,CK-110-M042,`benchmark run --threshold NaN` is accepted,external-audit,docs/release/v1.10/evidence/third_party_coldkeep_v1.9.0_code_analysis.baseline.txt,,triaged,S2,benchmark,exclude,Phase 4,v1.10.4 candidate issue linked from selected matrix row
CK-110-1579,CK-110-M034,GC deletion trusts DB container filenames,external-audit,docs/release/v1.10/evidence/third_party_coldkeep_v1.9.0_code_analysis.baseline.txt,,triaged,S2,validation,exclude,Phase 2,v1.10.4 candidate issue linked from selected matrix row
CK-110-1580,CK-110-M081,Recovery also trusts DB container filenames,external-audit,docs/release/v1.10/evidence/third_party_coldkeep_v1.9.0_code_analysis.baseline.txt,,triaged,S3,tooling,exclude,Phase 3,v1.10.4 candidate issue linked from selected matrix row
CK-110-1581,CK-110-M082,Restore non-overwrite mode has TOCTOU overwrite race,external-audit,docs/release/v1.10/evidence/third_party_coldkeep_v1.9.0_code_analysis.baseline.txt,,triaged,S3,tooling,exclude,Phase 4,v1.10.4 candidate issue linked from selected matrix row
CK-110-1582,CK-110-M078,`config bad <valid-key>` opens DB before rejecting subcommand,external-audit,docs/release/v1.10/evidence/third_party_coldkeep_v1.9.0_code_analysis.baseline.txt,,triaged,S3,tooling,exclude,Phase 4,v1.10.4 candidate issue linked from selected matrix row
CK-110-1583,CK-110-M078,`config set compression ZSTD` rejects while env path accepts lowercase-normalized values,external-audit,docs/release/v1.10/evidence/third_party_coldkeep_v1.9.0_code_analysis.baseline.txt,,triaged,S3,tooling,exclude,Phase 4,v1.10.4 candidate issue linked from selected matrix row
CK-110-1584,CK-110-M077,`benchmark run` accepts but ignores `--compare`,external-audit,docs/release/v1.10/evidence/third_party_coldkeep_v1.9.0_code_analysis.baseline.txt,,triaged,S3,tooling,exclude,Phase 3,v1.10.4 candidate issue linked from selected matrix row
CK-110-1585,CK-110-M077,`benchmark run` accepts but ignores `--threshold`,external-audit,docs/release/v1.10/evidence/third_party_coldkeep_v1.9.0_code_analysis.baseline.txt,,triaged,S3,tooling,exclude,Phase 3,v1.10.4 candidate issue linked from selected matrix row
CK-110-1586,CK-110-M077,`benchmark chunkers` accepts unrelated benchmark flags,external-audit,docs/release/v1.10/evidence/third_party_coldkeep_v1.9.0_code_analysis.baseline.txt,,triaged,S3,tooling,exclude,Phase 3,v1.10.4 candidate issue linked from selected matrix row
CK-110-1587,CK-110-M081,Container filenames from DB are joined without validation,external-audit,docs/release/v1.10/evidence/third_party_coldkeep_v1.9.0_code_analysis.baseline.txt,,triaged,S3,tooling,exclude,Phase 3,v1.10.4 candidate issue linked from selected matrix row
CK-110-1588,CK-110-M081,Rollback path has the same container filename trust issue,external-audit,docs/release/v1.10/evidence/third_party_coldkeep_v1.9.0_code_analysis.baseline.txt,,triaged,S3,tooling,exclude,Phase 3,v1.10.4 candidate issue linked from selected matrix row
CK-110-1589,CK-110-M080,DB timeout env vars accept malformed partial integers,external-audit,docs/release/v1.10/evidence/third_party_coldkeep_v1.9.0_code_analysis.baseline.txt,,triaged,S3,tooling,exclude,Phase 4,v1.10.4 candidate issue linked from selected matrix row
CK-110-1590,CK-110-M077,"`benchmark chunkers --output json` works, but `--output` is validated only at parent level",external-audit,docs/release/v1.10/evidence/third_party_coldkeep_v1.9.0_code_analysis.baseline.txt,,triaged,S3,tooling,exclude,Phase 3,v1.10.4 candidate issue linked from selected matrix row
CK-110-1591,CK-110-M028,`parseCommandLine` accepts values for boolean flags,external-audit,docs/release/v1.10/evidence/third_party_coldkeep_v1.9.0_code_analysis.baseline.txt,,fixed,S2,cli,exclude,Phase 2,v1.10.4 candidate issue linked from selected matrix row
CK-110-1592,CK-110-M028,Boolean flags accept `=false` as true,external-audit,docs/release/v1.10/evidence/third_party_coldkeep_v1.9.0_code_analysis.baseline.txt,,fixed,S2,cli,exclude,Phase 2,v1.10.4 candidate issue linked from selected matrix row
CK-110-1593,CK-110-M084,`snapshot restore --mode override` checks raw path before normalization,external-audit,docs/release/v1.10/evidence/third_party_coldkeep_v1.9.0_code_analysis.baseline.txt,,triaged,S3,tooling,exclude,Phase 2,v1.10.4 candidate issue linked from selected matrix row
CK-110-1594,CK-110-M083,`check_smart_quotes.sh` silently passes if `grep -P` is unsupported,external-audit,docs/release/v1.10/evidence/third_party_coldkeep_v1.9.0_code_analysis.baseline.txt,,triaged,S3,tooling,exclude,Phase 4,v1.10.4 candidate issue linked from selected matrix row
CK-110-1595,CK-110-M083,`clean_test_storage.sh` can delete non-test dirs,external-audit,docs/release/v1.10/evidence/third_party_coldkeep_v1.9.0_code_analysis.baseline.txt,,triaged,S3,tooling,exclude,Phase 4,v1.10.4 candidate issue linked from selected matrix row
CK-110-1596,CK-110-M080,Postgres `options='...'` DSN can break if timeout options contain quotes,external-audit,docs/release/v1.10/evidence/third_party_coldkeep_v1.9.0_code_analysis.baseline.txt,,triaged,S3,tooling,exclude,Phase 4,v1.10.4 candidate issue linked from selected matrix row
CK-110-1597,CK-110-M078,`config get compression-level` can return a level even when compression is `none`,external-audit,docs/release/v1.10/evidence/third_party_coldkeep_v1.9.0_code_analysis.baseline.txt,,triaged,S3,tooling,exclude,Phase 4,v1.10.4 candidate issue linked from selected matrix row
CK-110-1598,CK-110-M080,Postgres DSN breaks with spaces/quotes in env values,external-audit,docs/release/v1.10/evidence/third_party_coldkeep_v1.9.0_code_analysis.baseline.txt,,triaged,S3,tooling,exclude,Phase 4,v1.10.4 candidate issue linked from selected matrix row
CK-110-1599,CK-110-M078,`config` opens DB before validating subcommand,external-audit,docs/release/v1.10/evidence/third_party_coldkeep_v1.9.0_code_analysis.baseline.txt,,triaged,S3,tooling,exclude,Phase 4,v1.10.4 candidate issue linked from selected matrix row
CK-110-1600,CK-110-M013,`snapshot create missing_dir/` can succeed as empty partial snapshot,external-audit,docs/release/v1.10/evidence/third_party_coldkeep_v1.9.0_code_analysis.baseline.txt,,triaged,S1,validation,exclude,Phase 2,v1.10.4 candidate issue linked from selected matrix row
CK-110-1601,CK-110-M080,`COLDKEEP_KEY` is not trimmed,external-audit,docs/release/v1.10/evidence/third_party_coldkeep_v1.9.0_code_analysis.baseline.txt,,triaged,S3,tooling,exclude,Phase 4,v1.10.4 candidate issue linked from selected matrix row
CK-110-1602,CK-110-M080,Top-level `help --bad-flag` ignores unknown flags,external-audit,docs/release/v1.10/evidence/third_party_coldkeep_v1.9.0_code_analysis.baseline.txt,,triaged,S3,tooling,exclude,Phase 4,v1.10.4 candidate issue linked from selected matrix row
CK-110-1603,CK-110-M080,`generateJSON` can ignore requested object count by padding,external-audit,docs/release/v1.10/evidence/third_party_coldkeep_v1.9.0_code_analysis.baseline.txt,,triaged,S3,tooling,exclude,Phase 4,v1.10.4 candidate issue linked from selected matrix row
CK-110-1604,CK-110-M078,`coldkeep init` ignores unknown flags,external-audit,docs/release/v1.10/evidence/third_party_coldkeep_v1.9.0_code_analysis.baseline.txt,,triaged,S3,tooling,exclude,Phase 4,v1.10.4 candidate issue linked from selected matrix row
CK-110-1605,CK-110-M080,`coldkeep version --bad-flag` also ignores unknown flags,external-audit,docs/release/v1.10/evidence/third_party_coldkeep_v1.9.0_code_analysis.baseline.txt,,triaged,S3,tooling,exclude,Phase 4,v1.10.4 candidate issue linked from selected matrix row
CK-110-1606,CK-110-M081,Stats block-size target can disagree with store behavior,external-audit,docs/release/v1.10/evidence/third_party_coldkeep_v1.9.0_code_analysis.baseline.txt,,triaged,S3,tooling,exclude,Phase 3,v1.10.4 candidate issue linked from selected matrix row
CK-110-1607,CK-110-M080,`ParseCodec` error message can print blank/whitespace unclearly,external-audit,docs/release/v1.10/evidence/third_party_coldkeep_v1.9.0_code_analysis.baseline.txt,,triaged,S3,tooling,exclude,Phase 4,v1.10.4 candidate issue linked from selected matrix row
CK-110-1608,CK-110-M080,Docs say codec is derived from `COLDKEEP_KEY`,external-audit,docs/release/v1.10/evidence/third_party_coldkeep_v1.9.0_code_analysis.baseline.txt,,triaged,S3,tooling,exclude,Phase 4,v1.10.4 candidate issue linked from selected matrix row
CK-110-1609,CK-110-M078,`init --compression-level` still accepts plus-prefixed integers,external-audit,docs/release/v1.10/evidence/third_party_coldkeep_v1.9.0_code_analysis.baseline.txt,,triaged,S3,tooling,exclude,Phase 4,v1.10.4 candidate issue linked from selected matrix row
CK-110-1610,CK-110-M078,"`init --compression-level ""3 ""` rejects valid-looking input",external-audit,docs/release/v1.10/evidence/third_party_coldkeep_v1.9.0_code_analysis.baseline.txt,,triaged,S3,tooling,exclude,Phase 4,v1.10.4 candidate issue linked from selected matrix row
CK-110-1611,CK-110-M082,Phase 8 restore script has missing-value crashes,external-audit,docs/release/v1.10/evidence/third_party_coldkeep_v1.9.0_code_analysis.baseline.txt,,triaged,S3,tooling,exclude,Phase 4,v1.10.4 candidate issue linked from selected matrix row
CK-110-1612,CK-110-M083,Phase 8 store script has same missing-value bug,external-audit,docs/release/v1.10/evidence/third_party_coldkeep_v1.9.0_code_analysis.baseline.txt,,triaged,S3,tooling,exclude,Phase 4,v1.10.4 candidate issue linked from selected matrix row
CK-110-1613,CK-110-M083,Phase 8 dedup script has same missing-value bug,external-audit,docs/release/v1.10/evidence/third_party_coldkeep_v1.9.0_code_analysis.baseline.txt,,triaged,S3,tooling,exclude,Phase 4,v1.10.4 candidate issue linked from selected matrix row
CK-110-1614,CK-110-M082,Stored-path restore prefix mode still permits traversal,external-audit,docs/release/v1.10/evidence/third_party_coldkeep_v1.9.0_code_analysis.baseline.txt,,triaged,S3,tooling,exclude,Phase 4,v1.10.4 candidate issue linked from selected matrix row
CK-110-1615,CK-110-M082,`RestoreDestinationOriginal` returns raw stored path,external-audit,docs/release/v1.10/evidence/third_party_coldkeep_v1.9.0_code_analysis.baseline.txt,,triaged,S3,tooling,exclude,Phase 4,v1.10.4 candidate issue linked from selected matrix row
CK-110-1616,CK-110-M078,`init --compression-level` accepts `+3`,external-audit,docs/release/v1.10/evidence/third_party_coldkeep_v1.9.0_code_analysis.baseline.txt,,triaged,S3,tooling,exclude,Phase 4,v1.10.4 candidate issue linked from selected matrix row
CK-110-1617,CK-110-M078,`init --compression-level` error message omits accepted range unless parse succeeds,external-audit,docs/release/v1.10/evidence/third_party_coldkeep_v1.9.0_code_analysis.baseline.txt,,triaged,S3,tooling,exclude,Phase 4,v1.10.4 candidate issue linked from selected matrix row
CK-110-1618,CK-110-M080,`ParseCodec` does not trim whitespace,external-audit,docs/release/v1.10/evidence/third_party_coldkeep_v1.9.0_code_analysis.baseline.txt,,triaged,S3,tooling,exclude,Phase 4,v1.10.4 candidate issue linked from selected matrix row
CK-110-1619,CK-110-M084,"`NormalizeSnapshotPath(""."")` is accepted",external-audit,docs/release/v1.10/evidence/third_party_coldkeep_v1.9.0_code_analysis.baseline.txt,,triaged,S3,tooling,exclude,Phase 2,v1.10.4 candidate issue linked from selected matrix row
CK-110-1620,CK-110-M084,Snapshot path tests miss traversal cases,external-audit,docs/release/v1.10/evidence/third_party_coldkeep_v1.9.0_code_analysis.baseline.txt,,triaged,S3,tooling,exclude,Phase 2,v1.10.4 candidate issue linked from selected matrix row
CK-110-1621,CK-110-M081,Phase 8 block-size script option parsing can crash with unbound `$2`,external-audit,docs/release/v1.10/evidence/third_party_coldkeep_v1.9.0_code_analysis.baseline.txt,,triaged,S3,tooling,exclude,Phase 3,v1.10.4 candidate issue linked from selected matrix row
CK-110-1622,CK-110-M083,Same missing-value option bug exists in `run_v19_baseline_pair.sh`,external-audit,docs/release/v1.10/evidence/third_party_coldkeep_v1.9.0_code_analysis.baseline.txt,,triaged,S3,tooling,exclude,Phase 4,v1.10.4 candidate issue linked from selected matrix row
CK-110-1623,CK-110-M080,Docker smoke command installs `jq` only,external-audit,docs/release/v1.10/evidence/third_party_coldkeep_v1.9.0_code_analysis.baseline.txt,,triaged,S3,tooling,exclude,Phase 4,v1.10.4 candidate issue linked from selected matrix row
CK-110-1624,CK-110-M083,Docker runtime image copies `scripts/` but not `db/`,external-audit,docs/release/v1.10/evidence/third_party_coldkeep_v1.9.0_code_analysis.baseline.txt,,triaged,S3,tooling,exclude,Phase 4,v1.10.4 candidate issue linked from selected matrix row
CK-110-1625,CK-110-M080,"`README.md` Docker smoke command uses `sh -lc`, but smoke is bash",external-audit,docs/release/v1.10/evidence/third_party_coldkeep_v1.9.0_code_analysis.baseline.txt,,triaged,S3,tooling,exclude,Phase 4,v1.10.4 candidate issue linked from selected matrix row
CK-110-1626,CK-110-M077,`run_phase8_matrix.sh` creates misleading success summaries,external-audit,docs/release/v1.10/evidence/third_party_coldkeep_v1.9.0_code_analysis.baseline.txt,,triaged,S3,tooling,exclude,Phase 3,v1.10.4 candidate issue linked from selected matrix row
CK-110-1627,CK-110-M080,Integration tests assume GNU `tar` behavior,external-audit,docs/release/v1.10/evidence/third_party_coldkeep_v1.9.0_code_analysis.baseline.txt,,triaged,S3,tooling,exclude,Phase 4,v1.10.4 candidate issue linked from selected matrix row
CK-110-1628,CK-110-M080,Windows-incompatible path assumptions,external-audit,docs/release/v1.10/evidence/third_party_coldkeep_v1.9.0_code_analysis.baseline.txt,,triaged,S3,tooling,exclude,Phase 4,v1.10.4 candidate issue linked from selected matrix row
CK-110-1629,CK-110-M017,`NormalizeSnapshotPath()` allows empty normalized components,external-audit,docs/release/v1.10/evidence/third_party_coldkeep_v1.9.0_code_analysis.baseline.txt,,triaged,S1,restore,exclude,Phase 2,v1.10.4 candidate issue linked from selected matrix row
CK-110-1630,CK-110-M078,Repository config parser accepts partial booleans,external-audit,docs/release/v1.10/evidence/third_party_coldkeep_v1.9.0_code_analysis.baseline.txt,,triaged,S3,tooling,exclude,Phase 4,v1.10.4 candidate issue linked from selected matrix row
CK-110-1631,CK-110-M077,Benchmark corpora generation can produce non-deterministic output,external-audit,docs/release/v1.10/evidence/third_party_coldkeep_v1.9.0_code_analysis.baseline.txt,,triaged,S3,tooling,exclude,Phase 3,v1.10.4 candidate issue linked from selected matrix row
CK-110-1632,CK-110-M083,`scripts/smoke.sh` uses `mktemp -d` without cleanup trap,external-audit,docs/release/v1.10/evidence/third_party_coldkeep_v1.9.0_code_analysis.baseline.txt,,triaged,S3,tooling,exclude,Phase 4,v1.10.4 candidate issue linked from selected matrix row
CK-110-1633,CK-110-M077,Potential nil dereference risk in benchmark reporting,external-audit,docs/release/v1.10/evidence/third_party_coldkeep_v1.9.0_code_analysis.baseline.txt,,triaged,S3,tooling,exclude,Phase 3,v1.10.4 candidate issue linked from selected matrix row
CK-110-1634,CK-110-M084,Restore path sanitization differs between snapshot restore and storage restore,external-audit,docs/release/v1.10/evidence/third_party_coldkeep_v1.9.0_code_analysis.baseline.txt,,triaged,S3,tooling,exclude,Phase 2,v1.10.4 candidate issue linked from selected matrix row
CK-110-1635,CK-110-M077,README benchmark commands reference outputs that scripts don’t always generate,external-audit,docs/release/v1.10/evidence/third_party_coldkeep_v1.9.0_code_analysis.baseline.txt,,triaged,S3,tooling,exclude,Phase 3,v1.10.4 candidate issue linked from selected matrix row
CK-110-1636,CK-110-M013,`.env.example` is broken as a usable example,external-audit,docs/release/v1.10/evidence/third_party_coldkeep_v1.9.0_code_analysis.baseline.txt,,triaged,S1,validation,exclude,Phase 2,v1.10.4 candidate issue linked from selected matrix row
CK-110-1637,CK-110-M083,Phase 8 scripts use invalid default AES keys,external-audit,docs/release/v1.10/evidence/third_party_coldkeep_v1.9.0_code_analysis.baseline.txt,,triaged,S3,tooling,exclude,Phase 4,v1.10.4 candidate issue linked from selected matrix row
CK-110-1638,CK-110-M080,`utils_env.GetenvOrDefaultInt64` accepts malformed numbers,external-audit,docs/release/v1.10/evidence/third_party_coldkeep_v1.9.0_code_analysis.baseline.txt,,triaged,S3,tooling,exclude,Phase 4,v1.10.4 candidate issue linked from selected matrix row
CK-110-1639,CK-110-M080,Repository compression level parsing has same malformed-number bug,external-audit,docs/release/v1.10/evidence/third_party_coldkeep_v1.9.0_code_analysis.baseline.txt,,triaged,S3,tooling,exclude,Phase 4,v1.10.4 candidate issue linked from selected matrix row
CK-110-1640,CK-110-M077,`scripts/run_phase8_gc_sequence.sh` validates neither `--remove-ratio` range nor numeric parse,external-audit,docs/release/v1.10/evidence/third_party_coldkeep_v1.9.0_code_analysis.baseline.txt,,triaged,S3,tooling,exclude,Phase 3,v1.10.4 candidate issue linked from selected matrix row
CK-110-1641,CK-110-M083,`Dockerfile` runtime copies `scripts/` but not sample/schema files,external-audit,docs/release/v1.10/evidence/third_party_coldkeep_v1.9.0_code_analysis.baseline.txt,,triaged,S3,tooling,exclude,Phase 4,v1.10.4 candidate issue linked from selected matrix row
CK-110-1642,CK-110-M083,Phase 8 matrix script masks all child failures,external-audit,docs/release/v1.10/evidence/third_party_coldkeep_v1.9.0_code_analysis.baseline.txt,,triaged,S3,tooling,exclude,Phase 4,v1.10.4 candidate issue linked from selected matrix row
CK-110-1643,CK-110-M080,Phase 8 matrix result count path is wrong,external-audit,docs/release/v1.10/evidence/third_party_coldkeep_v1.9.0_code_analysis.baseline.txt,,triaged,S3,tooling,exclude,Phase 4,v1.10.4 candidate issue linked from selected matrix row
CK-110-1644,CK-110-M080,Invalid test command inside integration test comments,external-audit,docs/release/v1.10/evidence/third_party_coldkeep_v1.9.0_code_analysis.baseline.txt,,triaged,S3,tooling,exclude,Phase 4,v1.10.4 candidate issue linked from selected matrix row
CK-110-1645,CK-110-M084,Snapshot query path traversal also affects listing/diff filters,external-audit,docs/release/v1.10/evidence/third_party_coldkeep_v1.9.0_code_analysis.baseline.txt,,triaged,S3,tooling,exclude,Phase 2,v1.10.4 candidate issue linked from selected matrix row
CK-110-1646,CK-110-M080,Docs understate smoke dependencies,external-audit,docs/release/v1.10/evidence/third_party_coldkeep_v1.9.0_code_analysis.baseline.txt,,triaged,S3,tooling,exclude,Phase 4,v1.10.4 candidate issue linked from selected matrix row
CK-110-1647,CK-110-M080,Docker image is not sqlite-capable despite sqlite support in project,external-audit,docs/release/v1.10/evidence/third_party_coldkeep_v1.9.0_code_analysis.baseline.txt,,triaged,S3,tooling,exclude,Phase 4,v1.10.4 candidate issue linked from selected matrix row
CK-110-1648,CK-110-M077,Generated benchmark `.go` files are invalid Go,external-audit,docs/release/v1.10/evidence/third_party_coldkeep_v1.9.0_code_analysis.baseline.txt,,triaged,S3,tooling,exclude,Phase 3,v1.10.4 candidate issue linked from selected matrix row
CK-110-1649,CK-110-M077,Benchmark log generator produces corrupt fmt text,external-audit,docs/release/v1.10/evidence/third_party_coldkeep_v1.9.0_code_analysis.baseline.txt,,triaged,S3,tooling,exclude,Phase 3,v1.10.4 candidate issue linked from selected matrix row
CK-110-1650,CK-110-M080,JPEG corpus generator panics on size 1,external-audit,docs/release/v1.10/evidence/third_party_coldkeep_v1.9.0_code_analysis.baseline.txt,,triaged,S3,tooling,exclude,Phase 4,v1.10.4 candidate issue linked from selected matrix row
CK-110-1651,CK-110-M080,Docs contain commands that fail,external-audit,docs/release/v1.10/evidence/third_party_coldkeep_v1.9.0_code_analysis.baseline.txt,,triaged,S3,tooling,exclude,Phase 4,v1.10.4 candidate issue linked from selected matrix row
CK-110-1652,CK-110-M080,Docker runtime image lacks tools required by documented smoke flow,external-audit,docs/release/v1.10/evidence/third_party_coldkeep_v1.9.0_code_analysis.baseline.txt,,triaged,S3,tooling,exclude,Phase 4,v1.10.4 candidate issue linked from selected matrix row
CK-110-1653,CK-110-M084,Snapshot path traversal issue remains real,external-audit,docs/release/v1.10/evidence/third_party_coldkeep_v1.9.0_code_analysis.baseline.txt,,triaged,S3,tooling,exclude,Phase 2,v1.10.4 candidate issue linked from selected matrix row
CK-110-1654,CK-110-M077,Benchmark log corpus generates broken fmt output,external-audit,docs/release/v1.10/evidence/third_party_coldkeep_v1.9.0_code_analysis.baseline.txt,,triaged,S3,tooling,exclude,Phase 3,v1.10.4 candidate issue linked from selected matrix row
CK-110-1655,CK-110-M077,Benchmark source corpus leaves raw `%s` placeholders,external-audit,docs/release/v1.10/evidence/third_party_coldkeep_v1.9.0_code_analysis.baseline.txt,,triaged,S3,tooling,exclude,Phase 3,v1.10.4 candidate issue linked from selected matrix row
CK-110-1656,CK-110-M080,`jpeg_sim` corpus can panic for tiny sizes,external-audit,docs/release/v1.10/evidence/third_party_coldkeep_v1.9.0_code_analysis.baseline.txt,,triaged,S3,tooling,exclude,Phase 4,v1.10.4 candidate issue linked from selected matrix row
CK-110-1657,CK-110-M084,Snapshot path normalization allows `..`,external-audit,docs/release/v1.10/evidence/third_party_coldkeep_v1.9.0_code_analysis.baseline.txt,,triaged,S3,tooling,exclude,Phase 2,v1.10.4 candidate issue linked from selected matrix row
CK-110-1658,CK-110-M082,Stored-path prefix restore has similar `..` escape risk,external-audit,docs/release/v1.10/evidence/third_party_coldkeep_v1.9.0_code_analysis.baseline.txt,,triaged,S3,tooling,exclude,Phase 4,v1.10.4 candidate issue linked from selected matrix row
CK-110-1659,CK-110-M043,Docker smoke command is missing DB env vars,external-audit,docs/release/v1.10/evidence/third_party_coldkeep_v1.9.0_code_analysis.baseline.txt,,triaged,S1,ci,exclude,Phase 2,v1.10.4 candidate issue linked from selected matrix row
CK-110-1660,CK-110-M080,Docker smoke command installs `jq` but not `psql`,external-audit,docs/release/v1.10/evidence/third_party_coldkeep_v1.9.0_code_analysis.baseline.txt,,triaged,S3,tooling,exclude,Phase 4,v1.10.4 candidate issue linked from selected matrix row
CK-110-1661,CK-110-M080,Docker image is built with `CGO_ENABLED=0` while project imports `mattn/go-sqlite3`,external-audit,docs/release/v1.10/evidence/third_party_coldkeep_v1.9.0_code_analysis.baseline.txt,,triaged,S3,tooling,exclude,Phase 4,v1.10.4 candidate issue linked from selected matrix row
CK-110-1662,CK-110-M080,I could not fully run `go test ./...`,external-audit,docs/release/v1.10/evidence/third_party_coldkeep_v1.9.0_code_analysis.baseline.txt,,triaged,S3,tooling,exclude,Phase 4,v1.10.4 candidate issue linked from selected matrix row
CK-110-1663,CK-110-M029,`verify file` accepts non-numeric verification modes as positional args,external-audit,docs/release/v1.10/evidence/third_party_coldkeep_v1.9.0_code_analysis.baseline.txt,,fixed,S2,cli,exclude,Phase 2,v1.10.4 candidate issue linked from selected matrix row
CK-110-1664,CK-110-M032,"`snapshot create --tag "",""` produces effectively empty metadata",external-audit,docs/release/v1.10/evidence/third_party_coldkeep_v1.9.0_code_analysis.baseline.txt,,triaged,S2,snapshot,exclude,Phase 2,v1.10.4 candidate issue linked from selected matrix row
CK-110-1665,CK-110-M078,"`search --extension "".""` behaves as wildcard-ish suffix matching",external-audit,docs/release/v1.10/evidence/third_party_coldkeep_v1.9.0_code_analysis.baseline.txt,,triaged,S3,tooling,exclude,Phase 4,v1.10.4 candidate issue linked from selected matrix row
CK-110-1666,CK-110-M039,`benchmark compare` lacks schema-version compatibility checks,external-audit,docs/release/v1.10/evidence/third_party_coldkeep_v1.9.0_code_analysis.baseline.txt,,triaged,S2,benchmark,exclude,Phase 4,v1.10.4 candidate issue linked from selected matrix row
CK-110-1667,CK-110-M077,`run_phase8_matrix.sh` summary can claim completion even when no benchmark artifacts were produced,external-audit,docs/release/v1.10/evidence/third_party_coldkeep_v1.9.0_code_analysis.baseline.txt,,triaged,S3,tooling,exclude,Phase 3,v1.10.4 candidate issue linked from selected matrix row
CK-110-1668,CK-110-M085,`inspect repository --limit` is accepted even though repository inspect is singleton data,external-audit,docs/release/v1.10/evidence/third_party_coldkeep_v1.9.0_code_analysis.baseline.txt,,triaged,S3,tooling,exclude,Phase 3,v1.10.4 candidate issue linked from selected matrix row
CK-110-1669,CK-110-M034,`snapshot delete --dry-run --output json` can still emit human-readable informational lines,external-audit,docs/release/v1.10/evidence/third_party_coldkeep_v1.9.0_code_analysis.baseline.txt,,triaged,S2,validation,exclude,Phase 2,v1.10.4 candidate issue linked from selected matrix row
CK-110-1670,CK-110-M034,`search --min-size -1` parse path differs from other numeric validations,external-audit,docs/release/v1.10/evidence/third_party_coldkeep_v1.9.0_code_analysis.baseline.txt,,triaged,S2,validation,exclude,Phase 2,v1.10.4 candidate issue linked from selected matrix row
CK-110-1671,CK-110-M033,`snapshot create --from missing --output json` may emit partial human-readable initialization output before failure,external-audit,docs/release/v1.10/evidence/third_party_coldkeep_v1.9.0_code_analysis.baseline.txt,,fixed,S2,validation,exclude,Phase 2,v1.10.4 candidate issue linked from selected matrix row
CK-110-1672,CK-110-M078,`config get` and `config set` help text do not fully match accepted aliases,external-audit,docs/release/v1.10/evidence/third_party_coldkeep_v1.9.0_code_analysis.baseline.txt,,triaged,S3,tooling,exclude,Phase 4,v1.10.4 candidate issue linked from selected matrix row
CK-110-1673,CK-110-M080,Batch JSON commands can emit two JSON objects on failure,external-audit,docs/release/v1.10/evidence/third_party_coldkeep_v1.9.0_code_analysis.baseline.txt,,triaged,S3,tooling,exclude,Phase 4,v1.10.4 candidate issue linked from selected matrix row
CK-110-1674,CK-110-M013,`--codec=` is silently ignored,external-audit,docs/release/v1.10/evidence/third_party_coldkeep_v1.9.0_code_analysis.baseline.txt,,triaged,S1,validation,exclude,Phase 2,v1.10.4 candidate issue linked from selected matrix row
CK-110-1675,CK-110-M017,`--mode=` silently becomes `original`,external-audit,docs/release/v1.10/evidence/third_party_coldkeep_v1.9.0_code_analysis.baseline.txt,,triaged,S1,restore,exclude,Phase 2,v1.10.4 candidate issue linked from selected matrix row
CK-110-1676,CK-110-M013,`--output=` silently becomes text mode,external-audit,docs/release/v1.10/evidence/third_party_coldkeep_v1.9.0_code_analysis.baseline.txt,,triaged,S1,validation,exclude,Phase 2,v1.10.4 candidate issue linked from selected matrix row
CK-110-1677,CK-110-M080,Subcommand help ignores JSON mode,external-audit,docs/release/v1.10/evidence/third_party_coldkeep_v1.9.0_code_analysis.baseline.txt,,triaged,S3,tooling,exclude,Phase 4,v1.10.4 candidate issue linked from selected matrix row
CK-110-1678,CK-110-M013,`snapshot show --limit 0` is accepted,external-audit,docs/release/v1.10/evidence/third_party_coldkeep_v1.9.0_code_analysis.baseline.txt,,triaged,S1,validation,exclude,Phase 2,v1.10.4 candidate issue linked from selected matrix row
CK-110-1679,CK-110-M084,`snapshot list --tree --limit N` can render a misleading tree,external-audit,docs/release/v1.10/evidence/third_party_coldkeep_v1.9.0_code_analysis.baseline.txt,,triaged,S3,tooling,exclude,Phase 2,v1.10.4 candidate issue linked from selected matrix row
CK-110-1680,CK-110-M078,`coldkeep init` prints a generated encryption key before validating options,external-audit,docs/release/v1.10/evidence/third_party_coldkeep_v1.9.0_code_analysis.baseline.txt,,triaged,S3,tooling,exclude,Phase 4,v1.10.4 candidate issue linked from selected matrix row
CK-110-1681,CK-110-M017,"`restore --input """"` is treated as no input file",external-audit,docs/release/v1.10/evidence/third_party_coldkeep_v1.9.0_code_analysis.baseline.txt,,triaged,S1,restore,exclude,Phase 2,v1.10.4 candidate issue linked from selected matrix row
CK-110-1682,CK-110-M017,"`remove --input """"` is treated as no input file",external-audit,docs/release/v1.10/evidence/third_party_coldkeep_v1.9.0_code_analysis.baseline.txt,,triaged,S1,restore,exclude,Phase 2,v1.10.4 candidate issue linked from selected matrix row
CK-110-1683,CK-110-M029,`simulate store-folder dir extra` ignores trailing args,external-audit,docs/release/v1.10/evidence/third_party_coldkeep_v1.9.0_code_analysis.baseline.txt,,fixed,S2,cli,exclude,Phase 2,v1.10.4 candidate issue linked from selected matrix row
CK-110-1684,CK-110-M083,`validate_regression_thresholds.py` usage text is wrong,external-audit,docs/release/v1.10/evidence/third_party_coldkeep_v1.9.0_code_analysis.baseline.txt,,triaged,S3,tooling,exclude,Phase 4,v1.10.4 candidate issue linked from selected matrix row
CK-110-1685,CK-110-M077,`validate_regression_thresholds.py` ignores missing benchmark cases,external-audit,docs/release/v1.10/evidence/third_party_coldkeep_v1.9.0_code_analysis.baseline.txt,,triaged,S3,tooling,exclude,Phase 3,v1.10.4 candidate issue linked from selected matrix row
CK-110-1686,CK-110-M039,`validate_regression_thresholds.py` silently overwrites duplicate case rows,external-audit,docs/release/v1.10/evidence/third_party_coldkeep_v1.9.0_code_analysis.baseline.txt,,triaged,S2,benchmark,exclude,Phase 4,v1.10.4 candidate issue linked from selected matrix row
CK-110-1687,CK-110-M077,`compare_phase8_gc_results.py` accepts unknown options,external-audit,docs/release/v1.10/evidence/third_party_coldkeep_v1.9.0_code_analysis.baseline.txt,,triaged,S3,tooling,exclude,Phase 3,v1.10.4 candidate issue linked from selected matrix row
CK-110-1688,CK-110-M077,`compare_phase8_gc_results.py` can compare unrelated datasets,external-audit,docs/release/v1.10/evidence/third_party_coldkeep_v1.9.0_code_analysis.baseline.txt,,triaged,S3,tooling,exclude,Phase 3,v1.10.4 candidate issue linked from selected matrix row
CK-110-1689,CK-110-M077,Benchmark temporary DB cleanup is broken,external-audit,docs/release/v1.10/evidence/third_party_coldkeep_v1.9.0_code_analysis.baseline.txt,,triaged,S3,tooling,exclude,Phase 3,v1.10.4 candidate issue linked from selected matrix row
CK-110-1690,CK-110-M073,Duplicate unreachable return in benchmark DB helper,external-audit,docs/release/v1.10/evidence/third_party_coldkeep_v1.9.0_code_analysis.baseline.txt,,triaged,S4,tooling,exclude,Phase 2,v1.10.4 candidate issue linked from selected matrix row
CK-110-1691,CK-110-M084,Snapshot restore can restore to the wrong path when the planned output already exists as a directory,external-audit,docs/release/v1.10/evidence/third_party_coldkeep_v1.9.0_code_analysis.baseline.txt,,triaged,S3,tooling,exclude,Phase 2,v1.10.4 candidate issue linked from selected matrix row
CK-110-1692,CK-110-M084,Snapshot `--mode override` can also restore inside a directory,external-audit,docs/release/v1.10/evidence/third_party_coldkeep_v1.9.0_code_analysis.baseline.txt,,triaged,S3,tooling,exclude,Phase 2,v1.10.4 candidate issue linked from selected matrix row
CK-110-1693,CK-110-M084,Snapshot restore collision detection can be bypassed by directory reinterpretation,external-audit,docs/release/v1.10/evidence/third_party_coldkeep_v1.9.0_code_analysis.baseline.txt,,triaged,S3,tooling,exclude,Phase 2,v1.10.4 candidate issue linked from selected matrix row
CK-110-1694,CK-110-M077,Docs describe a benchmark corpus CLI that does not exist,external-audit,docs/release/v1.10/evidence/third_party_coldkeep_v1.9.0_code_analysis.baseline.txt,,triaged,S3,tooling,exclude,Phase 3,v1.10.4 candidate issue linked from selected matrix row
CK-110-1695,CK-110-M077,Docs describe unsupported `benchmark run --corpus`,external-audit,docs/release/v1.10/evidence/third_party_coldkeep_v1.9.0_code_analysis.baseline.txt,,triaged,S3,tooling,exclude,Phase 3,v1.10.4 candidate issue linked from selected matrix row
CK-110-1696,CK-110-M082,Pre-release checklist contradicts README on stored-path restore,external-audit,docs/release/v1.10/evidence/third_party_coldkeep_v1.9.0_code_analysis.baseline.txt,,triaged,S3,tooling,exclude,Phase 4,v1.10.4 candidate issue linked from selected matrix row
CK-110-1697,CK-110-M081,New container file creation uses `O_TRUNC` without `O_EXCL`,external-audit,docs/release/v1.10/evidence/third_party_coldkeep_v1.9.0_code_analysis.baseline.txt,,triaged,S3,tooling,exclude,Phase 3,v1.10.4 candidate issue linked from selected matrix row
CK-110-1698,CK-110-M040,Benchmark determinism validation can leak temp DBs on early failure,external-audit,docs/release/v1.10/evidence/third_party_coldkeep_v1.9.0_code_analysis.baseline.txt,,triaged,S2,benchmark,exclude,Phase 4,v1.10.4 candidate issue linked from selected matrix row
CK-110-1699,CK-110-M080,Batch human output prints some skipped items twice,external-audit,docs/release/v1.10/evidence/third_party_coldkeep_v1.9.0_code_analysis.baseline.txt,,triaged,S3,tooling,exclude,Phase 4,v1.10.4 candidate issue linked from selected matrix row
CK-110-1700,CK-110-M084,`snapshot restore --path <file> --mode override` is rejected even when exactly one file matches,external-audit,docs/release/v1.10/evidence/third_party_coldkeep_v1.9.0_code_analysis.baseline.txt,,triaged,S3,tooling,exclude,Phase 2,v1.10.4 candidate issue linked from selected matrix row
CK-110-1701,CK-110-M017,`snapshot restore snap missing_dir/` can succeed with 0 restored files,external-audit,docs/release/v1.10/evidence/third_party_coldkeep_v1.9.0_code_analysis.baseline.txt,,triaged,S1,restore,exclude,Phase 2,v1.10.4 candidate issue linked from selected matrix row
CK-110-1702,CK-110-M030,Duplicate singleton snapshot query flags silently override earlier values,external-audit,docs/release/v1.10/evidence/third_party_coldkeep_v1.9.0_code_analysis.baseline.txt,,fixed,S2,cli,exclude,Phase 2,v1.10.4 candidate issue linked from selected matrix row
CK-110-1703,CK-110-M085,`inspect repository` computes container count but omits it from summary,external-audit,docs/release/v1.10/evidence/third_party_coldkeep_v1.9.0_code_analysis.baseline.txt,,triaged,S3,tooling,exclude,Phase 3,v1.10.4 candidate issue linked from selected matrix row
CK-110-1704,CK-110-M078,Simulated storage can leak its temp DB file if closing the freshly-created temp file fails,external-audit,docs/release/v1.10/evidence/third_party_coldkeep_v1.9.0_code_analysis.baseline.txt,,triaged,S3,tooling,exclude,Phase 4,v1.10.4 candidate issue linked from selected matrix row
CK-110-1705,CK-110-M034,`COLDKEEP_CONTAINER_MAX_SIZE_MB=0` or negative values are accepted until later failure,external-audit,docs/release/v1.10/evidence/third_party_coldkeep_v1.9.0_code_analysis.baseline.txt,,triaged,S2,validation,exclude,Phase 2,v1.10.4 candidate issue linked from selected matrix row
CK-110-1706,CK-110-M034,Huge `COLDKEEP_CONTAINER_MAX_SIZE_MB` can overflow,external-audit,docs/release/v1.10/evidence/third_party_coldkeep_v1.9.0_code_analysis.baseline.txt,,triaged,S2,validation,exclude,Phase 2,v1.10.4 candidate issue linked from selected matrix row
CK-110-1707,CK-110-M081,Container header max size is not compared with DB `max_size` when opening existing containers,external-audit,docs/release/v1.10/evidence/third_party_coldkeep_v1.9.0_code_analysis.baseline.txt,,triaged,S3,tooling,exclude,Phase 3,v1.10.4 candidate issue linked from selected matrix row
CK-110-1708,CK-110-M078,`simulate store-folder --codec plain --output json` emits non-JSON warning on stderr,external-audit,docs/release/v1.10/evidence/third_party_coldkeep_v1.9.0_code_analysis.baseline.txt,,triaged,S3,tooling,exclude,Phase 4,v1.10.4 candidate issue linked from selected matrix row
CK-110-1709,CK-110-M080,Very large DB/storage timeout env vars can overflow `time.Duration`,external-audit,docs/release/v1.10/evidence/third_party_coldkeep_v1.9.0_code_analysis.baseline.txt,,triaged,S3,tooling,exclude,Phase 4,v1.10.4 candidate issue linked from selected matrix row
CK-110-1710,CK-110-M013,`snapshot diff snap snap` is allowed,external-audit,docs/release/v1.10/evidence/third_party_coldkeep_v1.9.0_code_analysis.baseline.txt,,triaged,S1,validation,exclude,Phase 2,v1.10.4 candidate issue linked from selected matrix row
CK-110-1711,CK-110-M077,`benchmark run --workers N` can be overridden by env,external-audit,docs/release/v1.10/evidence/third_party_coldkeep_v1.9.0_code_analysis.baseline.txt,,triaged,S3,tooling,exclude,Phase 3,v1.10.4 candidate issue linked from selected matrix row
CK-110-1712,CK-110-M039,Benchmark compare does not verify dataset compatibility,external-audit,docs/release/v1.10/evidence/third_party_coldkeep_v1.9.0_code_analysis.baseline.txt,,triaged,S2,benchmark,exclude,Phase 4,v1.10.4 candidate issue linked from selected matrix row
CK-110-1713,CK-110-M039,Benchmark compare does not verify repeat compatibility,external-audit,docs/release/v1.10/evidence/third_party_coldkeep_v1.9.0_code_analysis.baseline.txt,,triaged,S2,benchmark,exclude,Phase 4,v1.10.4 candidate issue linked from selected matrix row
CK-110-1714,CK-110-M039,Benchmark compare does not verify execution compatibility,external-audit,docs/release/v1.10/evidence/third_party_coldkeep_v1.9.0_code_analysis.baseline.txt,,triaged,S2,benchmark,exclude,Phase 4,v1.10.4 candidate issue linked from selected matrix row
CK-110-1715,CK-110-M030,`snapshot create` duplicate singleton flags silently last-win,external-audit,docs/release/v1.10/evidence/third_party_coldkeep_v1.9.0_code_analysis.baseline.txt,,fixed,S2,cli,exclude,Phase 2,v1.10.4 candidate issue linked from selected matrix row
CK-110-1716,CK-110-M030,`snapshot list` duplicate singleton flags silently last-win,external-audit,docs/release/v1.10/evidence/third_party_coldkeep_v1.9.0_code_analysis.baseline.txt,,fixed,S2,cli,exclude,Phase 2,v1.10.4 candidate issue linked from selected matrix row
CK-110-1717,CK-110-M080,`store-folder` can follow file symlinks outside the selected root,external-audit,docs/release/v1.10/evidence/third_party_coldkeep_v1.9.0_code_analysis.baseline.txt,,triaged,S3,tooling,exclude,Phase 4,v1.10.4 candidate issue linked from selected matrix row
CK-110-1718,CK-110-M080,`store-folder` does not filter non-regular files,external-audit,docs/release/v1.10/evidence/third_party_coldkeep_v1.9.0_code_analysis.baseline.txt,,triaged,S3,tooling,exclude,Phase 4,v1.10.4 candidate issue linked from selected matrix row
CK-110-1719,CK-110-M082,Restore can return an error after the file was already renamed into place,external-audit,docs/release/v1.10/evidence/third_party_coldkeep_v1.9.0_code_analysis.baseline.txt,,triaged,S3,tooling,exclude,Phase 4,v1.10.4 candidate issue linked from selected matrix row
CK-110-1720,CK-110-M082,`restore --overwrite` is not portable to Windows,external-audit,docs/release/v1.10/evidence/third_party_coldkeep_v1.9.0_code_analysis.baseline.txt,,triaged,S3,tooling,exclude,Phase 4,v1.10.4 candidate issue linked from selected matrix row
CK-110-1721,CK-110-M081,Container lock retry backoff can overflow,external-audit,docs/release/v1.10/evidence/third_party_coldkeep_v1.9.0_code_analysis.baseline.txt,,triaged,S3,tooling,exclude,Phase 3,v1.10.4 candidate issue linked from selected matrix row
CK-110-1722,CK-110-M081,Container lock retry env vars accept malformed partial integers,external-audit,docs/release/v1.10/evidence/third_party_coldkeep_v1.9.0_code_analysis.baseline.txt,,triaged,S3,tooling,exclude,Phase 3,v1.10.4 candidate issue linked from selected matrix row
CK-110-1723,CK-110-M080,DB connection pool env vars can overflow on `int` conversion,external-audit,docs/release/v1.10/evidence/third_party_coldkeep_v1.9.0_code_analysis.baseline.txt,,triaged,S3,tooling,exclude,Phase 4,v1.10.4 candidate issue linked from selected matrix row
CK-110-1724,CK-110-M082,Restore write errors can be hidden behind misleading final errors,external-audit,docs/release/v1.10/evidence/third_party_coldkeep_v1.9.0_code_analysis.baseline.txt,,triaged,S3,tooling,exclude,Phase 4,v1.10.4 candidate issue linked from selected matrix row
CK-110-1725,CK-110-M084,Partial snapshot path filters use different normalization than stored source paths,external-audit,docs/release/v1.10/evidence/third_party_coldkeep_v1.9.0_code_analysis.baseline.txt,,triaged,S3,tooling,exclude,Phase 2,v1.10.4 candidate issue linked from selected matrix row
CK-110-1726,CK-110-M084,Partial snapshot directory prefixes have the same mismatch,external-audit,docs/release/v1.10/evidence/third_party_coldkeep_v1.9.0_code_analysis.baseline.txt,,triaged,S3,tooling,exclude,Phase 2,v1.10.4 candidate issue linked from selected matrix row
CK-110-1727,CK-110-M084,Snapshot creation can include non-completed logical files,external-audit,docs/release/v1.10/evidence/third_party_coldkeep_v1.9.0_code_analysis.baseline.txt,,triaged,S3,tooling,exclude,Phase 2,v1.10.4 candidate issue linked from selected matrix row
CK-110-1728,CK-110-M081,Single-file store ignores container finalization errors,external-audit,docs/release/v1.10/evidence/third_party_coldkeep_v1.9.0_code_analysis.baseline.txt,,triaged,S3,tooling,exclude,Phase 3,v1.10.4 candidate issue linked from selected matrix row
CK-110-1729,CK-110-M080,`store-folder` accepts a regular file as the root argument,external-audit,docs/release/v1.10/evidence/third_party_coldkeep_v1.9.0_code_analysis.baseline.txt,,triaged,S3,tooling,exclude,Phase 4,v1.10.4 candidate issue linked from selected matrix row
CK-110-1730,CK-110-M082,Restore loses chunk-location resolution errors,external-audit,docs/release/v1.10/evidence/third_party_coldkeep_v1.9.0_code_analysis.baseline.txt,,triaged,S3,tooling,exclude,Phase 4,v1.10.4 candidate issue linked from selected matrix row
CK-110-1731,CK-110-M080,Startup recovery can be skipped by data args after `--`,external-audit,docs/release/v1.10/evidence/third_party_coldkeep_v1.9.0_code_analysis.baseline.txt,,triaged,S3,tooling,exclude,Phase 4,v1.10.4 candidate issue linked from selected matrix row
CK-110-1732,CK-110-M081,`SimulatedWriter.SealContainer()` leaves `sealing=TRUE`,external-audit,docs/release/v1.10/evidence/third_party_coldkeep_v1.9.0_code_analysis.baseline.txt,,triaged,S3,tooling,exclude,Phase 3,v1.10.4 candidate issue linked from selected matrix row
CK-110-1733,CK-110-M080,Batch input files fail on long lines,external-audit,docs/release/v1.10/evidence/third_party_coldkeep_v1.9.0_code_analysis.baseline.txt,,triaged,S3,tooling,exclude,Phase 4,v1.10.4 candidate issue linked from selected matrix row
CK-110-1734,CK-110-M082,Batch stored-path input corrupts paths with leading/trailing spaces,external-audit,docs/release/v1.10/evidence/third_party_coldkeep_v1.9.0_code_analysis.baseline.txt,,triaged,S3,tooling,exclude,Phase 4,v1.10.4 candidate issue linked from selected matrix row
CK-110-1735,CK-110-M013,`store-folder` can silently succeed with zero files,external-audit,docs/release/v1.10/evidence/third_party_coldkeep_v1.9.0_code_analysis.baseline.txt,,triaged,S1,validation,exclude,Phase 2,v1.10.4 candidate issue linked from selected matrix row
CK-110-1736,CK-110-M083,`run_v19_baseline_pair.sh --manifest <short-path>` can crash,external-audit,docs/release/v1.10/evidence/third_party_coldkeep_v1.9.0_code_analysis.baseline.txt,,triaged,S3,tooling,exclude,Phase 4,v1.10.4 candidate issue linked from selected matrix row
CK-110-1737,CK-110-M083,`run_v19_baseline_pair.sh` records failed comparability checks but does not fail,external-audit,docs/release/v1.10/evidence/third_party_coldkeep_v1.9.0_code_analysis.baseline.txt,,triaged,S3,tooling,exclude,Phase 4,v1.10.4 candidate issue linked from selected matrix row
CK-110-1738,CK-110-M083,`validate_regression_thresholds.py` has an undeclared PyYAML dependency,external-audit,docs/release/v1.10/evidence/third_party_coldkeep_v1.9.0_code_analysis.baseline.txt,,triaged,S3,tooling,exclude,Phase 4,v1.10.4 candidate issue linked from selected matrix row
CK-110-1739,CK-110-M041,`validate_regression_thresholds.py` accepts the first JSON object with `data`,external-audit,docs/release/v1.10/evidence/third_party_coldkeep_v1.9.0_code_analysis.baseline.txt,,triaged,S2,benchmark,exclude,Phase 4,v1.10.4 candidate issue linked from selected matrix row
CK-110-1740,CK-110-M013,Phase 8 summary silently succeeds with missing/no input data,external-audit,docs/release/v1.10/evidence/third_party_coldkeep_v1.9.0_code_analysis.baseline.txt,,triaged,S1,validation,exclude,Phase 2,v1.10.4 candidate issue linked from selected matrix row
CK-110-1741,CK-110-M083,Phase 8 compare scripts default missing metrics to zero,external-audit,docs/release/v1.10/evidence/third_party_coldkeep_v1.9.0_code_analysis.baseline.txt,,triaged,S3,tooling,exclude,Phase 4,v1.10.4 candidate issue linked from selected matrix row
CK-110-1742,CK-110-M080,File IDs accept plus-prefixed values,external-audit,docs/release/v1.10/evidence/third_party_coldkeep_v1.9.0_code_analysis.baseline.txt,,triaged,S3,tooling,exclude,Phase 4,v1.10.4 candidate issue linked from selected matrix row
CK-110-1743,CK-110-M077,`run_phase8_blocksize_matrix.sh` completion check is too brittle,external-audit,docs/release/v1.10/evidence/third_party_coldkeep_v1.9.0_code_analysis.baseline.txt,,triaged,S3,tooling,exclude,Phase 3,v1.10.4 candidate issue linked from selected matrix row
CK-110-1744,CK-110-M085,`inspect chunk` summary ignores packed-block storage,external-audit,docs/release/v1.10/evidence/third_party_coldkeep_v1.9.0_code_analysis.baseline.txt,,triaged,S3,tooling,exclude,Phase 3,v1.10.4 candidate issue linked from selected matrix row
CK-110-1745,CK-110-M085,`inspect container` chunk count ignores packed blocks,external-audit,docs/release/v1.10/evidence/third_party_coldkeep_v1.9.0_code_analysis.baseline.txt,,triaged,S3,tooling,exclude,Phase 3,v1.10.4 candidate issue linked from selected matrix row
CK-110-1746,CK-110-M079,Remove-by-ID loses Postgres row-locking on physical mappings,external-audit,docs/release/v1.10/evidence/third_party_coldkeep_v1.9.0_code_analysis.baseline.txt,,triaged,S3,tooling,include,Phase 4,v1.10.4 candidate issue linked from selected matrix row
CK-110-1747,CK-110-M082,Restore can leave chunks pinned if unpinning fails mid-loop,external-audit,docs/release/v1.10/evidence/third_party_coldkeep_v1.9.0_code_analysis.baseline.txt,,triaged,S3,tooling,exclude,Phase 4,v1.10.4 candidate issue linked from selected matrix row
CK-110-1748,CK-110-M082,Packed restore recipe stores `ContainerID = 0`,external-audit,docs/release/v1.10/evidence/third_party_coldkeep_v1.9.0_code_analysis.baseline.txt,,triaged,S3,tooling,exclude,Phase 4,v1.10.4 candidate issue linked from selected matrix row
CK-110-1749,CK-110-M017,"`remove --stored-paths --input """"` falls back to positional mode",external-audit,docs/release/v1.10/evidence/third_party_coldkeep_v1.9.0_code_analysis.baseline.txt,,triaged,S1,restore,exclude,Phase 2,v1.10.4 candidate issue linked from selected matrix row
CK-110-1750,CK-110-M082,`RestoreFileWithDBResult()` defaults to overwrite,external-audit,docs/release/v1.10/evidence/third_party_coldkeep_v1.9.0_code_analysis.baseline.txt,,triaged,S3,tooling,exclude,Phase 4,v1.10.4 candidate issue linked from selected matrix row
CK-110-1751,CK-110-M082,`RestoreFileWithStorageContextResult()` also defaults to overwrite,external-audit,docs/release/v1.10/evidence/third_party_coldkeep_v1.9.0_code_analysis.baseline.txt,,triaged,S3,tooling,exclude,Phase 4,v1.10.4 candidate issue linked from selected matrix row
CK-110-1752,CK-110-M081,`StorageBlockReader` opens container paths from DB filename without validation,external-audit,docs/release/v1.10/evidence/third_party_coldkeep_v1.9.0_code_analysis.baseline.txt,,triaged,S3,tooling,exclude,Phase 3,v1.10.4 candidate issue linked from selected matrix row
CK-110-1753,CK-110-M085,`inspect repository` computes container count but only exposes it in relations,external-audit,docs/release/v1.10/evidence/third_party_coldkeep_v1.9.0_code_analysis.baseline.txt,,triaged,S3,tooling,exclude,Phase 3,v1.10.4 candidate issue linked from selected matrix row
CK-110-1754,CK-110-M081,`stats` live/dead block bytes ignore packed `storage_blocks`,external-audit,docs/release/v1.10/evidence/third_party_coldkeep_v1.9.0_code_analysis.baseline.txt,,triaged,S3,tooling,exclude,Phase 3,v1.10.4 candidate issue linked from selected matrix row
CK-110-1755,CK-110-M081,Per-container `stats` live/dead bytes also ignore packed blocks,external-audit,docs/release/v1.10/evidence/third_party_coldkeep_v1.9.0_code_analysis.baseline.txt,,triaged,S3,tooling,exclude,Phase 3,v1.10.4 candidate issue linked from selected matrix row
CK-110-1756,CK-110-M081,`simulate store` / `simulate store-folder` aggregate reports ignore packed storage,external-audit,docs/release/v1.10/evidence/third_party_coldkeep_v1.9.0_code_analysis.baseline.txt,,triaged,S3,tooling,exclude,Phase 3,v1.10.4 candidate issue linked from selected matrix row
CK-110-1757,CK-110-M081,`blocks.Repository.GetByChunkID()` cannot find packed chunks,external-audit,docs/release/v1.10/evidence/third_party_coldkeep_v1.9.0_code_analysis.baseline.txt,,triaged,S3,tooling,exclude,Phase 3,v1.10.4 candidate issue linked from selected matrix row
CK-110-1758,CK-110-M081,`blocks.Repository.GetByChunkHash()` also cannot find packed chunks,external-audit,docs/release/v1.10/evidence/third_party_coldkeep_v1.9.0_code_analysis.baseline.txt,,triaged,S3,tooling,exclude,Phase 3,v1.10.4 candidate issue linked from selected matrix row
CK-110-1759,CK-110-M081,Store path can leave stale chunk refs if physical-path mapping fails after chunk commit,external-audit,docs/release/v1.10/evidence/third_party_coldkeep_v1.9.0_code_analysis.baseline.txt,,triaged,S3,tooling,exclude,Phase 3,v1.10.4 candidate issue linked from selected matrix row
CK-110-1760,CK-110-M013,Empty-file store has a similar late physical-mapping failure window,external-audit,docs/release/v1.10/evidence/third_party_coldkeep_v1.9.0_code_analysis.baseline.txt,,triaged,S1,validation,exclude,Phase 2,v1.10.4 candidate issue linked from selected matrix row
CK-110-1761,CK-110-M082,`remove-by-stored-path` last reference leaves logical metadata behind,external-audit,docs/release/v1.10/evidence/third_party_coldkeep_v1.9.0_code_analysis.baseline.txt,,triaged,S3,tooling,exclude,Phase 4,v1.10.4 candidate issue linked from selected matrix row
CK-110-1762,CK-110-M082,`remove-by-stored-path` can leave chunk `live_ref_count` stale,external-audit,docs/release/v1.10/evidence/third_party_coldkeep_v1.9.0_code_analysis.baseline.txt,,triaged,S3,tooling,exclude,Phase 4,v1.10.4 candidate issue linked from selected matrix row
CK-110-1763,CK-110-M081,`replace` physical target does not adjust old/new chunk liveness,external-audit,docs/release/v1.10/evidence/third_party_coldkeep_v1.9.0_code_analysis.baseline.txt,,triaged,S3,tooling,exclude,Phase 3,v1.10.4 candidate issue linked from selected matrix row
CK-110-1764,CK-110-M034,`stats` global dedup ratio can be wrong on packed repositories,external-audit,docs/release/v1.10/evidence/third_party_coldkeep_v1.9.0_code_analysis.baseline.txt,,triaged,S2,validation,exclude,Phase 2,v1.10.4 candidate issue linked from selected matrix row
CK-110-1765,CK-110-M081,`stats` fragmentation ratio can be wrong on packed repositories,external-audit,docs/release/v1.10/evidence/third_party_coldkeep_v1.9.0_code_analysis.baseline.txt,,triaged,S3,tooling,exclude,Phase 3,v1.10.4 candidate issue linked from selected matrix row
CK-110-1766,CK-110-M085,`verify system` container existence check ignores packed-only containers,external-audit,docs/release/v1.10/evidence/third_party_coldkeep_v1.9.0_code_analysis.baseline.txt,,triaged,S3,tooling,exclude,Phase 3,v1.10.4 candidate issue linked from selected matrix row
CK-110-1767,CK-110-M085,`verify system` sealed-container completeness ignores packed chunks,external-audit,docs/release/v1.10/evidence/third_party_coldkeep_v1.9.0_code_analysis.baseline.txt,,triaged,S3,tooling,exclude,Phase 3,v1.10.4 candidate issue linked from selected matrix row
CK-110-1768,CK-110-M081,Packed `chunk_block_refs` can point to non-`COMPLETED` chunks,external-audit,docs/release/v1.10/evidence/third_party_coldkeep_v1.9.0_code_analysis.baseline.txt,,triaged,S3,tooling,exclude,Phase 3,v1.10.4 candidate issue linked from selected matrix row
CK-110-1769,CK-110-M081,Graph reverse references ignore packed storage,external-audit,docs/release/v1.10/evidence/third_party_coldkeep_v1.9.0_code_analysis.baseline.txt,,triaged,S3,tooling,exclude,Phase 3,v1.10.4 candidate issue linked from selected matrix row
CK-110-1770,CK-110-M081,Graph outgoing chunk→container edges ignore packed storage,external-audit,docs/release/v1.10/evidence/third_party_coldkeep_v1.9.0_code_analysis.baseline.txt,,triaged,S3,tooling,exclude,Phase 3,v1.10.4 candidate issue linked from selected matrix row
CK-110-1771,CK-110-M085,`verifyStorageBlocks()` does not validate compression metadata fully,external-audit,docs/release/v1.10/evidence/third_party_coldkeep_v1.9.0_code_analysis.baseline.txt,,triaged,S3,tooling,exclude,Phase 3,v1.10.4 candidate issue linked from selected matrix row
CK-110-1772,CK-110-M085,`verifyStorageBlocks()` does not validate `compressed_hash` / `physical_hash` lengths,external-audit,docs/release/v1.10/evidence/third_party_coldkeep_v1.9.0_code_analysis.baseline.txt,,triaged,S3,tooling,exclude,Phase 3,v1.10.4 candidate issue linked from selected matrix row
CK-110-1773,CK-110-M081,`repair chunk-ref-counts` counts references from aborted logical files,external-audit,docs/release/v1.10/evidence/third_party_coldkeep_v1.9.0_code_analysis.baseline.txt,,triaged,S3,tooling,exclude,Phase 3,v1.10.4 candidate issue linked from selected matrix row
CK-110-1774,CK-110-M081,`repair chunk-ref-counts` can preserve stale liveness from zero-ref logical files,external-audit,docs/release/v1.10/evidence/third_party_coldkeep_v1.9.0_code_analysis.baseline.txt,,triaged,S3,tooling,exclude,Phase 3,v1.10.4 candidate issue linked from selected matrix row
CK-110-1775,CK-110-M085,`verify --fast` still reads/decrypts/decompresses packed payloads,external-audit,docs/release/v1.10/evidence/third_party_coldkeep_v1.9.0_code_analysis.baseline.txt,,triaged,S3,tooling,exclude,Phase 3,v1.10.4 candidate issue linked from selected matrix row
CK-110-1776,CK-110-M084,GC simulation can mark snapshot-retained packed blocks as reclaimable,external-audit,docs/release/v1.10/evidence/third_party_coldkeep_v1.9.0_code_analysis.baseline.txt,,triaged,S3,tooling,exclude,Phase 2,v1.10.4 candidate issue linked from selected matrix row
CK-110-1777,CK-110-M084,Packed GC simulation metrics have the same snapshot-retention bug,external-audit,docs/release/v1.10/evidence/third_party_coldkeep_v1.9.0_code_analysis.baseline.txt,,triaged,S3,tooling,exclude,Phase 2,v1.10.4 candidate issue linked from selected matrix row
CK-110-1778,CK-110-M080,`CheckPhysicalFileGraphIntegrity()` does not reject physical files pointing to non-`COMPLETED` logical files,external-audit,docs/release/v1.10/evidence/third_party_coldkeep_v1.9.0_code_analysis.baseline.txt,,triaged,S3,tooling,exclude,Phase 4,v1.10.4 candidate issue linked from selected matrix row
CK-110-1779,CK-110-M079,GC roots include non-completed logical files,external-audit,docs/release/v1.10/evidence/third_party_coldkeep_v1.9.0_code_analysis.baseline.txt,,triaged,S3,tooling,include,Phase 4,v1.10.4 candidate issue linked from selected matrix row
CK-110-1780,CK-110-M079,`repair ref-counts` can legitimize bad physical mappings,external-audit,docs/release/v1.10/evidence/third_party_coldkeep_v1.9.0_code_analysis.baseline.txt,,triaged,S3,tooling,include,Phase 4,v1.10.4 candidate issue linked from selected matrix row
CK-110-1781,CK-110-M013,Sealed-container dry-run emptiness check is legacy-only before fallback,external-audit,docs/release/v1.10/evidence/third_party_coldkeep_v1.9.0_code_analysis.baseline.txt,,triaged,S1,validation,exclude,Phase 2,v1.10.4 candidate issue linked from selected matrix row
CK-110-1782,CK-110-M084,Packed block deletion helper ignores snapshot reachability,external-audit,docs/release/v1.10/evidence/third_party_coldkeep_v1.9.0_code_analysis.baseline.txt,,triaged,S3,tooling,exclude,Phase 2,v1.10.4 candidate issue linked from selected matrix row
CK-110-1783,CK-110-M034,Graph GC roots do not validate positive logical IDs,external-audit,docs/release/v1.10/evidence/third_party_coldkeep_v1.9.0_code_analysis.baseline.txt,,triaged,S2,validation,exclude,Phase 2,v1.10.4 candidate issue linked from selected matrix row
CK-110-1784,CK-110-M013,SQLite snapshot migration can silently drop legacy `snapshot_file` rows with empty/NULL path,external-audit,docs/release/v1.10/evidence/third_party_coldkeep_v1.9.0_code_analysis.baseline.txt,,triaged,S1,validation,exclude,Phase 2,v1.10.4 candidate issue linked from selected matrix row
CK-110-1785,CK-110-M081,Migrated SQLite `storage_blocks.codec` lacks the fresh-schema CHECK constraint,external-audit,docs/release/v1.10/evidence/third_party_coldkeep_v1.9.0_code_analysis.baseline.txt,,triaged,S3,tooling,exclude,Phase 3,v1.10.4 candidate issue linked from selected matrix row
CK-110-1786,CK-110-M081,Upgraded SQLite `storage_blocks` may remain weaker than fresh installs,external-audit,docs/release/v1.10/evidence/third_party_coldkeep_v1.9.0_code_analysis.baseline.txt,,triaged,S3,tooling,exclude,Phase 3,v1.10.4 candidate issue linked from selected matrix row
CK-110-1787,CK-110-M080,SQLite schema version can be marked 15 before custom migrations finish,external-audit,docs/release/v1.10/evidence/third_party_coldkeep_v1.9.0_code_analysis.baseline.txt,,triaged,S3,tooling,exclude,Phase 4,v1.10.4 candidate issue linked from selected matrix row
CK-110-1788,CK-110-M082,Stored-path restore in `--strict` mode can return error after content restore succeeded,external-audit,docs/release/v1.10/evidence/third_party_coldkeep_v1.9.0_code_analysis.baseline.txt,,triaged,S3,tooling,exclude,Phase 4,v1.10.4 candidate issue linked from selected matrix row
CK-110-1789,CK-110-M081,`linkFileChunkWithContext()` does not repair `live_ref_count` on existing identical mapping,external-audit,docs/release/v1.10/evidence/third_party_coldkeep_v1.9.0_code_analysis.baseline.txt,,triaged,S3,tooling,exclude,Phase 3,v1.10.4 candidate issue linked from selected matrix row
CK-110-1790,CK-110-M084,SQLite legacy snapshot migration handles bad path rows differently from Postgres,external-audit,docs/release/v1.10/evidence/third_party_coldkeep_v1.9.0_code_analysis.baseline.txt,,triaged,S3,tooling,exclude,Phase 2,v1.10.4 candidate issue linked from selected matrix row
CK-110-1791,CK-110-M034,`storage_blocks.compression_ratio` has no range validation,external-audit,docs/release/v1.10/evidence/third_party_coldkeep_v1.9.0_code_analysis.baseline.txt,,triaged,S2,validation,exclude,Phase 2,v1.10.4 candidate issue linked from selected matrix row
CK-110-1792,CK-110-M013,Benchmark corpus validation does not validate checksums,external-audit,docs/release/v1.10/evidence/third_party_coldkeep_v1.9.0_code_analysis.baseline.txt,,triaged,S1,validation,exclude,Phase 2,v1.10.4 candidate issue linked from selected matrix row
CK-110-1793,CK-110-M077,Benchmark corpus validation allows stale extra files,external-audit,docs/release/v1.10/evidence/third_party_coldkeep_v1.9.0_code_analysis.baseline.txt,,triaged,S3,tooling,exclude,Phase 3,v1.10.4 candidate issue linked from selected matrix row
CK-110-1794,CK-110-M080,`ValidateCorpus()` defers file closes inside a loop,external-audit,docs/release/v1.10/evidence/third_party_coldkeep_v1.9.0_code_analysis.baseline.txt,,triaged,S3,tooling,exclude,Phase 4,v1.10.4 candidate issue linked from selected matrix row
CK-110-1795,CK-110-M077,Benchmark IO aggregation drops `block_decode_count`,external-audit,docs/release/v1.10/evidence/third_party_coldkeep_v1.9.0_code_analysis.baseline.txt,,triaged,S3,tooling,exclude,Phase 3,v1.10.4 candidate issue linked from selected matrix row
CK-110-1796,CK-110-M081,Packed block metadata silently ignores chunk-ref insert conflicts,external-audit,docs/release/v1.10/evidence/third_party_coldkeep_v1.9.0_code_analysis.baseline.txt,,triaged,S3,tooling,exclude,Phase 3,v1.10.4 candidate issue linked from selected matrix row
CK-110-1797,CK-110-M081,Container header UID randomness errors are ignored,external-audit,docs/release/v1.10/evidence/third_party_coldkeep_v1.9.0_code_analysis.baseline.txt,,triaged,S3,tooling,exclude,Phase 3,v1.10.4 candidate issue linked from selected matrix row
CK-110-1798,CK-110-M081,`FileContainer.SetSize()` ignores seek errors,external-audit,docs/release/v1.10/evidence/third_party_coldkeep_v1.9.0_code_analysis.baseline.txt,,triaged,S3,tooling,exclude,Phase 3,v1.10.4 candidate issue linked from selected matrix row
CK-110-1799,CK-110-M040,Phase 8 GC comparison trusts a boolean instead of verifying hashes,external-audit,docs/release/v1.10/evidence/third_party_coldkeep_v1.9.0_code_analysis.baseline.txt,,triaged,S2,benchmark,exclude,Phase 4,v1.10.4 candidate issue linked from selected matrix row
CK-110-1800,CK-110-M013,Corpus manifest generation ignores read errors,external-audit,docs/release/v1.10/evidence/third_party_coldkeep_v1.9.0_code_analysis.baseline.txt,,triaged,S1,validation,exclude,Phase 2,v1.10.4 candidate issue linked from selected matrix row
CK-110-1801,CK-110-M080,Local CI audit is brittle to valid YAML formatting,external-audit,docs/release/v1.10/evidence/third_party_coldkeep_v1.9.0_code_analysis.baseline.txt,,triaged,S3,tooling,exclude,Phase 4,v1.10.4 candidate issue linked from selected matrix row
CK-110-1802,CK-110-M077,Benchmark IO counter enablement is cached process-wide,external-audit,docs/release/v1.10/evidence/third_party_coldkeep_v1.9.0_code_analysis.baseline.txt,,triaged,S3,tooling,exclude,Phase 3,v1.10.4 candidate issue linked from selected matrix row
CK-110-1803,CK-110-M013,Benchmark corpus cleanup can remove generated dirs without checking base-dir safety,external-audit,docs/release/v1.10/evidence/third_party_coldkeep_v1.9.0_code_analysis.baseline.txt,,triaged,S1,validation,exclude,Phase 2,v1.10.4 candidate issue linked from selected matrix row
CK-110-1804,CK-110-M030,`list/search --limit/--offset` accept duplicate flags silently,external-audit,docs/release/v1.10/evidence/third_party_coldkeep_v1.9.0_code_analysis.baseline.txt,,fixed,S2,cli,exclude,Phase 2,v1.10.4 candidate issue linked from selected matrix row
CK-110-1805,CK-110-M078,`list/search --limit +10` and `--offset +10` are accepted,external-audit,docs/release/v1.10/evidence/third_party_coldkeep_v1.9.0_code_analysis.baseline.txt,,triaged,S3,tooling,exclude,Phase 4,v1.10.4 candidate issue linked from selected matrix row
CK-110-1806,CK-110-M083,`validate_regression_thresholds.py validate` exits success despite realism warnings,external-audit,docs/release/v1.10/evidence/third_party_coldkeep_v1.9.0_code_analysis.baseline.txt,,triaged,S3,tooling,exclude,Phase 4,v1.10.4 candidate issue linked from selected matrix row
CK-110-1807,CK-110-M042,Regression threshold YAML values are not type/range/finite validated,external-audit,docs/release/v1.10/evidence/third_party_coldkeep_v1.9.0_code_analysis.baseline.txt,,triaged,S2,benchmark,exclude,Phase 4,v1.10.4 candidate issue linked from selected matrix row
CK-110-1808,CK-110-M088,`validate_regression_thresholds.py --json-report` can emit non-standard JSON,external-audit,docs/release/v1.10/evidence/third_party_coldkeep_v1.9.0_code_analysis.baseline.txt,,triaged,S2,json,exclude,Phase 4,v1.10.4 candidate issue linked from selected matrix row
CK-110-1809,CK-110-M077,`compare_phase8_dedup_results.py --max-delta-ratio` is warning-only,external-audit,docs/release/v1.10/evidence/third_party_coldkeep_v1.9.0_code_analysis.baseline.txt,,triaged,S3,tooling,exclude,Phase 3,v1.10.4 candidate issue linked from selected matrix row
CK-110-1810,CK-110-M042,`compare_phase8_dedup_results.py` accepts nonsensical ratio metrics,external-audit,docs/release/v1.10/evidence/third_party_coldkeep_v1.9.0_code_analysis.baseline.txt,,triaged,S2,benchmark,exclude,Phase 4,v1.10.4 candidate issue linked from selected matrix row
CK-110-1811,CK-110-M082,`scripts/smoke.sh` only validates the first restored file per restore directory,external-audit,docs/release/v1.10/evidence/third_party_coldkeep_v1.9.0_code_analysis.baseline.txt,,triaged,S3,tooling,exclude,Phase 4,v1.10.4 candidate issue linked from selected matrix row
CK-110-1812,CK-110-M083,`scripts/smoke.sh` assumes JSON output is single-line,external-audit,docs/release/v1.10/evidence/third_party_coldkeep_v1.9.0_code_analysis.baseline.txt,,triaged,S3,tooling,exclude,Phase 4,v1.10.4 candidate issue linked from selected matrix row
CK-110-1813,CK-110-M083,`scripts/validate_validation_matrix.sh` is overly brittle to README wording,external-audit,docs/release/v1.10/evidence/third_party_coldkeep_v1.9.0_code_analysis.baseline.txt,,triaged,S3,tooling,exclude,Phase 4,v1.10.4 candidate issue linked from selected matrix row
CK-110-1814,CK-110-M083,`check_versioned_row_writers.sh` misses qualified/quoted/multiline SQL inserts,external-audit,docs/release/v1.10/evidence/third_party_coldkeep_v1.9.0_code_analysis.baseline.txt,,triaged,S3,tooling,exclude,Phase 4,v1.10.4 candidate issue linked from selected matrix row
CK-110-1815,CK-110-M083,`check_versioned_row_writers.sh` only scans `internal` and `cmd`,external-audit,docs/release/v1.10/evidence/third_party_coldkeep_v1.9.0_code_analysis.baseline.txt,,triaged,S3,tooling,exclude,Phase 4,v1.10.4 candidate issue linked from selected matrix row
CK-110-1816,CK-110-M080,Repository capabilities hide schema-version query errors,external-audit,docs/release/v1.10/evidence/third_party_coldkeep_v1.9.0_code_analysis.baseline.txt,,triaged,S3,tooling,exclude,Phase 4,v1.10.4 candidate issue linked from selected matrix row
CK-110-1817,CK-110-M080,Repository capabilities do not range-check default compression level,external-audit,docs/release/v1.10/evidence/third_party_coldkeep_v1.9.0_code_analysis.baseline.txt,,triaged,S3,tooling,exclude,Phase 4,v1.10.4 candidate issue linked from selected matrix row
CK-110-1818,CK-110-M085,`verify file --deep` skips packed-only payload hash checks,external-audit,docs/release/v1.10/evidence/third_party_coldkeep_v1.9.0_code_analysis.baseline.txt,,triaged,S3,tooling,exclude,Phase 3,v1.10.4 candidate issue linked from selected matrix row
CK-110-1819,CK-110-M085,`verify file --output json` can overstate packed checks,external-audit,docs/release/v1.10/evidence/third_party_coldkeep_v1.9.0_code_analysis.baseline.txt,,triaged,S3,tooling,exclude,Phase 3,v1.10.4 candidate issue linked from selected matrix row
CK-110-1820,CK-110-M085,`verify system` reference-count check includes aborted/zero-ref logical files,external-audit,docs/release/v1.10/evidence/third_party_coldkeep_v1.9.0_code_analysis.baseline.txt,,triaged,S3,tooling,exclude,Phase 3,v1.10.4 candidate issue linked from selected matrix row
CK-110-1821,CK-110-M081,"Packed block reader uses runtime container max size, not persisted container max size",external-audit,docs/release/v1.10/evidence/third_party_coldkeep_v1.9.0_code_analysis.baseline.txt,,triaged,S3,tooling,exclude,Phase 3,v1.10.4 candidate issue linked from selected matrix row
CK-110-1822,CK-110-M085,Invalid `COLDKEEP_VERIFY_STRICT_SEGMENTS` silently disables strict verification,external-audit,docs/release/v1.10/evidence/third_party_coldkeep_v1.9.0_code_analysis.baseline.txt,,triaged,S3,tooling,exclude,Phase 3,v1.10.4 candidate issue linked from selected matrix row
CK-110-1823,CK-110-M081,Fast packed verification skips decoded block/ref consistency,external-audit,docs/release/v1.10/evidence/third_party_coldkeep_v1.9.0_code_analysis.baseline.txt,,triaged,S3,tooling,exclude,Phase 3,v1.10.4 candidate issue linked from selected matrix row
CK-110-1824,CK-110-M084,`ResolveSnapshotPaths()` has unbounded `IN (...)` queries,external-audit,docs/release/v1.10/evidence/third_party_coldkeep_v1.9.0_code_analysis.baseline.txt,,triaged,S3,tooling,exclude,Phase 2,v1.10.4 candidate issue linked from selected matrix row
CK-110-1825,CK-110-M084,`LoadSnapshotPathsByID()` has the same unbounded `IN (...)` issue,external-audit,docs/release/v1.10/evidence/third_party_coldkeep_v1.9.0_code_analysis.baseline.txt,,triaged,S3,tooling,exclude,Phase 2,v1.10.4 candidate issue linked from selected matrix row
CK-110-1826,CK-110-M077,Benchmark determinism check ignores physical storage layout,external-audit,docs/release/v1.10/evidence/third_party_coldkeep_v1.9.0_code_analysis.baseline.txt,,triaged,S3,tooling,exclude,Phase 3,v1.10.4 candidate issue linked from selected matrix row
CK-110-1827,CK-110-M077,Benchmark determinism precheck can use a different codec than benchmark runs,external-audit,docs/release/v1.10/evidence/third_party_coldkeep_v1.9.0_code_analysis.baseline.txt,,triaged,S3,tooling,exclude,Phase 3,v1.10.4 candidate issue linked from selected matrix row
CK-110-1828,CK-110-M084,Internal `SnapshotQuery.Match()` ignores invalid glob pattern errors,external-audit,docs/release/v1.10/evidence/third_party_coldkeep_v1.9.0_code_analysis.baseline.txt,,triaged,S3,tooling,exclude,Phase 2,v1.10.4 candidate issue linked from selected matrix row
CK-110-1829,CK-110-M085,`VerifySystemDeep` can duplicate packed payload verification work,external-audit,docs/release/v1.10/evidence/third_party_coldkeep_v1.9.0_code_analysis.baseline.txt,,triaged,S3,tooling,exclude,Phase 3,v1.10.4 candidate issue linked from selected matrix row
CK-110-1830,CK-110-M082,Packed restore verification trusts DB chunk sizes before payload validation,external-audit,docs/release/v1.10/evidence/third_party_coldkeep_v1.9.0_code_analysis.baseline.txt,,triaged,S3,tooling,exclude,Phase 4,v1.10.4 candidate issue linked from selected matrix row
CK-110-1831,CK-110-M085,`verifyStorageBlocks()` does not validate packed payload offset ordering,external-audit,docs/release/v1.10/evidence/third_party_coldkeep_v1.9.0_code_analysis.baseline.txt,,triaged,S3,tooling,exclude,Phase 3,v1.10.4 candidate issue linked from selected matrix row
CK-110-1832,CK-110-M034,"Packed block graph integrity does not verify unique `(storage_block_id, chunk_id)` mappings",external-audit,docs/release/v1.10/evidence/third_party_coldkeep_v1.9.0_code_analysis.baseline.txt,,triaged,S2,validation,exclude,Phase 2,v1.10.4 candidate issue linked from selected matrix row
CK-110-1833,CK-110-M081,`storage_blocks.logical_size` is not cross-validated against referenced chunk totals,external-audit,docs/release/v1.10/evidence/third_party_coldkeep_v1.9.0_code_analysis.baseline.txt,,triaged,S3,tooling,exclude,Phase 3,v1.10.4 candidate issue linked from selected matrix row
CK-110-1834,CK-110-M081,Container reclaimability checks mix legacy and packed semantics inconsistently,external-audit,docs/release/v1.10/evidence/third_party_coldkeep_v1.9.0_code_analysis.baseline.txt,,triaged,S3,tooling,exclude,Phase 3,v1.10.4 candidate issue linked from selected matrix row
CK-110-1835,CK-110-M081,Packed block deletion planning does not detect cross-container duplicate references,external-audit,docs/release/v1.10/evidence/third_party_coldkeep_v1.9.0_code_analysis.baseline.txt,,triaged,S3,tooling,exclude,Phase 3,v1.10.4 candidate issue linked from selected matrix row
CK-110-1836,CK-110-M017,`inspect block` legacy paths can falsely report “missing” for packed-only repositories,external-audit,docs/release/v1.10/evidence/third_party_coldkeep_v1.9.0_code_analysis.baseline.txt,,triaged,S1,restore,exclude,Phase 2,v1.10.4 candidate issue linked from selected matrix row
CK-110-1837,CK-110-M081,Repository verification does not compare packed container physical size against actual referenced payload extent,external-audit,docs/release/v1.10/evidence/third_party_coldkeep_v1.9.0_code_analysis.baseline.txt,,triaged,S3,tooling,exclude,Phase 3,v1.10.4 candidate issue linked from selected matrix row
CK-110-1838,CK-110-M081,Packed block fast verification can succeed without validating decompressed payload determinism,external-audit,docs/release/v1.10/evidence/third_party_coldkeep_v1.9.0_code_analysis.baseline.txt,,triaged,S3,tooling,exclude,Phase 3,v1.10.4 candidate issue linked from selected matrix row
CK-110-1839,CK-110-M085,Chunk graph verification does not reject orphan packed refs to deleted storage blocks until deep verify,external-audit,docs/release/v1.10/evidence/third_party_coldkeep_v1.9.0_code_analysis.baseline.txt,,triaged,S3,tooling,exclude,Phase 3,v1.10.4 candidate issue linked from selected matrix row
CK-110-1840,CK-110-M081,Migration verification does not ensure packed-schema indexes exist after upgrade,external-audit,docs/release/v1.10/evidence/third_party_coldkeep_v1.9.0_code_analysis.baseline.txt,,triaged,S3,tooling,exclude,Phase 3,v1.10.4 candidate issue linked from selected matrix row
CK-110-1841,CK-110-M081,SQLite migration paths can leave packed metadata constraints weaker than PostgreSQL,external-audit,docs/release/v1.10/evidence/third_party_coldkeep_v1.9.0_code_analysis.baseline.txt,,triaged,S3,tooling,exclude,Phase 3,v1.10.4 candidate issue linked from selected matrix row
CK-110-1842,CK-110-M034,`stats` packed dedup accounting can double-count shared packed payloads,external-audit,docs/release/v1.10/evidence/third_party_coldkeep_v1.9.0_code_analysis.baseline.txt,,triaged,S2,validation,exclude,Phase 2,v1.10.4 candidate issue linked from selected matrix row
CK-110-1843,CK-110-M082,Packed restore path does not fully validate reconstructed chunk ordering,external-audit,docs/release/v1.10/evidence/third_party_coldkeep_v1.9.0_code_analysis.baseline.txt,,triaged,S3,tooling,exclude,Phase 4,v1.10.4 candidate issue linked from selected matrix row
CK-110-1844,CK-110-M085,`verify file --deep` packed verification path still relies on chunk-level trust,external-audit,docs/release/v1.10/evidence/third_party_coldkeep_v1.9.0_code_analysis.baseline.txt,,triaged,S3,tooling,exclude,Phase 3,v1.10.4 candidate issue linked from selected matrix row
CK-110-1845,CK-110-M081,Packed container verification does not reject sparse/unreferenced internal regions,external-audit,docs/release/v1.10/evidence/third_party_coldkeep_v1.9.0_code_analysis.baseline.txt,,triaged,S3,tooling,exclude,Phase 3,v1.10.4 candidate issue linked from selected matrix row
CK-110-1846,CK-110-M081,Hybrid repositories can produce misleading “all chunks verified” summaries,external-audit,docs/release/v1.10/evidence/third_party_coldkeep_v1.9.0_code_analysis.baseline.txt,,triaged,S3,tooling,exclude,Phase 3,v1.10.4 candidate issue linked from selected matrix row
CK-110-1847,CK-110-M081,Packed payload verification lacks explicit upper-bound checks on reconstructed segment counts,external-audit,docs/release/v1.10/evidence/third_party_coldkeep_v1.9.0_code_analysis.baseline.txt,,triaged,S3,tooling,exclude,Phase 3,v1.10.4 candidate issue linked from selected matrix row
CK-110-1848,CK-110-M082,Restore collision planning does not account for packed multi-file reconstruction failures,external-audit,docs/release/v1.10/evidence/third_party_coldkeep_v1.9.0_code_analysis.baseline.txt,,triaged,S3,tooling,exclude,Phase 4,v1.10.4 candidate issue linked from selected matrix row
CK-110-1849,CK-110-M081,Packed metadata verification does not reject impossible compression/encryption combinations,external-audit,docs/release/v1.10/evidence/third_party_coldkeep_v1.9.0_code_analysis.baseline.txt,,triaged,S3,tooling,exclude,Phase 3,v1.10.4 candidate issue linked from selected matrix row
CK-110-1850,CK-110-M080,`COLDKEEP_STRICT_RECOVERY` only accepts exact `false`,external-audit,docs/release/v1.10/evidence/third_party_coldkeep_v1.9.0_code_analysis.baseline.txt,,triaged,S3,tooling,exclude,Phase 4,v1.10.4 candidate issue linked from selected matrix row
CK-110-1851,CK-110-M080,Recovery warning counter is never incremented,external-audit,docs/release/v1.10/evidence/third_party_coldkeep_v1.9.0_code_analysis.baseline.txt,,triaged,S3,tooling,exclude,Phase 4,v1.10.4 candidate issue linked from selected matrix row
CK-110-1852,CK-110-M080,Orphan recovery quarantines any non-directory file,external-audit,docs/release/v1.10/evidence/third_party_coldkeep_v1.9.0_code_analysis.baseline.txt,,triaged,S3,tooling,exclude,Phase 4,v1.10.4 candidate issue linked from selected matrix row
CK-110-1853,CK-110-M030,Duplicate singleton flags outside snapshot commands silently last-win,external-audit,docs/release/v1.10/evidence/third_party_coldkeep_v1.9.0_code_analysis.baseline.txt,,fixed,S2,cli,exclude,Phase 2,v1.10.4 candidate issue linked from selected matrix row
CK-110-1854,CK-110-M080,Duplicate `--output` can hide invalid earlier values,external-audit,docs/release/v1.10/evidence/third_party_coldkeep_v1.9.0_code_analysis.baseline.txt,,triaged,S3,tooling,exclude,Phase 4,v1.10.4 candidate issue linked from selected matrix row
CK-110-1855,CK-110-M080,`stats --help --trace --trace-json` succeeds instead of rejecting conflicting trace flags,external-audit,docs/release/v1.10/evidence/third_party_coldkeep_v1.9.0_code_analysis.baseline.txt,,triaged,S3,tooling,exclude,Phase 4,v1.10.4 candidate issue linked from selected matrix row
CK-110-1856,CK-110-M085,`inspect --help --trace --trace-json` has the same conflict bypass,external-audit,docs/release/v1.10/evidence/third_party_coldkeep_v1.9.0_code_analysis.baseline.txt,,triaged,S3,tooling,exclude,Phase 3,v1.10.4 candidate issue linked from selected matrix row
CK-110-1857,CK-110-M080,`doctor --output json` emits no doctor report on failure,external-audit,docs/release/v1.10/evidence/third_party_coldkeep_v1.9.0_code_analysis.baseline.txt,,triaged,S3,tooling,exclude,Phase 4,v1.10.4 candidate issue linked from selected matrix row
CK-110-1858,CK-110-M080,`doctor` failure path can mutate DB but only return a generic error,external-audit,docs/release/v1.10/evidence/third_party_coldkeep_v1.9.0_code_analysis.baseline.txt,,triaged,S3,tooling,exclude,Phase 4,v1.10.4 candidate issue linked from selected matrix row
CK-110-1859,CK-110-M081,"`graph.getFileChunks()` orders by `chunk_id`, not file order",external-audit,docs/release/v1.10/evidence/third_party_coldkeep_v1.9.0_code_analysis.baseline.txt,,triaged,S3,tooling,exclude,Phase 3,v1.10.4 candidate issue linked from selected matrix row
CK-110-1860,CK-110-M008,`simulate store --json` is rejected despite `simulate` being in JSON startup support,external-audit,docs/release/v1.10/evidence/third_party_coldkeep_v1.9.0_code_analysis.baseline.txt,,fixed,S1,json,exclude,Phase 2,v1.10.4 candidate issue linked from selected matrix row
CK-110-1861,CK-110-M008,`simulate store-folder --json` has the same mismatch,external-audit,docs/release/v1.10/evidence/third_party_coldkeep_v1.9.0_code_analysis.baseline.txt,,fixed,S1,json,exclude,Phase 2,v1.10.4 candidate issue linked from selected matrix row
CK-110-1862,CK-110-M079,`simulate gc --help --trace --trace-json` bypasses trace conflict validation,external-audit,docs/release/v1.10/evidence/third_party_coldkeep_v1.9.0_code_analysis.baseline.txt,,triaged,S3,tooling,include,Phase 4,v1.10.4 candidate issue linked from selected matrix row
CK-110-1863,CK-110-M080,Batch `--fail-fast` does not stop on invalid prepared targets,external-audit,docs/release/v1.10/evidence/third_party_coldkeep_v1.9.0_code_analysis.baseline.txt,,triaged,S3,tooling,exclude,Phase 4,v1.10.4 candidate issue linked from selected matrix row
CK-110-1864,CK-110-M079,Repair batch `--fail-fast` also ignores invalid target preparation failures,external-audit,docs/release/v1.10/evidence/third_party_coldkeep_v1.9.0_code_analysis.baseline.txt,,triaged,S3,tooling,include,Phase 4,v1.10.4 candidate issue linked from selected matrix row
CK-110-1865,CK-110-M080,`COLDKEEP_COMPRESSION_LEVEL` is silently ignored unless effective compression is `zstd`,external-audit,docs/release/v1.10/evidence/third_party_coldkeep_v1.9.0_code_analysis.baseline.txt,,triaged,S3,tooling,exclude,Phase 4,v1.10.4 candidate issue linked from selected matrix row
CK-110-1866,CK-110-M077,`benchmark run --workers +3` is accepted,external-audit,docs/release/v1.10/evidence/third_party_coldkeep_v1.9.0_code_analysis.baseline.txt,,triaged,S3,tooling,exclude,Phase 3,v1.10.4 candidate issue linked from selected matrix row
CK-110-1867,CK-110-M077,`benchmark run --repeat +2` is accepted,external-audit,docs/release/v1.10/evidence/third_party_coldkeep_v1.9.0_code_analysis.baseline.txt,,triaged,S3,tooling,exclude,Phase 3,v1.10.4 candidate issue linked from selected matrix row
CK-110-1868,CK-110-M080,`COLDKEEP_STORE_FOLDER_WORKERS=+3` is accepted,external-audit,docs/release/v1.10/evidence/third_party_coldkeep_v1.9.0_code_analysis.baseline.txt,,triaged,S3,tooling,exclude,Phase 4,v1.10.4 candidate issue linked from selected matrix row
CK-110-1869,CK-110-M080,`execution.FromEnv()` normalizes invalid base options before validation,external-audit,docs/release/v1.10/evidence/third_party_coldkeep_v1.9.0_code_analysis.baseline.txt,,triaged,S3,tooling,exclude,Phase 4,v1.10.4 candidate issue linked from selected matrix row
CK-110-1870,CK-110-M078,DB timeout/pool env settings are cached at package init,external-audit,docs/release/v1.10/evidence/third_party_coldkeep_v1.9.0_code_analysis.baseline.txt,,triaged,S3,tooling,exclude,Phase 4,v1.10.4 candidate issue linked from selected matrix row
CK-110-1871,CK-110-M081,Exported container helper can emit PostgreSQL-only SQL against SQLite,external-audit,docs/release/v1.10/evidence/third_party_coldkeep_v1.9.0_code_analysis.baseline.txt,,triaged,S3,tooling,exclude,Phase 3,v1.10.4 candidate issue linked from selected matrix row
CK-110-1872,CK-110-M080,`NewLocalWriter()` has the same backend-unsafe locking fallback,external-audit,docs/release/v1.10/evidence/third_party_coldkeep_v1.9.0_code_analysis.baseline.txt,,triaged,S3,tooling,exclude,Phase 4,v1.10.4 candidate issue linked from selected matrix row
CK-110-1873,CK-110-M081,`StoreService.ResolveActiveChunker()` can panic on nil repo/service,external-audit,docs/release/v1.10/evidence/third_party_coldkeep_v1.9.0_code_analysis.baseline.txt,,triaged,S3,tooling,exclude,Phase 3,v1.10.4 candidate issue linked from selected matrix row
CK-110-1874,CK-110-M081,`chunk.NewRegistry()` panics on nil chunkers,external-audit,docs/release/v1.10/evidence/third_party_coldkeep_v1.9.0_code_analysis.baseline.txt,,triaged,S3,tooling,exclude,Phase 3,v1.10.4 candidate issue linked from selected matrix row
CK-110-1875,CK-110-M085,"`inspect repository` counts all logical files/chunks, including failed/aborted rows",external-audit,docs/release/v1.10/evidence/third_party_coldkeep_v1.9.0_code_analysis.baseline.txt,,triaged,S3,tooling,exclude,Phase 3,v1.10.4 candidate issue linked from selected matrix row
CK-110-1876,CK-110-M080,Repository aggregate relations inherit those stale counts,external-audit,docs/release/v1.10/evidence/third_party_coldkeep_v1.9.0_code_analysis.baseline.txt,,triaged,S3,tooling,exclude,Phase 4,v1.10.4 candidate issue linked from selected matrix row
CK-110-1877,CK-110-M080,`COLDKEEP_STRICT_RECOVERY` only accepts exact `false`,external-audit,docs/release/v1.10/evidence/third_party_coldkeep_v1.9.0_code_analysis.baseline.txt,,triaged,S3,tooling,exclude,Phase 4,v1.10.4 candidate issue linked from selected matrix row
CK-110-1878,CK-110-M080,Recovery warning counter is never incremented,external-audit,docs/release/v1.10/evidence/third_party_coldkeep_v1.9.0_code_analysis.baseline.txt,,triaged,S3,tooling,exclude,Phase 4,v1.10.4 candidate issue linked from selected matrix row
CK-110-1879,CK-110-M080,Orphan recovery quarantines arbitrary non-directory files,external-audit,docs/release/v1.10/evidence/third_party_coldkeep_v1.9.0_code_analysis.baseline.txt,,triaged,S3,tooling,exclude,Phase 4,v1.10.4 candidate issue linked from selected matrix row
CK-110-1880,CK-110-M030,Duplicate singleton flags outside snapshot commands silently last-win,external-audit,docs/release/v1.10/evidence/third_party_coldkeep_v1.9.0_code_analysis.baseline.txt,,fixed,S2,cli,exclude,Phase 2,v1.10.4 candidate issue linked from selected matrix row
CK-110-1881,CK-110-M080,Duplicate `--output` can hide invalid earlier values,external-audit,docs/release/v1.10/evidence/third_party_coldkeep_v1.9.0_code_analysis.baseline.txt,,triaged,S3,tooling,exclude,Phase 4,v1.10.4 candidate issue linked from selected matrix row
CK-110-1882,CK-110-M078,`stats/inspect/simulate --help --trace --trace-json` bypass trace conflict validation,external-audit,docs/release/v1.10/evidence/third_party_coldkeep_v1.9.0_code_analysis.baseline.txt,,triaged,S3,tooling,exclude,Phase 4,v1.10.4 candidate issue linked from selected matrix row
CK-110-1883,CK-110-M080,`doctor --output json` emits no structured doctor report on failure,external-audit,docs/release/v1.10/evidence/third_party_coldkeep_v1.9.0_code_analysis.baseline.txt,,triaged,S3,tooling,exclude,Phase 4,v1.10.4 candidate issue linked from selected matrix row
CK-110-1884,CK-110-M081,"`graph.getFileChunks()` orders by `chunk_id`, not logical file order",external-audit,docs/release/v1.10/evidence/third_party_coldkeep_v1.9.0_code_analysis.baseline.txt,,triaged,S3,tooling,exclude,Phase 3,v1.10.4 candidate issue linked from selected matrix row
CK-110-1885,CK-110-M008,`simulate store --json` and `simulate store-folder --json` are rejected,external-audit,docs/release/v1.10/evidence/third_party_coldkeep_v1.9.0_code_analysis.baseline.txt,,fixed,S1,json,exclude,Phase 2,v1.10.4 candidate issue linked from selected matrix row
CK-110-1886,CK-110-M080,Batch `--fail-fast` does not stop on invalid prepared targets,external-audit,docs/release/v1.10/evidence/third_party_coldkeep_v1.9.0_code_analysis.baseline.txt,,triaged,S3,tooling,exclude,Phase 4,v1.10.4 candidate issue linked from selected matrix row
CK-110-1887,CK-110-M080,`COLDKEEP_COMPRESSION_LEVEL` bad values are ignored when compression is `none`,external-audit,docs/release/v1.10/evidence/third_party_coldkeep_v1.9.0_code_analysis.baseline.txt,,triaged,S3,tooling,exclude,Phase 4,v1.10.4 candidate issue linked from selected matrix row
CK-110-1888,CK-110-M077,`benchmark run --workers +3` / `--repeat +2` are accepted,external-audit,docs/release/v1.10/evidence/third_party_coldkeep_v1.9.0_code_analysis.baseline.txt,,triaged,S3,tooling,exclude,Phase 3,v1.10.4 candidate issue linked from selected matrix row
CK-110-1889,CK-110-M080,`COLDKEEP_STORE_FOLDER_WORKERS=+3` is accepted,external-audit,docs/release/v1.10/evidence/third_party_coldkeep_v1.9.0_code_analysis.baseline.txt,,triaged,S3,tooling,exclude,Phase 4,v1.10.4 candidate issue linked from selected matrix row
CK-110-1890,CK-110-M078,DB timeout/pool env settings are cached at package init,external-audit,docs/release/v1.10/evidence/third_party_coldkeep_v1.9.0_code_analysis.baseline.txt,,triaged,S3,tooling,exclude,Phase 4,v1.10.4 candidate issue linked from selected matrix row
CK-110-1891,CK-110-M081,Exported container helpers can emit PostgreSQL-only locking SQL against SQLite,external-audit,docs/release/v1.10/evidence/third_party_coldkeep_v1.9.0_code_analysis.baseline.txt,,triaged,S3,tooling,exclude,Phase 3,v1.10.4 candidate issue linked from selected matrix row
CK-110-1892,CK-110-M081,`StoreService.ResolveActiveChunker()` can panic on nil repo/service,external-audit,docs/release/v1.10/evidence/third_party_coldkeep_v1.9.0_code_analysis.baseline.txt,,triaged,S3,tooling,exclude,Phase 3,v1.10.4 candidate issue linked from selected matrix row
CK-110-1893,CK-110-M081,`chunk.NewRegistry()` panics on nil chunker inputs,external-audit,docs/release/v1.10/evidence/third_party_coldkeep_v1.9.0_code_analysis.baseline.txt,,triaged,S3,tooling,exclude,Phase 3,v1.10.4 candidate issue linked from selected matrix row
CK-110-1894,CK-110-M081,Block format validation accepts encoded chunk entries with `ChunkID == 0`,external-audit,docs/release/v1.10/evidence/third_party_coldkeep_v1.9.0_code_analysis.baseline.txt,,triaged,S3,tooling,exclude,Phase 3,v1.10.4 candidate issue linked from selected matrix row
CK-110-1895,CK-110-M081,Stats graph byte summation silently ignores missing chunk IDs,external-audit,docs/release/v1.10/evidence/third_party_coldkeep_v1.9.0_code_analysis.baseline.txt,,triaged,S3,tooling,exclude,Phase 3,v1.10.4 candidate issue linked from selected matrix row
CK-110-1896,CK-110-M085,`inspect repository` counts failed/aborted logical rows in totals,external-audit,docs/release/v1.10/evidence/third_party_coldkeep_v1.9.0_code_analysis.baseline.txt,,triaged,S3,tooling,exclude,Phase 3,v1.10.4 candidate issue linked from selected matrix row
CK-110-1897,CK-110-M084,Snapshot delete dry-run can overstate “unique files”,external-audit,docs/release/v1.10/evidence/third_party_coldkeep_v1.9.0_code_analysis.baseline.txt,,triaged,S3,tooling,exclude,Phase 2,v1.10.4 candidate issue linked from selected matrix row
CK-110-1898,CK-110-M084,Snapshot deletion leaves orphan `snapshot_path` rows,external-audit,docs/release/v1.10/evidence/third_party_coldkeep_v1.9.0_code_analysis.baseline.txt,,triaged,S3,tooling,exclude,Phase 2,v1.10.4 candidate issue linked from selected matrix row
CK-110-1899,CK-110-M084,`snapshot delete --force` can orphan child lineage silently,external-audit,docs/release/v1.10/evidence/third_party_coldkeep_v1.9.0_code_analysis.baseline.txt,,triaged,S3,tooling,exclude,Phase 2,v1.10.4 candidate issue linked from selected matrix row
CK-110-1900,CK-110-M034,`BlockBuilder.Add()` accepts negative `ChunkID`,external-audit,docs/release/v1.10/evidence/third_party_coldkeep_v1.9.0_code_analysis.baseline.txt,,triaged,S2,validation,exclude,Phase 2,v1.10.4 candidate issue linked from selected matrix row
CK-110-1901,CK-110-M081,`EncodePackedBlockV1FromChunks()` accepts zero chunk IDs,external-audit,docs/release/v1.10/evidence/third_party_coldkeep_v1.9.0_code_analysis.baseline.txt,,triaged,S3,tooling,exclude,Phase 3,v1.10.4 candidate issue linked from selected matrix row
CK-110-1902,CK-110-M081,AES-GCM packed legacy companion rows have misleading plaintext metadata,external-audit,docs/release/v1.10/evidence/third_party_coldkeep_v1.9.0_code_analysis.baseline.txt,,triaged,S3,tooling,exclude,Phase 3,v1.10.4 candidate issue linked from selected matrix row
CK-110-1903,CK-110-M034,File-level `verify fast` actually runs standard verification,external-audit,docs/release/v1.10/evidence/third_party_coldkeep_v1.9.0_code_analysis.baseline.txt,,triaged,S2,validation,exclude,Phase 2,v1.10.4 candidate issue linked from selected matrix row
CK-110-1904,CK-110-M013,Repository capability fallback reports packed-multi as default without supported sets,external-audit,docs/release/v1.10/evidence/third_party_coldkeep_v1.9.0_code_analysis.baseline.txt,,triaged,S1,validation,exclude,Phase 2,v1.10.4 candidate issue linked from selected matrix row
CK-110-1905,CK-110-M080,Capability wrapper silently hides introspection errors,external-audit,docs/release/v1.10/evidence/third_party_coldkeep_v1.9.0_code_analysis.baseline.txt,,triaged,S3,tooling,exclude,Phase 4,v1.10.4 candidate issue linked from selected matrix row
CK-110-1906,CK-110-M080,Capability derivation can promote invalid compression codecs to “supported”,external-audit,docs/release/v1.10/evidence/third_party_coldkeep_v1.9.0_code_analysis.baseline.txt,,triaged,S3,tooling,exclude,Phase 4,v1.10.4 candidate issue linked from selected matrix row
CK-110-1907,CK-110-M081,Encoded packed-block validation allows duplicate chunk IDs,external-audit,docs/release/v1.10/evidence/third_party_coldkeep_v1.9.0_code_analysis.baseline.txt,,triaged,S3,tooling,exclude,Phase 3,v1.10.4 candidate issue linked from selected matrix row
CK-110-1908,CK-110-M081,`EncodePackedBlockV1FromChunks()` can overflow payload size accounting,external-audit,docs/release/v1.10/evidence/third_party_coldkeep_v1.9.0_code_analysis.baseline.txt,,triaged,S3,tooling,exclude,Phase 3,v1.10.4 candidate issue linked from selected matrix row
CK-110-1909,CK-110-M034,Observability `physical.total_physical_files` is always zero,external-audit,docs/release/v1.10/evidence/third_party_coldkeep_v1.9.0_code_analysis.baseline.txt,,triaged,S2,validation,exclude,Phase 2,v1.10.4 candidate issue linked from selected matrix row
CK-110-1910,CK-110-M034,"Efficiency stats use all completed chunks, not retained/referenced chunks",external-audit,docs/release/v1.10/evidence/third_party_coldkeep_v1.9.0_code_analysis.baseline.txt,,triaged,S2,validation,exclude,Phase 2,v1.10.4 candidate issue linked from selected matrix row
CK-110-1911,CK-110-M034,Storage/container overhead can become negative,external-audit,docs/release/v1.10/evidence/third_party_coldkeep_v1.9.0_code_analysis.baseline.txt,,triaged,S2,validation,exclude,Phase 2,v1.10.4 candidate issue linked from selected matrix row
CK-110-1912,CK-110-M080,`noneCompressor.Decompress()` ignores expected size,external-audit,docs/release/v1.10/evidence/third_party_coldkeep_v1.9.0_code_analysis.baseline.txt,,triaged,S3,tooling,exclude,Phase 4,v1.10.4 candidate issue linked from selected matrix row
CK-110-1913,CK-110-M080,`TransformPipeline` panics on nil stages,external-audit,docs/release/v1.10/evidence/third_party_coldkeep_v1.9.0_code_analysis.baseline.txt,,triaged,S3,tooling,exclude,Phase 4,v1.10.4 candidate issue linked from selected matrix row
CK-110-1914,CK-110-M080,SQLite physical-file migration rebuild detection is brittle,external-audit,docs/release/v1.10/evidence/third_party_coldkeep_v1.9.0_code_analysis.baseline.txt,,triaged,S3,tooling,exclude,Phase 4,v1.10.4 candidate issue linked from selected matrix row
CK-110-1915,CK-110-M080,SQLite physical-file migration backfills non-completed logical files,external-audit,docs/release/v1.10/evidence/third_party_coldkeep_v1.9.0_code_analysis.baseline.txt,,triaged,S3,tooling,exclude,Phase 4,v1.10.4 candidate issue linked from selected matrix row
CK-110-1916,CK-110-M080,SQLite migration-generated paths can inherit unsafe `original_name` text,external-audit,docs/release/v1.10/evidence/third_party_coldkeep_v1.9.0_code_analysis.baseline.txt,,triaged,S3,tooling,exclude,Phase 4,v1.10.4 candidate issue linked from selected matrix row
CK-110-1917,CK-110-M084,Snapshot verify does not detect `snapshot_file.snapshot_id` orphan rows,external-audit,docs/release/v1.10/evidence/third_party_coldkeep_v1.9.0_code_analysis.baseline.txt,,triaged,S3,tooling,exclude,Phase 2,v1.10.4 candidate issue linked from selected matrix row
CK-110-1918,CK-110-M013,Physical-file integrity does not reject empty/corrupt physical paths,external-audit,docs/release/v1.10/evidence/third_party_coldkeep_v1.9.0_code_analysis.baseline.txt,,triaged,S1,validation,exclude,Phase 2,v1.10.4 candidate issue linked from selected matrix row
CK-110-1919,CK-110-M085,File standard verify does not check `logical_file.total_size` against chunk sizes,external-audit,docs/release/v1.10/evidence/third_party_coldkeep_v1.9.0_code_analysis.baseline.txt,,triaged,S3,tooling,exclude,Phase 3,v1.10.4 candidate issue linked from selected matrix row
CK-110-1920,CK-110-M085,File full verify can skip packed refs with missing `storage_blocks` rows,external-audit,docs/release/v1.10/evidence/third_party_coldkeep_v1.9.0_code_analysis.baseline.txt,,triaged,S3,tooling,exclude,Phase 3,v1.10.4 candidate issue linked from selected matrix row
CK-110-1921,CK-110-M085,Legacy deep verify does not compare `chunk.size` with `blocks.plaintext_size`,external-audit,docs/release/v1.10/evidence/third_party_coldkeep_v1.9.0_code_analysis.baseline.txt,,triaged,S3,tooling,exclude,Phase 3,v1.10.4 candidate issue linked from selected matrix row
CK-110-1922,CK-110-M084,Snapshot stats can undercount corrupted rows with `NULL` size,external-audit,docs/release/v1.10/evidence/third_party_coldkeep_v1.9.0_code_analysis.baseline.txt,,triaged,S3,tooling,exclude,Phase 2,v1.10.4 candidate issue linked from selected matrix row
CK-110-1923,CK-110-M041,JSON renderers can lose integer precision,external-audit,docs/release/v1.10/evidence/third_party_coldkeep_v1.9.0_code_analysis.baseline.txt,,triaged,S2,benchmark,exclude,Phase 4,v1.10.4 candidate issue linked from selected matrix row
CK-110-1924,CK-110-M078,`list` / `search` expose logical IDs for physical-file rows,external-audit,docs/release/v1.10/evidence/third_party_coldkeep_v1.9.0_code_analysis.baseline.txt,,triaged,S3,tooling,exclude,Phase 4,v1.10.4 candidate issue linked from selected matrix row
CK-110-1925,CK-110-M034,`list` / `search` timestamps lose timezone information,external-audit,docs/release/v1.10/evidence/third_party_coldkeep_v1.9.0_code_analysis.baseline.txt,,triaged,S2,validation,exclude,Phase 2,v1.10.4 candidate issue linked from selected matrix row
CK-110-1926,CK-110-M084,Snapshot SQL diff summary and detailed diff can disagree,external-audit,docs/release/v1.10/evidence/third_party_coldkeep_v1.9.0_code_analysis.baseline.txt,,triaged,S3,tooling,exclude,Phase 2,v1.10.4 candidate issue linked from selected matrix row
CK-110-1927,CK-110-M084,Snapshot loader silently collapses duplicate normalized paths with the same logical file,external-audit,docs/release/v1.10/evidence/third_party_coldkeep_v1.9.0_code_analysis.baseline.txt,,triaged,S3,tooling,exclude,Phase 2,v1.10.4 candidate issue linked from selected matrix row
CK-110-1928,CK-110-M077,Chunk benchmark registry can panic on nil registry,external-audit,docs/release/v1.10/evidence/third_party_coldkeep_v1.9.0_code_analysis.baseline.txt,,triaged,S3,tooling,exclude,Phase 3,v1.10.4 candidate issue linked from selected matrix row
CK-110-1929,CK-110-M034,Direct CLI JSON paths ignore `json.Marshal` errors,external-audit,docs/release/v1.10/evidence/third_party_coldkeep_v1.9.0_code_analysis.baseline.txt,,triaged,S2,validation,exclude,Phase 2,v1.10.4 candidate issue linked from selected matrix row
CK-110-1930,CK-110-M042,Benchmark `RecordThroughput()` accepts `NaN` / `Inf`,external-audit,docs/release/v1.10/evidence/third_party_coldkeep_v1.9.0_code_analysis.baseline.txt,,triaged,S2,benchmark,exclude,Phase 4,v1.10.4 candidate issue linked from selected matrix row
CK-110-1931,CK-110-M084,Snapshot retention counts orphan `snapshot_file` rows,external-audit,docs/release/v1.10/evidence/third_party_coldkeep_v1.9.0_code_analysis.baseline.txt,,triaged,S3,tooling,exclude,Phase 2,v1.10.4 candidate issue linked from selected matrix row
CK-110-1932,CK-110-M084,Global snapshot stats also count orphan `snapshot_file` rows,external-audit,docs/release/v1.10/evidence/third_party_coldkeep_v1.9.0_code_analysis.baseline.txt,,triaged,S3,tooling,exclude,Phase 2,v1.10.4 candidate issue linked from selected matrix row
CK-110-1933,CK-110-M085,Verify block filesystem reader trusts DB container names,external-audit,docs/release/v1.10/evidence/third_party_coldkeep_v1.9.0_code_analysis.baseline.txt,,triaged,S3,tooling,exclude,Phase 3,v1.10.4 candidate issue linked from selected matrix row
CK-110-1934,CK-110-M082,Benchmark restored-tree hashing follows symlinks,external-audit,docs/release/v1.10/evidence/third_party_coldkeep_v1.9.0_code_analysis.baseline.txt,,triaged,S3,tooling,exclude,Phase 4,v1.10.4 candidate issue linked from selected matrix row
CK-110-1935,CK-110-M077,`benchmark chunkers` can panic instead of returning an error,external-audit,docs/release/v1.10/evidence/third_party_coldkeep_v1.9.0_code_analysis.baseline.txt,,triaged,S3,tooling,exclude,Phase 3,v1.10.4 candidate issue linked from selected matrix row
CK-110-1936,CK-110-M077,Chunker benchmark ignores later mutation variants,external-audit,docs/release/v1.10/evidence/third_party_coldkeep_v1.9.0_code_analysis.baseline.txt,,triaged,S3,tooling,exclude,Phase 3,v1.10.4 candidate issue linked from selected matrix row
CK-110-1937,CK-110-M080,`updatePhysicalFile()` ignores zero-row updates,external-audit,docs/release/v1.10/evidence/third_party_coldkeep_v1.9.0_code_analysis.baseline.txt,,triaged,S3,tooling,exclude,Phase 4,v1.10.4 candidate issue linked from selected matrix row
CK-110-1938,CK-110-M080,Logical refcount increment/decrement ignore zero-row updates,external-audit,docs/release/v1.10/evidence/third_party_coldkeep_v1.9.0_code_analysis.baseline.txt,,triaged,S3,tooling,exclude,Phase 4,v1.10.4 candidate issue linked from selected matrix row
CK-110-1939,CK-110-M084,Retention helpers treat missing `snapshot_file` table as “no snapshots”,external-audit,docs/release/v1.10/evidence/third_party_coldkeep_v1.9.0_code_analysis.baseline.txt,,triaged,S3,tooling,exclude,Phase 2,v1.10.4 candidate issue linked from selected matrix row
CK-110-1940,CK-110-M084,Snapshot metadata warnings leak to global log,external-audit,docs/release/v1.10/evidence/third_party_coldkeep_v1.9.0_code_analysis.baseline.txt,,triaged,S3,tooling,exclude,Phase 2,v1.10.4 candidate issue linked from selected matrix row
CK-110-1941,CK-110-M013,`graph.GetReachableChunks()` does not validate requested snapshot IDs,external-audit,docs/release/v1.10/evidence/third_party_coldkeep_v1.9.0_code_analysis.baseline.txt,,triaged,S1,validation,exclude,Phase 2,v1.10.4 candidate issue linked from selected matrix row
CK-110-1942,CK-110-M084,Graph snapshot edges can traverse orphan `snapshot_file` rows,external-audit,docs/release/v1.10/evidence/third_party_coldkeep_v1.9.0_code_analysis.baseline.txt,,triaged,S3,tooling,exclude,Phase 2,v1.10.4 candidate issue linked from selected matrix row
CK-110-1943,CK-110-M084,Graph reverse snapshot references can report missing snapshots,external-audit,docs/release/v1.10/evidence/third_party_coldkeep_v1.9.0_code_analysis.baseline.txt,,triaged,S3,tooling,exclude,Phase 2,v1.10.4 candidate issue linked from selected matrix row
CK-110-1944,CK-110-M081,`NewStorageChunkResolver(nil)` can panic later,external-audit,docs/release/v1.10/evidence/third_party_coldkeep_v1.9.0_code_analysis.baseline.txt,,triaged,S3,tooling,exclude,Phase 3,v1.10.4 candidate issue linked from selected matrix row
CK-110-1945,CK-110-M081,Chunk rebuild can delete block rows without confirming the chunk was aborted,external-audit,docs/release/v1.10/evidence/third_party_coldkeep_v1.9.0_code_analysis.baseline.txt,,triaged,S3,tooling,exclude,Phase 3,v1.10.4 candidate issue linked from selected matrix row
CK-110-1946,CK-110-M081,Reusable-chunk validation can prefer stale legacy container metadata over packed metadata,external-audit,docs/release/v1.10/evidence/third_party_coldkeep_v1.9.0_code_analysis.baseline.txt,,triaged,S3,tooling,exclude,Phase 3,v1.10.4 candidate issue linked from selected matrix row
CK-110-1947,CK-110-M081,Chunk preparation can deadlock/leak goroutines on cancellation or worker error,external-audit,docs/release/v1.10/evidence/third_party_coldkeep_v1.9.0_code_analysis.baseline.txt,,triaged,S3,tooling,exclude,Phase 3,v1.10.4 candidate issue linked from selected matrix row
CK-110-1948,CK-110-M081,Store trusts chunker-provided hashes without recomputing,external-audit,docs/release/v1.10/evidence/third_party_coldkeep_v1.9.0_code_analysis.baseline.txt,,triaged,S3,tooling,exclude,Phase 3,v1.10.4 candidate issue linked from selected matrix row
CK-110-1949,CK-110-M081,Store does not validate chunker offset/size coverage,external-audit,docs/release/v1.10/evidence/third_party_coldkeep_v1.9.0_code_analysis.baseline.txt,,triaged,S3,tooling,exclude,Phase 3,v1.10.4 candidate issue linked from selected matrix row
CK-110-1950,CK-110-M077,Chunk benchmark library APIs skip coverage invariant validation,external-audit,docs/release/v1.10/evidence/third_party_coldkeep_v1.9.0_code_analysis.baseline.txt,,triaged,S3,tooling,exclude,Phase 3,v1.10.4 candidate issue linked from selected matrix row
CK-110-1951,CK-110-M080,Migration schema SQL is applied before the migration transaction,external-audit,docs/release/v1.10/evidence/third_party_coldkeep_v1.9.0_code_analysis.baseline.txt,,triaged,S3,tooling,exclude,Phase 4,v1.10.4 candidate issue linked from selected matrix row
CK-110-1952,CK-110-M081,`FileContainer.ReadAt()` can panic on corrupt/huge size metadata,external-audit,docs/release/v1.10/evidence/third_party_coldkeep_v1.9.0_code_analysis.baseline.txt,,triaged,S3,tooling,exclude,Phase 3,v1.10.4 candidate issue linked from selected matrix row
CK-110-1953,CK-110-M034,`ReadPayloadAt()` validates size but not negative offset,external-audit,docs/release/v1.10/evidence/third_party_coldkeep_v1.9.0_code_analysis.baseline.txt,,triaged,S2,validation,exclude,Phase 2,v1.10.4 candidate issue linked from selected matrix row
CK-110-1954,CK-110-M081,Chunk preparation can deadlock/leak goroutines on cancellation/error,external-audit,docs/release/v1.10/evidence/third_party_coldkeep_v1.9.0_code_analysis.baseline.txt,,triaged,S3,tooling,exclude,Phase 3,v1.10.4 candidate issue linked from selected matrix row
CK-110-1955,CK-110-M013,Store trusts non-empty chunker-provided hashes,external-audit,docs/release/v1.10/evidence/third_party_coldkeep_v1.9.0_code_analysis.baseline.txt,,triaged,S1,validation,exclude,Phase 2,v1.10.4 candidate issue linked from selected matrix row
CK-110-1956,CK-110-M034,Store does not validate chunker offset/size coverage,external-audit,docs/release/v1.10/evidence/third_party_coldkeep_v1.9.0_code_analysis.baseline.txt,,triaged,S2,validation,exclude,Phase 2,v1.10.4 candidate issue linked from selected matrix row
CK-110-1957,CK-110-M081,Reusable-chunk validation prefers legacy block placement over packed placement,external-audit,docs/release/v1.10/evidence/third_party_coldkeep_v1.9.0_code_analysis.baseline.txt,,triaged,S3,tooling,exclude,Phase 3,v1.10.4 candidate issue linked from selected matrix row
CK-110-1958,CK-110-M081,Chunk rebuild deletes block rows even if status update matched zero rows,external-audit,docs/release/v1.10/evidence/third_party_coldkeep_v1.9.0_code_analysis.baseline.txt,,triaged,S3,tooling,exclude,Phase 3,v1.10.4 candidate issue linked from selected matrix row
CK-110-1959,CK-110-M077,Chunk benchmark APIs skip coverage validation,external-audit,docs/release/v1.10/evidence/third_party_coldkeep_v1.9.0_code_analysis.baseline.txt,,triaged,S3,tooling,exclude,Phase 3,v1.10.4 candidate issue linked from selected matrix row
CK-110-1960,CK-110-M080,`RunRegistry()` can panic on unknown versions instead of returning an error,external-audit,docs/release/v1.10/evidence/third_party_coldkeep_v1.9.0_code_analysis.baseline.txt,,triaged,S3,tooling,exclude,Phase 4,v1.10.4 candidate issue linked from selected matrix row
CK-110-1961,CK-110-M080,SQLite schema SQL is applied outside the custom migration transaction,external-audit,docs/release/v1.10/evidence/third_party_coldkeep_v1.9.0_code_analysis.baseline.txt,,triaged,S3,tooling,exclude,Phase 4,v1.10.4 candidate issue linked from selected matrix row
CK-110-1962,CK-110-M080,`updatePhysicalFile()` ignores zero-row updates,external-audit,docs/release/v1.10/evidence/third_party_coldkeep_v1.9.0_code_analysis.baseline.txt,,triaged,S3,tooling,exclude,Phase 4,v1.10.4 candidate issue linked from selected matrix row
CK-110-1963,CK-110-M080,Logical refcount increment/decrement ignore zero-row updates,external-audit,docs/release/v1.10/evidence/third_party_coldkeep_v1.9.0_code_analysis.baseline.txt,,triaged,S3,tooling,exclude,Phase 4,v1.10.4 candidate issue linked from selected matrix row
CK-110-1964,CK-110-M013,Direct CLI JSON paths ignore `json.Marshal` errors,external-audit,docs/release/v1.10/evidence/third_party_coldkeep_v1.9.0_code_analysis.baseline.txt,,triaged,S1,validation,exclude,Phase 2,v1.10.4 candidate issue linked from selected matrix row
CK-110-1965,CK-110-M041,Structured JSON renderer loses large integer precision,external-audit,docs/release/v1.10/evidence/third_party_coldkeep_v1.9.0_code_analysis.baseline.txt,,triaged,S2,benchmark,exclude,Phase 4,v1.10.4 candidate issue linked from selected matrix row
CK-110-1966,CK-110-M084,Snapshot create always logs human text from library code,external-audit,docs/release/v1.10/evidence/third_party_coldkeep_v1.9.0_code_analysis.baseline.txt,,triaged,S3,tooling,exclude,Phase 2,v1.10.4 candidate issue linked from selected matrix row
CK-110-1967,CK-110-M081,Remove-by-ID does not check `rows.Err()` after reading `file_chunk` rows,external-audit,docs/release/v1.10/evidence/third_party_coldkeep_v1.9.0_code_analysis.baseline.txt,,triaged,S3,tooling,exclude,Phase 3,v1.10.4 candidate issue linked from selected matrix row
CK-110-1968,CK-110-M081,`cleanupLogicalFileChunkMappingsWithContext()` closes rows but never checks iteration error,external-audit,docs/release/v1.10/evidence/third_party_coldkeep_v1.9.0_code_analysis.baseline.txt,,triaged,S3,tooling,exclude,Phase 3,v1.10.4 candidate issue linked from selected matrix row
CK-110-1969,CK-110-M079,Legacy AES-GCM decode relies on panic recovery for bad nonce length,external-audit,docs/release/v1.10/evidence/third_party_coldkeep_v1.9.0_code_analysis.baseline.txt,,triaged,S3,tooling,include,Phase 4,v1.10.4 candidate issue linked from selected matrix row
CK-110-1970,CK-110-M080,IO counter flush ignores file close errors,external-audit,docs/release/v1.10/evidence/third_party_coldkeep_v1.9.0_code_analysis.baseline.txt,,triaged,S3,tooling,exclude,Phase 4,v1.10.4 candidate issue linked from selected matrix row
CK-110-1971,CK-110-M081,Container quarantine stat path still joins DB filename directly,external-audit,docs/release/v1.10/evidence/third_party_coldkeep_v1.9.0_code_analysis.baseline.txt,,triaged,S3,tooling,exclude,Phase 3,v1.10.4 candidate issue linked from selected matrix row
CK-110-1972,CK-110-M080,Zstd decompression allocates before enforcing expected size,external-audit,docs/release/v1.10/evidence/third_party_coldkeep_v1.9.0_code_analysis.baseline.txt,,triaged,S3,tooling,exclude,Phase 4,v1.10.4 candidate issue linked from selected matrix row
CK-110-1973,CK-110-M077,Benchmark `Measure()` leaves global accumulator active if `fn` panics,external-audit,docs/release/v1.10/evidence/third_party_coldkeep_v1.9.0_code_analysis.baseline.txt,,triaged,S3,tooling,exclude,Phase 3,v1.10.4 candidate issue linked from selected matrix row
CK-110-1974,CK-110-M077,Benchmark IO counter file path uses unsanitized case names,external-audit,docs/release/v1.10/evidence/third_party_coldkeep_v1.9.0_code_analysis.baseline.txt,,triaged,S3,tooling,exclude,Phase 3,v1.10.4 candidate issue linked from selected matrix row
CK-110-1975,CK-110-M013,Direct CLI JSON marshal errors are ignored,external-audit,docs/release/v1.10/evidence/third_party_coldkeep_v1.9.0_code_analysis.baseline.txt,,triaged,S1,validation,exclude,Phase 2,v1.10.4 candidate issue linked from selected matrix row
CK-110-1976,CK-110-M041,Structured JSON renderer can lose large integer precision,external-audit,docs/release/v1.10/evidence/third_party_coldkeep_v1.9.0_code_analysis.baseline.txt,,triaged,S2,benchmark,exclude,Phase 4,v1.10.4 candidate issue linked from selected matrix row
CK-110-1977,CK-110-M084,Snapshot creation logs human text from library code,external-audit,docs/release/v1.10/evidence/third_party_coldkeep_v1.9.0_code_analysis.baseline.txt,,triaged,S3,tooling,exclude,Phase 2,v1.10.4 candidate issue linked from selected matrix row
CK-110-1978,CK-110-M081,`RemoveFileWithDBResult()` misses `rows.Err()` after chunk scan,external-audit,docs/release/v1.10/evidence/third_party_coldkeep_v1.9.0_code_analysis.baseline.txt,,triaged,S3,tooling,exclude,Phase 3,v1.10.4 candidate issue linked from selected matrix row
CK-110-1979,CK-110-M079,Legacy AES-GCM decode relies on panic recovery for malformed input,external-audit,docs/release/v1.10/evidence/third_party_coldkeep_v1.9.0_code_analysis.baseline.txt,,triaged,S3,tooling,include,Phase 4,v1.10.4 candidate issue linked from selected matrix row
CK-110-1980,CK-110-M080,IO counter flush ignores close-time write errors,external-audit,docs/release/v1.10/evidence/third_party_coldkeep_v1.9.0_code_analysis.baseline.txt,,triaged,S3,tooling,exclude,Phase 4,v1.10.4 candidate issue linked from selected matrix row
CK-110-1981,CK-110-M081,Container quarantine stat path joins DB filename directly,external-audit,docs/release/v1.10/evidence/third_party_coldkeep_v1.9.0_code_analysis.baseline.txt,,triaged,S3,tooling,exclude,Phase 3,v1.10.4 candidate issue linked from selected matrix row
CK-110-1982,CK-110-M080,Zstd decompression allocates before enforcing expected size,external-audit,docs/release/v1.10/evidence/third_party_coldkeep_v1.9.0_code_analysis.baseline.txt,,triaged,S3,tooling,exclude,Phase 4,v1.10.4 candidate issue linked from selected matrix row
CK-110-1983,CK-110-M077,Benchmark `Measure()` leaves global accumulator active if `fn` panics,external-audit,docs/release/v1.10/evidence/third_party_coldkeep_v1.9.0_code_analysis.baseline.txt,,triaged,S3,tooling,exclude,Phase 3,v1.10.4 candidate issue linked from selected matrix row
CK-110-1984,CK-110-M077,Benchmark IO counter path uses unsanitized case names,external-audit,docs/release/v1.10/evidence/third_party_coldkeep_v1.9.0_code_analysis.baseline.txt,,triaged,S3,tooling,exclude,Phase 3,v1.10.4 candidate issue linked from selected matrix row
CK-110-1985,CK-110-M081,`UpdateContainerSize()` ignores zero-row updates,external-audit,docs/release/v1.10/evidence/third_party_coldkeep_v1.9.0_code_analysis.baseline.txt,,triaged,S3,tooling,exclude,Phase 3,v1.10.4 candidate issue linked from selected matrix row
CK-110-1986,CK-110-M081,`SealContainerInDir()` ignores zero-row seal updates,external-audit,docs/release/v1.10/evidence/third_party_coldkeep_v1.9.0_code_analysis.baseline.txt,,triaged,S3,tooling,exclude,Phase 3,v1.10.4 candidate issue linked from selected matrix row
CK-110-1987,CK-110-M080,Rotation sealing marker ignores zero-row updates,external-audit,docs/release/v1.10/evidence/third_party_coldkeep_v1.9.0_code_analysis.baseline.txt,,triaged,S3,tooling,exclude,Phase 4,v1.10.4 candidate issue linked from selected matrix row
CK-110-1988,CK-110-M017,Verify accepts malformed non-empty chunker versions that restore rejects,external-audit,docs/release/v1.10/evidence/third_party_coldkeep_v1.9.0_code_analysis.baseline.txt,,triaged,S1,restore,exclude,Phase 2,v1.10.4 candidate issue linked from selected matrix row
CK-110-1989,CK-110-M080,Direct CLI JSON marshal errors are ignored,external-audit,docs/release/v1.10/evidence/third_party_coldkeep_v1.9.0_code_analysis.baseline.txt,,triaged,S3,tooling,exclude,Phase 4,v1.10.4 candidate issue linked from selected matrix row
CK-110-1990,CK-110-M041,Structured JSON renderer can lose large integer precision,external-audit,docs/release/v1.10/evidence/third_party_coldkeep_v1.9.0_code_analysis.baseline.txt,,triaged,S2,benchmark,exclude,Phase 4,v1.10.4 candidate issue linked from selected matrix row
CK-110-1991,CK-110-M084,Snapshot creation logs human text from library code,external-audit,docs/release/v1.10/evidence/third_party_coldkeep_v1.9.0_code_analysis.baseline.txt,,triaged,S3,tooling,exclude,Phase 2,v1.10.4 candidate issue linked from selected matrix row
